match_id,innings_id,batting_team_id,bowling_team_id,over_number,bowler_participant_id,bowler_short_name,runs,wickets,legal_balls,wides,no_balls,boundaries,run_rate_after_over
05665f84-65b6-4604-a11e-759276140c32,1a82d3c4-ffa7-4aeb-aba6-7b103a7187aa,b0d2ee4c-be8f-4a75-b138-0740a52970c6,2455adf0-f6ca-4803-839d-f58c1cf154dd,0,c589660b-1cc8-43a4-99e5-0c850588ea47,R Cheeti,0,0,6,0,0,0,0.0
05665f84-65b6-4604-a11e-759276140c32,1a82d3c4-ffa7-4aeb-aba6-7b103a7187aa,b0d2ee4c-be8f-4a75-b138-0740a52970c6,2455adf0-f6ca-4803-839d-f58c1cf154dd,1,67c01c6a-c4c5-46b1-9a79-3052b6b3c6b7,A Sharma,8,0,6,0,2,1,4.0
05665f84-65b6-4604-a11e-759276140c32,1a82d3c4-ffa7-4aeb-aba6-7b103a7187aa,b0d2ee4c-be8f-4a75-b138-0740a52970c6,2455adf0-f6ca-4803-839d-f58c1cf154dd,2,c589660b-1cc8-43a4-99e5-0c850588ea47,R Cheeti,6,0,6,0,0,1,4.67
05665f84-65b6-4604-a11e-759276140c32,1a82d3c4-ffa7-4aeb-aba6-7b103a7187aa,b0d2ee4c-be8f-4a75-b138-0740a52970c6,2455adf0-f6ca-4803-839d-f58c1cf154dd,3,67c01c6a-c4c5-46b1-9a79-3052b6b3c6b7,A Sharma,0,0,6,0,0,0,3.5
05665f84-65b6-4604-a11e-759276140c32,1a82d3c4-ffa7-4aeb-aba6-7b103a7187aa,b0d2ee4c-be8f-4a75-b138-0740a52970c6,2455adf0-f6ca-4803-839d-f58c1cf154dd,4,c589660b-1cc8-43a4-99e5-0c850588ea47,R Cheeti,11,0,6,0,1,2,5.0
05665f84-65b6-4604-a11e-759276140c32,1a82d3c4-ffa7-4aeb-aba6-7b103a7187aa,b0d2ee4c-be8f-4a75-b138-0740a52970c6,2455adf0-f6ca-4803-839d-f58c1cf154dd,5,67c01c6a-c4c5-46b1-9a79-3052b6b3c6b7,A Sharma,2,0,6,0,0,0,4.5
05665f84-65b6-4604-a11e-759276140c32,1a82d3c4-ffa7-4aeb-aba6-7b103a7187aa,b0d2ee4c-be8f-4a75-b138-0740a52970c6,2455adf0-f6ca-4803-839d-f58c1cf154dd,6,c589660b-1cc8-43a4-99e5-0c850588ea47,R Cheeti,5,0,6,0,0,1,4.57
05665f84-65b6-4604-a11e-759276140c32,1a82d3c4-ffa7-4aeb-aba6-7b103a7187aa,b0d2ee4c-be8f-4a75-b138-0740a52970c6,2455adf0-f6ca-4803-839d-f58c1cf154dd,7,67c01c6a-c4c5-46b1-9a79-3052b6b3c6b7,A Sharma,2,0,6,0,0,0,4.25
05665f84-65b6-4604-a11e-759276140c32,1a82d3c4-ffa7-4aeb-aba6-7b103a7187aa,b0d2ee4c-be8f-4a75-b138-0740a52970c6,2455adf0-f6ca-4803-839d-f58c1cf154dd,8,723a230b-6e7d-40f7-b9b5-29faefd986fa,P Girdhar,5,1,6,0,0,1,4.33
05665f84-65b6-4604-a11e-759276140c32,1a82d3c4-ffa7-4aeb-aba6-7b103a7187aa,b0d2ee4c-be8f-4a75-b138-0740a52970c6,2455adf0-f6ca-4803-839d-f58c1cf154dd,9,17ab7fff-2788-456c-a7ab-3c5f29d84f87,M Quadri,3,0,6,0,0,0,4.2
05665f84-65b6-4604-a11e-759276140c32,1a82d3c4-ffa7-4aeb-aba6-7b103a7187aa,b0d2ee4c-be8f-4a75-b138-0740a52970c6,2455adf0-f6ca-4803-839d-f58c1cf154dd,10,723a230b-6e7d-40f7-b9b5-29faefd986fa,P Girdhar,5,0,6,0,0,0,4.27
05665f84-65b6-4604-a11e-759276140c32,1a82d3c4-ffa7-4aeb-aba6-7b103a7187aa,b0d2ee4c-be8f-4a75-b138-0740a52970c6,2455adf0-f6ca-4803-839d-f58c1cf154dd,11,17ab7fff-2788-456c-a7ab-3c5f29d84f87,M Quadri,11,0,6,0,0,2,4.83
05665f84-65b6-4604-a11e-759276140c32,1a82d3c4-ffa7-4aeb-aba6-7b103a7187aa,b0d2ee4c-be8f-4a75-b138-0740a52970c6,2455adf0-f6ca-4803-839d-f58c1cf154dd,12,723a230b-6e7d-40f7-b9b5-29faefd986fa,P Girdhar,9,0,6,0,1,1,5.15
05665f84-65b6-4604-a11e-759276140c32,1a82d3c4-ffa7-4aeb-aba6-7b103a7187aa,b0d2ee4c-be8f-4a75-b138-0740a52970c6,2455adf0-f6ca-4803-839d-f58c1cf154dd,13,17ab7fff-2788-456c-a7ab-3c5f29d84f87,M Quadri,4,1,6,0,0,0,5.07
05665f84-65b6-4604-a11e-759276140c32,1a82d3c4-ffa7-4aeb-aba6-7b103a7187aa,b0d2ee4c-be8f-4a75-b138-0740a52970c6,2455adf0-f6ca-4803-839d-f58c1cf154dd,14,723a230b-6e7d-40f7-b9b5-29faefd986fa,P Girdhar,8,1,6,0,0,1,5.27
05665f84-65b6-4604-a11e-759276140c32,1a82d3c4-ffa7-4aeb-aba6-7b103a7187aa,b0d2ee4c-be8f-4a75-b138-0740a52970c6,2455adf0-f6ca-4803-839d-f58c1cf154dd,15,17ab7fff-2788-456c-a7ab-3c5f29d84f87,M Quadri,1,1,6,0,0,0,5.0
05665f84-65b6-4604-a11e-759276140c32,1a82d3c4-ffa7-4aeb-aba6-7b103a7187aa,b0d2ee4c-be8f-4a75-b138-0740a52970c6,2455adf0-f6ca-4803-839d-f58c1cf154dd,16,c589660b-1cc8-43a4-99e5-0c850588ea47,R Cheeti,3,1,6,0,0,0,4.88
05665f84-65b6-4604-a11e-759276140c32,1a82d3c4-ffa7-4aeb-aba6-7b103a7187aa,b0d2ee4c-be8f-4a75-b138-0740a52970c6,2455adf0-f6ca-4803-839d-f58c1cf154dd,17,67c01c6a-c4c5-46b1-9a79-3052b6b3c6b7,A Sharma,2,0,6,2,0,0,4.72
05665f84-65b6-4604-a11e-759276140c32,1a82d3c4-ffa7-4aeb-aba6-7b103a7187aa,b0d2ee4c-be8f-4a75-b138-0740a52970c6,2455adf0-f6ca-4803-839d-f58c1cf154dd,18,c589660b-1cc8-43a4-99e5-0c850588ea47,R Cheeti,6,1,6,0,0,1,4.79
05665f84-65b6-4604-a11e-759276140c32,1a82d3c4-ffa7-4aeb-aba6-7b103a7187aa,b0d2ee4c-be8f-4a75-b138-0740a52970c6,2455adf0-f6ca-4803-839d-f58c1cf154dd,19,67c01c6a-c4c5-46b1-9a79-3052b6b3c6b7,A Sharma,6,0,4,0,0,1,4.93
05665f84-65b6-4604-a11e-759276140c32,a4b57661-6c81-4285-ba6b-3743db36f54a,2455adf0-f6ca-4803-839d-f58c1cf154dd,b0d2ee4c-be8f-4a75-b138-0740a52970c6,0,400e4752-f236-4ca7-93e9-fd8ebee6735e,S Chaurasiya,4,0,6,0,0,1,4.0
05665f84-65b6-4604-a11e-759276140c32,a4b57661-6c81-4285-ba6b-3743db36f54a,2455adf0-f6ca-4803-839d-f58c1cf154dd,b0d2ee4c-be8f-4a75-b138-0740a52970c6,1,6b74d336-b105-407c-b4ef-f68e2fba7862,D Sehra,1,0,6,0,0,0,2.5
05665f84-65b6-4604-a11e-759276140c32,a4b57661-6c81-4285-ba6b-3743db36f54a,2455adf0-f6ca-4803-839d-f58c1cf154dd,b0d2ee4c-be8f-4a75-b138-0740a52970c6,2,400e4752-f236-4ca7-93e9-fd8ebee6735e,S Chaurasiya,4,0,6,0,0,0,3.0
05665f84-65b6-4604-a11e-759276140c32,a4b57661-6c81-4285-ba6b-3743db36f54a,2455adf0-f6ca-4803-839d-f58c1cf154dd,b0d2ee4c-be8f-4a75-b138-0740a52970c6,3,6b74d336-b105-407c-b4ef-f68e2fba7862,D Sehra,10,1,6,0,0,2,4.75
05665f84-65b6-4604-a11e-759276140c32,a4b57661-6c81-4285-ba6b-3743db36f54a,2455adf0-f6ca-4803-839d-f58c1cf154dd,b0d2ee4c-be8f-4a75-b138-0740a52970c6,4,400e4752-f236-4ca7-93e9-fd8ebee6735e,S Chaurasiya,1,0,6,0,0,0,4.0
05665f84-65b6-4604-a11e-759276140c32,a4b57661-6c81-4285-ba6b-3743db36f54a,2455adf0-f6ca-4803-839d-f58c1cf154dd,b0d2ee4c-be8f-4a75-b138-0740a52970c6,5,6b74d336-b105-407c-b4ef-f68e2fba7862,D Sehra,2,0,6,0,0,0,3.67
05665f84-65b6-4604-a11e-759276140c32,a4b57661-6c81-4285-ba6b-3743db36f54a,2455adf0-f6ca-4803-839d-f58c1cf154dd,b0d2ee4c-be8f-4a75-b138-0740a52970c6,6,400e4752-f236-4ca7-93e9-fd8ebee6735e,S Chaurasiya,2,0,6,0,0,0,3.43
05665f84-65b6-4604-a11e-759276140c32,a4b57661-6c81-4285-ba6b-3743db36f54a,2455adf0-f6ca-4803-839d-f58c1cf154dd,b0d2ee4c-be8f-4a75-b138-0740a52970c6,7,6b74d336-b105-407c-b4ef-f68e2fba7862,D Sehra,0,0,6,0,0,0,3.0
05665f84-65b6-4604-a11e-759276140c32,a4b57661-6c81-4285-ba6b-3743db36f54a,2455adf0-f6ca-4803-839d-f58c1cf154dd,b0d2ee4c-be8f-4a75-b138-0740a52970c6,8,400e4752-f236-4ca7-93e9-fd8ebee6735e,S Chaurasiya,5,0,6,0,0,0,3.22
05665f84-65b6-4604-a11e-759276140c32,a4b57661-6c81-4285-ba6b-3743db36f54a,2455adf0-f6ca-4803-839d-f58c1cf154dd,b0d2ee4c-be8f-4a75-b138-0740a52970c6,9,6b74d336-b105-407c-b4ef-f68e2fba7862,D Sehra,10,0,6,0,0,2,3.9
05665f84-65b6-4604-a11e-759276140c32,a4b57661-6c81-4285-ba6b-3743db36f54a,2455adf0-f6ca-4803-839d-f58c1cf154dd,b0d2ee4c-be8f-4a75-b138-0740a52970c6,10,400e4752-f236-4ca7-93e9-fd8ebee6735e,S Chaurasiya,2,0,6,0,0,0,3.73
05665f84-65b6-4604-a11e-759276140c32,a4b57661-6c81-4285-ba6b-3743db36f54a,2455adf0-f6ca-4803-839d-f58c1cf154dd,b0d2ee4c-be8f-4a75-b138-0740a52970c6,11,6b74d336-b105-407c-b4ef-f68e2fba7862,D Sehra,2,0,6,0,0,0,3.58
05665f84-65b6-4604-a11e-759276140c32,a4b57661-6c81-4285-ba6b-3743db36f54a,2455adf0-f6ca-4803-839d-f58c1cf154dd,b0d2ee4c-be8f-4a75-b138-0740a52970c6,12,100b60f9-15ab-4d35-9626-be4212a5d0e2,R Suravajjula,4,0,6,0,0,0,3.62
05665f84-65b6-4604-a11e-759276140c32,a4b57661-6c81-4285-ba6b-3743db36f54a,2455adf0-f6ca-4803-839d-f58c1cf154dd,b0d2ee4c-be8f-4a75-b138-0740a52970c6,13,b47cab94-0a21-43b5-ace2-ee06304e1880,D Singh,3,0,6,0,0,0,3.5
05665f84-65b6-4604-a11e-759276140c32,a4b57661-6c81-4285-ba6b-3743db36f54a,2455adf0-f6ca-4803-839d-f58c1cf154dd,b0d2ee4c-be8f-4a75-b138-0740a52970c6,14,100b60f9-15ab-4d35-9626-be4212a5d0e2,R Suravajjula,1,1,6,0,0,0,3.33
05665f84-65b6-4604-a11e-759276140c32,a4b57661-6c81-4285-ba6b-3743db36f54a,2455adf0-f6ca-4803-839d-f58c1cf154dd,b0d2ee4c-be8f-4a75-b138-0740a52970c6,15,b47cab94-0a21-43b5-ace2-ee06304e1880,D Singh,1,0,6,0,0,0,3.19
05665f84-65b6-4604-a11e-759276140c32,a4b57661-6c81-4285-ba6b-3743db36f54a,2455adf0-f6ca-4803-839d-f58c1cf154dd,b0d2ee4c-be8f-4a75-b138-0740a52970c6,16,100b60f9-15ab-4d35-9626-be4212a5d0e2,R Suravajjula,2,0,6,0,0,0,3.12
05665f84-65b6-4604-a11e-759276140c32,a4b57661-6c81-4285-ba6b-3743db36f54a,2455adf0-f6ca-4803-839d-f58c1cf154dd,b0d2ee4c-be8f-4a75-b138-0740a52970c6,17,b47cab94-0a21-43b5-ace2-ee06304e1880,D Singh,1,0,6,0,0,0,3.0
05665f84-65b6-4604-a11e-759276140c32,a4b57661-6c81-4285-ba6b-3743db36f54a,2455adf0-f6ca-4803-839d-f58c1cf154dd,b0d2ee4c-be8f-4a75-b138-0740a52970c6,18,100b60f9-15ab-4d35-9626-be4212a5d0e2,R Suravajjula,2,0,7,0,0,0,2.97
05665f84-65b6-4604-a11e-759276140c32,a4b57661-6c81-4285-ba6b-3743db36f54a,2455adf0-f6ca-4803-839d-f58c1cf154dd,b0d2ee4c-be8f-4a75-b138-0740a52970c6,19,b47cab94-0a21-43b5-ace2-ee06304e1880,D Singh,2,0,6,0,0,0,2.93
05665f84-65b6-4604-a11e-759276140c32,a4b57661-6c81-4285-ba6b-3743db36f54a,2455adf0-f6ca-4803-839d-f58c1cf154dd,b0d2ee4c-be8f-4a75-b138-0740a52970c6,20,100b60f9-15ab-4d35-9626-be4212a5d0e2,R Suravajjula,8,0,6,0,0,1,3.17
05665f84-65b6-4604-a11e-759276140c32,a4b57661-6c81-4285-ba6b-3743db36f54a,2455adf0-f6ca-4803-839d-f58c1cf154dd,b0d2ee4c-be8f-4a75-b138-0740a52970c6,21,b47cab94-0a21-43b5-ace2-ee06304e1880,D Singh,0,1,6,0,0,0,3.02
05665f84-65b6-4604-a11e-759276140c32,a4b57661-6c81-4285-ba6b-3743db36f54a,2455adf0-f6ca-4803-839d-f58c1cf154dd,b0d2ee4c-be8f-4a75-b138-0740a52970c6,22,d36a9234-b2b2-44a0-9fa3-3e1527aa4b1c,H Kumar,1,0,6,0,0,0,2.94
05665f84-65b6-4604-a11e-759276140c32,a4b57661-6c81-4285-ba6b-3743db36f54a,2455adf0-f6ca-4803-839d-f58c1cf154dd,b0d2ee4c-be8f-4a75-b138-0740a52970c6,23,f4eec6b0-c7ff-4771-b4f1-8ea5865e1186,A Bodele,2,0,6,0,1,0,2.9
05665f84-65b6-4604-a11e-759276140c32,a4b57661-6c81-4285-ba6b-3743db36f54a,2455adf0-f6ca-4803-839d-f58c1cf154dd,b0d2ee4c-be8f-4a75-b138-0740a52970c6,24,d36a9234-b2b2-44a0-9fa3-3e1527aa4b1c,H Kumar,0,2,6,0,0,0,2.78
05665f84-65b6-4604-a11e-759276140c32,a4b57661-6c81-4285-ba6b-3743db36f54a,2455adf0-f6ca-4803-839d-f58c1cf154dd,b0d2ee4c-be8f-4a75-b138-0740a52970c6,25,d36a9234-b2b2-44a0-9fa3-3e1527aa4b1c,H Kumar,4,0,6,0,1,0,2.83
05665f84-65b6-4604-a11e-759276140c32,a4b57661-6c81-4285-ba6b-3743db36f54a,2455adf0-f6ca-4803-839d-f58c1cf154dd,b0d2ee4c-be8f-4a75-b138-0740a52970c6,26,d36a9234-b2b2-44a0-9fa3-3e1527aa4b1c,H Kumar,8,0,6,0,1,1,3.02
05665f84-65b6-4604-a11e-759276140c32,a4b57661-6c81-4285-ba6b-3743db36f54a,2455adf0-f6ca-4803-839d-f58c1cf154dd,b0d2ee4c-be8f-4a75-b138-0740a52970c6,27,d36a9234-b2b2-44a0-9fa3-3e1527aa4b1c,H Kumar,6,0,6,0,0,1,3.12
05665f84-65b6-4604-a11e-759276140c32,a4b57661-6c81-4285-ba6b-3743db36f54a,2455adf0-f6ca-4803-839d-f58c1cf154dd,b0d2ee4c-be8f-4a75-b138-0740a52970c6,28,f4eec6b0-c7ff-4771-b4f1-8ea5865e1186,A Bodele,7,0,6,0,0,1,3.26
05665f84-65b6-4604-a11e-759276140c32,a4b57661-6c81-4285-ba6b-3743db36f54a,2455adf0-f6ca-4803-839d-f58c1cf154dd,b0d2ee4c-be8f-4a75-b138-0740a52970c6,29,d36a9234-b2b2-44a0-9fa3-3e1527aa4b1c,H Kumar,0,0,6,0,0,0,3.15
05665f84-65b6-4604-a11e-759276140c32,a4b57661-6c81-4285-ba6b-3743db36f54a,2455adf0-f6ca-4803-839d-f58c1cf154dd,b0d2ee4c-be8f-4a75-b138-0740a52970c6,30,f4eec6b0-c7ff-4771-b4f1-8ea5865e1186,A Bodele,1,0,6,0,0,0,3.08
05665f84-65b6-4604-a11e-759276140c32,a4b57661-6c81-4285-ba6b-3743db36f54a,2455adf0-f6ca-4803-839d-f58c1cf154dd,b0d2ee4c-be8f-4a75-b138-0740a52970c6,31,b47cab94-0a21-43b5-ace2-ee06304e1880,D Singh,0,1,2,0,0,0,3.05
2c40c9b2-40eb-4b37-becf-5c817751a1d6,1d8a7aee-77d7-422d-8a73-4897780b5d8f,b0d2ee4c-be8f-4a75-b138-0740a52970c6,f121f9ce-13ef-4518-b214-4b2066595145,0,6b6a02e6-17c8-4251-8a40-b6a149750ed1,A John,1,0,6,0,0,0,1.0
2c40c9b2-40eb-4b37-becf-5c817751a1d6,1d8a7aee-77d7-422d-8a73-4897780b5d8f,b0d2ee4c-be8f-4a75-b138-0740a52970c6,f121f9ce-13ef-4518-b214-4b2066595145,1,872cc62c-558e-4032-9876-38d1b31c773f,G Singh,5,0,6,0,0,0,3.0
2c40c9b2-40eb-4b37-becf-5c817751a1d6,1d8a7aee-77d7-422d-8a73-4897780b5d8f,b0d2ee4c-be8f-4a75-b138-0740a52970c6,f121f9ce-13ef-4518-b214-4b2066595145,2,6b6a02e6-17c8-4251-8a40-b6a149750ed1,A John,5,0,6,0,0,0,3.67
2c40c9b2-40eb-4b37-becf-5c817751a1d6,1d8a7aee-77d7-422d-8a73-4897780b5d8f,b0d2ee4c-be8f-4a75-b138-0740a52970c6,f121f9ce-13ef-4518-b214-4b2066595145,3,872cc62c-558e-4032-9876-38d1b31c773f,G Singh,8,0,6,0,0,1,4.75
2c40c9b2-40eb-4b37-becf-5c817751a1d6,1d8a7aee-77d7-422d-8a73-4897780b5d8f,b0d2ee4c-be8f-4a75-b138-0740a52970c6,f121f9ce-13ef-4518-b214-4b2066595145,4,6b6a02e6-17c8-4251-8a40-b6a149750ed1,A John,3,0,6,0,0,0,4.4
2c40c9b2-40eb-4b37-becf-5c817751a1d6,1d8a7aee-77d7-422d-8a73-4897780b5d8f,b0d2ee4c-be8f-4a75-b138-0740a52970c6,f121f9ce-13ef-4518-b214-4b2066595145,5,872cc62c-558e-4032-9876-38d1b31c773f,G Singh,2,0,6,0,0,0,4.0
2c40c9b2-40eb-4b37-becf-5c817751a1d6,1d8a7aee-77d7-422d-8a73-4897780b5d8f,b0d2ee4c-be8f-4a75-b138-0740a52970c6,f121f9ce-13ef-4518-b214-4b2066595145,6,6b6a02e6-17c8-4251-8a40-b6a149750ed1,A John,13,0,6,0,1,2,5.29
2c40c9b2-40eb-4b37-becf-5c817751a1d6,1d8a7aee-77d7-422d-8a73-4897780b5d8f,b0d2ee4c-be8f-4a75-b138-0740a52970c6,f121f9ce-13ef-4518-b214-4b2066595145,7,872cc62c-558e-4032-9876-38d1b31c773f,G Singh,7,0,6,0,0,0,5.5
2c40c9b2-40eb-4b37-becf-5c817751a1d6,1d8a7aee-77d7-422d-8a73-4897780b5d8f,b0d2ee4c-be8f-4a75-b138-0740a52970c6,f121f9ce-13ef-4518-b214-4b2066595145,8,0069e210-49dc-40e4-b16a-26fbe0e7b120,K Singh,1,0,6,0,0,0,5.0
2c40c9b2-40eb-4b37-becf-5c817751a1d6,1d8a7aee-77d7-422d-8a73-4897780b5d8f,b0d2ee4c-be8f-4a75-b138-0740a52970c6,f121f9ce-13ef-4518-b214-4b2066595145,9,872cc62c-558e-4032-9876-38d1b31c773f,G Singh,2,0,6,0,0,0,4.7
2c40c9b2-40eb-4b37-becf-5c817751a1d6,1d8a7aee-77d7-422d-8a73-4897780b5d8f,b0d2ee4c-be8f-4a75-b138-0740a52970c6,f121f9ce-13ef-4518-b214-4b2066595145,10,0069e210-49dc-40e4-b16a-26fbe0e7b120,K Singh,6,0,6,0,0,0,4.82
2c40c9b2-40eb-4b37-becf-5c817751a1d6,1d8a7aee-77d7-422d-8a73-4897780b5d8f,b0d2ee4c-be8f-4a75-b138-0740a52970c6,f121f9ce-13ef-4518-b214-4b2066595145,11,872cc62c-558e-4032-9876-38d1b31c773f,G Singh,8,0,6,0,0,1,5.08
2c40c9b2-40eb-4b37-becf-5c817751a1d6,1d8a7aee-77d7-422d-8a73-4897780b5d8f,b0d2ee4c-be8f-4a75-b138-0740a52970c6,f121f9ce-13ef-4518-b214-4b2066595145,12,7f4ee4c0-a042-4bce-a7b2-e076b409bb76,K Singh,2,0,6,0,0,0,4.85
2c40c9b2-40eb-4b37-becf-5c817751a1d6,1d8a7aee-77d7-422d-8a73-4897780b5d8f,b0d2ee4c-be8f-4a75-b138-0740a52970c6,f121f9ce-13ef-4518-b214-4b2066595145,13,872cc62c-558e-4032-9876-38d1b31c773f,G Singh,3,0,6,0,0,0,4.71
2c40c9b2-40eb-4b37-becf-5c817751a1d6,1d8a7aee-77d7-422d-8a73-4897780b5d8f,b0d2ee4c-be8f-4a75-b138-0740a52970c6,f121f9ce-13ef-4518-b214-4b2066595145,14,7f4ee4c0-a042-4bce-a7b2-e076b409bb76,K Singh,8,0,6,1,0,1,4.93
2c40c9b2-40eb-4b37-becf-5c817751a1d6,1d8a7aee-77d7-422d-8a73-4897780b5d8f,b0d2ee4c-be8f-4a75-b138-0740a52970c6,f121f9ce-13ef-4518-b214-4b2066595145,15,06b9a8f8-7454-4175-93f4-226985e8b20e,A Multani,4,0,6,1,0,0,4.88
2c40c9b2-40eb-4b37-becf-5c817751a1d6,1d8a7aee-77d7-422d-8a73-4897780b5d8f,b0d2ee4c-be8f-4a75-b138-0740a52970c6,f121f9ce-13ef-4518-b214-4b2066595145,16,7f4ee4c0-a042-4bce-a7b2-e076b409bb76,K Singh,2,0,6,0,0,0,4.71
2c40c9b2-40eb-4b37-becf-5c817751a1d6,1d8a7aee-77d7-422d-8a73-4897780b5d8f,b0d2ee4c-be8f-4a75-b138-0740a52970c6,f121f9ce-13ef-4518-b214-4b2066595145,17,06b9a8f8-7454-4175-93f4-226985e8b20e,A Multani,12,0,6,0,0,1,5.11
2c40c9b2-40eb-4b37-becf-5c817751a1d6,1d8a7aee-77d7-422d-8a73-4897780b5d8f,b0d2ee4c-be8f-4a75-b138-0740a52970c6,f121f9ce-13ef-4518-b214-4b2066595145,18,0069e210-49dc-40e4-b16a-26fbe0e7b120,K Singh,6,0,6,0,0,0,5.16
2c40c9b2-40eb-4b37-becf-5c817751a1d6,1d8a7aee-77d7-422d-8a73-4897780b5d8f,b0d2ee4c-be8f-4a75-b138-0740a52970c6,f121f9ce-13ef-4518-b214-4b2066595145,19,b84e5b9f-9d0e-4fdd-aa8d-e2f3240d0b8b,Y Balyan,11,0,6,2,0,2,5.45
2c40c9b2-40eb-4b37-becf-5c817751a1d6,1d8a7aee-77d7-422d-8a73-4897780b5d8f,b0d2ee4c-be8f-4a75-b138-0740a52970c6,f121f9ce-13ef-4518-b214-4b2066595145,20,0069e210-49dc-40e4-b16a-26fbe0e7b120,K Singh,7,0,6,0,0,0,5.52
2c40c9b2-40eb-4b37-becf-5c817751a1d6,1d8a7aee-77d7-422d-8a73-4897780b5d8f,b0d2ee4c-be8f-4a75-b138-0740a52970c6,f121f9ce-13ef-4518-b214-4b2066595145,21,b84e5b9f-9d0e-4fdd-aa8d-e2f3240d0b8b,Y Balyan,2,1,6,0,0,0,5.36
2c40c9b2-40eb-4b37-becf-5c817751a1d6,1d8a7aee-77d7-422d-8a73-4897780b5d8f,b0d2ee4c-be8f-4a75-b138-0740a52970c6,f121f9ce-13ef-4518-b214-4b2066595145,22,0069e210-49dc-40e4-b16a-26fbe0e7b120,K Singh,9,0,6,0,0,1,5.52
2c40c9b2-40eb-4b37-becf-5c817751a1d6,1d8a7aee-77d7-422d-8a73-4897780b5d8f,b0d2ee4c-be8f-4a75-b138-0740a52970c6,f121f9ce-13ef-4518-b214-4b2066595145,23,b84e5b9f-9d0e-4fdd-aa8d-e2f3240d0b8b,Y Balyan,8,1,6,0,0,0,5.62
2c40c9b2-40eb-4b37-becf-5c817751a1d6,1d8a7aee-77d7-422d-8a73-4897780b5d8f,b0d2ee4c-be8f-4a75-b138-0740a52970c6,f121f9ce-13ef-4518-b214-4b2066595145,24,cb2611b4-5154-4722-9424-87dbc368afe3,R Singh,3,1,6,0,0,0,5.52
2c40c9b2-40eb-4b37-becf-5c817751a1d6,1d8a7aee-77d7-422d-8a73-4897780b5d8f,b0d2ee4c-be8f-4a75-b138-0740a52970c6,f121f9ce-13ef-4518-b214-4b2066595145,25,6b6a02e6-17c8-4251-8a40-b6a149750ed1,A John,6,1,6,0,0,0,5.54
2c40c9b2-40eb-4b37-becf-5c817751a1d6,1d8a7aee-77d7-422d-8a73-4897780b5d8f,b0d2ee4c-be8f-4a75-b138-0740a52970c6,f121f9ce-13ef-4518-b214-4b2066595145,26,6b6a02e6-17c8-4251-8a40-b6a149750ed1,A John,2,1,6,0,0,0,5.41
2c40c9b2-40eb-4b37-becf-5c817751a1d6,1d8a7aee-77d7-422d-8a73-4897780b5d8f,b0d2ee4c-be8f-4a75-b138-0740a52970c6,f121f9ce-13ef-4518-b214-4b2066595145,27,6b6a02e6-17c8-4251-8a40-b6a149750ed1,A John,2,1,6,0,0,0,5.29
2c40c9b2-40eb-4b37-becf-5c817751a1d6,1d8a7aee-77d7-422d-8a73-4897780b5d8f,b0d2ee4c-be8f-4a75-b138-0740a52970c6,f121f9ce-13ef-4518-b214-4b2066595145,28,cb2611b4-5154-4722-9424-87dbc368afe3,R Singh,1,1,6,0,0,0,5.14
2c40c9b2-40eb-4b37-becf-5c817751a1d6,1d8a7aee-77d7-422d-8a73-4897780b5d8f,b0d2ee4c-be8f-4a75-b138-0740a52970c6,f121f9ce-13ef-4518-b214-4b2066595145,29,6b6a02e6-17c8-4251-8a40-b6a149750ed1,A John,4,1,6,0,0,0,5.1
2c40c9b2-40eb-4b37-becf-5c817751a1d6,1d8a7aee-77d7-422d-8a73-4897780b5d8f,b0d2ee4c-be8f-4a75-b138-0740a52970c6,f121f9ce-13ef-4518-b214-4b2066595145,30,b84e5b9f-9d0e-4fdd-aa8d-e2f3240d0b8b,Y Balyan,5,0,6,0,0,0,5.1
2c40c9b2-40eb-4b37-becf-5c817751a1d6,1d8a7aee-77d7-422d-8a73-4897780b5d8f,b0d2ee4c-be8f-4a75-b138-0740a52970c6,f121f9ce-13ef-4518-b214-4b2066595145,31,0069e210-49dc-40e4-b16a-26fbe0e7b120,K Singh,8,0,6,0,0,1,5.19
2c40c9b2-40eb-4b37-becf-5c817751a1d6,1d8a7aee-77d7-422d-8a73-4897780b5d8f,b0d2ee4c-be8f-4a75-b138-0740a52970c6,f121f9ce-13ef-4518-b214-4b2066595145,32,b84e5b9f-9d0e-4fdd-aa8d-e2f3240d0b8b,Y Balyan,4,0,6,0,0,0,5.15
2c40c9b2-40eb-4b37-becf-5c817751a1d6,1d8a7aee-77d7-422d-8a73-4897780b5d8f,b0d2ee4c-be8f-4a75-b138-0740a52970c6,f121f9ce-13ef-4518-b214-4b2066595145,33,3749d7ce-99cc-451f-adc6-e25e53988a21,D Digvijay,13,0,6,0,0,2,5.38
2c40c9b2-40eb-4b37-becf-5c817751a1d6,1d8a7aee-77d7-422d-8a73-4897780b5d8f,b0d2ee4c-be8f-4a75-b138-0740a52970c6,f121f9ce-13ef-4518-b214-4b2066595145,34,d06f79f2-6c0b-4e69-bfae-d3a101d99191,V Multani,9,0,6,0,0,1,5.49
2c40c9b2-40eb-4b37-becf-5c817751a1d6,3ddafb8e-d933-47e2-87f3-eaacf66ef6db,f121f9ce-13ef-4518-b214-4b2066595145,b0d2ee4c-be8f-4a75-b138-0740a52970c6,0,7cffb99e-40e6-4c91-846f-2e5b755ecd0a,M Mohan,14,0,6,0,0,3,14.0
2c40c9b2-40eb-4b37-becf-5c817751a1d6,3ddafb8e-d933-47e2-87f3-eaacf66ef6db,f121f9ce-13ef-4518-b214-4b2066595145,b0d2ee4c-be8f-4a75-b138-0740a52970c6,1,400e4752-f236-4ca7-93e9-fd8ebee6735e,S Chaurasiya,10,0,6,0,1,2,12.0
2c40c9b2-40eb-4b37-becf-5c817751a1d6,3ddafb8e-d933-47e2-87f3-eaacf66ef6db,f121f9ce-13ef-4518-b214-4b2066595145,b0d2ee4c-be8f-4a75-b138-0740a52970c6,2,7cffb99e-40e6-4c91-846f-2e5b755ecd0a,M Mohan,12,0,6,0,0,3,12.0
2c40c9b2-40eb-4b37-becf-5c817751a1d6,3ddafb8e-d933-47e2-87f3-eaacf66ef6db,f121f9ce-13ef-4518-b214-4b2066595145,b0d2ee4c-be8f-4a75-b138-0740a52970c6,3,400e4752-f236-4ca7-93e9-fd8ebee6735e,S Chaurasiya,11,0,6,0,0,2,11.75
2c40c9b2-40eb-4b37-becf-5c817751a1d6,3ddafb8e-d933-47e2-87f3-eaacf66ef6db,f121f9ce-13ef-4518-b214-4b2066595145,b0d2ee4c-be8f-4a75-b138-0740a52970c6,4,cefd9f7d-2787-4b4c-9a13-4e1d0d434ff8,S vadapalli,9,1,6,0,0,1,11.2
2c40c9b2-40eb-4b37-becf-5c817751a1d6,3ddafb8e-d933-47e2-87f3-eaacf66ef6db,f121f9ce-13ef-4518-b214-4b2066595145,b0d2ee4c-be8f-4a75-b138-0740a52970c6,5,360868ba-5d2a-4f9f-9f3a-fff5756f3f85,S Bhan,0,0,6,0,0,0,9.33
2c40c9b2-40eb-4b37-becf-5c817751a1d6,3ddafb8e-d933-47e2-87f3-eaacf66ef6db,f121f9ce-13ef-4518-b214-4b2066595145,b0d2ee4c-be8f-4a75-b138-0740a52970c6,6,cefd9f7d-2787-4b4c-9a13-4e1d0d434ff8,S vadapalli,5,0,6,0,0,0,8.71
2c40c9b2-40eb-4b37-becf-5c817751a1d6,3ddafb8e-d933-47e2-87f3-eaacf66ef6db,f121f9ce-13ef-4518-b214-4b2066595145,b0d2ee4c-be8f-4a75-b138-0740a52970c6,7,360868ba-5d2a-4f9f-9f3a-fff5756f3f85,S Bhan,9,0,6,0,0,1,8.75
2c40c9b2-40eb-4b37-becf-5c817751a1d6,3ddafb8e-d933-47e2-87f3-eaacf66ef6db,f121f9ce-13ef-4518-b214-4b2066595145,b0d2ee4c-be8f-4a75-b138-0740a52970c6,8,cefd9f7d-2787-4b4c-9a13-4e1d0d434ff8,S vadapalli,5,1,6,0,0,1,8.33
2c40c9b2-40eb-4b37-becf-5c817751a1d6,3ddafb8e-d933-47e2-87f3-eaacf66ef6db,f121f9ce-13ef-4518-b214-4b2066595145,b0d2ee4c-be8f-4a75-b138-0740a52970c6,9,360868ba-5d2a-4f9f-9f3a-fff5756f3f85,S Bhan,0,1,6,0,0,0,7.5
2c40c9b2-40eb-4b37-becf-5c817751a1d6,3ddafb8e-d933-47e2-87f3-eaacf66ef6db,f121f9ce-13ef-4518-b214-4b2066595145,b0d2ee4c-be8f-4a75-b138-0740a52970c6,10,cefd9f7d-2787-4b4c-9a13-4e1d0d434ff8,S vadapalli,0,1,6,0,0,0,6.82
2c40c9b2-40eb-4b37-becf-5c817751a1d6,3ddafb8e-d933-47e2-87f3-eaacf66ef6db,f121f9ce-13ef-4518-b214-4b2066595145,b0d2ee4c-be8f-4a75-b138-0740a52970c6,11,400e4752-f236-4ca7-93e9-fd8ebee6735e,S Chaurasiya,9,0,6,1,0,1,7.0
2c40c9b2-40eb-4b37-becf-5c817751a1d6,3ddafb8e-d933-47e2-87f3-eaacf66ef6db,f121f9ce-13ef-4518-b214-4b2066595145,b0d2ee4c-be8f-4a75-b138-0740a52970c6,12,cefd9f7d-2787-4b4c-9a13-4e1d0d434ff8,S vadapalli,9,0,6,1,0,2,7.15
2c40c9b2-40eb-4b37-becf-5c817751a1d6,3ddafb8e-d933-47e2-87f3-eaacf66ef6db,f121f9ce-13ef-4518-b214-4b2066595145,b0d2ee4c-be8f-4a75-b138-0740a52970c6,13,284746be-31ae-4e0e-82f8-d234412e08c4,K Bhan,2,0,6,0,0,0,6.79
2c40c9b2-40eb-4b37-becf-5c817751a1d6,3ddafb8e-d933-47e2-87f3-eaacf66ef6db,f121f9ce-13ef-4518-b214-4b2066595145,b0d2ee4c-be8f-4a75-b138-0740a52970c6,14,cefd9f7d-2787-4b4c-9a13-4e1d0d434ff8,S vadapalli,2,0,6,0,0,0,6.47
2c40c9b2-40eb-4b37-becf-5c817751a1d6,3ddafb8e-d933-47e2-87f3-eaacf66ef6db,f121f9ce-13ef-4518-b214-4b2066595145,b0d2ee4c-be8f-4a75-b138-0740a52970c6,15,284746be-31ae-4e0e-82f8-d234412e08c4,K Bhan,2,2,6,0,0,0,6.19
2c40c9b2-40eb-4b37-becf-5c817751a1d6,3ddafb8e-d933-47e2-87f3-eaacf66ef6db,f121f9ce-13ef-4518-b214-4b2066595145,b0d2ee4c-be8f-4a75-b138-0740a52970c6,16,cefd9f7d-2787-4b4c-9a13-4e1d0d434ff8,S vadapalli,5,0,6,1,0,0,6.12
2c40c9b2-40eb-4b37-becf-5c817751a1d6,3ddafb8e-d933-47e2-87f3-eaacf66ef6db,f121f9ce-13ef-4518-b214-4b2066595145,b0d2ee4c-be8f-4a75-b138-0740a52970c6,17,8cc72ac1-93ab-43ad-a24f-fdcbf14da6a2,K Tomy,9,0,6,2,1,1,6.28
2c40c9b2-40eb-4b37-becf-5c817751a1d6,3ddafb8e-d933-47e2-87f3-eaacf66ef6db,f121f9ce-13ef-4518-b214-4b2066595145,b0d2ee4c-be8f-4a75-b138-0740a52970c6,18,cefd9f7d-2787-4b4c-9a13-4e1d0d434ff8,S vadapalli,2,0,6,1,0,0,6.05
2c40c9b2-40eb-4b37-becf-5c817751a1d6,3ddafb8e-d933-47e2-87f3-eaacf66ef6db,f121f9ce-13ef-4518-b214-4b2066595145,b0d2ee4c-be8f-4a75-b138-0740a52970c6,19,7512873c-b6b6-49fe-80ff-3733b5abd044,M Pitre,2,0,6,0,0,0,5.85
2c40c9b2-40eb-4b37-becf-5c817751a1d6,3ddafb8e-d933-47e2-87f3-eaacf66ef6db,f121f9ce-13ef-4518-b214-4b2066595145,b0d2ee4c-be8f-4a75-b138-0740a52970c6,20,cefd9f7d-2787-4b4c-9a13-4e1d0d434ff8,S vadapalli,8,1,6,0,0,1,5.95
2c40c9b2-40eb-4b37-becf-5c817751a1d6,3ddafb8e-d933-47e2-87f3-eaacf66ef6db,f121f9ce-13ef-4518-b214-4b2066595145,b0d2ee4c-be8f-4a75-b138-0740a52970c6,21,7512873c-b6b6-49fe-80ff-3733b5abd044,M Pitre,4,0,6,0,0,0,5.86
2c40c9b2-40eb-4b37-becf-5c817751a1d6,3ddafb8e-d933-47e2-87f3-eaacf66ef6db,f121f9ce-13ef-4518-b214-4b2066595145,b0d2ee4c-be8f-4a75-b138-0740a52970c6,22,c3a31191-6c5e-438e-9288-354845031832,A Thomas,4,0,6,0,0,0,5.78
2c40c9b2-40eb-4b37-becf-5c817751a1d6,3ddafb8e-d933-47e2-87f3-eaacf66ef6db,f121f9ce-13ef-4518-b214-4b2066595145,b0d2ee4c-be8f-4a75-b138-0740a52970c6,23,7512873c-b6b6-49fe-80ff-3733b5abd044,M Pitre,2,0,6,0,0,0,5.62
2c40c9b2-40eb-4b37-becf-5c817751a1d6,3ddafb8e-d933-47e2-87f3-eaacf66ef6db,f121f9ce-13ef-4518-b214-4b2066595145,b0d2ee4c-be8f-4a75-b138-0740a52970c6,24,c3a31191-6c5e-438e-9288-354845031832,A Thomas,18,0,6,0,1,2,6.12
2c40c9b2-40eb-4b37-becf-5c817751a1d6,3ddafb8e-d933-47e2-87f3-eaacf66ef6db,f121f9ce-13ef-4518-b214-4b2066595145,b0d2ee4c-be8f-4a75-b138-0740a52970c6,25,7512873c-b6b6-49fe-80ff-3733b5abd044,M Pitre,3,0,6,1,0,0,6.0
2c40c9b2-40eb-4b37-becf-5c817751a1d6,3ddafb8e-d933-47e2-87f3-eaacf66ef6db,f121f9ce-13ef-4518-b214-4b2066595145,b0d2ee4c-be8f-4a75-b138-0740a52970c6,26,360868ba-5d2a-4f9f-9f3a-fff5756f3f85,S Bhan,0,0,6,0,0,0,5.78
2c40c9b2-40eb-4b37-becf-5c817751a1d6,3ddafb8e-d933-47e2-87f3-eaacf66ef6db,f121f9ce-13ef-4518-b214-4b2066595145,b0d2ee4c-be8f-4a75-b138-0740a52970c6,27,7512873c-b6b6-49fe-80ff-3733b5abd044,M Pitre,3,0,6,0,0,0,5.68
2c40c9b2-40eb-4b37-becf-5c817751a1d6,3ddafb8e-d933-47e2-87f3-eaacf66ef6db,f121f9ce-13ef-4518-b214-4b2066595145,b0d2ee4c-be8f-4a75-b138-0740a52970c6,28,360868ba-5d2a-4f9f-9f3a-fff5756f3f85,S Bhan,2,0,6,0,0,0,5.55
2c40c9b2-40eb-4b37-becf-5c817751a1d6,3ddafb8e-d933-47e2-87f3-eaacf66ef6db,f121f9ce-13ef-4518-b214-4b2066595145,b0d2ee4c-be8f-4a75-b138-0740a52970c6,29,7512873c-b6b6-49fe-80ff-3733b5abd044,M Pitre,5,0,6,0,0,0,5.53
2c40c9b2-40eb-4b37-becf-5c817751a1d6,3ddafb8e-d933-47e2-87f3-eaacf66ef6db,f121f9ce-13ef-4518-b214-4b2066595145,b0d2ee4c-be8f-4a75-b138-0740a52970c6,30,360868ba-5d2a-4f9f-9f3a-fff5756f3f85,S Bhan,10,0,6,0,0,2,5.68
2c40c9b2-40eb-4b37-becf-5c817751a1d6,3ddafb8e-d933-47e2-87f3-eaacf66ef6db,f121f9ce-13ef-4518-b214-4b2066595145,b0d2ee4c-be8f-4a75-b138-0740a52970c6,31,284746be-31ae-4e0e-82f8-d234412e08c4,K Bhan,9,1,6,0,0,1,5.78
2c40c9b2-40eb-4b37-becf-5c817751a1d6,3ddafb8e-d933-47e2-87f3-eaacf66ef6db,f121f9ce-13ef-4518-b214-4b2066595145,b0d2ee4c-be8f-4a75-b138-0740a52970c6,32,360868ba-5d2a-4f9f-9f3a-fff5756f3f85,S Bhan,9,0,6,0,0,1,5.88
2c40c9b2-40eb-4b37-becf-5c817751a1d6,3ddafb8e-d933-47e2-87f3-eaacf66ef6db,f121f9ce-13ef-4518-b214-4b2066595145,b0d2ee4c-be8f-4a75-b138-0740a52970c6,33,284746be-31ae-4e0e-82f8-d234412e08c4,K Bhan,10,0,6,0,0,1,6.0
2c40c9b2-40eb-4b37-becf-5c817751a1d6,3ddafb8e-d933-47e2-87f3-eaacf66ef6db,f121f9ce-13ef-4518-b214-4b2066595145,b0d2ee4c-be8f-4a75-b138-0740a52970c6,34,7512873c-b6b6-49fe-80ff-3733b5abd044,M Pitre,17,0,6,0,0,2,6.31
4db01962-99f7-4b10-a382-6f8f3623144b,2964b5eb-7871-479c-89fb-1d707f4b0eb5,1977fa7e-f689-4fee-b28e-a9aa92a3a15c,b0d2ee4c-be8f-4a75-b138-0740a52970c6,0,d36a9234-b2b2-44a0-9fa3-3e1527aa4b1c,H Kumar,6,0,6,0,0,1,6.0
4db01962-99f7-4b10-a382-6f8f3623144b,2964b5eb-7871-479c-89fb-1d707f4b0eb5,1977fa7e-f689-4fee-b28e-a9aa92a3a15c,b0d2ee4c-be8f-4a75-b138-0740a52970c6,1,7512873c-b6b6-49fe-80ff-3733b5abd044,M Pitre,6,0,6,0,0,1,6.0
4db01962-99f7-4b10-a382-6f8f3623144b,2964b5eb-7871-479c-89fb-1d707f4b0eb5,1977fa7e-f689-4fee-b28e-a9aa92a3a15c,b0d2ee4c-be8f-4a75-b138-0740a52970c6,2,d36a9234-b2b2-44a0-9fa3-3e1527aa4b1c,H Kumar,6,0,6,0,0,1,6.0
4db01962-99f7-4b10-a382-6f8f3623144b,2964b5eb-7871-479c-89fb-1d707f4b0eb5,1977fa7e-f689-4fee-b28e-a9aa92a3a15c,b0d2ee4c-be8f-4a75-b138-0740a52970c6,3,7512873c-b6b6-49fe-80ff-3733b5abd044,M Pitre,4,0,6,1,0,0,5.5
4db01962-99f7-4b10-a382-6f8f3623144b,2964b5eb-7871-479c-89fb-1d707f4b0eb5,1977fa7e-f689-4fee-b28e-a9aa92a3a15c,b0d2ee4c-be8f-4a75-b138-0740a52970c6,4,d36a9234-b2b2-44a0-9fa3-3e1527aa4b1c,H Kumar,6,0,6,0,0,1,5.6
4db01962-99f7-4b10-a382-6f8f3623144b,2964b5eb-7871-479c-89fb-1d707f4b0eb5,1977fa7e-f689-4fee-b28e-a9aa92a3a15c,b0d2ee4c-be8f-4a75-b138-0740a52970c6,5,7512873c-b6b6-49fe-80ff-3733b5abd044,M Pitre,10,1,6,1,0,1,6.33
4db01962-99f7-4b10-a382-6f8f3623144b,2964b5eb-7871-479c-89fb-1d707f4b0eb5,1977fa7e-f689-4fee-b28e-a9aa92a3a15c,b0d2ee4c-be8f-4a75-b138-0740a52970c6,6,d36a9234-b2b2-44a0-9fa3-3e1527aa4b1c,H Kumar,7,0,6,0,0,1,6.43
4db01962-99f7-4b10-a382-6f8f3623144b,2964b5eb-7871-479c-89fb-1d707f4b0eb5,1977fa7e-f689-4fee-b28e-a9aa92a3a15c,b0d2ee4c-be8f-4a75-b138-0740a52970c6,7,7512873c-b6b6-49fe-80ff-3733b5abd044,M Pitre,5,0,6,0,0,0,6.25
4db01962-99f7-4b10-a382-6f8f3623144b,2964b5eb-7871-479c-89fb-1d707f4b0eb5,1977fa7e-f689-4fee-b28e-a9aa92a3a15c,b0d2ee4c-be8f-4a75-b138-0740a52970c6,8,d36a9234-b2b2-44a0-9fa3-3e1527aa4b1c,H Kumar,6,0,6,0,0,1,6.22
4db01962-99f7-4b10-a382-6f8f3623144b,2964b5eb-7871-479c-89fb-1d707f4b0eb5,1977fa7e-f689-4fee-b28e-a9aa92a3a15c,b0d2ee4c-be8f-4a75-b138-0740a52970c6,9,7512873c-b6b6-49fe-80ff-3733b5abd044,M Pitre,3,0,6,0,0,0,5.9
4db01962-99f7-4b10-a382-6f8f3623144b,2964b5eb-7871-479c-89fb-1d707f4b0eb5,1977fa7e-f689-4fee-b28e-a9aa92a3a15c,b0d2ee4c-be8f-4a75-b138-0740a52970c6,10,d36a9234-b2b2-44a0-9fa3-3e1527aa4b1c,H Kumar,7,0,6,0,0,0,6.0
4db01962-99f7-4b10-a382-6f8f3623144b,2964b5eb-7871-479c-89fb-1d707f4b0eb5,1977fa7e-f689-4fee-b28e-a9aa92a3a15c,b0d2ee4c-be8f-4a75-b138-0740a52970c6,11,7512873c-b6b6-49fe-80ff-3733b5abd044,M Pitre,1,1,6,0,0,0,5.58
4db01962-99f7-4b10-a382-6f8f3623144b,2964b5eb-7871-479c-89fb-1d707f4b0eb5,1977fa7e-f689-4fee-b28e-a9aa92a3a15c,b0d2ee4c-be8f-4a75-b138-0740a52970c6,12,d36a9234-b2b2-44a0-9fa3-3e1527aa4b1c,H Kumar,3,1,6,1,1,0,5.38
4db01962-99f7-4b10-a382-6f8f3623144b,2964b5eb-7871-479c-89fb-1d707f4b0eb5,1977fa7e-f689-4fee-b28e-a9aa92a3a15c,b0d2ee4c-be8f-4a75-b138-0740a52970c6,13,7512873c-b6b6-49fe-80ff-3733b5abd044,M Pitre,2,1,6,0,0,0,5.14
4db01962-99f7-4b10-a382-6f8f3623144b,2964b5eb-7871-479c-89fb-1d707f4b0eb5,1977fa7e-f689-4fee-b28e-a9aa92a3a15c,b0d2ee4c-be8f-4a75-b138-0740a52970c6,14,6b74d336-b105-407c-b4ef-f68e2fba7862,D Sehra,2,1,6,0,0,0,4.93
4db01962-99f7-4b10-a382-6f8f3623144b,2964b5eb-7871-479c-89fb-1d707f4b0eb5,1977fa7e-f689-4fee-b28e-a9aa92a3a15c,b0d2ee4c-be8f-4a75-b138-0740a52970c6,15,d1ed36b2-499d-4b65-95a3-6f3f51177415,A Datta,4,0,6,0,0,0,4.88
4db01962-99f7-4b10-a382-6f8f3623144b,2964b5eb-7871-479c-89fb-1d707f4b0eb5,1977fa7e-f689-4fee-b28e-a9aa92a3a15c,b0d2ee4c-be8f-4a75-b138-0740a52970c6,16,6b74d336-b105-407c-b4ef-f68e2fba7862,D Sehra,2,0,6,0,0,0,4.71
4db01962-99f7-4b10-a382-6f8f3623144b,2964b5eb-7871-479c-89fb-1d707f4b0eb5,1977fa7e-f689-4fee-b28e-a9aa92a3a15c,b0d2ee4c-be8f-4a75-b138-0740a52970c6,17,d1ed36b2-499d-4b65-95a3-6f3f51177415,A Datta,4,1,6,0,0,0,4.67
4db01962-99f7-4b10-a382-6f8f3623144b,2964b5eb-7871-479c-89fb-1d707f4b0eb5,1977fa7e-f689-4fee-b28e-a9aa92a3a15c,b0d2ee4c-be8f-4a75-b138-0740a52970c6,18,6b74d336-b105-407c-b4ef-f68e2fba7862,D Sehra,5,0,6,0,0,0,4.68
4db01962-99f7-4b10-a382-6f8f3623144b,2964b5eb-7871-479c-89fb-1d707f4b0eb5,1977fa7e-f689-4fee-b28e-a9aa92a3a15c,b0d2ee4c-be8f-4a75-b138-0740a52970c6,19,d1ed36b2-499d-4b65-95a3-6f3f51177415,A Datta,4,0,6,0,0,0,4.65
4db01962-99f7-4b10-a382-6f8f3623144b,2964b5eb-7871-479c-89fb-1d707f4b0eb5,1977fa7e-f689-4fee-b28e-a9aa92a3a15c,b0d2ee4c-be8f-4a75-b138-0740a52970c6,20,6b74d336-b105-407c-b4ef-f68e2fba7862,D Sehra,4,0,6,0,0,0,4.62
4db01962-99f7-4b10-a382-6f8f3623144b,2964b5eb-7871-479c-89fb-1d707f4b0eb5,1977fa7e-f689-4fee-b28e-a9aa92a3a15c,b0d2ee4c-be8f-4a75-b138-0740a52970c6,21,100b60f9-15ab-4d35-9626-be4212a5d0e2,R Suravajjula,2,1,6,0,0,0,4.5
4db01962-99f7-4b10-a382-6f8f3623144b,2964b5eb-7871-479c-89fb-1d707f4b0eb5,1977fa7e-f689-4fee-b28e-a9aa92a3a15c,b0d2ee4c-be8f-4a75-b138-0740a52970c6,22,6b74d336-b105-407c-b4ef-f68e2fba7862,D Sehra,9,0,6,1,0,0,4.7
4db01962-99f7-4b10-a382-6f8f3623144b,2964b5eb-7871-479c-89fb-1d707f4b0eb5,1977fa7e-f689-4fee-b28e-a9aa92a3a15c,b0d2ee4c-be8f-4a75-b138-0740a52970c6,23,100b60f9-15ab-4d35-9626-be4212a5d0e2,R Suravajjula,3,1,6,0,0,0,4.62
4db01962-99f7-4b10-a382-6f8f3623144b,2964b5eb-7871-479c-89fb-1d707f4b0eb5,1977fa7e-f689-4fee-b28e-a9aa92a3a15c,b0d2ee4c-be8f-4a75-b138-0740a52970c6,24,6b74d336-b105-407c-b4ef-f68e2fba7862,D Sehra,11,0,6,0,0,2,4.88
4db01962-99f7-4b10-a382-6f8f3623144b,2964b5eb-7871-479c-89fb-1d707f4b0eb5,1977fa7e-f689-4fee-b28e-a9aa92a3a15c,b0d2ee4c-be8f-4a75-b138-0740a52970c6,25,100b60f9-15ab-4d35-9626-be4212a5d0e2,R Suravajjula,2,1,6,0,0,0,4.77
4db01962-99f7-4b10-a382-6f8f3623144b,2964b5eb-7871-479c-89fb-1d707f4b0eb5,1977fa7e-f689-4fee-b28e-a9aa92a3a15c,b0d2ee4c-be8f-4a75-b138-0740a52970c6,26,284746be-31ae-4e0e-82f8-d234412e08c4,K Bhan,0,1,1,0,0,0,4.74
4db01962-99f7-4b10-a382-6f8f3623144b,48a93c0e-26d3-4306-8718-1def7b60b80c,b0d2ee4c-be8f-4a75-b138-0740a52970c6,1977fa7e-f689-4fee-b28e-a9aa92a3a15c,0,04e7a985-6b15-448d-95bd-66323490e8aa,M Ahmed,2,0,6,0,0,0,2.0
4db01962-99f7-4b10-a382-6f8f3623144b,48a93c0e-26d3-4306-8718-1def7b60b80c,b0d2ee4c-be8f-4a75-b138-0740a52970c6,1977fa7e-f689-4fee-b28e-a9aa92a3a15c,1,e79d97cc-d0c4-4db1-9eeb-685329698149,M Faiyaz,2,0,6,0,0,0,2.0
4db01962-99f7-4b10-a382-6f8f3623144b,48a93c0e-26d3-4306-8718-1def7b60b80c,b0d2ee4c-be8f-4a75-b138-0740a52970c6,1977fa7e-f689-4fee-b28e-a9aa92a3a15c,2,04e7a985-6b15-448d-95bd-66323490e8aa,M Ahmed,10,0,6,1,0,0,4.67
4db01962-99f7-4b10-a382-6f8f3623144b,48a93c0e-26d3-4306-8718-1def7b60b80c,b0d2ee4c-be8f-4a75-b138-0740a52970c6,1977fa7e-f689-4fee-b28e-a9aa92a3a15c,3,e79d97cc-d0c4-4db1-9eeb-685329698149,M Faiyaz,9,0,6,0,0,2,5.75
4db01962-99f7-4b10-a382-6f8f3623144b,48a93c0e-26d3-4306-8718-1def7b60b80c,b0d2ee4c-be8f-4a75-b138-0740a52970c6,1977fa7e-f689-4fee-b28e-a9aa92a3a15c,4,04e7a985-6b15-448d-95bd-66323490e8aa,M Ahmed,7,1,6,2,0,1,6.0
4db01962-99f7-4b10-a382-6f8f3623144b,48a93c0e-26d3-4306-8718-1def7b60b80c,b0d2ee4c-be8f-4a75-b138-0740a52970c6,1977fa7e-f689-4fee-b28e-a9aa92a3a15c,5,220ccb3e-50ea-4766-9ce0-5629c72a50dc,M Lakhani,4,0,6,3,0,0,5.67
4db01962-99f7-4b10-a382-6f8f3623144b,48a93c0e-26d3-4306-8718-1def7b60b80c,b0d2ee4c-be8f-4a75-b138-0740a52970c6,1977fa7e-f689-4fee-b28e-a9aa92a3a15c,6,3ae810c1-61a1-4770-8e81-9833107949fb,M Kapasi,8,0,6,2,0,0,6.0
4db01962-99f7-4b10-a382-6f8f3623144b,48a93c0e-26d3-4306-8718-1def7b60b80c,b0d2ee4c-be8f-4a75-b138-0740a52970c6,1977fa7e-f689-4fee-b28e-a9aa92a3a15c,7,4a8827f1-21b8-4244-951e-396d3219bfc4,A Altaf,6,0,6,0,0,0,6.0
4db01962-99f7-4b10-a382-6f8f3623144b,48a93c0e-26d3-4306-8718-1def7b60b80c,b0d2ee4c-be8f-4a75-b138-0740a52970c6,1977fa7e-f689-4fee-b28e-a9aa92a3a15c,8,3ae810c1-61a1-4770-8e81-9833107949fb,M Kapasi,3,0,6,0,0,0,5.67
4db01962-99f7-4b10-a382-6f8f3623144b,48a93c0e-26d3-4306-8718-1def7b60b80c,b0d2ee4c-be8f-4a75-b138-0740a52970c6,1977fa7e-f689-4fee-b28e-a9aa92a3a15c,9,4a8827f1-21b8-4244-951e-396d3219bfc4,A Altaf,3,0,6,0,0,0,5.4
4db01962-99f7-4b10-a382-6f8f3623144b,48a93c0e-26d3-4306-8718-1def7b60b80c,b0d2ee4c-be8f-4a75-b138-0740a52970c6,1977fa7e-f689-4fee-b28e-a9aa92a3a15c,10,3ae810c1-61a1-4770-8e81-9833107949fb,M Kapasi,17,1,6,5,0,3,6.45
4db01962-99f7-4b10-a382-6f8f3623144b,48a93c0e-26d3-4306-8718-1def7b60b80c,b0d2ee4c-be8f-4a75-b138-0740a52970c6,1977fa7e-f689-4fee-b28e-a9aa92a3a15c,11,4a8827f1-21b8-4244-951e-396d3219bfc4,A Altaf,1,0,6,0,0,0,6.0
4db01962-99f7-4b10-a382-6f8f3623144b,48a93c0e-26d3-4306-8718-1def7b60b80c,b0d2ee4c-be8f-4a75-b138-0740a52970c6,1977fa7e-f689-4fee-b28e-a9aa92a3a15c,12,220ccb3e-50ea-4766-9ce0-5629c72a50dc,M Lakhani,10,0,6,1,0,1,6.31
4db01962-99f7-4b10-a382-6f8f3623144b,48a93c0e-26d3-4306-8718-1def7b60b80c,b0d2ee4c-be8f-4a75-b138-0740a52970c6,1977fa7e-f689-4fee-b28e-a9aa92a3a15c,13,49c57cdd-0718-4c44-a2cf-b4e8b8dd53ca,M Ali,6,0,6,1,0,1,6.29
4db01962-99f7-4b10-a382-6f8f3623144b,48a93c0e-26d3-4306-8718-1def7b60b80c,b0d2ee4c-be8f-4a75-b138-0740a52970c6,1977fa7e-f689-4fee-b28e-a9aa92a3a15c,14,1db26eb5-6954-4893-bf2c-5ce25d1feac5,S Raza,15,0,6,2,1,1,6.87
4db01962-99f7-4b10-a382-6f8f3623144b,48a93c0e-26d3-4306-8718-1def7b60b80c,b0d2ee4c-be8f-4a75-b138-0740a52970c6,1977fa7e-f689-4fee-b28e-a9aa92a3a15c,15,49c57cdd-0718-4c44-a2cf-b4e8b8dd53ca,M Ali,6,0,6,1,0,1,6.81
4db01962-99f7-4b10-a382-6f8f3623144b,48a93c0e-26d3-4306-8718-1def7b60b80c,b0d2ee4c-be8f-4a75-b138-0740a52970c6,1977fa7e-f689-4fee-b28e-a9aa92a3a15c,16,1db26eb5-6954-4893-bf2c-5ce25d1feac5,S Raza,5,0,6,1,0,0,6.71
4db01962-99f7-4b10-a382-6f8f3623144b,48a93c0e-26d3-4306-8718-1def7b60b80c,b0d2ee4c-be8f-4a75-b138-0740a52970c6,1977fa7e-f689-4fee-b28e-a9aa92a3a15c,17,49c57cdd-0718-4c44-a2cf-b4e8b8dd53ca,M Ali,10,0,6,1,0,2,6.89
4db01962-99f7-4b10-a382-6f8f3623144b,48a93c0e-26d3-4306-8718-1def7b60b80c,b0d2ee4c-be8f-4a75-b138-0740a52970c6,1977fa7e-f689-4fee-b28e-a9aa92a3a15c,18,1db26eb5-6954-4893-bf2c-5ce25d1feac5,S Raza,11,0,6,1,0,2,7.11
4db01962-99f7-4b10-a382-6f8f3623144b,48a93c0e-26d3-4306-8718-1def7b60b80c,b0d2ee4c-be8f-4a75-b138-0740a52970c6,1977fa7e-f689-4fee-b28e-a9aa92a3a15c,19,4a8827f1-21b8-4244-951e-396d3219bfc4,A Altaf,13,0,6,0,0,2,7.4
4db01962-99f7-4b10-a382-6f8f3623144b,48a93c0e-26d3-4306-8718-1def7b60b80c,b0d2ee4c-be8f-4a75-b138-0740a52970c6,1977fa7e-f689-4fee-b28e-a9aa92a3a15c,20,e79d97cc-d0c4-4db1-9eeb-685329698149,M Faiyaz,9,0,6,0,0,1,7.48
4db01962-99f7-4b10-a382-6f8f3623144b,48a93c0e-26d3-4306-8718-1def7b60b80c,b0d2ee4c-be8f-4a75-b138-0740a52970c6,1977fa7e-f689-4fee-b28e-a9aa92a3a15c,21,3ae810c1-61a1-4770-8e81-9833107949fb,M Kapasi,13,1,6,5,0,1,7.68
4db01962-99f7-4b10-a382-6f8f3623144b,48a93c0e-26d3-4306-8718-1def7b60b80c,b0d2ee4c-be8f-4a75-b138-0740a52970c6,1977fa7e-f689-4fee-b28e-a9aa92a3a15c,22,e79d97cc-d0c4-4db1-9eeb-685329698149,M Faiyaz,5,0,6,0,0,0,7.57
4db01962-99f7-4b10-a382-6f8f3623144b,48a93c0e-26d3-4306-8718-1def7b60b80c,b0d2ee4c-be8f-4a75-b138-0740a52970c6,1977fa7e-f689-4fee-b28e-a9aa92a3a15c,23,04e7a985-6b15-448d-95bd-66323490e8aa,M Ahmed,3,0,6,0,0,0,7.38
4db01962-99f7-4b10-a382-6f8f3623144b,48a93c0e-26d3-4306-8718-1def7b60b80c,b0d2ee4c-be8f-4a75-b138-0740a52970c6,1977fa7e-f689-4fee-b28e-a9aa92a3a15c,24,220ccb3e-50ea-4766-9ce0-5629c72a50dc,M Lakhani,3,1,6,0,0,0,7.2
4db01962-99f7-4b10-a382-6f8f3623144b,48a93c0e-26d3-4306-8718-1def7b60b80c,b0d2ee4c-be8f-4a75-b138-0740a52970c6,1977fa7e-f689-4fee-b28e-a9aa92a3a15c,25,3ae810c1-61a1-4770-8e81-9833107949fb,M Kapasi,4,0,6,2,0,0,7.08
4db01962-99f7-4b10-a382-6f8f3623144b,48a93c0e-26d3-4306-8718-1def7b60b80c,b0d2ee4c-be8f-4a75-b138-0740a52970c6,1977fa7e-f689-4fee-b28e-a9aa92a3a15c,26,220ccb3e-50ea-4766-9ce0-5629c72a50dc,M Lakhani,9,0,6,1,1,1,7.15
4db01962-99f7-4b10-a382-6f8f3623144b,48a93c0e-26d3-4306-8718-1def7b60b80c,b0d2ee4c-be8f-4a75-b138-0740a52970c6,1977fa7e-f689-4fee-b28e-a9aa92a3a15c,27,3ae810c1-61a1-4770-8e81-9833107949fb,M Kapasi,4,0,6,0,0,0,7.04
4db01962-99f7-4b10-a382-6f8f3623144b,48a93c0e-26d3-4306-8718-1def7b60b80c,b0d2ee4c-be8f-4a75-b138-0740a52970c6,1977fa7e-f689-4fee-b28e-a9aa92a3a15c,28,220ccb3e-50ea-4766-9ce0-5629c72a50dc,M Lakhani,3,0,6,0,0,0,6.9
4db01962-99f7-4b10-a382-6f8f3623144b,48a93c0e-26d3-4306-8718-1def7b60b80c,b0d2ee4c-be8f-4a75-b138-0740a52970c6,1977fa7e-f689-4fee-b28e-a9aa92a3a15c,29,3ae810c1-61a1-4770-8e81-9833107949fb,M Kapasi,5,0,6,0,0,0,6.83
4db01962-99f7-4b10-a382-6f8f3623144b,48a93c0e-26d3-4306-8718-1def7b60b80c,b0d2ee4c-be8f-4a75-b138-0740a52970c6,1977fa7e-f689-4fee-b28e-a9aa92a3a15c,30,04e7a985-6b15-448d-95bd-66323490e8aa,M Ahmed,5,1,6,0,0,0,6.77
4db01962-99f7-4b10-a382-6f8f3623144b,48a93c0e-26d3-4306-8718-1def7b60b80c,b0d2ee4c-be8f-4a75-b138-0740a52970c6,1977fa7e-f689-4fee-b28e-a9aa92a3a15c,31,4a8827f1-21b8-4244-951e-396d3219bfc4,A Altaf,6,1,6,0,0,1,6.75
4db01962-99f7-4b10-a382-6f8f3623144b,48a93c0e-26d3-4306-8718-1def7b60b80c,b0d2ee4c-be8f-4a75-b138-0740a52970c6,1977fa7e-f689-4fee-b28e-a9aa92a3a15c,32,04e7a985-6b15-448d-95bd-66323490e8aa,M Ahmed,8,1,6,0,0,0,6.79
4db01962-99f7-4b10-a382-6f8f3623144b,48a93c0e-26d3-4306-8718-1def7b60b80c,b0d2ee4c-be8f-4a75-b138-0740a52970c6,1977fa7e-f689-4fee-b28e-a9aa92a3a15c,33,4a8827f1-21b8-4244-951e-396d3219bfc4,A Altaf,2,1,6,0,0,0,6.65
4db01962-99f7-4b10-a382-6f8f3623144b,48a93c0e-26d3-4306-8718-1def7b60b80c,b0d2ee4c-be8f-4a75-b138-0740a52970c6,1977fa7e-f689-4fee-b28e-a9aa92a3a15c,34,04e7a985-6b15-448d-95bd-66323490e8aa,M Ahmed,6,0,6,0,0,0,6.63
4e5fbe6d-325e-4a21-9982-f080f8605615,4210509d-61eb-4b04-ab9f-88e9f8c7713a,8b65ef27-5bb8-46ca-8193-be128c5af1b0,b0d2ee4c-be8f-4a75-b138-0740a52970c6,0,7cffb99e-40e6-4c91-846f-2e5b755ecd0a,M Mohan,5,1,6,1,0,0,5.0
4e5fbe6d-325e-4a21-9982-f080f8605615,4210509d-61eb-4b04-ab9f-88e9f8c7713a,8b65ef27-5bb8-46ca-8193-be128c5af1b0,b0d2ee4c-be8f-4a75-b138-0740a52970c6,1,7512873c-b6b6-49fe-80ff-3733b5abd044,M Pitre,8,1,6,0,0,2,6.5
4e5fbe6d-325e-4a21-9982-f080f8605615,4210509d-61eb-4b04-ab9f-88e9f8c7713a,8b65ef27-5bb8-46ca-8193-be128c5af1b0,b0d2ee4c-be8f-4a75-b138-0740a52970c6,2,7cffb99e-40e6-4c91-846f-2e5b755ecd0a,M Mohan,5,0,6,0,0,1,6.0
4e5fbe6d-325e-4a21-9982-f080f8605615,4210509d-61eb-4b04-ab9f-88e9f8c7713a,8b65ef27-5bb8-46ca-8193-be128c5af1b0,b0d2ee4c-be8f-4a75-b138-0740a52970c6,3,7512873c-b6b6-49fe-80ff-3733b5abd044,M Pitre,6,1,6,0,0,1,6.0
4e5fbe6d-325e-4a21-9982-f080f8605615,4210509d-61eb-4b04-ab9f-88e9f8c7713a,8b65ef27-5bb8-46ca-8193-be128c5af1b0,b0d2ee4c-be8f-4a75-b138-0740a52970c6,4,7cffb99e-40e6-4c91-846f-2e5b755ecd0a,M Mohan,5,0,6,1,0,0,5.8
4e5fbe6d-325e-4a21-9982-f080f8605615,4210509d-61eb-4b04-ab9f-88e9f8c7713a,8b65ef27-5bb8-46ca-8193-be128c5af1b0,b0d2ee4c-be8f-4a75-b138-0740a52970c6,5,7512873c-b6b6-49fe-80ff-3733b5abd044,M Pitre,2,1,6,0,0,0,5.17
4e5fbe6d-325e-4a21-9982-f080f8605615,4210509d-61eb-4b04-ab9f-88e9f8c7713a,8b65ef27-5bb8-46ca-8193-be128c5af1b0,b0d2ee4c-be8f-4a75-b138-0740a52970c6,6,7cffb99e-40e6-4c91-846f-2e5b755ecd0a,M Mohan,2,0,6,0,0,0,4.71
4e5fbe6d-325e-4a21-9982-f080f8605615,4210509d-61eb-4b04-ab9f-88e9f8c7713a,8b65ef27-5bb8-46ca-8193-be128c5af1b0,b0d2ee4c-be8f-4a75-b138-0740a52970c6,7,7512873c-b6b6-49fe-80ff-3733b5abd044,M Pitre,2,0,6,0,0,0,4.38
4e5fbe6d-325e-4a21-9982-f080f8605615,4210509d-61eb-4b04-ab9f-88e9f8c7713a,8b65ef27-5bb8-46ca-8193-be128c5af1b0,b0d2ee4c-be8f-4a75-b138-0740a52970c6,8,7cffb99e-40e6-4c91-846f-2e5b755ecd0a,M Mohan,6,1,6,0,0,1,4.56
4e5fbe6d-325e-4a21-9982-f080f8605615,4210509d-61eb-4b04-ab9f-88e9f8c7713a,8b65ef27-5bb8-46ca-8193-be128c5af1b0,b0d2ee4c-be8f-4a75-b138-0740a52970c6,9,7512873c-b6b6-49fe-80ff-3733b5abd044,M Pitre,3,0,6,0,0,0,4.4
4e5fbe6d-325e-4a21-9982-f080f8605615,4210509d-61eb-4b04-ab9f-88e9f8c7713a,8b65ef27-5bb8-46ca-8193-be128c5af1b0,b0d2ee4c-be8f-4a75-b138-0740a52970c6,10,7cffb99e-40e6-4c91-846f-2e5b755ecd0a,M Mohan,10,0,6,0,0,2,4.91
4e5fbe6d-325e-4a21-9982-f080f8605615,4210509d-61eb-4b04-ab9f-88e9f8c7713a,8b65ef27-5bb8-46ca-8193-be128c5af1b0,b0d2ee4c-be8f-4a75-b138-0740a52970c6,11,7512873c-b6b6-49fe-80ff-3733b5abd044,M Pitre,1,1,6,0,0,0,4.58
4e5fbe6d-325e-4a21-9982-f080f8605615,4210509d-61eb-4b04-ab9f-88e9f8c7713a,8b65ef27-5bb8-46ca-8193-be128c5af1b0,b0d2ee4c-be8f-4a75-b138-0740a52970c6,12,7cffb99e-40e6-4c91-846f-2e5b755ecd0a,M Mohan,3,1,6,0,0,0,4.46
4e5fbe6d-325e-4a21-9982-f080f8605615,4210509d-61eb-4b04-ab9f-88e9f8c7713a,8b65ef27-5bb8-46ca-8193-be128c5af1b0,b0d2ee4c-be8f-4a75-b138-0740a52970c6,13,7512873c-b6b6-49fe-80ff-3733b5abd044,M Pitre,1,0,6,0,0,0,4.21
4e5fbe6d-325e-4a21-9982-f080f8605615,4210509d-61eb-4b04-ab9f-88e9f8c7713a,8b65ef27-5bb8-46ca-8193-be128c5af1b0,b0d2ee4c-be8f-4a75-b138-0740a52970c6,14,400e4752-f236-4ca7-93e9-fd8ebee6735e,S Chaurasiya,0,1,6,0,0,0,3.93
4e5fbe6d-325e-4a21-9982-f080f8605615,4210509d-61eb-4b04-ab9f-88e9f8c7713a,8b65ef27-5bb8-46ca-8193-be128c5af1b0,b0d2ee4c-be8f-4a75-b138-0740a52970c6,15,c3a31191-6c5e-438e-9288-354845031832,A Thomas,6,0,6,2,0,0,4.06
4e5fbe6d-325e-4a21-9982-f080f8605615,4210509d-61eb-4b04-ab9f-88e9f8c7713a,8b65ef27-5bb8-46ca-8193-be128c5af1b0,b0d2ee4c-be8f-4a75-b138-0740a52970c6,16,400e4752-f236-4ca7-93e9-fd8ebee6735e,S Chaurasiya,4,0,6,0,0,0,4.06
4e5fbe6d-325e-4a21-9982-f080f8605615,4210509d-61eb-4b04-ab9f-88e9f8c7713a,8b65ef27-5bb8-46ca-8193-be128c5af1b0,b0d2ee4c-be8f-4a75-b138-0740a52970c6,17,c3a31191-6c5e-438e-9288-354845031832,A Thomas,3,0,6,2,0,0,4.0
4e5fbe6d-325e-4a21-9982-f080f8605615,4210509d-61eb-4b04-ab9f-88e9f8c7713a,8b65ef27-5bb8-46ca-8193-be128c5af1b0,b0d2ee4c-be8f-4a75-b138-0740a52970c6,18,400e4752-f236-4ca7-93e9-fd8ebee6735e,S Chaurasiya,3,0,6,0,0,0,3.95
4e5fbe6d-325e-4a21-9982-f080f8605615,4210509d-61eb-4b04-ab9f-88e9f8c7713a,8b65ef27-5bb8-46ca-8193-be128c5af1b0,b0d2ee4c-be8f-4a75-b138-0740a52970c6,19,cefd9f7d-2787-4b4c-9a13-4e1d0d434ff8,S vadapalli,3,0,6,0,0,0,3.9
4e5fbe6d-325e-4a21-9982-f080f8605615,4210509d-61eb-4b04-ab9f-88e9f8c7713a,8b65ef27-5bb8-46ca-8193-be128c5af1b0,b0d2ee4c-be8f-4a75-b138-0740a52970c6,20,400e4752-f236-4ca7-93e9-fd8ebee6735e,S Chaurasiya,5,0,6,0,0,0,3.95
4e5fbe6d-325e-4a21-9982-f080f8605615,4210509d-61eb-4b04-ab9f-88e9f8c7713a,8b65ef27-5bb8-46ca-8193-be128c5af1b0,b0d2ee4c-be8f-4a75-b138-0740a52970c6,21,cefd9f7d-2787-4b4c-9a13-4e1d0d434ff8,S vadapalli,8,0,6,1,0,1,4.14
4e5fbe6d-325e-4a21-9982-f080f8605615,4210509d-61eb-4b04-ab9f-88e9f8c7713a,8b65ef27-5bb8-46ca-8193-be128c5af1b0,b0d2ee4c-be8f-4a75-b138-0740a52970c6,22,d1ed36b2-499d-4b65-95a3-6f3f51177415,A Datta,7,0,6,0,0,1,4.26
4e5fbe6d-325e-4a21-9982-f080f8605615,4210509d-61eb-4b04-ab9f-88e9f8c7713a,8b65ef27-5bb8-46ca-8193-be128c5af1b0,b0d2ee4c-be8f-4a75-b138-0740a52970c6,23,cefd9f7d-2787-4b4c-9a13-4e1d0d434ff8,S vadapalli,17,0,6,1,1,2,4.79
4e5fbe6d-325e-4a21-9982-f080f8605615,4210509d-61eb-4b04-ab9f-88e9f8c7713a,8b65ef27-5bb8-46ca-8193-be128c5af1b0,b0d2ee4c-be8f-4a75-b138-0740a52970c6,24,d1ed36b2-499d-4b65-95a3-6f3f51177415,A Datta,10,0,6,2,0,1,5.0
4e5fbe6d-325e-4a21-9982-f080f8605615,4210509d-61eb-4b04-ab9f-88e9f8c7713a,8b65ef27-5bb8-46ca-8193-be128c5af1b0,b0d2ee4c-be8f-4a75-b138-0740a52970c6,25,400e4752-f236-4ca7-93e9-fd8ebee6735e,S Chaurasiya,2,1,6,0,0,0,4.88
4e5fbe6d-325e-4a21-9982-f080f8605615,4210509d-61eb-4b04-ab9f-88e9f8c7713a,8b65ef27-5bb8-46ca-8193-be128c5af1b0,b0d2ee4c-be8f-4a75-b138-0740a52970c6,26,d1ed36b2-499d-4b65-95a3-6f3f51177415,A Datta,3,1,3,2,1,0,4.91
4e5fbe6d-325e-4a21-9982-f080f8605615,d51bc980-b18b-4ef9-9be4-0546a6b24c4b,b0d2ee4c-be8f-4a75-b138-0740a52970c6,8b65ef27-5bb8-46ca-8193-be128c5af1b0,0,457d2d89-be0b-4913-8a29-14ea368264c1,********,3,1,6,1,0,0,3.0
4e5fbe6d-325e-4a21-9982-f080f8605615,d51bc980-b18b-4ef9-9be4-0546a6b24c4b,b0d2ee4c-be8f-4a75-b138-0740a52970c6,8b65ef27-5bb8-46ca-8193-be128c5af1b0,1,8e5a415f-611f-4cfe-9344-a2fe4edcdc1c,B Thakral,1,0,6,1,0,0,2.0
4e5fbe6d-325e-4a21-9982-f080f8605615,d51bc980-b18b-4ef9-9be4-0546a6b24c4b,b0d2ee4c-be8f-4a75-b138-0740a52970c6,8b65ef27-5bb8-46ca-8193-be128c5af1b0,2,457d2d89-be0b-4913-8a29-14ea368264c1,********,4,0,6,1,0,0,2.67
4e5fbe6d-325e-4a21-9982-f080f8605615,d51bc980-b18b-4ef9-9be4-0546a6b24c4b,b0d2ee4c-be8f-4a75-b138-0740a52970c6,8b65ef27-5bb8-46ca-8193-be128c5af1b0,3,8e5a415f-611f-4cfe-9344-a2fe4edcdc1c,B Thakral,4,0,6,0,0,0,3.0
4e5fbe6d-325e-4a21-9982-f080f8605615,d51bc980-b18b-4ef9-9be4-0546a6b24c4b,b0d2ee4c-be8f-4a75-b138-0740a52970c6,8b65ef27-5bb8-46ca-8193-be128c5af1b0,4,457d2d89-be0b-4913-8a29-14ea368264c1,********,4,0,6,0,0,1,3.2
4e5fbe6d-325e-4a21-9982-f080f8605615,d51bc980-b18b-4ef9-9be4-0546a6b24c4b,b0d2ee4c-be8f-4a75-b138-0740a52970c6,8b65ef27-5bb8-46ca-8193-be128c5af1b0,5,5d82f74d-0967-4b8a-821f-d358b52dd53a,A Sodhi,5,0,6,0,0,1,3.5
4e5fbe6d-325e-4a21-9982-f080f8605615,d51bc980-b18b-4ef9-9be4-0546a6b24c4b,b0d2ee4c-be8f-4a75-b138-0740a52970c6,8b65ef27-5bb8-46ca-8193-be128c5af1b0,6,457d2d89-be0b-4913-8a29-14ea368264c1,********,2,0,6,0,0,0,3.29
4e5fbe6d-325e-4a21-9982-f080f8605615,d51bc980-b18b-4ef9-9be4-0546a6b24c4b,b0d2ee4c-be8f-4a75-b138-0740a52970c6,8b65ef27-5bb8-46ca-8193-be128c5af1b0,7,5d82f74d-0967-4b8a-821f-d358b52dd53a,A Sodhi,5,0,6,1,0,1,3.5
4e5fbe6d-325e-4a21-9982-f080f8605615,d51bc980-b18b-4ef9-9be4-0546a6b24c4b,b0d2ee4c-be8f-4a75-b138-0740a52970c6,8b65ef27-5bb8-46ca-8193-be128c5af1b0,8,f81c7258-4477-46f5-b288-27551ed48ae2,j Singh,8,0,6,0,0,1,4.0
4e5fbe6d-325e-4a21-9982-f080f8605615,d51bc980-b18b-4ef9-9be4-0546a6b24c4b,b0d2ee4c-be8f-4a75-b138-0740a52970c6,8b65ef27-5bb8-46ca-8193-be128c5af1b0,9,5d82f74d-0967-4b8a-821f-d358b52dd53a,A Sodhi,7,1,6,1,0,1,4.3
4e5fbe6d-325e-4a21-9982-f080f8605615,d51bc980-b18b-4ef9-9be4-0546a6b24c4b,b0d2ee4c-be8f-4a75-b138-0740a52970c6,8b65ef27-5bb8-46ca-8193-be128c5af1b0,10,d1847034-4ddf-4532-b055-e1b07467f50b,A Parab,7,0,6,0,0,1,4.55
4e5fbe6d-325e-4a21-9982-f080f8605615,d51bc980-b18b-4ef9-9be4-0546a6b24c4b,b0d2ee4c-be8f-4a75-b138-0740a52970c6,8b65ef27-5bb8-46ca-8193-be128c5af1b0,11,a1601e10-d3aa-43e0-af12-9682993e6144,M DEVGAN,9,0,6,0,0,1,4.92
4e5fbe6d-325e-4a21-9982-f080f8605615,d51bc980-b18b-4ef9-9be4-0546a6b24c4b,b0d2ee4c-be8f-4a75-b138-0740a52970c6,8b65ef27-5bb8-46ca-8193-be128c5af1b0,12,d1847034-4ddf-4532-b055-e1b07467f50b,A Parab,10,0,6,5,0,0,5.31
4e5fbe6d-325e-4a21-9982-f080f8605615,d51bc980-b18b-4ef9-9be4-0546a6b24c4b,b0d2ee4c-be8f-4a75-b138-0740a52970c6,8b65ef27-5bb8-46ca-8193-be128c5af1b0,13,a1601e10-d3aa-43e0-af12-9682993e6144,M DEVGAN,8,0,6,0,0,1,5.5
4e5fbe6d-325e-4a21-9982-f080f8605615,d51bc980-b18b-4ef9-9be4-0546a6b24c4b,b0d2ee4c-be8f-4a75-b138-0740a52970c6,8b65ef27-5bb8-46ca-8193-be128c5af1b0,14,f81c7258-4477-46f5-b288-27551ed48ae2,j Singh,8,0,6,0,0,1,5.67
4e5fbe6d-325e-4a21-9982-f080f8605615,d51bc980-b18b-4ef9-9be4-0546a6b24c4b,b0d2ee4c-be8f-4a75-b138-0740a52970c6,8b65ef27-5bb8-46ca-8193-be128c5af1b0,15,a1601e10-d3aa-43e0-af12-9682993e6144,M DEVGAN,3,1,6,3,0,0,5.5
4e5fbe6d-325e-4a21-9982-f080f8605615,d51bc980-b18b-4ef9-9be4-0546a6b24c4b,b0d2ee4c-be8f-4a75-b138-0740a52970c6,8b65ef27-5bb8-46ca-8193-be128c5af1b0,16,f81c7258-4477-46f5-b288-27551ed48ae2,j Singh,1,0,6,1,0,0,5.24
4e5fbe6d-325e-4a21-9982-f080f8605615,d51bc980-b18b-4ef9-9be4-0546a6b24c4b,b0d2ee4c-be8f-4a75-b138-0740a52970c6,8b65ef27-5bb8-46ca-8193-be128c5af1b0,17,a1601e10-d3aa-43e0-af12-9682993e6144,M DEVGAN,9,0,6,1,0,1,5.44
4e5fbe6d-325e-4a21-9982-f080f8605615,d51bc980-b18b-4ef9-9be4-0546a6b24c4b,b0d2ee4c-be8f-4a75-b138-0740a52970c6,8b65ef27-5bb8-46ca-8193-be128c5af1b0,18,8e5a415f-611f-4cfe-9344-a2fe4edcdc1c,B Thakral,14,0,6,0,0,2,5.89
4e5fbe6d-325e-4a21-9982-f080f8605615,d51bc980-b18b-4ef9-9be4-0546a6b24c4b,b0d2ee4c-be8f-4a75-b138-0740a52970c6,8b65ef27-5bb8-46ca-8193-be128c5af1b0,19,a1601e10-d3aa-43e0-af12-9682993e6144,M DEVGAN,6,0,6,0,0,1,5.9
4e5fbe6d-325e-4a21-9982-f080f8605615,d51bc980-b18b-4ef9-9be4-0546a6b24c4b,b0d2ee4c-be8f-4a75-b138-0740a52970c6,8b65ef27-5bb8-46ca-8193-be128c5af1b0,20,d1847034-4ddf-4532-b055-e1b07467f50b,A Parab,11,0,6,1,0,1,6.14
4e5fbe6d-325e-4a21-9982-f080f8605615,d51bc980-b18b-4ef9-9be4-0546a6b24c4b,b0d2ee4c-be8f-4a75-b138-0740a52970c6,8b65ef27-5bb8-46ca-8193-be128c5af1b0,21,a1601e10-d3aa-43e0-af12-9682993e6144,M DEVGAN,7,0,6,0,0,0,6.18
4e5fbe6d-325e-4a21-9982-f080f8605615,d51bc980-b18b-4ef9-9be4-0546a6b24c4b,b0d2ee4c-be8f-4a75-b138-0740a52970c6,8b65ef27-5bb8-46ca-8193-be128c5af1b0,22,d1847034-4ddf-4532-b055-e1b07467f50b,A Parab,8,0,6,1,0,1,6.26
4e5fbe6d-325e-4a21-9982-f080f8605615,d51bc980-b18b-4ef9-9be4-0546a6b24c4b,b0d2ee4c-be8f-4a75-b138-0740a52970c6,8b65ef27-5bb8-46ca-8193-be128c5af1b0,23,a1601e10-d3aa-43e0-af12-9682993e6144,M DEVGAN,4,1,6,0,0,0,6.17
4e5fbe6d-325e-4a21-9982-f080f8605615,d51bc980-b18b-4ef9-9be4-0546a6b24c4b,b0d2ee4c-be8f-4a75-b138-0740a52970c6,8b65ef27-5bb8-46ca-8193-be128c5af1b0,24,d1847034-4ddf-4532-b055-e1b07467f50b,A Parab,6,0,6,0,0,1,6.16
4e5fbe6d-325e-4a21-9982-f080f8605615,d51bc980-b18b-4ef9-9be4-0546a6b24c4b,b0d2ee4c-be8f-4a75-b138-0740a52970c6,8b65ef27-5bb8-46ca-8193-be128c5af1b0,25,f81c7258-4477-46f5-b288-27551ed48ae2,j Singh,1,1,6,0,0,0,5.96
4e5fbe6d-325e-4a21-9982-f080f8605615,d51bc980-b18b-4ef9-9be4-0546a6b24c4b,b0d2ee4c-be8f-4a75-b138-0740a52970c6,8b65ef27-5bb8-46ca-8193-be128c5af1b0,26,d1847034-4ddf-4532-b055-e1b07467f50b,A Parab,13,0,6,0,1,2,6.22
4e5fbe6d-325e-4a21-9982-f080f8605615,d51bc980-b18b-4ef9-9be4-0546a6b24c4b,b0d2ee4c-be8f-4a75-b138-0740a52970c6,8b65ef27-5bb8-46ca-8193-be128c5af1b0,27,f81c7258-4477-46f5-b288-27551ed48ae2,j Singh,3,0,6,0,0,0,6.11
4e5fbe6d-325e-4a21-9982-f080f8605615,d51bc980-b18b-4ef9-9be4-0546a6b24c4b,b0d2ee4c-be8f-4a75-b138-0740a52970c6,8b65ef27-5bb8-46ca-8193-be128c5af1b0,28,457d2d89-be0b-4913-8a29-14ea368264c1,********,3,0,6,0,0,0,6.0
4e5fbe6d-325e-4a21-9982-f080f8605615,d51bc980-b18b-4ef9-9be4-0546a6b24c4b,b0d2ee4c-be8f-4a75-b138-0740a52970c6,8b65ef27-5bb8-46ca-8193-be128c5af1b0,29,f81c7258-4477-46f5-b288-27551ed48ae2,j Singh,3,1,6,0,0,0,5.9
4e5fbe6d-325e-4a21-9982-f080f8605615,d51bc980-b18b-4ef9-9be4-0546a6b24c4b,b0d2ee4c-be8f-4a75-b138-0740a52970c6,8b65ef27-5bb8-46ca-8193-be128c5af1b0,30,457d2d89-be0b-4913-8a29-14ea368264c1,********,1,0,6,0,0,0,5.74
4e5fbe6d-325e-4a21-9982-f080f8605615,d51bc980-b18b-4ef9-9be4-0546a6b24c4b,b0d2ee4c-be8f-4a75-b138-0740a52970c6,8b65ef27-5bb8-46ca-8193-be128c5af1b0,31,f81c7258-4477-46f5-b288-27551ed48ae2,j Singh,3,1,6,0,0,0,5.66
4e5fbe6d-325e-4a21-9982-f080f8605615,d51bc980-b18b-4ef9-9be4-0546a6b24c4b,b0d2ee4c-be8f-4a75-b138-0740a52970c6,8b65ef27-5bb8-46ca-8193-be128c5af1b0,32,457d2d89-be0b-4913-8a29-14ea368264c1,********,5,0,6,2,0,0,5.64
4e5fbe6d-325e-4a21-9982-f080f8605615,d51bc980-b18b-4ef9-9be4-0546a6b24c4b,b0d2ee4c-be8f-4a75-b138-0740a52970c6,8b65ef27-5bb8-46ca-8193-be128c5af1b0,33,5d82f74d-0967-4b8a-821f-d358b52dd53a,A Sodhi,4,1,6,0,0,0,5.59
4e5fbe6d-325e-4a21-9982-f080f8605615,d51bc980-b18b-4ef9-9be4-0546a6b24c4b,b0d2ee4c-be8f-4a75-b138-0740a52970c6,8b65ef27-5bb8-46ca-8193-be128c5af1b0,34,8e5a415f-611f-4cfe-9344-a2fe4edcdc1c,B Thakral,15,0,6,2,0,2,5.86
5ee79fc1-2d4e-41d8-964b-e0c0fa6e412c,6835479c-f9e6-4975-aded-a3ee099f5f96,64ca7387-df24-4f3b-8090-7bcb2359d4e2,b0d2ee4c-be8f-4a75-b138-0740a52970c6,0,7512873c-b6b6-49fe-80ff-3733b5abd044,M Pitre,4,0,6,0,0,1,4.0
5ee79fc1-2d4e-41d8-964b-e0c0fa6e412c,6835479c-f9e6-4975-aded-a3ee099f5f96,64ca7387-df24-4f3b-8090-7bcb2359d4e2,b0d2ee4c-be8f-4a75-b138-0740a52970c6,1,6b74d336-b105-407c-b4ef-f68e2fba7862,D Sehra,9,0,6,0,0,1,6.5
5ee79fc1-2d4e-41d8-964b-e0c0fa6e412c,6835479c-f9e6-4975-aded-a3ee099f5f96,64ca7387-df24-4f3b-8090-7bcb2359d4e2,b0d2ee4c-be8f-4a75-b138-0740a52970c6,2,7512873c-b6b6-49fe-80ff-3733b5abd044,M Pitre,11,0,6,1,0,2,8.0
5ee79fc1-2d4e-41d8-964b-e0c0fa6e412c,6835479c-f9e6-4975-aded-a3ee099f5f96,64ca7387-df24-4f3b-8090-7bcb2359d4e2,b0d2ee4c-be8f-4a75-b138-0740a52970c6,3,6b74d336-b105-407c-b4ef-f68e2fba7862,D Sehra,2,0,6,0,0,0,6.5
5ee79fc1-2d4e-41d8-964b-e0c0fa6e412c,6835479c-f9e6-4975-aded-a3ee099f5f96,64ca7387-df24-4f3b-8090-7bcb2359d4e2,b0d2ee4c-be8f-4a75-b138-0740a52970c6,4,7512873c-b6b6-49fe-80ff-3733b5abd044,M Pitre,1,0,6,0,0,0,5.4
5ee79fc1-2d4e-41d8-964b-e0c0fa6e412c,6835479c-f9e6-4975-aded-a3ee099f5f96,64ca7387-df24-4f3b-8090-7bcb2359d4e2,b0d2ee4c-be8f-4a75-b138-0740a52970c6,5,6b74d336-b105-407c-b4ef-f68e2fba7862,D Sehra,26,0,6,0,1,4,8.83
5ee79fc1-2d4e-41d8-964b-e0c0fa6e412c,6835479c-f9e6-4975-aded-a3ee099f5f96,64ca7387-df24-4f3b-8090-7bcb2359d4e2,b0d2ee4c-be8f-4a75-b138-0740a52970c6,6,7512873c-b6b6-49fe-80ff-3733b5abd044,M Pitre,6,0,6,0,0,0,8.43
5ee79fc1-2d4e-41d8-964b-e0c0fa6e412c,6835479c-f9e6-4975-aded-a3ee099f5f96,64ca7387-df24-4f3b-8090-7bcb2359d4e2,b0d2ee4c-be8f-4a75-b138-0740a52970c6,7,c3a31191-6c5e-438e-9288-354845031832,A Thomas,8,1,6,1,0,0,8.38
5ee79fc1-2d4e-41d8-964b-e0c0fa6e412c,6835479c-f9e6-4975-aded-a3ee099f5f96,64ca7387-df24-4f3b-8090-7bcb2359d4e2,b0d2ee4c-be8f-4a75-b138-0740a52970c6,8,7512873c-b6b6-49fe-80ff-3733b5abd044,M Pitre,2,0,6,0,0,0,7.67
5ee79fc1-2d4e-41d8-964b-e0c0fa6e412c,6835479c-f9e6-4975-aded-a3ee099f5f96,64ca7387-df24-4f3b-8090-7bcb2359d4e2,b0d2ee4c-be8f-4a75-b138-0740a52970c6,9,c3a31191-6c5e-438e-9288-354845031832,A Thomas,3,0,6,1,0,0,7.2
5ee79fc1-2d4e-41d8-964b-e0c0fa6e412c,6835479c-f9e6-4975-aded-a3ee099f5f96,64ca7387-df24-4f3b-8090-7bcb2359d4e2,b0d2ee4c-be8f-4a75-b138-0740a52970c6,10,7512873c-b6b6-49fe-80ff-3733b5abd044,M Pitre,9,0,6,0,0,1,7.36
5ee79fc1-2d4e-41d8-964b-e0c0fa6e412c,6835479c-f9e6-4975-aded-a3ee099f5f96,64ca7387-df24-4f3b-8090-7bcb2359d4e2,b0d2ee4c-be8f-4a75-b138-0740a52970c6,11,c3a31191-6c5e-438e-9288-354845031832,A Thomas,3,1,6,0,0,0,7.0
5ee79fc1-2d4e-41d8-964b-e0c0fa6e412c,6835479c-f9e6-4975-aded-a3ee099f5f96,64ca7387-df24-4f3b-8090-7bcb2359d4e2,b0d2ee4c-be8f-4a75-b138-0740a52970c6,12,7512873c-b6b6-49fe-80ff-3733b5abd044,M Pitre,5,0,6,1,0,0,6.85
5ee79fc1-2d4e-41d8-964b-e0c0fa6e412c,6835479c-f9e6-4975-aded-a3ee099f5f96,64ca7387-df24-4f3b-8090-7bcb2359d4e2,b0d2ee4c-be8f-4a75-b138-0740a52970c6,13,c3a31191-6c5e-438e-9288-354845031832,A Thomas,4,0,6,0,0,0,6.64
5ee79fc1-2d4e-41d8-964b-e0c0fa6e412c,6835479c-f9e6-4975-aded-a3ee099f5f96,64ca7387-df24-4f3b-8090-7bcb2359d4e2,b0d2ee4c-be8f-4a75-b138-0740a52970c6,14,7cffb99e-40e6-4c91-846f-2e5b755ecd0a,M Mohan,3,1,6,0,0,0,6.4
5ee79fc1-2d4e-41d8-964b-e0c0fa6e412c,6835479c-f9e6-4975-aded-a3ee099f5f96,64ca7387-df24-4f3b-8090-7bcb2359d4e2,b0d2ee4c-be8f-4a75-b138-0740a52970c6,15,c3a31191-6c5e-438e-9288-354845031832,A Thomas,1,0,6,0,0,0,6.06
5ee79fc1-2d4e-41d8-964b-e0c0fa6e412c,6835479c-f9e6-4975-aded-a3ee099f5f96,64ca7387-df24-4f3b-8090-7bcb2359d4e2,b0d2ee4c-be8f-4a75-b138-0740a52970c6,16,7cffb99e-40e6-4c91-846f-2e5b755ecd0a,M Mohan,9,0,6,0,0,2,6.24
5ee79fc1-2d4e-41d8-964b-e0c0fa6e412c,6835479c-f9e6-4975-aded-a3ee099f5f96,64ca7387-df24-4f3b-8090-7bcb2359d4e2,b0d2ee4c-be8f-4a75-b138-0740a52970c6,17,f6dd9552-fbc5-4490-ac27-b50ff948f8f5,P Tomar,7,0,6,1,0,1,6.28
5ee79fc1-2d4e-41d8-964b-e0c0fa6e412c,6835479c-f9e6-4975-aded-a3ee099f5f96,64ca7387-df24-4f3b-8090-7bcb2359d4e2,b0d2ee4c-be8f-4a75-b138-0740a52970c6,18,7cffb99e-40e6-4c91-846f-2e5b755ecd0a,M Mohan,2,0,6,0,0,0,6.05
5ee79fc1-2d4e-41d8-964b-e0c0fa6e412c,6835479c-f9e6-4975-aded-a3ee099f5f96,64ca7387-df24-4f3b-8090-7bcb2359d4e2,b0d2ee4c-be8f-4a75-b138-0740a52970c6,19,400e4752-f236-4ca7-93e9-fd8ebee6735e,S Chaurasiya,5,1,6,0,0,0,6.0
5ee79fc1-2d4e-41d8-964b-e0c0fa6e412c,6835479c-f9e6-4975-aded-a3ee099f5f96,64ca7387-df24-4f3b-8090-7bcb2359d4e2,b0d2ee4c-be8f-4a75-b138-0740a52970c6,20,7cffb99e-40e6-4c91-846f-2e5b755ecd0a,M Mohan,3,0,6,0,0,0,5.86
5ee79fc1-2d4e-41d8-964b-e0c0fa6e412c,6835479c-f9e6-4975-aded-a3ee099f5f96,64ca7387-df24-4f3b-8090-7bcb2359d4e2,b0d2ee4c-be8f-4a75-b138-0740a52970c6,21,400e4752-f236-4ca7-93e9-fd8ebee6735e,S Chaurasiya,1,1,6,0,0,0,5.64
5ee79fc1-2d4e-41d8-964b-e0c0fa6e412c,6835479c-f9e6-4975-aded-a3ee099f5f96,64ca7387-df24-4f3b-8090-7bcb2359d4e2,b0d2ee4c-be8f-4a75-b138-0740a52970c6,22,7cffb99e-40e6-4c91-846f-2e5b755ecd0a,M Mohan,3,0,6,0,0,0,5.52
5ee79fc1-2d4e-41d8-964b-e0c0fa6e412c,6835479c-f9e6-4975-aded-a3ee099f5f96,64ca7387-df24-4f3b-8090-7bcb2359d4e2,b0d2ee4c-be8f-4a75-b138-0740a52970c6,23,400e4752-f236-4ca7-93e9-fd8ebee6735e,S Chaurasiya,3,0,6,0,0,0,5.42
5ee79fc1-2d4e-41d8-964b-e0c0fa6e412c,6835479c-f9e6-4975-aded-a3ee099f5f96,64ca7387-df24-4f3b-8090-7bcb2359d4e2,b0d2ee4c-be8f-4a75-b138-0740a52970c6,24,7cffb99e-40e6-4c91-846f-2e5b755ecd0a,M Mohan,4,0,6,0,0,0,5.36
5ee79fc1-2d4e-41d8-964b-e0c0fa6e412c,6835479c-f9e6-4975-aded-a3ee099f5f96,64ca7387-df24-4f3b-8090-7bcb2359d4e2,b0d2ee4c-be8f-4a75-b138-0740a52970c6,25,400e4752-f236-4ca7-93e9-fd8ebee6735e,S Chaurasiya,1,1,6,0,0,0,5.19
5ee79fc1-2d4e-41d8-964b-e0c0fa6e412c,6835479c-f9e6-4975-aded-a3ee099f5f96,64ca7387-df24-4f3b-8090-7bcb2359d4e2,b0d2ee4c-be8f-4a75-b138-0740a52970c6,26,7cffb99e-40e6-4c91-846f-2e5b755ecd0a,M Mohan,15,0,6,0,0,3,5.56
5ee79fc1-2d4e-41d8-964b-e0c0fa6e412c,6835479c-f9e6-4975-aded-a3ee099f5f96,64ca7387-df24-4f3b-8090-7bcb2359d4e2,b0d2ee4c-be8f-4a75-b138-0740a52970c6,27,8cc72ac1-93ab-43ad-a24f-fdcbf14da6a2,K Tomy,18,0,6,0,2,3,6.0
5ee79fc1-2d4e-41d8-964b-e0c0fa6e412c,6835479c-f9e6-4975-aded-a3ee099f5f96,64ca7387-df24-4f3b-8090-7bcb2359d4e2,b0d2ee4c-be8f-4a75-b138-0740a52970c6,28,d36a9234-b2b2-44a0-9fa3-3e1527aa4b1c,H Kumar,7,0,6,1,1,0,6.03
5ee79fc1-2d4e-41d8-964b-e0c0fa6e412c,6835479c-f9e6-4975-aded-a3ee099f5f96,64ca7387-df24-4f3b-8090-7bcb2359d4e2,b0d2ee4c-be8f-4a75-b138-0740a52970c6,29,400e4752-f236-4ca7-93e9-fd8ebee6735e,S Chaurasiya,10,1,6,0,0,1,6.17
5ee79fc1-2d4e-41d8-964b-e0c0fa6e412c,6835479c-f9e6-4975-aded-a3ee099f5f96,64ca7387-df24-4f3b-8090-7bcb2359d4e2,b0d2ee4c-be8f-4a75-b138-0740a52970c6,30,d36a9234-b2b2-44a0-9fa3-3e1527aa4b1c,H Kumar,5,1,6,0,0,0,6.13
5ee79fc1-2d4e-41d8-964b-e0c0fa6e412c,6835479c-f9e6-4975-aded-a3ee099f5f96,64ca7387-df24-4f3b-8090-7bcb2359d4e2,b0d2ee4c-be8f-4a75-b138-0740a52970c6,31,400e4752-f236-4ca7-93e9-fd8ebee6735e,S Chaurasiya,9,0,6,0,0,1,6.22
5ee79fc1-2d4e-41d8-964b-e0c0fa6e412c,6835479c-f9e6-4975-aded-a3ee099f5f96,64ca7387-df24-4f3b-8090-7bcb2359d4e2,b0d2ee4c-be8f-4a75-b138-0740a52970c6,32,d36a9234-b2b2-44a0-9fa3-3e1527aa4b1c,H Kumar,17,0,6,0,0,3,6.55
5ee79fc1-2d4e-41d8-964b-e0c0fa6e412c,6835479c-f9e6-4975-aded-a3ee099f5f96,64ca7387-df24-4f3b-8090-7bcb2359d4e2,b0d2ee4c-be8f-4a75-b138-0740a52970c6,33,c3a31191-6c5e-438e-9288-354845031832,A Thomas,12,0,6,0,0,2,6.71
5ee79fc1-2d4e-41d8-964b-e0c0fa6e412c,6835479c-f9e6-4975-aded-a3ee099f5f96,64ca7387-df24-4f3b-8090-7bcb2359d4e2,b0d2ee4c-be8f-4a75-b138-0740a52970c6,34,400e4752-f236-4ca7-93e9-fd8ebee6735e,S Chaurasiya,15,0,6,0,0,2,6.94
5ee79fc1-2d4e-41d8-964b-e0c0fa6e412c,ef4823cf-6018-4a8c-b870-429ffea3e9c3,b0d2ee4c-be8f-4a75-b138-0740a52970c6,64ca7387-df24-4f3b-8090-7bcb2359d4e2,0,f4c83f73-8465-45c6-9878-06c17f29bfd5,N Desai,6,0,6,0,0,1,6.0
5ee79fc1-2d4e-41d8-964b-e0c0fa6e412c,ef4823cf-6018-4a8c-b870-429ffea3e9c3,b0d2ee4c-be8f-4a75-b138-0740a52970c6,64ca7387-df24-4f3b-8090-7bcb2359d4e2,1,a77cf25f-d7ed-413f-997e-85dfaa24ce2d,J Singh,5,0,6,0,0,1,5.5
5ee79fc1-2d4e-41d8-964b-e0c0fa6e412c,ef4823cf-6018-4a8c-b870-429ffea3e9c3,b0d2ee4c-be8f-4a75-b138-0740a52970c6,64ca7387-df24-4f3b-8090-7bcb2359d4e2,2,4e02289f-8b25-43f6-a742-08ecca61f4a9,Y Khan,0,1,6,0,0,0,3.67
5ee79fc1-2d4e-41d8-964b-e0c0fa6e412c,ef4823cf-6018-4a8c-b870-429ffea3e9c3,b0d2ee4c-be8f-4a75-b138-0740a52970c6,64ca7387-df24-4f3b-8090-7bcb2359d4e2,3,f4c83f73-8465-45c6-9878-06c17f29bfd5,N Desai,8,0,6,0,0,1,4.75
5ee79fc1-2d4e-41d8-964b-e0c0fa6e412c,ef4823cf-6018-4a8c-b870-429ffea3e9c3,b0d2ee4c-be8f-4a75-b138-0740a52970c6,64ca7387-df24-4f3b-8090-7bcb2359d4e2,4,4e02289f-8b25-43f6-a742-08ecca61f4a9,Y Khan,8,0,6,0,0,0,5.4
5ee79fc1-2d4e-41d8-964b-e0c0fa6e412c,ef4823cf-6018-4a8c-b870-429ffea3e9c3,b0d2ee4c-be8f-4a75-b138-0740a52970c6,64ca7387-df24-4f3b-8090-7bcb2359d4e2,5,f4c83f73-8465-45c6-9878-06c17f29bfd5,N Desai,9,0,6,0,0,1,6.0
5ee79fc1-2d4e-41d8-964b-e0c0fa6e412c,ef4823cf-6018-4a8c-b870-429ffea3e9c3,b0d2ee4c-be8f-4a75-b138-0740a52970c6,64ca7387-df24-4f3b-8090-7bcb2359d4e2,6,4e02289f-8b25-43f6-a742-08ecca61f4a9,Y Khan,5,0,6,0,0,0,5.86
5ee79fc1-2d4e-41d8-964b-e0c0fa6e412c,ef4823cf-6018-4a8c-b870-429ffea3e9c3,b0d2ee4c-be8f-4a75-b138-0740a52970c6,64ca7387-df24-4f3b-8090-7bcb2359d4e2,7,f4c83f73-8465-45c6-9878-06c17f29bfd5,N Desai,10,1,6,0,0,2,6.38
5ee79fc1-2d4e-41d8-964b-e0c0fa6e412c,ef4823cf-6018-4a8c-b870-429ffea3e9c3,b0d2ee4c-be8f-4a75-b138-0740a52970c6,64ca7387-df24-4f3b-8090-7bcb2359d4e2,8,4e02289f-8b25-43f6-a742-08ecca61f4a9,Y Khan,12,0,6,0,0,2,7.0
5ee79fc1-2d4e-41d8-964b-e0c0fa6e412c,ef4823cf-6018-4a8c-b870-429ffea3e9c3,b0d2ee4c-be8f-4a75-b138-0740a52970c6,64ca7387-df24-4f3b-8090-7bcb2359d4e2,9,a77cf25f-d7ed-413f-997e-85dfaa24ce2d,J Singh,1,0,6,1,0,0,6.4
5ee79fc1-2d4e-41d8-964b-e0c0fa6e412c,ef4823cf-6018-4a8c-b870-429ffea3e9c3,b0d2ee4c-be8f-4a75-b138-0740a52970c6,64ca7387-df24-4f3b-8090-7bcb2359d4e2,10,f95038af-66b1-440f-ac10-6bc3f6bee59d,K Sundaralingam,3,0,6,0,0,0,6.09
5ee79fc1-2d4e-41d8-964b-e0c0fa6e412c,ef4823cf-6018-4a8c-b870-429ffea3e9c3,b0d2ee4c-be8f-4a75-b138-0740a52970c6,64ca7387-df24-4f3b-8090-7bcb2359d4e2,11,a77cf25f-d7ed-413f-997e-85dfaa24ce2d,J Singh,6,0,7,0,0,0,6.08
5ee79fc1-2d4e-41d8-964b-e0c0fa6e412c,ef4823cf-6018-4a8c-b870-429ffea3e9c3,b0d2ee4c-be8f-4a75-b138-0740a52970c6,64ca7387-df24-4f3b-8090-7bcb2359d4e2,12,f95038af-66b1-440f-ac10-6bc3f6bee59d,K Sundaralingam,9,0,6,0,0,1,6.3
5ee79fc1-2d4e-41d8-964b-e0c0fa6e412c,ef4823cf-6018-4a8c-b870-429ffea3e9c3,b0d2ee4c-be8f-4a75-b138-0740a52970c6,64ca7387-df24-4f3b-8090-7bcb2359d4e2,13,a77cf25f-d7ed-413f-997e-85dfaa24ce2d,J Singh,9,0,6,0,0,1,6.49
5ee79fc1-2d4e-41d8-964b-e0c0fa6e412c,ef4823cf-6018-4a8c-b870-429ffea3e9c3,b0d2ee4c-be8f-4a75-b138-0740a52970c6,64ca7387-df24-4f3b-8090-7bcb2359d4e2,14,107ba782-a6cb-4114-b26f-0244958d35b9,********,5,0,6,0,0,0,6.4
5ee79fc1-2d4e-41d8-964b-e0c0fa6e412c,ef4823cf-6018-4a8c-b870-429ffea3e9c3,b0d2ee4c-be8f-4a75-b138-0740a52970c6,64ca7387-df24-4f3b-8090-7bcb2359d4e2,15,5c5af360-3004-434f-85e6-1b4aa0ef1204,C Singh,12,0,6,0,0,2,6.87
5ee79fc1-2d4e-41d8-964b-e0c0fa6e412c,ef4823cf-6018-4a8c-b870-429ffea3e9c3,b0d2ee4c-be8f-4a75-b138-0740a52970c6,64ca7387-df24-4f3b-8090-7bcb2359d4e2,16,107ba782-a6cb-4114-b26f-0244958d35b9,********,5,0,6,0,0,0,6.76
5ee79fc1-2d4e-41d8-964b-e0c0fa6e412c,ef4823cf-6018-4a8c-b870-429ffea3e9c3,b0d2ee4c-be8f-4a75-b138-0740a52970c6,64ca7387-df24-4f3b-8090-7bcb2359d4e2,17,5c5af360-3004-434f-85e6-1b4aa0ef1204,C Singh,7,0,6,0,0,1,6.77
5ee79fc1-2d4e-41d8-964b-e0c0fa6e412c,ef4823cf-6018-4a8c-b870-429ffea3e9c3,b0d2ee4c-be8f-4a75-b138-0740a52970c6,64ca7387-df24-4f3b-8090-7bcb2359d4e2,18,107ba782-a6cb-4114-b26f-0244958d35b9,********,0,3,6,0,0,0,6.42
5ee79fc1-2d4e-41d8-964b-e0c0fa6e412c,ef4823cf-6018-4a8c-b870-429ffea3e9c3,b0d2ee4c-be8f-4a75-b138-0740a52970c6,64ca7387-df24-4f3b-8090-7bcb2359d4e2,19,5c5af360-3004-434f-85e6-1b4aa0ef1204,C Singh,0,1,6,0,0,0,6.1
5ee79fc1-2d4e-41d8-964b-e0c0fa6e412c,ef4823cf-6018-4a8c-b870-429ffea3e9c3,b0d2ee4c-be8f-4a75-b138-0740a52970c6,64ca7387-df24-4f3b-8090-7bcb2359d4e2,20,107ba782-a6cb-4114-b26f-0244958d35b9,********,5,0,6,0,0,1,6.05
5ee79fc1-2d4e-41d8-964b-e0c0fa6e412c,ef4823cf-6018-4a8c-b870-429ffea3e9c3,b0d2ee4c-be8f-4a75-b138-0740a52970c6,64ca7387-df24-4f3b-8090-7bcb2359d4e2,21,5c5af360-3004-434f-85e6-1b4aa0ef1204,C Singh,2,0,6,0,0,0,5.86
5ee79fc1-2d4e-41d8-964b-e0c0fa6e412c,ef4823cf-6018-4a8c-b870-429ffea3e9c3,b0d2ee4c-be8f-4a75-b138-0740a52970c6,64ca7387-df24-4f3b-8090-7bcb2359d4e2,22,107ba782-a6cb-4114-b26f-0244958d35b9,********,3,0,6,0,0,0,5.74
5ee79fc1-2d4e-41d8-964b-e0c0fa6e412c,ef4823cf-6018-4a8c-b870-429ffea3e9c3,b0d2ee4c-be8f-4a75-b138-0740a52970c6,64ca7387-df24-4f3b-8090-7bcb2359d4e2,23,5c5af360-3004-434f-85e6-1b4aa0ef1204,C Singh,1,1,6,0,0,0,5.54
5ee79fc1-2d4e-41d8-964b-e0c0fa6e412c,ef4823cf-6018-4a8c-b870-429ffea3e9c3,b0d2ee4c-be8f-4a75-b138-0740a52970c6,64ca7387-df24-4f3b-8090-7bcb2359d4e2,24,107ba782-a6cb-4114-b26f-0244958d35b9,********,5,0,6,0,0,0,5.52
5ee79fc1-2d4e-41d8-964b-e0c0fa6e412c,ef4823cf-6018-4a8c-b870-429ffea3e9c3,b0d2ee4c-be8f-4a75-b138-0740a52970c6,64ca7387-df24-4f3b-8090-7bcb2359d4e2,25,5c5af360-3004-434f-85e6-1b4aa0ef1204,C Singh,5,0,6,0,1,0,5.5
5ee79fc1-2d4e-41d8-964b-e0c0fa6e412c,ef4823cf-6018-4a8c-b870-429ffea3e9c3,b0d2ee4c-be8f-4a75-b138-0740a52970c6,64ca7387-df24-4f3b-8090-7bcb2359d4e2,26,107ba782-a6cb-4114-b26f-0244958d35b9,********,7,0,6,0,0,1,5.56
5ee79fc1-2d4e-41d8-964b-e0c0fa6e412c,ef4823cf-6018-4a8c-b870-429ffea3e9c3,b0d2ee4c-be8f-4a75-b138-0740a52970c6,64ca7387-df24-4f3b-8090-7bcb2359d4e2,27,5c5af360-3004-434f-85e6-1b4aa0ef1204,C Singh,4,0,6,0,0,0,5.5
5ee79fc1-2d4e-41d8-964b-e0c0fa6e412c,ef4823cf-6018-4a8c-b870-429ffea3e9c3,b0d2ee4c-be8f-4a75-b138-0740a52970c6,64ca7387-df24-4f3b-8090-7bcb2359d4e2,28,e0d334a3-c3f9-4dbe-849e-6da5f6cbd9fb,H Walia,4,0,6,1,0,0,5.45
5ee79fc1-2d4e-41d8-964b-e0c0fa6e412c,ef4823cf-6018-4a8c-b870-429ffea3e9c3,b0d2ee4c-be8f-4a75-b138-0740a52970c6,64ca7387-df24-4f3b-8090-7bcb2359d4e2,29,aefa485a-983d-43f2-bb33-0e7dafa5686b,J Jaspal,2,0,6,0,0,0,5.34
5ee79fc1-2d4e-41d8-964b-e0c0fa6e412c,ef4823cf-6018-4a8c-b870-429ffea3e9c3,b0d2ee4c-be8f-4a75-b138-0740a52970c6,64ca7387-df24-4f3b-8090-7bcb2359d4e2,30,e0d334a3-c3f9-4dbe-849e-6da5f6cbd9fb,H Walia,2,1,6,0,0,0,5.23
5ee79fc1-2d4e-41d8-964b-e0c0fa6e412c,ef4823cf-6018-4a8c-b870-429ffea3e9c3,b0d2ee4c-be8f-4a75-b138-0740a52970c6,64ca7387-df24-4f3b-8090-7bcb2359d4e2,31,aefa485a-983d-43f2-bb33-0e7dafa5686b,J Jaspal,5,1,6,0,0,0,5.22
5ee79fc1-2d4e-41d8-964b-e0c0fa6e412c,ef4823cf-6018-4a8c-b870-429ffea3e9c3,b0d2ee4c-be8f-4a75-b138-0740a52970c6,64ca7387-df24-4f3b-8090-7bcb2359d4e2,32,e0d334a3-c3f9-4dbe-849e-6da5f6cbd9fb,H Walia,10,0,6,1,0,1,5.37
5ee79fc1-2d4e-41d8-964b-e0c0fa6e412c,ef4823cf-6018-4a8c-b870-429ffea3e9c3,b0d2ee4c-be8f-4a75-b138-0740a52970c6,64ca7387-df24-4f3b-8090-7bcb2359d4e2,33,aefa485a-983d-43f2-bb33-0e7dafa5686b,J Jaspal,5,0,6,0,0,0,5.36
6905f946-64a0-4f33-85e0-0d720095fac6,6bec5629-7268-4f33-8cea-e4755c5623f5,b0d2ee4c-be8f-4a75-b138-0740a52970c6,7b46ae5e-158e-4ec2-a963-cb1fb6a2106c,0,0b30e42a-f3d0-4200-9efe-50d1ede96a78,R Rahman,4,0,6,0,0,1,4.0
6905f946-64a0-4f33-85e0-0d720095fac6,6bec5629-7268-4f33-8cea-e4755c5623f5,b0d2ee4c-be8f-4a75-b138-0740a52970c6,7b46ae5e-158e-4ec2-a963-cb1fb6a2106c,1,dbfb3285-bb1e-49dc-b187-bef3805bb1c4,M Emu,1,0,6,0,0,0,3.0
6905f946-64a0-4f33-85e0-0d720095fac6,6bec5629-7268-4f33-8cea-e4755c5623f5,b0d2ee4c-be8f-4a75-b138-0740a52970c6,7b46ae5e-158e-4ec2-a963-cb1fb6a2106c,2,0b30e42a-f3d0-4200-9efe-50d1ede96a78,R Rahman,8,0,6,0,0,2,4.67
6905f946-64a0-4f33-85e0-0d720095fac6,6bec5629-7268-4f33-8cea-e4755c5623f5,b0d2ee4c-be8f-4a75-b138-0740a52970c6,7b46ae5e-158e-4ec2-a963-cb1fb6a2106c,3,dbfb3285-bb1e-49dc-b187-bef3805bb1c4,M Emu,5,0,6,0,0,1,4.75
6905f946-64a0-4f33-85e0-0d720095fac6,6bec5629-7268-4f33-8cea-e4755c5623f5,b0d2ee4c-be8f-4a75-b138-0740a52970c6,7b46ae5e-158e-4ec2-a963-cb1fb6a2106c,4,0b30e42a-f3d0-4200-9efe-50d1ede96a78,R Rahman,8,1,6,0,0,1,5.4
6905f946-64a0-4f33-85e0-0d720095fac6,6bec5629-7268-4f33-8cea-e4755c5623f5,b0d2ee4c-be8f-4a75-b138-0740a52970c6,7b46ae5e-158e-4ec2-a963-cb1fb6a2106c,5,dbfb3285-bb1e-49dc-b187-bef3805bb1c4,M Emu,8,0,6,1,0,1,5.83
6905f946-64a0-4f33-85e0-0d720095fac6,6bec5629-7268-4f33-8cea-e4755c5623f5,b0d2ee4c-be8f-4a75-b138-0740a52970c6,7b46ae5e-158e-4ec2-a963-cb1fb6a2106c,6,0b30e42a-f3d0-4200-9efe-50d1ede96a78,R Rahman,4,0,6,0,0,1,5.57
6905f946-64a0-4f33-85e0-0d720095fac6,6bec5629-7268-4f33-8cea-e4755c5623f5,b0d2ee4c-be8f-4a75-b138-0740a52970c6,7b46ae5e-158e-4ec2-a963-cb1fb6a2106c,7,e4e3226d-5b1d-4a4a-a522-a15959be6432,M Rohoman,4,0,6,2,0,0,5.38
6905f946-64a0-4f33-85e0-0d720095fac6,6bec5629-7268-4f33-8cea-e4755c5623f5,b0d2ee4c-be8f-4a75-b138-0740a52970c6,7b46ae5e-158e-4ec2-a963-cb1fb6a2106c,8,7d8858e9-8be0-4d07-927e-f3559cafa61c,S FAISAL,4,0,6,0,0,0,5.22
6905f946-64a0-4f33-85e0-0d720095fac6,6bec5629-7268-4f33-8cea-e4755c5623f5,b0d2ee4c-be8f-4a75-b138-0740a52970c6,7b46ae5e-158e-4ec2-a963-cb1fb6a2106c,9,e4e3226d-5b1d-4a4a-a522-a15959be6432,M Rohoman,6,0,6,0,0,1,5.3
6905f946-64a0-4f33-85e0-0d720095fac6,6bec5629-7268-4f33-8cea-e4755c5623f5,b0d2ee4c-be8f-4a75-b138-0740a52970c6,7b46ae5e-158e-4ec2-a963-cb1fb6a2106c,10,7d8858e9-8be0-4d07-927e-f3559cafa61c,S FAISAL,4,0,6,0,0,0,5.18
6905f946-64a0-4f33-85e0-0d720095fac6,6bec5629-7268-4f33-8cea-e4755c5623f5,b0d2ee4c-be8f-4a75-b138-0740a52970c6,7b46ae5e-158e-4ec2-a963-cb1fb6a2106c,11,e4e3226d-5b1d-4a4a-a522-a15959be6432,M Rohoman,7,0,6,0,0,1,5.33
6905f946-64a0-4f33-85e0-0d720095fac6,6bec5629-7268-4f33-8cea-e4755c5623f5,b0d2ee4c-be8f-4a75-b138-0740a52970c6,7b46ae5e-158e-4ec2-a963-cb1fb6a2106c,12,7d8858e9-8be0-4d07-927e-f3559cafa61c,S FAISAL,5,0,6,0,0,0,5.31
6905f946-64a0-4f33-85e0-0d720095fac6,6bec5629-7268-4f33-8cea-e4755c5623f5,b0d2ee4c-be8f-4a75-b138-0740a52970c6,7b46ae5e-158e-4ec2-a963-cb1fb6a2106c,13,1897b1ba-7eac-4064-8193-138d968b35ec,Z Chamberlain,10,0,6,0,0,1,5.64
6905f946-64a0-4f33-85e0-0d720095fac6,6bec5629-7268-4f33-8cea-e4755c5623f5,b0d2ee4c-be8f-4a75-b138-0740a52970c6,7b46ae5e-158e-4ec2-a963-cb1fb6a2106c,14,e4e3226d-5b1d-4a4a-a522-a15959be6432,M Rohoman,4,0,6,0,0,1,5.53
6905f946-64a0-4f33-85e0-0d720095fac6,6bec5629-7268-4f33-8cea-e4755c5623f5,b0d2ee4c-be8f-4a75-b138-0740a52970c6,7b46ae5e-158e-4ec2-a963-cb1fb6a2106c,15,1897b1ba-7eac-4064-8193-138d968b35ec,Z Chamberlain,11,0,6,2,0,1,5.88
6905f946-64a0-4f33-85e0-0d720095fac6,6bec5629-7268-4f33-8cea-e4755c5623f5,b0d2ee4c-be8f-4a75-b138-0740a52970c6,7b46ae5e-158e-4ec2-a963-cb1fb6a2106c,16,91e6cfc9-8d7f-43b1-85bf-f615fcb76525,O Hassan,5,0,6,0,0,0,5.82
6905f946-64a0-4f33-85e0-0d720095fac6,6bec5629-7268-4f33-8cea-e4755c5623f5,b0d2ee4c-be8f-4a75-b138-0740a52970c6,7b46ae5e-158e-4ec2-a963-cb1fb6a2106c,17,1897b1ba-7eac-4064-8193-138d968b35ec,Z Chamberlain,4,0,6,0,0,1,5.72
6905f946-64a0-4f33-85e0-0d720095fac6,6bec5629-7268-4f33-8cea-e4755c5623f5,b0d2ee4c-be8f-4a75-b138-0740a52970c6,7b46ae5e-158e-4ec2-a963-cb1fb6a2106c,18,91e6cfc9-8d7f-43b1-85bf-f615fcb76525,O Hassan,5,0,6,4,0,0,5.68
6905f946-64a0-4f33-85e0-0d720095fac6,6bec5629-7268-4f33-8cea-e4755c5623f5,b0d2ee4c-be8f-4a75-b138-0740a52970c6,7b46ae5e-158e-4ec2-a963-cb1fb6a2106c,19,1897b1ba-7eac-4064-8193-138d968b35ec,Z Chamberlain,10,0,6,2,0,1,5.9
6905f946-64a0-4f33-85e0-0d720095fac6,6bec5629-7268-4f33-8cea-e4755c5623f5,b0d2ee4c-be8f-4a75-b138-0740a52970c6,7b46ae5e-158e-4ec2-a963-cb1fb6a2106c,20,ce23961f-0a06-4dbc-809e-7d7294c09415,T Mozumder,3,0,6,0,0,0,5.76
6905f946-64a0-4f33-85e0-0d720095fac6,6bec5629-7268-4f33-8cea-e4755c5623f5,b0d2ee4c-be8f-4a75-b138-0740a52970c6,7b46ae5e-158e-4ec2-a963-cb1fb6a2106c,21,1897b1ba-7eac-4064-8193-138d968b35ec,Z Chamberlain,6,0,6,0,0,0,5.77
6905f946-64a0-4f33-85e0-0d720095fac6,6bec5629-7268-4f33-8cea-e4755c5623f5,b0d2ee4c-be8f-4a75-b138-0740a52970c6,7b46ae5e-158e-4ec2-a963-cb1fb6a2106c,22,ce23961f-0a06-4dbc-809e-7d7294c09415,T Mozumder,10,0,6,0,0,2,5.96
6905f946-64a0-4f33-85e0-0d720095fac6,6bec5629-7268-4f33-8cea-e4755c5623f5,b0d2ee4c-be8f-4a75-b138-0740a52970c6,7b46ae5e-158e-4ec2-a963-cb1fb6a2106c,23,1897b1ba-7eac-4064-8193-138d968b35ec,Z Chamberlain,8,0,6,3,0,1,6.04
6905f946-64a0-4f33-85e0-0d720095fac6,6bec5629-7268-4f33-8cea-e4755c5623f5,b0d2ee4c-be8f-4a75-b138-0740a52970c6,7b46ae5e-158e-4ec2-a963-cb1fb6a2106c,24,ce23961f-0a06-4dbc-809e-7d7294c09415,T Mozumder,9,0,6,0,0,1,6.16
6905f946-64a0-4f33-85e0-0d720095fac6,6bec5629-7268-4f33-8cea-e4755c5623f5,b0d2ee4c-be8f-4a75-b138-0740a52970c6,7b46ae5e-158e-4ec2-a963-cb1fb6a2106c,25,dbfb3285-bb1e-49dc-b187-bef3805bb1c4,M Emu,11,0,6,0,0,2,6.35
6905f946-64a0-4f33-85e0-0d720095fac6,6bec5629-7268-4f33-8cea-e4755c5623f5,b0d2ee4c-be8f-4a75-b138-0740a52970c6,7b46ae5e-158e-4ec2-a963-cb1fb6a2106c,26,e4e3226d-5b1d-4a4a-a522-a15959be6432,M Rohoman,6,0,6,0,0,0,6.33
6905f946-64a0-4f33-85e0-0d720095fac6,6bec5629-7268-4f33-8cea-e4755c5623f5,b0d2ee4c-be8f-4a75-b138-0740a52970c6,7b46ae5e-158e-4ec2-a963-cb1fb6a2106c,27,dbfb3285-bb1e-49dc-b187-bef3805bb1c4,M Emu,2,0,6,0,0,0,6.18
6905f946-64a0-4f33-85e0-0d720095fac6,6bec5629-7268-4f33-8cea-e4755c5623f5,b0d2ee4c-be8f-4a75-b138-0740a52970c6,7b46ae5e-158e-4ec2-a963-cb1fb6a2106c,28,e4e3226d-5b1d-4a4a-a522-a15959be6432,M Rohoman,16,0,6,0,1,3,6.52
6905f946-64a0-4f33-85e0-0d720095fac6,6bec5629-7268-4f33-8cea-e4755c5623f5,b0d2ee4c-be8f-4a75-b138-0740a52970c6,7b46ae5e-158e-4ec2-a963-cb1fb6a2106c,29,dbfb3285-bb1e-49dc-b187-bef3805bb1c4,M Emu,5,0,6,0,0,0,6.47
6905f946-64a0-4f33-85e0-0d720095fac6,6bec5629-7268-4f33-8cea-e4755c5623f5,b0d2ee4c-be8f-4a75-b138-0740a52970c6,7b46ae5e-158e-4ec2-a963-cb1fb6a2106c,30,0b30e42a-f3d0-4200-9efe-50d1ede96a78,R Rahman,6,1,6,1,0,0,6.45
6905f946-64a0-4f33-85e0-0d720095fac6,6bec5629-7268-4f33-8cea-e4755c5623f5,b0d2ee4c-be8f-4a75-b138-0740a52970c6,7b46ae5e-158e-4ec2-a963-cb1fb6a2106c,31,e4e3226d-5b1d-4a4a-a522-a15959be6432,M Rohoman,7,1,6,0,0,1,6.47
6905f946-64a0-4f33-85e0-0d720095fac6,6bec5629-7268-4f33-8cea-e4755c5623f5,b0d2ee4c-be8f-4a75-b138-0740a52970c6,7b46ae5e-158e-4ec2-a963-cb1fb6a2106c,32,0b30e42a-f3d0-4200-9efe-50d1ede96a78,R Rahman,10,0,6,0,0,1,6.58
6905f946-64a0-4f33-85e0-0d720095fac6,6bec5629-7268-4f33-8cea-e4755c5623f5,b0d2ee4c-be8f-4a75-b138-0740a52970c6,7b46ae5e-158e-4ec2-a963-cb1fb6a2106c,33,dbfb3285-bb1e-49dc-b187-bef3805bb1c4,M Emu,10,0,6,0,0,1,6.68
6905f946-64a0-4f33-85e0-0d720095fac6,6bec5629-7268-4f33-8cea-e4755c5623f5,b0d2ee4c-be8f-4a75-b138-0740a52970c6,7b46ae5e-158e-4ec2-a963-cb1fb6a2106c,34,0b30e42a-f3d0-4200-9efe-50d1ede96a78,R Rahman,12,2,6,0,0,2,6.83
6905f946-64a0-4f33-85e0-0d720095fac6,8ceac9bf-6603-4850-a247-e8380b40be39,7b46ae5e-158e-4ec2-a963-cb1fb6a2106c,b0d2ee4c-be8f-4a75-b138-0740a52970c6,0,284746be-31ae-4e0e-82f8-d234412e08c4,K Bhan,12,0,6,0,0,3,12.0
6905f946-64a0-4f33-85e0-0d720095fac6,8ceac9bf-6603-4850-a247-e8380b40be39,7b46ae5e-158e-4ec2-a963-cb1fb6a2106c,b0d2ee4c-be8f-4a75-b138-0740a52970c6,1,c3a31191-6c5e-438e-9288-354845031832,A Thomas,2,0,6,0,0,0,7.0
6905f946-64a0-4f33-85e0-0d720095fac6,8ceac9bf-6603-4850-a247-e8380b40be39,7b46ae5e-158e-4ec2-a963-cb1fb6a2106c,b0d2ee4c-be8f-4a75-b138-0740a52970c6,2,7512873c-b6b6-49fe-80ff-3733b5abd044,M Pitre,3,0,6,0,0,0,5.67
6905f946-64a0-4f33-85e0-0d720095fac6,8ceac9bf-6603-4850-a247-e8380b40be39,7b46ae5e-158e-4ec2-a963-cb1fb6a2106c,b0d2ee4c-be8f-4a75-b138-0740a52970c6,3,c3a31191-6c5e-438e-9288-354845031832,A Thomas,3,0,6,0,0,0,5.0
6905f946-64a0-4f33-85e0-0d720095fac6,8ceac9bf-6603-4850-a247-e8380b40be39,7b46ae5e-158e-4ec2-a963-cb1fb6a2106c,b0d2ee4c-be8f-4a75-b138-0740a52970c6,4,7512873c-b6b6-49fe-80ff-3733b5abd044,M Pitre,12,1,6,1,0,2,6.4
6905f946-64a0-4f33-85e0-0d720095fac6,8ceac9bf-6603-4850-a247-e8380b40be39,7b46ae5e-158e-4ec2-a963-cb1fb6a2106c,b0d2ee4c-be8f-4a75-b138-0740a52970c6,5,c3a31191-6c5e-438e-9288-354845031832,A Thomas,15,0,6,0,1,2,7.83
6905f946-64a0-4f33-85e0-0d720095fac6,8ceac9bf-6603-4850-a247-e8380b40be39,7b46ae5e-158e-4ec2-a963-cb1fb6a2106c,b0d2ee4c-be8f-4a75-b138-0740a52970c6,6,7512873c-b6b6-49fe-80ff-3733b5abd044,M Pitre,6,0,6,0,0,1,7.57
6905f946-64a0-4f33-85e0-0d720095fac6,8ceac9bf-6603-4850-a247-e8380b40be39,7b46ae5e-158e-4ec2-a963-cb1fb6a2106c,b0d2ee4c-be8f-4a75-b138-0740a52970c6,7,c3a31191-6c5e-438e-9288-354845031832,A Thomas,5,0,6,0,0,0,7.25
6905f946-64a0-4f33-85e0-0d720095fac6,8ceac9bf-6603-4850-a247-e8380b40be39,7b46ae5e-158e-4ec2-a963-cb1fb6a2106c,b0d2ee4c-be8f-4a75-b138-0740a52970c6,8,284746be-31ae-4e0e-82f8-d234412e08c4,K Bhan,7,0,6,0,0,1,7.22
6905f946-64a0-4f33-85e0-0d720095fac6,8ceac9bf-6603-4850-a247-e8380b40be39,7b46ae5e-158e-4ec2-a963-cb1fb6a2106c,b0d2ee4c-be8f-4a75-b138-0740a52970c6,9,c3a31191-6c5e-438e-9288-354845031832,A Thomas,8,0,6,0,0,1,7.3
6905f946-64a0-4f33-85e0-0d720095fac6,8ceac9bf-6603-4850-a247-e8380b40be39,7b46ae5e-158e-4ec2-a963-cb1fb6a2106c,b0d2ee4c-be8f-4a75-b138-0740a52970c6,10,400e4752-f236-4ca7-93e9-fd8ebee6735e,S Chaurasiya,10,0,6,0,2,1,7.55
6905f946-64a0-4f33-85e0-0d720095fac6,8ceac9bf-6603-4850-a247-e8380b40be39,7b46ae5e-158e-4ec2-a963-cb1fb6a2106c,b0d2ee4c-be8f-4a75-b138-0740a52970c6,11,7cffb99e-40e6-4c91-846f-2e5b755ecd0a,M Mohan,3,0,6,0,0,0,7.17
6905f946-64a0-4f33-85e0-0d720095fac6,8ceac9bf-6603-4850-a247-e8380b40be39,7b46ae5e-158e-4ec2-a963-cb1fb6a2106c,b0d2ee4c-be8f-4a75-b138-0740a52970c6,12,400e4752-f236-4ca7-93e9-fd8ebee6735e,S Chaurasiya,1,1,6,0,0,0,6.69
6905f946-64a0-4f33-85e0-0d720095fac6,8ceac9bf-6603-4850-a247-e8380b40be39,7b46ae5e-158e-4ec2-a963-cb1fb6a2106c,b0d2ee4c-be8f-4a75-b138-0740a52970c6,13,7cffb99e-40e6-4c91-846f-2e5b755ecd0a,M Mohan,3,0,6,0,1,0,6.43
6905f946-64a0-4f33-85e0-0d720095fac6,8ceac9bf-6603-4850-a247-e8380b40be39,7b46ae5e-158e-4ec2-a963-cb1fb6a2106c,b0d2ee4c-be8f-4a75-b138-0740a52970c6,14,400e4752-f236-4ca7-93e9-fd8ebee6735e,S Chaurasiya,17,0,6,0,0,3,7.13
6905f946-64a0-4f33-85e0-0d720095fac6,8ceac9bf-6603-4850-a247-e8380b40be39,7b46ae5e-158e-4ec2-a963-cb1fb6a2106c,b0d2ee4c-be8f-4a75-b138-0740a52970c6,15,7cffb99e-40e6-4c91-846f-2e5b755ecd0a,M Mohan,8,1,6,0,0,1,7.19
6905f946-64a0-4f33-85e0-0d720095fac6,8ceac9bf-6603-4850-a247-e8380b40be39,7b46ae5e-158e-4ec2-a963-cb1fb6a2106c,b0d2ee4c-be8f-4a75-b138-0740a52970c6,16,b47cab94-0a21-43b5-ace2-ee06304e1880,D Singh,20,0,6,0,0,3,7.94
6905f946-64a0-4f33-85e0-0d720095fac6,8ceac9bf-6603-4850-a247-e8380b40be39,7b46ae5e-158e-4ec2-a963-cb1fb6a2106c,b0d2ee4c-be8f-4a75-b138-0740a52970c6,17,7cffb99e-40e6-4c91-846f-2e5b755ecd0a,M Mohan,15,0,6,0,0,3,8.33
6905f946-64a0-4f33-85e0-0d720095fac6,8ceac9bf-6603-4850-a247-e8380b40be39,7b46ae5e-158e-4ec2-a963-cb1fb6a2106c,b0d2ee4c-be8f-4a75-b138-0740a52970c6,18,360868ba-5d2a-4f9f-9f3a-fff5756f3f85,S Bhan,5,1,6,0,0,0,8.16
6905f946-64a0-4f33-85e0-0d720095fac6,8ceac9bf-6603-4850-a247-e8380b40be39,7b46ae5e-158e-4ec2-a963-cb1fb6a2106c,b0d2ee4c-be8f-4a75-b138-0740a52970c6,19,7512873c-b6b6-49fe-80ff-3733b5abd044,M Pitre,4,0,6,0,0,1,7.95
6905f946-64a0-4f33-85e0-0d720095fac6,8ceac9bf-6603-4850-a247-e8380b40be39,7b46ae5e-158e-4ec2-a963-cb1fb6a2106c,b0d2ee4c-be8f-4a75-b138-0740a52970c6,20,360868ba-5d2a-4f9f-9f3a-fff5756f3f85,S Bhan,3,0,6,0,0,0,7.71
6905f946-64a0-4f33-85e0-0d720095fac6,8ceac9bf-6603-4850-a247-e8380b40be39,7b46ae5e-158e-4ec2-a963-cb1fb6a2106c,b0d2ee4c-be8f-4a75-b138-0740a52970c6,21,100b60f9-15ab-4d35-9626-be4212a5d0e2,R Suravajjula,11,0,6,0,0,2,7.86
6905f946-64a0-4f33-85e0-0d720095fac6,8ceac9bf-6603-4850-a247-e8380b40be39,7b46ae5e-158e-4ec2-a963-cb1fb6a2106c,b0d2ee4c-be8f-4a75-b138-0740a52970c6,22,360868ba-5d2a-4f9f-9f3a-fff5756f3f85,S Bhan,8,0,6,0,0,1,7.87
6905f946-64a0-4f33-85e0-0d720095fac6,8ceac9bf-6603-4850-a247-e8380b40be39,7b46ae5e-158e-4ec2-a963-cb1fb6a2106c,b0d2ee4c-be8f-4a75-b138-0740a52970c6,23,100b60f9-15ab-4d35-9626-be4212a5d0e2,R Suravajjula,3,0,6,0,0,0,7.67
6905f946-64a0-4f33-85e0-0d720095fac6,8ceac9bf-6603-4850-a247-e8380b40be39,7b46ae5e-158e-4ec2-a963-cb1fb6a2106c,b0d2ee4c-be8f-4a75-b138-0740a52970c6,24,360868ba-5d2a-4f9f-9f3a-fff5756f3f85,S Bhan,4,0,6,0,0,0,7.52
6905f946-64a0-4f33-85e0-0d720095fac6,8ceac9bf-6603-4850-a247-e8380b40be39,7b46ae5e-158e-4ec2-a963-cb1fb6a2106c,b0d2ee4c-be8f-4a75-b138-0740a52970c6,25,100b60f9-15ab-4d35-9626-be4212a5d0e2,R Suravajjula,7,0,6,0,0,1,7.5
6905f946-64a0-4f33-85e0-0d720095fac6,8ceac9bf-6603-4850-a247-e8380b40be39,7b46ae5e-158e-4ec2-a963-cb1fb6a2106c,b0d2ee4c-be8f-4a75-b138-0740a52970c6,26,360868ba-5d2a-4f9f-9f3a-fff5756f3f85,S Bhan,9,0,6,0,0,1,7.56
6905f946-64a0-4f33-85e0-0d720095fac6,8ceac9bf-6603-4850-a247-e8380b40be39,7b46ae5e-158e-4ec2-a963-cb1fb6a2106c,b0d2ee4c-be8f-4a75-b138-0740a52970c6,27,100b60f9-15ab-4d35-9626-be4212a5d0e2,R Suravajjula,4,0,6,0,0,0,7.43
6905f946-64a0-4f33-85e0-0d720095fac6,8ceac9bf-6603-4850-a247-e8380b40be39,7b46ae5e-158e-4ec2-a963-cb1fb6a2106c,b0d2ee4c-be8f-4a75-b138-0740a52970c6,28,8cc72ac1-93ab-43ad-a24f-fdcbf14da6a2,K Tomy,12,0,6,0,0,2,7.59
6905f946-64a0-4f33-85e0-0d720095fac6,8ceac9bf-6603-4850-a247-e8380b40be39,7b46ae5e-158e-4ec2-a963-cb1fb6a2106c,b0d2ee4c-be8f-4a75-b138-0740a52970c6,29,100b60f9-15ab-4d35-9626-be4212a5d0e2,R Suravajjula,7,1,6,0,0,1,7.57
6905f946-64a0-4f33-85e0-0d720095fac6,8ceac9bf-6603-4850-a247-e8380b40be39,7b46ae5e-158e-4ec2-a963-cb1fb6a2106c,b0d2ee4c-be8f-4a75-b138-0740a52970c6,30,8cc72ac1-93ab-43ad-a24f-fdcbf14da6a2,K Tomy,14,0,6,5,0,1,7.77
6905f946-64a0-4f33-85e0-0d720095fac6,8ceac9bf-6603-4850-a247-e8380b40be39,7b46ae5e-158e-4ec2-a963-cb1fb6a2106c,b0d2ee4c-be8f-4a75-b138-0740a52970c6,31,100b60f9-15ab-4d35-9626-be4212a5d0e2,R Suravajjula,5,0,6,0,0,0,7.69
6905f946-64a0-4f33-85e0-0d720095fac6,8ceac9bf-6603-4850-a247-e8380b40be39,7b46ae5e-158e-4ec2-a963-cb1fb6a2106c,b0d2ee4c-be8f-4a75-b138-0740a52970c6,32,8cc72ac1-93ab-43ad-a24f-fdcbf14da6a2,K Tomy,7,1,6,2,0,1,7.67
6905f946-64a0-4f33-85e0-0d720095fac6,8ceac9bf-6603-4850-a247-e8380b40be39,7b46ae5e-158e-4ec2-a963-cb1fb6a2106c,b0d2ee4c-be8f-4a75-b138-0740a52970c6,33,100b60f9-15ab-4d35-9626-be4212a5d0e2,R Suravajjula,5,1,6,0,0,0,7.59
6905f946-64a0-4f33-85e0-0d720095fac6,8ceac9bf-6603-4850-a247-e8380b40be39,7b46ae5e-158e-4ec2-a963-cb1fb6a2106c,b0d2ee4c-be8f-4a75-b138-0740a52970c6,34,c3a31191-6c5e-438e-9288-354845031832,A Thomas,9,1,6,0,0,1,7.63
8918a26c-cd36-4671-93a6-6aeac6a57e98,412ab85a-c603-4648-8a31-6d1ec7fdaaed,b0d2ee4c-be8f-4a75-b138-0740a52970c6,8b65ef27-5bb8-46ca-8193-be128c5af1b0,0,457d2d89-be0b-4913-8a29-14ea368264c1,********,10,0,6,0,0,2,10.0
8918a26c-cd36-4671-93a6-6aeac6a57e98,412ab85a-c603-4648-8a31-6d1ec7fdaaed,b0d2ee4c-be8f-4a75-b138-0740a52970c6,8b65ef27-5bb8-46ca-8193-be128c5af1b0,1,eac66547-1d76-4661-8e2f-e538197ba47a,R SHARMA,1,0,6,0,0,0,5.5
8918a26c-cd36-4671-93a6-6aeac6a57e98,412ab85a-c603-4648-8a31-6d1ec7fdaaed,b0d2ee4c-be8f-4a75-b138-0740a52970c6,8b65ef27-5bb8-46ca-8193-be128c5af1b0,2,457d2d89-be0b-4913-8a29-14ea368264c1,********,3,0,6,0,0,0,4.67
8918a26c-cd36-4671-93a6-6aeac6a57e98,412ab85a-c603-4648-8a31-6d1ec7fdaaed,b0d2ee4c-be8f-4a75-b138-0740a52970c6,8b65ef27-5bb8-46ca-8193-be128c5af1b0,3,eac66547-1d76-4661-8e2f-e538197ba47a,R SHARMA,2,1,6,0,0,0,4.0
8918a26c-cd36-4671-93a6-6aeac6a57e98,412ab85a-c603-4648-8a31-6d1ec7fdaaed,b0d2ee4c-be8f-4a75-b138-0740a52970c6,8b65ef27-5bb8-46ca-8193-be128c5af1b0,4,457d2d89-be0b-4913-8a29-14ea368264c1,********,6,0,6,0,0,1,4.4
8918a26c-cd36-4671-93a6-6aeac6a57e98,412ab85a-c603-4648-8a31-6d1ec7fdaaed,b0d2ee4c-be8f-4a75-b138-0740a52970c6,8b65ef27-5bb8-46ca-8193-be128c5af1b0,5,eac66547-1d76-4661-8e2f-e538197ba47a,R SHARMA,8,0,6,0,0,2,5.0
8918a26c-cd36-4671-93a6-6aeac6a57e98,412ab85a-c603-4648-8a31-6d1ec7fdaaed,b0d2ee4c-be8f-4a75-b138-0740a52970c6,8b65ef27-5bb8-46ca-8193-be128c5af1b0,6,457d2d89-be0b-4913-8a29-14ea368264c1,********,6,0,6,0,0,0,5.14
8918a26c-cd36-4671-93a6-6aeac6a57e98,412ab85a-c603-4648-8a31-6d1ec7fdaaed,b0d2ee4c-be8f-4a75-b138-0740a52970c6,8b65ef27-5bb8-46ca-8193-be128c5af1b0,7,eac66547-1d76-4661-8e2f-e538197ba47a,R SHARMA,10,0,6,0,0,2,5.75
8918a26c-cd36-4671-93a6-6aeac6a57e98,412ab85a-c603-4648-8a31-6d1ec7fdaaed,b0d2ee4c-be8f-4a75-b138-0740a52970c6,8b65ef27-5bb8-46ca-8193-be128c5af1b0,8,a1601e10-d3aa-43e0-af12-9682993e6144,M DEVGAN,1,1,6,1,0,0,5.22
8918a26c-cd36-4671-93a6-6aeac6a57e98,412ab85a-c603-4648-8a31-6d1ec7fdaaed,b0d2ee4c-be8f-4a75-b138-0740a52970c6,8b65ef27-5bb8-46ca-8193-be128c5af1b0,9,f81c7258-4477-46f5-b288-27551ed48ae2,j Singh,10,0,6,0,0,2,5.7
8918a26c-cd36-4671-93a6-6aeac6a57e98,412ab85a-c603-4648-8a31-6d1ec7fdaaed,b0d2ee4c-be8f-4a75-b138-0740a52970c6,8b65ef27-5bb8-46ca-8193-be128c5af1b0,10,a1601e10-d3aa-43e0-af12-9682993e6144,M DEVGAN,3,0,6,0,0,0,5.45
8918a26c-cd36-4671-93a6-6aeac6a57e98,412ab85a-c603-4648-8a31-6d1ec7fdaaed,b0d2ee4c-be8f-4a75-b138-0740a52970c6,8b65ef27-5bb8-46ca-8193-be128c5af1b0,11,f81c7258-4477-46f5-b288-27551ed48ae2,j Singh,7,0,6,0,0,0,5.58
8918a26c-cd36-4671-93a6-6aeac6a57e98,412ab85a-c603-4648-8a31-6d1ec7fdaaed,b0d2ee4c-be8f-4a75-b138-0740a52970c6,8b65ef27-5bb8-46ca-8193-be128c5af1b0,12,a1601e10-d3aa-43e0-af12-9682993e6144,M DEVGAN,1,0,6,0,0,0,5.23
8918a26c-cd36-4671-93a6-6aeac6a57e98,412ab85a-c603-4648-8a31-6d1ec7fdaaed,b0d2ee4c-be8f-4a75-b138-0740a52970c6,8b65ef27-5bb8-46ca-8193-be128c5af1b0,13,970eda27-f434-41b9-9db4-56e8b9c221c7,A Shaikh,2,0,6,0,0,0,5.0
8918a26c-cd36-4671-93a6-6aeac6a57e98,412ab85a-c603-4648-8a31-6d1ec7fdaaed,b0d2ee4c-be8f-4a75-b138-0740a52970c6,8b65ef27-5bb8-46ca-8193-be128c5af1b0,14,a1601e10-d3aa-43e0-af12-9682993e6144,M DEVGAN,6,0,6,0,0,1,5.07
8918a26c-cd36-4671-93a6-6aeac6a57e98,412ab85a-c603-4648-8a31-6d1ec7fdaaed,b0d2ee4c-be8f-4a75-b138-0740a52970c6,8b65ef27-5bb8-46ca-8193-be128c5af1b0,15,970eda27-f434-41b9-9db4-56e8b9c221c7,A Shaikh,4,0,6,0,0,0,5.0
8918a26c-cd36-4671-93a6-6aeac6a57e98,412ab85a-c603-4648-8a31-6d1ec7fdaaed,b0d2ee4c-be8f-4a75-b138-0740a52970c6,8b65ef27-5bb8-46ca-8193-be128c5af1b0,16,a1601e10-d3aa-43e0-af12-9682993e6144,M DEVGAN,13,0,6,1,0,2,5.47
8918a26c-cd36-4671-93a6-6aeac6a57e98,412ab85a-c603-4648-8a31-6d1ec7fdaaed,b0d2ee4c-be8f-4a75-b138-0740a52970c6,8b65ef27-5bb8-46ca-8193-be128c5af1b0,17,970eda27-f434-41b9-9db4-56e8b9c221c7,A Shaikh,4,0,6,1,0,0,5.39
8918a26c-cd36-4671-93a6-6aeac6a57e98,412ab85a-c603-4648-8a31-6d1ec7fdaaed,b0d2ee4c-be8f-4a75-b138-0740a52970c6,8b65ef27-5bb8-46ca-8193-be128c5af1b0,18,f81c7258-4477-46f5-b288-27551ed48ae2,j Singh,3,0,6,0,0,0,5.26
8918a26c-cd36-4671-93a6-6aeac6a57e98,412ab85a-c603-4648-8a31-6d1ec7fdaaed,b0d2ee4c-be8f-4a75-b138-0740a52970c6,8b65ef27-5bb8-46ca-8193-be128c5af1b0,19,970eda27-f434-41b9-9db4-56e8b9c221c7,A Shaikh,8,0,6,0,0,1,5.4
8918a26c-cd36-4671-93a6-6aeac6a57e98,412ab85a-c603-4648-8a31-6d1ec7fdaaed,b0d2ee4c-be8f-4a75-b138-0740a52970c6,8b65ef27-5bb8-46ca-8193-be128c5af1b0,20,f81c7258-4477-46f5-b288-27551ed48ae2,j Singh,4,0,6,0,0,0,5.33
8918a26c-cd36-4671-93a6-6aeac6a57e98,412ab85a-c603-4648-8a31-6d1ec7fdaaed,b0d2ee4c-be8f-4a75-b138-0740a52970c6,8b65ef27-5bb8-46ca-8193-be128c5af1b0,21,970eda27-f434-41b9-9db4-56e8b9c221c7,A Shaikh,2,0,6,0,0,0,5.18
8918a26c-cd36-4671-93a6-6aeac6a57e98,412ab85a-c603-4648-8a31-6d1ec7fdaaed,b0d2ee4c-be8f-4a75-b138-0740a52970c6,8b65ef27-5bb8-46ca-8193-be128c5af1b0,22,f81c7258-4477-46f5-b288-27551ed48ae2,j Singh,3,0,6,0,0,0,5.09
8918a26c-cd36-4671-93a6-6aeac6a57e98,412ab85a-c603-4648-8a31-6d1ec7fdaaed,b0d2ee4c-be8f-4a75-b138-0740a52970c6,8b65ef27-5bb8-46ca-8193-be128c5af1b0,23,82a1eaaa-aa0b-4fad-8527-49e84d257a9c,R Chopra,3,0,6,0,0,0,5.0
8918a26c-cd36-4671-93a6-6aeac6a57e98,412ab85a-c603-4648-8a31-6d1ec7fdaaed,b0d2ee4c-be8f-4a75-b138-0740a52970c6,8b65ef27-5bb8-46ca-8193-be128c5af1b0,24,f81c7258-4477-46f5-b288-27551ed48ae2,j Singh,6,1,6,0,0,0,5.04
8918a26c-cd36-4671-93a6-6aeac6a57e98,412ab85a-c603-4648-8a31-6d1ec7fdaaed,b0d2ee4c-be8f-4a75-b138-0740a52970c6,8b65ef27-5bb8-46ca-8193-be128c5af1b0,25,82a1eaaa-aa0b-4fad-8527-49e84d257a9c,R Chopra,8,0,6,0,0,1,5.15
8918a26c-cd36-4671-93a6-6aeac6a57e98,412ab85a-c603-4648-8a31-6d1ec7fdaaed,b0d2ee4c-be8f-4a75-b138-0740a52970c6,8b65ef27-5bb8-46ca-8193-be128c5af1b0,26,f81c7258-4477-46f5-b288-27551ed48ae2,j Singh,8,1,6,1,0,1,5.26
8918a26c-cd36-4671-93a6-6aeac6a57e98,412ab85a-c603-4648-8a31-6d1ec7fdaaed,b0d2ee4c-be8f-4a75-b138-0740a52970c6,8b65ef27-5bb8-46ca-8193-be128c5af1b0,27,eac66547-1d76-4661-8e2f-e538197ba47a,R SHARMA,7,0,6,0,0,0,5.32
8918a26c-cd36-4671-93a6-6aeac6a57e98,412ab85a-c603-4648-8a31-6d1ec7fdaaed,b0d2ee4c-be8f-4a75-b138-0740a52970c6,8b65ef27-5bb8-46ca-8193-be128c5af1b0,28,457d2d89-be0b-4913-8a29-14ea368264c1,********,10,0,6,0,0,1,5.48
8918a26c-cd36-4671-93a6-6aeac6a57e98,412ab85a-c603-4648-8a31-6d1ec7fdaaed,b0d2ee4c-be8f-4a75-b138-0740a52970c6,8b65ef27-5bb8-46ca-8193-be128c5af1b0,29,eac66547-1d76-4661-8e2f-e538197ba47a,R SHARMA,8,0,6,0,0,0,5.57
8918a26c-cd36-4671-93a6-6aeac6a57e98,412ab85a-c603-4648-8a31-6d1ec7fdaaed,b0d2ee4c-be8f-4a75-b138-0740a52970c6,8b65ef27-5bb8-46ca-8193-be128c5af1b0,30,457d2d89-be0b-4913-8a29-14ea368264c1,********,4,0,6,0,0,0,5.52
8918a26c-cd36-4671-93a6-6aeac6a57e98,412ab85a-c603-4648-8a31-6d1ec7fdaaed,b0d2ee4c-be8f-4a75-b138-0740a52970c6,8b65ef27-5bb8-46ca-8193-be128c5af1b0,31,970eda27-f434-41b9-9db4-56e8b9c221c7,A Shaikh,7,0,6,0,0,0,5.56
8918a26c-cd36-4671-93a6-6aeac6a57e98,412ab85a-c603-4648-8a31-6d1ec7fdaaed,b0d2ee4c-be8f-4a75-b138-0740a52970c6,8b65ef27-5bb8-46ca-8193-be128c5af1b0,32,457d2d89-be0b-4913-8a29-14ea368264c1,********,4,1,6,0,0,0,5.52
8918a26c-cd36-4671-93a6-6aeac6a57e98,412ab85a-c603-4648-8a31-6d1ec7fdaaed,b0d2ee4c-be8f-4a75-b138-0740a52970c6,8b65ef27-5bb8-46ca-8193-be128c5af1b0,33,970eda27-f434-41b9-9db4-56e8b9c221c7,A Shaikh,6,1,6,0,0,1,5.53
8918a26c-cd36-4671-93a6-6aeac6a57e98,412ab85a-c603-4648-8a31-6d1ec7fdaaed,b0d2ee4c-be8f-4a75-b138-0740a52970c6,8b65ef27-5bb8-46ca-8193-be128c5af1b0,34,eac66547-1d76-4661-8e2f-e538197ba47a,R SHARMA,3,3,6,0,0,0,5.46
8918a26c-cd36-4671-93a6-6aeac6a57e98,f4a84464-aee0-4222-b8c8-4d020a583487,8b65ef27-5bb8-46ca-8193-be128c5af1b0,b0d2ee4c-be8f-4a75-b138-0740a52970c6,0,7cffb99e-40e6-4c91-846f-2e5b755ecd0a,M Mohan,6,0,6,0,0,1,6.0
8918a26c-cd36-4671-93a6-6aeac6a57e98,f4a84464-aee0-4222-b8c8-4d020a583487,8b65ef27-5bb8-46ca-8193-be128c5af1b0,b0d2ee4c-be8f-4a75-b138-0740a52970c6,1,400e4752-f236-4ca7-93e9-fd8ebee6735e,S Chaurasiya,5,0,6,0,0,1,5.5
8918a26c-cd36-4671-93a6-6aeac6a57e98,f4a84464-aee0-4222-b8c8-4d020a583487,8b65ef27-5bb8-46ca-8193-be128c5af1b0,b0d2ee4c-be8f-4a75-b138-0740a52970c6,2,7cffb99e-40e6-4c91-846f-2e5b755ecd0a,M Mohan,6,0,6,0,1,0,5.67
8918a26c-cd36-4671-93a6-6aeac6a57e98,f4a84464-aee0-4222-b8c8-4d020a583487,8b65ef27-5bb8-46ca-8193-be128c5af1b0,b0d2ee4c-be8f-4a75-b138-0740a52970c6,3,400e4752-f236-4ca7-93e9-fd8ebee6735e,S Chaurasiya,8,0,6,0,0,2,6.25
8918a26c-cd36-4671-93a6-6aeac6a57e98,f4a84464-aee0-4222-b8c8-4d020a583487,8b65ef27-5bb8-46ca-8193-be128c5af1b0,b0d2ee4c-be8f-4a75-b138-0740a52970c6,4,7cffb99e-40e6-4c91-846f-2e5b755ecd0a,M Mohan,5,0,6,0,0,0,6.0
8918a26c-cd36-4671-93a6-6aeac6a57e98,f4a84464-aee0-4222-b8c8-4d020a583487,8b65ef27-5bb8-46ca-8193-be128c5af1b0,b0d2ee4c-be8f-4a75-b138-0740a52970c6,5,400e4752-f236-4ca7-93e9-fd8ebee6735e,S Chaurasiya,9,1,6,0,0,2,6.5
8918a26c-cd36-4671-93a6-6aeac6a57e98,f4a84464-aee0-4222-b8c8-4d020a583487,8b65ef27-5bb8-46ca-8193-be128c5af1b0,b0d2ee4c-be8f-4a75-b138-0740a52970c6,6,7cffb99e-40e6-4c91-846f-2e5b755ecd0a,M Mohan,2,1,6,0,0,0,5.86
8918a26c-cd36-4671-93a6-6aeac6a57e98,f4a84464-aee0-4222-b8c8-4d020a583487,8b65ef27-5bb8-46ca-8193-be128c5af1b0,b0d2ee4c-be8f-4a75-b138-0740a52970c6,7,400e4752-f236-4ca7-93e9-fd8ebee6735e,S Chaurasiya,6,0,6,0,0,1,5.88
8918a26c-cd36-4671-93a6-6aeac6a57e98,f4a84464-aee0-4222-b8c8-4d020a583487,8b65ef27-5bb8-46ca-8193-be128c5af1b0,b0d2ee4c-be8f-4a75-b138-0740a52970c6,8,7cffb99e-40e6-4c91-846f-2e5b755ecd0a,M Mohan,3,0,6,2,0,0,5.56
8918a26c-cd36-4671-93a6-6aeac6a57e98,f4a84464-aee0-4222-b8c8-4d020a583487,8b65ef27-5bb8-46ca-8193-be128c5af1b0,b0d2ee4c-be8f-4a75-b138-0740a52970c6,9,400e4752-f236-4ca7-93e9-fd8ebee6735e,S Chaurasiya,6,0,6,0,0,1,5.6
8918a26c-cd36-4671-93a6-6aeac6a57e98,f4a84464-aee0-4222-b8c8-4d020a583487,8b65ef27-5bb8-46ca-8193-be128c5af1b0,b0d2ee4c-be8f-4a75-b138-0740a52970c6,10,7cffb99e-40e6-4c91-846f-2e5b755ecd0a,M Mohan,5,0,6,0,0,0,5.55
8918a26c-cd36-4671-93a6-6aeac6a57e98,f4a84464-aee0-4222-b8c8-4d020a583487,8b65ef27-5bb8-46ca-8193-be128c5af1b0,b0d2ee4c-be8f-4a75-b138-0740a52970c6,11,400e4752-f236-4ca7-93e9-fd8ebee6735e,S Chaurasiya,4,0,6,1,0,0,5.42
8918a26c-cd36-4671-93a6-6aeac6a57e98,f4a84464-aee0-4222-b8c8-4d020a583487,8b65ef27-5bb8-46ca-8193-be128c5af1b0,b0d2ee4c-be8f-4a75-b138-0740a52970c6,12,7cffb99e-40e6-4c91-846f-2e5b755ecd0a,M Mohan,7,1,6,2,0,0,5.54
8918a26c-cd36-4671-93a6-6aeac6a57e98,f4a84464-aee0-4222-b8c8-4d020a583487,8b65ef27-5bb8-46ca-8193-be128c5af1b0,b0d2ee4c-be8f-4a75-b138-0740a52970c6,13,400e4752-f236-4ca7-93e9-fd8ebee6735e,S Chaurasiya,4,0,6,0,0,0,5.43
8918a26c-cd36-4671-93a6-6aeac6a57e98,f4a84464-aee0-4222-b8c8-4d020a583487,8b65ef27-5bb8-46ca-8193-be128c5af1b0,b0d2ee4c-be8f-4a75-b138-0740a52970c6,14,8cc72ac1-93ab-43ad-a24f-fdcbf14da6a2,K Tomy,21,0,6,0,2,3,6.47
8918a26c-cd36-4671-93a6-6aeac6a57e98,f4a84464-aee0-4222-b8c8-4d020a583487,8b65ef27-5bb8-46ca-8193-be128c5af1b0,b0d2ee4c-be8f-4a75-b138-0740a52970c6,15,1213eb90-9ab2-42db-b52a-865b0dfa7ea3,A Sharma,13,0,6,5,0,1,6.88
8918a26c-cd36-4671-93a6-6aeac6a57e98,f4a84464-aee0-4222-b8c8-4d020a583487,8b65ef27-5bb8-46ca-8193-be128c5af1b0,b0d2ee4c-be8f-4a75-b138-0740a52970c6,16,8cc72ac1-93ab-43ad-a24f-fdcbf14da6a2,K Tomy,7,0,6,0,0,1,6.88
8918a26c-cd36-4671-93a6-6aeac6a57e98,f4a84464-aee0-4222-b8c8-4d020a583487,8b65ef27-5bb8-46ca-8193-be128c5af1b0,b0d2ee4c-be8f-4a75-b138-0740a52970c6,17,cefd9f7d-2787-4b4c-9a13-4e1d0d434ff8,S vadapalli,6,0,6,1,0,0,6.83
8918a26c-cd36-4671-93a6-6aeac6a57e98,f4a84464-aee0-4222-b8c8-4d020a583487,8b65ef27-5bb8-46ca-8193-be128c5af1b0,b0d2ee4c-be8f-4a75-b138-0740a52970c6,18,284746be-31ae-4e0e-82f8-d234412e08c4,K Bhan,14,0,6,0,0,2,7.21
8918a26c-cd36-4671-93a6-6aeac6a57e98,f4a84464-aee0-4222-b8c8-4d020a583487,8b65ef27-5bb8-46ca-8193-be128c5af1b0,b0d2ee4c-be8f-4a75-b138-0740a52970c6,19,cefd9f7d-2787-4b4c-9a13-4e1d0d434ff8,S vadapalli,7,0,6,2,0,1,7.2
8918a26c-cd36-4671-93a6-6aeac6a57e98,f4a84464-aee0-4222-b8c8-4d020a583487,8b65ef27-5bb8-46ca-8193-be128c5af1b0,b0d2ee4c-be8f-4a75-b138-0740a52970c6,20,284746be-31ae-4e0e-82f8-d234412e08c4,K Bhan,11,0,6,0,0,2,7.38
8918a26c-cd36-4671-93a6-6aeac6a57e98,f4a84464-aee0-4222-b8c8-4d020a583487,8b65ef27-5bb8-46ca-8193-be128c5af1b0,b0d2ee4c-be8f-4a75-b138-0740a52970c6,21,cefd9f7d-2787-4b4c-9a13-4e1d0d434ff8,S vadapalli,6,0,6,0,0,1,7.32
8918a26c-cd36-4671-93a6-6aeac6a57e98,f4a84464-aee0-4222-b8c8-4d020a583487,8b65ef27-5bb8-46ca-8193-be128c5af1b0,b0d2ee4c-be8f-4a75-b138-0740a52970c6,22,7cccf3c2-52d5-4dfc-91c8-9664f27ac72b,J Bhan,10,0,6,4,0,0,7.43
8918a26c-cd36-4671-93a6-6aeac6a57e98,f4a84464-aee0-4222-b8c8-4d020a583487,8b65ef27-5bb8-46ca-8193-be128c5af1b0,b0d2ee4c-be8f-4a75-b138-0740a52970c6,23,d1ed36b2-499d-4b65-95a3-6f3f51177415,A Datta,5,1,6,1,0,0,7.33
8918a26c-cd36-4671-93a6-6aeac6a57e98,f4a84464-aee0-4222-b8c8-4d020a583487,8b65ef27-5bb8-46ca-8193-be128c5af1b0,b0d2ee4c-be8f-4a75-b138-0740a52970c6,24,7cccf3c2-52d5-4dfc-91c8-9664f27ac72b,J Bhan,4,0,6,1,0,0,7.2
8918a26c-cd36-4671-93a6-6aeac6a57e98,f4a84464-aee0-4222-b8c8-4d020a583487,8b65ef27-5bb8-46ca-8193-be128c5af1b0,b0d2ee4c-be8f-4a75-b138-0740a52970c6,25,d1ed36b2-499d-4b65-95a3-6f3f51177415,A Datta,0,0,6,0,0,0,6.92
8918a26c-cd36-4671-93a6-6aeac6a57e98,f4a84464-aee0-4222-b8c8-4d020a583487,8b65ef27-5bb8-46ca-8193-be128c5af1b0,b0d2ee4c-be8f-4a75-b138-0740a52970c6,26,7512873c-b6b6-49fe-80ff-3733b5abd044,M Pitre,4,0,6,0,0,0,6.81
8918a26c-cd36-4671-93a6-6aeac6a57e98,f4a84464-aee0-4222-b8c8-4d020a583487,8b65ef27-5bb8-46ca-8193-be128c5af1b0,b0d2ee4c-be8f-4a75-b138-0740a52970c6,27,d1ed36b2-499d-4b65-95a3-6f3f51177415,A Datta,6,2,6,0,0,1,6.79
8918a26c-cd36-4671-93a6-6aeac6a57e98,f4a84464-aee0-4222-b8c8-4d020a583487,8b65ef27-5bb8-46ca-8193-be128c5af1b0,b0d2ee4c-be8f-4a75-b138-0740a52970c6,28,7512873c-b6b6-49fe-80ff-3733b5abd044,M Pitre,4,0,3,0,0,1,6.81
f8533234-6cba-4fd6-88c1-46eb86d908c4,0750d87b-13aa-43ce-b499-1dc87f78a480,b0d2ee4c-be8f-4a75-b138-0740a52970c6,50bf1c40-962b-4026-a5a8-74da34bacbff,0,5cb3ad1a-2002-4472-a967-897e22b3f9bc,M Fawaz,4,0,6,0,0,0,4.0
f8533234-6cba-4fd6-88c1-46eb86d908c4,0750d87b-13aa-43ce-b499-1dc87f78a480,b0d2ee4c-be8f-4a75-b138-0740a52970c6,50bf1c40-962b-4026-a5a8-74da34bacbff,1,5be85e66-1d76-497f-97b8-f66c058ef70c,N Nteris,4,0,6,1,0,0,4.0
f8533234-6cba-4fd6-88c1-46eb86d908c4,0750d87b-13aa-43ce-b499-1dc87f78a480,b0d2ee4c-be8f-4a75-b138-0740a52970c6,50bf1c40-962b-4026-a5a8-74da34bacbff,2,5cb3ad1a-2002-4472-a967-897e22b3f9bc,M Fawaz,4,0,6,0,0,0,4.0
f8533234-6cba-4fd6-88c1-46eb86d908c4,0750d87b-13aa-43ce-b499-1dc87f78a480,b0d2ee4c-be8f-4a75-b138-0740a52970c6,50bf1c40-962b-4026-a5a8-74da34bacbff,3,5be85e66-1d76-497f-97b8-f66c058ef70c,N Nteris,4,0,6,0,0,0,4.0
f8533234-6cba-4fd6-88c1-46eb86d908c4,0750d87b-13aa-43ce-b499-1dc87f78a480,b0d2ee4c-be8f-4a75-b138-0740a52970c6,50bf1c40-962b-4026-a5a8-74da34bacbff,4,5cb3ad1a-2002-4472-a967-897e22b3f9bc,M Fawaz,6,0,6,0,0,1,4.4
f8533234-6cba-4fd6-88c1-46eb86d908c4,0750d87b-13aa-43ce-b499-1dc87f78a480,b0d2ee4c-be8f-4a75-b138-0740a52970c6,50bf1c40-962b-4026-a5a8-74da34bacbff,5,5be85e66-1d76-497f-97b8-f66c058ef70c,N Nteris,9,0,6,1,0,0,5.17
f8533234-6cba-4fd6-88c1-46eb86d908c4,0750d87b-13aa-43ce-b499-1dc87f78a480,b0d2ee4c-be8f-4a75-b138-0740a52970c6,50bf1c40-962b-4026-a5a8-74da34bacbff,6,b82895ed-2be5-4c36-9f04-9f5f495374e4,S M Nair,4,0,6,0,0,0,5.0
f8533234-6cba-4fd6-88c1-46eb86d908c4,0750d87b-13aa-43ce-b499-1dc87f78a480,b0d2ee4c-be8f-4a75-b138-0740a52970c6,50bf1c40-962b-4026-a5a8-74da34bacbff,7,5be85e66-1d76-497f-97b8-f66c058ef70c,N Nteris,5,0,6,0,1,1,5.0
f8533234-6cba-4fd6-88c1-46eb86d908c4,0750d87b-13aa-43ce-b499-1dc87f78a480,b0d2ee4c-be8f-4a75-b138-0740a52970c6,50bf1c40-962b-4026-a5a8-74da34bacbff,8,9350cb9f-5d41-4753-bc9f-8816aeab3584,R Varghese,10,1,6,0,1,2,5.56
f8533234-6cba-4fd6-88c1-46eb86d908c4,0750d87b-13aa-43ce-b499-1dc87f78a480,b0d2ee4c-be8f-4a75-b138-0740a52970c6,50bf1c40-962b-4026-a5a8-74da34bacbff,9,5be85e66-1d76-497f-97b8-f66c058ef70c,N Nteris,9,0,6,0,0,2,5.9
f8533234-6cba-4fd6-88c1-46eb86d908c4,0750d87b-13aa-43ce-b499-1dc87f78a480,b0d2ee4c-be8f-4a75-b138-0740a52970c6,50bf1c40-962b-4026-a5a8-74da34bacbff,10,b82895ed-2be5-4c36-9f04-9f5f495374e4,S M Nair,2,0,6,0,0,0,5.55
f8533234-6cba-4fd6-88c1-46eb86d908c4,0750d87b-13aa-43ce-b499-1dc87f78a480,b0d2ee4c-be8f-4a75-b138-0740a52970c6,50bf1c40-962b-4026-a5a8-74da34bacbff,11,9350cb9f-5d41-4753-bc9f-8816aeab3584,R Varghese,5,0,6,0,0,0,5.5
f8533234-6cba-4fd6-88c1-46eb86d908c4,0750d87b-13aa-43ce-b499-1dc87f78a480,b0d2ee4c-be8f-4a75-b138-0740a52970c6,50bf1c40-962b-4026-a5a8-74da34bacbff,12,389eb7a6-e765-4b68-8b9d-6776a708b8cf,V Vijayan,8,0,6,0,0,0,5.69
f8533234-6cba-4fd6-88c1-46eb86d908c4,0750d87b-13aa-43ce-b499-1dc87f78a480,b0d2ee4c-be8f-4a75-b138-0740a52970c6,50bf1c40-962b-4026-a5a8-74da34bacbff,13,9350cb9f-5d41-4753-bc9f-8816aeab3584,R Varghese,1,1,6,1,0,0,5.36
f8533234-6cba-4fd6-88c1-46eb86d908c4,0750d87b-13aa-43ce-b499-1dc87f78a480,b0d2ee4c-be8f-4a75-b138-0740a52970c6,50bf1c40-962b-4026-a5a8-74da34bacbff,14,389eb7a6-e765-4b68-8b9d-6776a708b8cf,V Vijayan,7,0,6,0,0,1,5.47
f8533234-6cba-4fd6-88c1-46eb86d908c4,0750d87b-13aa-43ce-b499-1dc87f78a480,b0d2ee4c-be8f-4a75-b138-0740a52970c6,50bf1c40-962b-4026-a5a8-74da34bacbff,15,9350cb9f-5d41-4753-bc9f-8816aeab3584,R Varghese,10,0,6,2,0,2,5.75
f8533234-6cba-4fd6-88c1-46eb86d908c4,0750d87b-13aa-43ce-b499-1dc87f78a480,b0d2ee4c-be8f-4a75-b138-0740a52970c6,50bf1c40-962b-4026-a5a8-74da34bacbff,16,60116b48-8c32-440e-841b-a59f9743112d,D mandhan,0,0,6,0,0,0,5.41
f8533234-6cba-4fd6-88c1-46eb86d908c4,0750d87b-13aa-43ce-b499-1dc87f78a480,b0d2ee4c-be8f-4a75-b138-0740a52970c6,50bf1c40-962b-4026-a5a8-74da34bacbff,17,5be85e66-1d76-497f-97b8-f66c058ef70c,N Nteris,9,0,6,1,1,1,5.61
f8533234-6cba-4fd6-88c1-46eb86d908c4,0750d87b-13aa-43ce-b499-1dc87f78a480,b0d2ee4c-be8f-4a75-b138-0740a52970c6,50bf1c40-962b-4026-a5a8-74da34bacbff,18,60116b48-8c32-440e-841b-a59f9743112d,D mandhan,1,1,6,0,0,0,5.37
f8533234-6cba-4fd6-88c1-46eb86d908c4,0750d87b-13aa-43ce-b499-1dc87f78a480,b0d2ee4c-be8f-4a75-b138-0740a52970c6,50bf1c40-962b-4026-a5a8-74da34bacbff,19,389eb7a6-e765-4b68-8b9d-6776a708b8cf,V Vijayan,6,0,6,0,0,0,5.4
f8533234-6cba-4fd6-88c1-46eb86d908c4,0750d87b-13aa-43ce-b499-1dc87f78a480,b0d2ee4c-be8f-4a75-b138-0740a52970c6,50bf1c40-962b-4026-a5a8-74da34bacbff,20,60116b48-8c32-440e-841b-a59f9743112d,D mandhan,0,1,6,0,0,0,5.14
f8533234-6cba-4fd6-88c1-46eb86d908c4,0750d87b-13aa-43ce-b499-1dc87f78a480,b0d2ee4c-be8f-4a75-b138-0740a52970c6,50bf1c40-962b-4026-a5a8-74da34bacbff,21,389eb7a6-e765-4b68-8b9d-6776a708b8cf,V Vijayan,7,0,6,0,1,0,5.23
f8533234-6cba-4fd6-88c1-46eb86d908c4,0750d87b-13aa-43ce-b499-1dc87f78a480,b0d2ee4c-be8f-4a75-b138-0740a52970c6,50bf1c40-962b-4026-a5a8-74da34bacbff,22,60116b48-8c32-440e-841b-a59f9743112d,D mandhan,13,0,6,0,0,3,5.57
f8533234-6cba-4fd6-88c1-46eb86d908c4,0750d87b-13aa-43ce-b499-1dc87f78a480,b0d2ee4c-be8f-4a75-b138-0740a52970c6,50bf1c40-962b-4026-a5a8-74da34bacbff,23,b61852cf-fcdd-4b42-9f07-59dc8036d70c,i sarao,6,0,6,0,0,0,5.58
f8533234-6cba-4fd6-88c1-46eb86d908c4,0750d87b-13aa-43ce-b499-1dc87f78a480,b0d2ee4c-be8f-4a75-b138-0740a52970c6,50bf1c40-962b-4026-a5a8-74da34bacbff,24,45464612-b8a3-48d7-b22b-5fffc9b288db,N Singh,5,0,6,0,0,0,5.56
f8533234-6cba-4fd6-88c1-46eb86d908c4,0750d87b-13aa-43ce-b499-1dc87f78a480,b0d2ee4c-be8f-4a75-b138-0740a52970c6,50bf1c40-962b-4026-a5a8-74da34bacbff,25,5cb3ad1a-2002-4472-a967-897e22b3f9bc,M Fawaz,5,1,6,1,0,0,5.54
f8533234-6cba-4fd6-88c1-46eb86d908c4,0750d87b-13aa-43ce-b499-1dc87f78a480,b0d2ee4c-be8f-4a75-b138-0740a52970c6,50bf1c40-962b-4026-a5a8-74da34bacbff,26,45464612-b8a3-48d7-b22b-5fffc9b288db,N Singh,10,0,6,0,0,2,5.7
f8533234-6cba-4fd6-88c1-46eb86d908c4,0750d87b-13aa-43ce-b499-1dc87f78a480,b0d2ee4c-be8f-4a75-b138-0740a52970c6,50bf1c40-962b-4026-a5a8-74da34bacbff,27,5cb3ad1a-2002-4472-a967-897e22b3f9bc,M Fawaz,5,0,6,0,0,0,5.68
f8533234-6cba-4fd6-88c1-46eb86d908c4,0750d87b-13aa-43ce-b499-1dc87f78a480,b0d2ee4c-be8f-4a75-b138-0740a52970c6,50bf1c40-962b-4026-a5a8-74da34bacbff,28,9350cb9f-5d41-4753-bc9f-8816aeab3584,R Varghese,7,1,6,0,0,1,5.72
f8533234-6cba-4fd6-88c1-46eb86d908c4,0750d87b-13aa-43ce-b499-1dc87f78a480,b0d2ee4c-be8f-4a75-b138-0740a52970c6,50bf1c40-962b-4026-a5a8-74da34bacbff,29,45464612-b8a3-48d7-b22b-5fffc9b288db,N Singh,5,0,6,0,0,1,5.7
f8533234-6cba-4fd6-88c1-46eb86d908c4,0750d87b-13aa-43ce-b499-1dc87f78a480,b0d2ee4c-be8f-4a75-b138-0740a52970c6,50bf1c40-962b-4026-a5a8-74da34bacbff,30,5be85e66-1d76-497f-97b8-f66c058ef70c,N Nteris,2,1,6,0,0,0,5.58
f8533234-6cba-4fd6-88c1-46eb86d908c4,0750d87b-13aa-43ce-b499-1dc87f78a480,b0d2ee4c-be8f-4a75-b138-0740a52970c6,50bf1c40-962b-4026-a5a8-74da34bacbff,31,5cb3ad1a-2002-4472-a967-897e22b3f9bc,M Fawaz,5,0,6,1,0,0,5.56
f8533234-6cba-4fd6-88c1-46eb86d908c4,0750d87b-13aa-43ce-b499-1dc87f78a480,b0d2ee4c-be8f-4a75-b138-0740a52970c6,50bf1c40-962b-4026-a5a8-74da34bacbff,32,9350cb9f-5d41-4753-bc9f-8816aeab3584,R Varghese,1,1,6,0,0,0,5.42
f8533234-6cba-4fd6-88c1-46eb86d908c4,0750d87b-13aa-43ce-b499-1dc87f78a480,b0d2ee4c-be8f-4a75-b138-0740a52970c6,50bf1c40-962b-4026-a5a8-74da34bacbff,33,5be85e66-1d76-497f-97b8-f66c058ef70c,N Nteris,7,0,6,0,0,1,5.47
f8533234-6cba-4fd6-88c1-46eb86d908c4,0750d87b-13aa-43ce-b499-1dc87f78a480,b0d2ee4c-be8f-4a75-b138-0740a52970c6,50bf1c40-962b-4026-a5a8-74da34bacbff,34,5cb3ad1a-2002-4472-a967-897e22b3f9bc,M Fawaz,7,0,6,0,1,0,5.51
f8533234-6cba-4fd6-88c1-46eb86d908c4,2bdb0b9e-7951-411d-9098-1579ee16f47e,50bf1c40-962b-4026-a5a8-74da34bacbff,b0d2ee4c-be8f-4a75-b138-0740a52970c6,0,7cffb99e-40e6-4c91-846f-2e5b755ecd0a,M Mohan,1,1,6,0,0,0,1.0
f8533234-6cba-4fd6-88c1-46eb86d908c4,2bdb0b9e-7951-411d-9098-1579ee16f47e,50bf1c40-962b-4026-a5a8-74da34bacbff,b0d2ee4c-be8f-4a75-b138-0740a52970c6,1,400e4752-f236-4ca7-93e9-fd8ebee6735e,S Chaurasiya,8,0,6,0,0,2,4.5
f8533234-6cba-4fd6-88c1-46eb86d908c4,2bdb0b9e-7951-411d-9098-1579ee16f47e,50bf1c40-962b-4026-a5a8-74da34bacbff,b0d2ee4c-be8f-4a75-b138-0740a52970c6,2,7cffb99e-40e6-4c91-846f-2e5b755ecd0a,M Mohan,11,0,6,1,0,2,6.67
f8533234-6cba-4fd6-88c1-46eb86d908c4,2bdb0b9e-7951-411d-9098-1579ee16f47e,50bf1c40-962b-4026-a5a8-74da34bacbff,b0d2ee4c-be8f-4a75-b138-0740a52970c6,3,400e4752-f236-4ca7-93e9-fd8ebee6735e,S Chaurasiya,9,0,6,0,0,2,7.25
f8533234-6cba-4fd6-88c1-46eb86d908c4,2bdb0b9e-7951-411d-9098-1579ee16f47e,50bf1c40-962b-4026-a5a8-74da34bacbff,b0d2ee4c-be8f-4a75-b138-0740a52970c6,4,7cffb99e-40e6-4c91-846f-2e5b755ecd0a,M Mohan,7,0,6,0,0,1,7.2
f8533234-6cba-4fd6-88c1-46eb86d908c4,2bdb0b9e-7951-411d-9098-1579ee16f47e,50bf1c40-962b-4026-a5a8-74da34bacbff,b0d2ee4c-be8f-4a75-b138-0740a52970c6,5,c3a31191-6c5e-438e-9288-354845031832,A Thomas,10,0,6,1,0,2,7.67
f8533234-6cba-4fd6-88c1-46eb86d908c4,2bdb0b9e-7951-411d-9098-1579ee16f47e,50bf1c40-962b-4026-a5a8-74da34bacbff,b0d2ee4c-be8f-4a75-b138-0740a52970c6,6,284746be-31ae-4e0e-82f8-d234412e08c4,K Bhan,7,0,6,0,0,1,7.57
f8533234-6cba-4fd6-88c1-46eb86d908c4,2bdb0b9e-7951-411d-9098-1579ee16f47e,50bf1c40-962b-4026-a5a8-74da34bacbff,b0d2ee4c-be8f-4a75-b138-0740a52970c6,7,c3a31191-6c5e-438e-9288-354845031832,A Thomas,7,1,6,2,0,0,7.5
f8533234-6cba-4fd6-88c1-46eb86d908c4,2bdb0b9e-7951-411d-9098-1579ee16f47e,50bf1c40-962b-4026-a5a8-74da34bacbff,b0d2ee4c-be8f-4a75-b138-0740a52970c6,8,284746be-31ae-4e0e-82f8-d234412e08c4,K Bhan,2,0,6,0,0,0,6.89
f8533234-6cba-4fd6-88c1-46eb86d908c4,2bdb0b9e-7951-411d-9098-1579ee16f47e,50bf1c40-962b-4026-a5a8-74da34bacbff,b0d2ee4c-be8f-4a75-b138-0740a52970c6,9,c3a31191-6c5e-438e-9288-354845031832,A Thomas,3,0,6,0,1,0,6.5
f8533234-6cba-4fd6-88c1-46eb86d908c4,2bdb0b9e-7951-411d-9098-1579ee16f47e,50bf1c40-962b-4026-a5a8-74da34bacbff,b0d2ee4c-be8f-4a75-b138-0740a52970c6,10,284746be-31ae-4e0e-82f8-d234412e08c4,K Bhan,2,1,6,0,0,0,6.09
f8533234-6cba-4fd6-88c1-46eb86d908c4,2bdb0b9e-7951-411d-9098-1579ee16f47e,50bf1c40-962b-4026-a5a8-74da34bacbff,b0d2ee4c-be8f-4a75-b138-0740a52970c6,11,c3a31191-6c5e-438e-9288-354845031832,A Thomas,5,0,6,0,0,1,6.0
f8533234-6cba-4fd6-88c1-46eb86d908c4,2bdb0b9e-7951-411d-9098-1579ee16f47e,50bf1c40-962b-4026-a5a8-74da34bacbff,b0d2ee4c-be8f-4a75-b138-0740a52970c6,12,284746be-31ae-4e0e-82f8-d234412e08c4,K Bhan,3,0,6,0,0,0,5.77
f8533234-6cba-4fd6-88c1-46eb86d908c4,2bdb0b9e-7951-411d-9098-1579ee16f47e,50bf1c40-962b-4026-a5a8-74da34bacbff,b0d2ee4c-be8f-4a75-b138-0740a52970c6,13,c3a31191-6c5e-438e-9288-354845031832,A Thomas,19,0,6,2,0,3,6.71
f8533234-6cba-4fd6-88c1-46eb86d908c4,2bdb0b9e-7951-411d-9098-1579ee16f47e,50bf1c40-962b-4026-a5a8-74da34bacbff,b0d2ee4c-be8f-4a75-b138-0740a52970c6,14,284746be-31ae-4e0e-82f8-d234412e08c4,K Bhan,12,0,6,0,0,3,7.07
f8533234-6cba-4fd6-88c1-46eb86d908c4,2bdb0b9e-7951-411d-9098-1579ee16f47e,50bf1c40-962b-4026-a5a8-74da34bacbff,b0d2ee4c-be8f-4a75-b138-0740a52970c6,15,360868ba-5d2a-4f9f-9f3a-fff5756f3f85,S Bhan,8,0,6,0,0,1,7.12
f8533234-6cba-4fd6-88c1-46eb86d908c4,2bdb0b9e-7951-411d-9098-1579ee16f47e,50bf1c40-962b-4026-a5a8-74da34bacbff,b0d2ee4c-be8f-4a75-b138-0740a52970c6,16,7512873c-b6b6-49fe-80ff-3733b5abd044,M Pitre,5,0,6,0,0,1,7.0
f8533234-6cba-4fd6-88c1-46eb86d908c4,2bdb0b9e-7951-411d-9098-1579ee16f47e,50bf1c40-962b-4026-a5a8-74da34bacbff,b0d2ee4c-be8f-4a75-b138-0740a52970c6,17,360868ba-5d2a-4f9f-9f3a-fff5756f3f85,S Bhan,9,0,6,0,0,1,7.11
f8533234-6cba-4fd6-88c1-46eb86d908c4,2bdb0b9e-7951-411d-9098-1579ee16f47e,50bf1c40-962b-4026-a5a8-74da34bacbff,b0d2ee4c-be8f-4a75-b138-0740a52970c6,18,7512873c-b6b6-49fe-80ff-3733b5abd044,M Pitre,3,0,6,0,0,0,6.89
f8533234-6cba-4fd6-88c1-46eb86d908c4,2bdb0b9e-7951-411d-9098-1579ee16f47e,50bf1c40-962b-4026-a5a8-74da34bacbff,b0d2ee4c-be8f-4a75-b138-0740a52970c6,19,100b60f9-15ab-4d35-9626-be4212a5d0e2,R Suravajjula,9,0,6,0,0,1,7.0
f8533234-6cba-4fd6-88c1-46eb86d908c4,2bdb0b9e-7951-411d-9098-1579ee16f47e,50bf1c40-962b-4026-a5a8-74da34bacbff,b0d2ee4c-be8f-4a75-b138-0740a52970c6,20,7512873c-b6b6-49fe-80ff-3733b5abd044,M Pitre,4,1,6,0,0,1,6.86
f8533234-6cba-4fd6-88c1-46eb86d908c4,2bdb0b9e-7951-411d-9098-1579ee16f47e,50bf1c40-962b-4026-a5a8-74da34bacbff,b0d2ee4c-be8f-4a75-b138-0740a52970c6,21,100b60f9-15ab-4d35-9626-be4212a5d0e2,R Suravajjula,6,0,6,0,0,0,6.82
f8533234-6cba-4fd6-88c1-46eb86d908c4,2bdb0b9e-7951-411d-9098-1579ee16f47e,50bf1c40-962b-4026-a5a8-74da34bacbff,b0d2ee4c-be8f-4a75-b138-0740a52970c6,22,7512873c-b6b6-49fe-80ff-3733b5abd044,M Pitre,5,0,6,1,0,0,6.74
f8533234-6cba-4fd6-88c1-46eb86d908c4,2bdb0b9e-7951-411d-9098-1579ee16f47e,50bf1c40-962b-4026-a5a8-74da34bacbff,b0d2ee4c-be8f-4a75-b138-0740a52970c6,23,360868ba-5d2a-4f9f-9f3a-fff5756f3f85,S Bhan,10,0,6,0,0,2,6.88
f8533234-6cba-4fd6-88c1-46eb86d908c4,2bdb0b9e-7951-411d-9098-1579ee16f47e,50bf1c40-962b-4026-a5a8-74da34bacbff,b0d2ee4c-be8f-4a75-b138-0740a52970c6,24,7512873c-b6b6-49fe-80ff-3733b5abd044,M Pitre,9,0,6,0,0,1,6.96
f8533234-6cba-4fd6-88c1-46eb86d908c4,2bdb0b9e-7951-411d-9098-1579ee16f47e,50bf1c40-962b-4026-a5a8-74da34bacbff,b0d2ee4c-be8f-4a75-b138-0740a52970c6,25,c3a31191-6c5e-438e-9288-354845031832,A Thomas,7,0,6,1,0,1,6.96
f8533234-6cba-4fd6-88c1-46eb86d908c4,2bdb0b9e-7951-411d-9098-1579ee16f47e,50bf1c40-962b-4026-a5a8-74da34bacbff,b0d2ee4c-be8f-4a75-b138-0740a52970c6,26,6b74d336-b105-407c-b4ef-f68e2fba7862,D Sehra,7,1,6,0,0,1,6.96
f8533234-6cba-4fd6-88c1-46eb86d908c4,2bdb0b9e-7951-411d-9098-1579ee16f47e,50bf1c40-962b-4026-a5a8-74da34bacbff,b0d2ee4c-be8f-4a75-b138-0740a52970c6,27,c3a31191-6c5e-438e-9288-354845031832,A Thomas,4,1,6,1,0,0,6.86
f8533234-6cba-4fd6-88c1-46eb86d908c4,2bdb0b9e-7951-411d-9098-1579ee16f47e,50bf1c40-962b-4026-a5a8-74da34bacbff,b0d2ee4c-be8f-4a75-b138-0740a52970c6,28,6b74d336-b105-407c-b4ef-f68e2fba7862,D Sehra,1,0,6,0,0,0,6.66
f8533234-6cba-4fd6-88c1-46eb86d908c4,2bdb0b9e-7951-411d-9098-1579ee16f47e,50bf1c40-962b-4026-a5a8-74da34bacbff,b0d2ee4c-be8f-4a75-b138-0740a52970c6,29,7cffb99e-40e6-4c91-846f-2e5b755ecd0a,M Mohan,2,1,2,0,0,0,6.65
fbd6e9ad-55b7-4dbd-9810-3e1c4e5bedb7,cab4578f-edba-4a50-a24f-945e61822468,b0d2ee4c-be8f-4a75-b138-0740a52970c6,1977fa7e-f689-4fee-b28e-a9aa92a3a15c,0,3ae810c1-61a1-4770-8e81-9833107949fb,M Kapasi,2,1,6,2,0,0,2.0
fbd6e9ad-55b7-4dbd-9810-3e1c4e5bedb7,cab4578f-edba-4a50-a24f-945e61822468,b0d2ee4c-be8f-4a75-b138-0740a52970c6,1977fa7e-f689-4fee-b28e-a9aa92a3a15c,1,450085b3-a1bf-4230-aab4-2bdf1a746fd4,R Abbas,1,0,6,0,0,0,1.5
fbd6e9ad-55b7-4dbd-9810-3e1c4e5bedb7,cab4578f-edba-4a50-a24f-945e61822468,b0d2ee4c-be8f-4a75-b138-0740a52970c6,1977fa7e-f689-4fee-b28e-a9aa92a3a15c,2,3ae810c1-61a1-4770-8e81-9833107949fb,M Kapasi,0,2,6,0,0,0,1.0
fbd6e9ad-55b7-4dbd-9810-3e1c4e5bedb7,cab4578f-edba-4a50-a24f-945e61822468,b0d2ee4c-be8f-4a75-b138-0740a52970c6,1977fa7e-f689-4fee-b28e-a9aa92a3a15c,3,450085b3-a1bf-4230-aab4-2bdf1a746fd4,R Abbas,11,0,6,0,2,2,3.5
fbd6e9ad-55b7-4dbd-9810-3e1c4e5bedb7,cab4578f-edba-4a50-a24f-945e61822468,b0d2ee4c-be8f-4a75-b138-0740a52970c6,1977fa7e-f689-4fee-b28e-a9aa92a3a15c,4,3ae810c1-61a1-4770-8e81-9833107949fb,M Kapasi,6,0,6,0,0,1,4.0
fbd6e9ad-55b7-4dbd-9810-3e1c4e5bedb7,cab4578f-edba-4a50-a24f-945e61822468,b0d2ee4c-be8f-4a75-b138-0740a52970c6,1977fa7e-f689-4fee-b28e-a9aa92a3a15c,5,450085b3-a1bf-4230-aab4-2bdf1a746fd4,R Abbas,18,0,6,0,1,3,6.33
fbd6e9ad-55b7-4dbd-9810-3e1c4e5bedb7,cab4578f-edba-4a50-a24f-945e61822468,b0d2ee4c-be8f-4a75-b138-0740a52970c6,1977fa7e-f689-4fee-b28e-a9aa92a3a15c,6,3ae810c1-61a1-4770-8e81-9833107949fb,M Kapasi,5,0,6,0,0,1,6.14
fbd6e9ad-55b7-4dbd-9810-3e1c4e5bedb7,cab4578f-edba-4a50-a24f-945e61822468,b0d2ee4c-be8f-4a75-b138-0740a52970c6,1977fa7e-f689-4fee-b28e-a9aa92a3a15c,7,04e7a985-6b15-448d-95bd-66323490e8aa,M Ahmed,5,0,6,0,0,1,6.0
fbd6e9ad-55b7-4dbd-9810-3e1c4e5bedb7,cab4578f-edba-4a50-a24f-945e61822468,b0d2ee4c-be8f-4a75-b138-0740a52970c6,1977fa7e-f689-4fee-b28e-a9aa92a3a15c,8,4a8827f1-21b8-4244-951e-396d3219bfc4,A Altaf,4,0,6,0,0,0,5.78
fbd6e9ad-55b7-4dbd-9810-3e1c4e5bedb7,cab4578f-edba-4a50-a24f-945e61822468,b0d2ee4c-be8f-4a75-b138-0740a52970c6,1977fa7e-f689-4fee-b28e-a9aa92a3a15c,9,04e7a985-6b15-448d-95bd-66323490e8aa,M Ahmed,6,1,6,0,0,1,5.8
fbd6e9ad-55b7-4dbd-9810-3e1c4e5bedb7,cab4578f-edba-4a50-a24f-945e61822468,b0d2ee4c-be8f-4a75-b138-0740a52970c6,1977fa7e-f689-4fee-b28e-a9aa92a3a15c,10,4a8827f1-21b8-4244-951e-396d3219bfc4,A Altaf,2,0,6,0,0,0,5.45
fbd6e9ad-55b7-4dbd-9810-3e1c4e5bedb7,cab4578f-edba-4a50-a24f-945e61822468,b0d2ee4c-be8f-4a75-b138-0740a52970c6,1977fa7e-f689-4fee-b28e-a9aa92a3a15c,11,04e7a985-6b15-448d-95bd-66323490e8aa,M Ahmed,9,0,6,0,0,1,5.75
fbd6e9ad-55b7-4dbd-9810-3e1c4e5bedb7,cab4578f-edba-4a50-a24f-945e61822468,b0d2ee4c-be8f-4a75-b138-0740a52970c6,1977fa7e-f689-4fee-b28e-a9aa92a3a15c,12,4a8827f1-21b8-4244-951e-396d3219bfc4,A Altaf,5,0,6,0,0,1,5.69
fbd6e9ad-55b7-4dbd-9810-3e1c4e5bedb7,cab4578f-edba-4a50-a24f-945e61822468,b0d2ee4c-be8f-4a75-b138-0740a52970c6,1977fa7e-f689-4fee-b28e-a9aa92a3a15c,13,04e7a985-6b15-448d-95bd-66323490e8aa,M Ahmed,6,1,6,0,0,1,5.71
fbd6e9ad-55b7-4dbd-9810-3e1c4e5bedb7,cab4578f-edba-4a50-a24f-945e61822468,b0d2ee4c-be8f-4a75-b138-0740a52970c6,1977fa7e-f689-4fee-b28e-a9aa92a3a15c,14,4a8827f1-21b8-4244-951e-396d3219bfc4,A Altaf,2,1,6,0,0,0,5.47
fbd6e9ad-55b7-4dbd-9810-3e1c4e5bedb7,cab4578f-edba-4a50-a24f-945e61822468,b0d2ee4c-be8f-4a75-b138-0740a52970c6,1977fa7e-f689-4fee-b28e-a9aa92a3a15c,15,04e7a985-6b15-448d-95bd-66323490e8aa,M Ahmed,7,0,6,0,0,1,5.56
fbd6e9ad-55b7-4dbd-9810-3e1c4e5bedb7,cab4578f-edba-4a50-a24f-945e61822468,b0d2ee4c-be8f-4a75-b138-0740a52970c6,1977fa7e-f689-4fee-b28e-a9aa92a3a15c,16,d1f98491-d832-4ff3-89c9-71c8f821f7ce,Z Vakil,6,0,6,0,0,1,5.59
fbd6e9ad-55b7-4dbd-9810-3e1c4e5bedb7,cab4578f-edba-4a50-a24f-945e61822468,b0d2ee4c-be8f-4a75-b138-0740a52970c6,1977fa7e-f689-4fee-b28e-a9aa92a3a15c,17,15561a20-43fa-462e-8a20-7e238de146d1,A Keshvani,6,0,6,1,0,0,5.61
fbd6e9ad-55b7-4dbd-9810-3e1c4e5bedb7,cab4578f-edba-4a50-a24f-945e61822468,b0d2ee4c-be8f-4a75-b138-0740a52970c6,1977fa7e-f689-4fee-b28e-a9aa92a3a15c,18,d1f98491-d832-4ff3-89c9-71c8f821f7ce,Z Vakil,3,0,6,0,1,0,5.47
fbd6e9ad-55b7-4dbd-9810-3e1c4e5bedb7,cab4578f-edba-4a50-a24f-945e61822468,b0d2ee4c-be8f-4a75-b138-0740a52970c6,1977fa7e-f689-4fee-b28e-a9aa92a3a15c,19,15561a20-43fa-462e-8a20-7e238de146d1,A Keshvani,6,0,6,0,0,0,5.5
fbd6e9ad-55b7-4dbd-9810-3e1c4e5bedb7,cab4578f-edba-4a50-a24f-945e61822468,b0d2ee4c-be8f-4a75-b138-0740a52970c6,1977fa7e-f689-4fee-b28e-a9aa92a3a15c,20,d1f98491-d832-4ff3-89c9-71c8f821f7ce,Z Vakil,4,0,6,0,0,0,5.43
fbd6e9ad-55b7-4dbd-9810-3e1c4e5bedb7,cab4578f-edba-4a50-a24f-945e61822468,b0d2ee4c-be8f-4a75-b138-0740a52970c6,1977fa7e-f689-4fee-b28e-a9aa92a3a15c,21,15561a20-43fa-462e-8a20-7e238de146d1,A Keshvani,6,0,6,0,0,1,5.45
fbd6e9ad-55b7-4dbd-9810-3e1c4e5bedb7,cab4578f-edba-4a50-a24f-945e61822468,b0d2ee4c-be8f-4a75-b138-0740a52970c6,1977fa7e-f689-4fee-b28e-a9aa92a3a15c,22,d1f98491-d832-4ff3-89c9-71c8f821f7ce,Z Vakil,3,0,6,0,0,0,5.35
fbd6e9ad-55b7-4dbd-9810-3e1c4e5bedb7,cab4578f-edba-4a50-a24f-945e61822468,b0d2ee4c-be8f-4a75-b138-0740a52970c6,1977fa7e-f689-4fee-b28e-a9aa92a3a15c,23,4a8827f1-21b8-4244-951e-396d3219bfc4,A Altaf,3,2,6,0,1,0,5.25
fbd6e9ad-55b7-4dbd-9810-3e1c4e5bedb7,cab4578f-edba-4a50-a24f-945e61822468,b0d2ee4c-be8f-4a75-b138-0740a52970c6,1977fa7e-f689-4fee-b28e-a9aa92a3a15c,24,d1f98491-d832-4ff3-89c9-71c8f821f7ce,Z Vakil,4,0,6,0,0,0,5.2
fbd6e9ad-55b7-4dbd-9810-3e1c4e5bedb7,cab4578f-edba-4a50-a24f-945e61822468,b0d2ee4c-be8f-4a75-b138-0740a52970c6,1977fa7e-f689-4fee-b28e-a9aa92a3a15c,25,4a8827f1-21b8-4244-951e-396d3219bfc4,A Altaf,5,0,6,0,0,1,5.19
fbd6e9ad-55b7-4dbd-9810-3e1c4e5bedb7,cab4578f-edba-4a50-a24f-945e61822468,b0d2ee4c-be8f-4a75-b138-0740a52970c6,1977fa7e-f689-4fee-b28e-a9aa92a3a15c,26,d1f98491-d832-4ff3-89c9-71c8f821f7ce,Z Vakil,4,1,6,0,0,0,5.15
fbd6e9ad-55b7-4dbd-9810-3e1c4e5bedb7,cab4578f-edba-4a50-a24f-945e61822468,b0d2ee4c-be8f-4a75-b138-0740a52970c6,1977fa7e-f689-4fee-b28e-a9aa92a3a15c,27,4a8827f1-21b8-4244-951e-396d3219bfc4,A Altaf,6,0,6,0,0,1,5.18
fbd6e9ad-55b7-4dbd-9810-3e1c4e5bedb7,cab4578f-edba-4a50-a24f-945e61822468,b0d2ee4c-be8f-4a75-b138-0740a52970c6,1977fa7e-f689-4fee-b28e-a9aa92a3a15c,28,d1f98491-d832-4ff3-89c9-71c8f821f7ce,Z Vakil,16,0,6,0,1,3,5.55
fbd6e9ad-55b7-4dbd-9810-3e1c4e5bedb7,cab4578f-edba-4a50-a24f-945e61822468,b0d2ee4c-be8f-4a75-b138-0740a52970c6,1977fa7e-f689-4fee-b28e-a9aa92a3a15c,29,3ae810c1-61a1-4770-8e81-9833107949fb,M Kapasi,5,0,6,0,0,0,5.53
fbd6e9ad-55b7-4dbd-9810-3e1c4e5bedb7,cab4578f-edba-4a50-a24f-945e61822468,b0d2ee4c-be8f-4a75-b138-0740a52970c6,1977fa7e-f689-4fee-b28e-a9aa92a3a15c,30,04e7a985-6b15-448d-95bd-66323490e8aa,M Ahmed,0,1,2,0,0,0,5.47
fbd6e9ad-55b7-4dbd-9810-3e1c4e5bedb7,dea3e651-2a71-4c86-aa6d-ef1b71dba643,1977fa7e-f689-4fee-b28e-a9aa92a3a15c,b0d2ee4c-be8f-4a75-b138-0740a52970c6,0,7cffb99e-40e6-4c91-846f-2e5b755ecd0a,M Mohan,3,0,6,1,0,0,3.0
fbd6e9ad-55b7-4dbd-9810-3e1c4e5bedb7,dea3e651-2a71-4c86-aa6d-ef1b71dba643,1977fa7e-f689-4fee-b28e-a9aa92a3a15c,b0d2ee4c-be8f-4a75-b138-0740a52970c6,1,400e4752-f236-4ca7-93e9-fd8ebee6735e,S Chaurasiya,7,1,6,0,0,1,5.0
fbd6e9ad-55b7-4dbd-9810-3e1c4e5bedb7,dea3e651-2a71-4c86-aa6d-ef1b71dba643,1977fa7e-f689-4fee-b28e-a9aa92a3a15c,b0d2ee4c-be8f-4a75-b138-0740a52970c6,2,7cffb99e-40e6-4c91-846f-2e5b755ecd0a,M Mohan,7,0,6,1,0,1,5.67
fbd6e9ad-55b7-4dbd-9810-3e1c4e5bedb7,dea3e651-2a71-4c86-aa6d-ef1b71dba643,1977fa7e-f689-4fee-b28e-a9aa92a3a15c,b0d2ee4c-be8f-4a75-b138-0740a52970c6,3,400e4752-f236-4ca7-93e9-fd8ebee6735e,S Chaurasiya,9,1,6,1,1,1,6.5
fbd6e9ad-55b7-4dbd-9810-3e1c4e5bedb7,dea3e651-2a71-4c86-aa6d-ef1b71dba643,1977fa7e-f689-4fee-b28e-a9aa92a3a15c,b0d2ee4c-be8f-4a75-b138-0740a52970c6,4,7cffb99e-40e6-4c91-846f-2e5b755ecd0a,M Mohan,5,0,6,0,0,1,6.2
fbd6e9ad-55b7-4dbd-9810-3e1c4e5bedb7,dea3e651-2a71-4c86-aa6d-ef1b71dba643,1977fa7e-f689-4fee-b28e-a9aa92a3a15c,b0d2ee4c-be8f-4a75-b138-0740a52970c6,5,400e4752-f236-4ca7-93e9-fd8ebee6735e,S Chaurasiya,14,0,6,0,0,3,7.5
fbd6e9ad-55b7-4dbd-9810-3e1c4e5bedb7,dea3e651-2a71-4c86-aa6d-ef1b71dba643,1977fa7e-f689-4fee-b28e-a9aa92a3a15c,b0d2ee4c-be8f-4a75-b138-0740a52970c6,6,7cffb99e-40e6-4c91-846f-2e5b755ecd0a,M Mohan,9,0,6,0,0,1,7.71
fbd6e9ad-55b7-4dbd-9810-3e1c4e5bedb7,dea3e651-2a71-4c86-aa6d-ef1b71dba643,1977fa7e-f689-4fee-b28e-a9aa92a3a15c,b0d2ee4c-be8f-4a75-b138-0740a52970c6,7,d1ed36b2-499d-4b65-95a3-6f3f51177415,A Datta,6,0,6,0,0,1,7.5
fbd6e9ad-55b7-4dbd-9810-3e1c4e5bedb7,dea3e651-2a71-4c86-aa6d-ef1b71dba643,1977fa7e-f689-4fee-b28e-a9aa92a3a15c,b0d2ee4c-be8f-4a75-b138-0740a52970c6,8,7cffb99e-40e6-4c91-846f-2e5b755ecd0a,M Mohan,8,0,6,0,0,1,7.56
fbd6e9ad-55b7-4dbd-9810-3e1c4e5bedb7,dea3e651-2a71-4c86-aa6d-ef1b71dba643,1977fa7e-f689-4fee-b28e-a9aa92a3a15c,b0d2ee4c-be8f-4a75-b138-0740a52970c6,9,d1ed36b2-499d-4b65-95a3-6f3f51177415,A Datta,5,0,6,1,0,1,7.3
fbd6e9ad-55b7-4dbd-9810-3e1c4e5bedb7,dea3e651-2a71-4c86-aa6d-ef1b71dba643,1977fa7e-f689-4fee-b28e-a9aa92a3a15c,b0d2ee4c-be8f-4a75-b138-0740a52970c6,10,c3a31191-6c5e-438e-9288-354845031832,A Thomas,3,0,6,1,0,0,6.91
fbd6e9ad-55b7-4dbd-9810-3e1c4e5bedb7,dea3e651-2a71-4c86-aa6d-ef1b71dba643,1977fa7e-f689-4fee-b28e-a9aa92a3a15c,b0d2ee4c-be8f-4a75-b138-0740a52970c6,11,d1ed36b2-499d-4b65-95a3-6f3f51177415,A Datta,14,0,6,1,2,1,7.5
fbd6e9ad-55b7-4dbd-9810-3e1c4e5bedb7,dea3e651-2a71-4c86-aa6d-ef1b71dba643,1977fa7e-f689-4fee-b28e-a9aa92a3a15c,b0d2ee4c-be8f-4a75-b138-0740a52970c6,12,c3a31191-6c5e-438e-9288-354845031832,A Thomas,6,1,6,0,0,1,7.38
fbd6e9ad-55b7-4dbd-9810-3e1c4e5bedb7,dea3e651-2a71-4c86-aa6d-ef1b71dba643,1977fa7e-f689-4fee-b28e-a9aa92a3a15c,b0d2ee4c-be8f-4a75-b138-0740a52970c6,13,100b60f9-15ab-4d35-9626-be4212a5d0e2,R Suravajjula,9,0,6,0,0,1,7.5
fbd6e9ad-55b7-4dbd-9810-3e1c4e5bedb7,dea3e651-2a71-4c86-aa6d-ef1b71dba643,1977fa7e-f689-4fee-b28e-a9aa92a3a15c,b0d2ee4c-be8f-4a75-b138-0740a52970c6,14,c3a31191-6c5e-438e-9288-354845031832,A Thomas,7,1,6,2,0,1,7.47
fbd6e9ad-55b7-4dbd-9810-3e1c4e5bedb7,dea3e651-2a71-4c86-aa6d-ef1b71dba643,1977fa7e-f689-4fee-b28e-a9aa92a3a15c,b0d2ee4c-be8f-4a75-b138-0740a52970c6,15,100b60f9-15ab-4d35-9626-be4212a5d0e2,R Suravajjula,0,2,6,0,0,0,7.0
fbd6e9ad-55b7-4dbd-9810-3e1c4e5bedb7,dea3e651-2a71-4c86-aa6d-ef1b71dba643,1977fa7e-f689-4fee-b28e-a9aa92a3a15c,b0d2ee4c-be8f-4a75-b138-0740a52970c6,16,c3a31191-6c5e-438e-9288-354845031832,A Thomas,5,1,6,0,0,1,6.88
fbd6e9ad-55b7-4dbd-9810-3e1c4e5bedb7,dea3e651-2a71-4c86-aa6d-ef1b71dba643,1977fa7e-f689-4fee-b28e-a9aa92a3a15c,b0d2ee4c-be8f-4a75-b138-0740a52970c6,17,100b60f9-15ab-4d35-9626-be4212a5d0e2,R Suravajjula,18,0,6,0,0,4,7.5
fbd6e9ad-55b7-4dbd-9810-3e1c4e5bedb7,dea3e651-2a71-4c86-aa6d-ef1b71dba643,1977fa7e-f689-4fee-b28e-a9aa92a3a15c,b0d2ee4c-be8f-4a75-b138-0740a52970c6,18,d36a9234-b2b2-44a0-9fa3-3e1527aa4b1c,H Kumar,5,0,6,0,0,0,7.37
fbd6e9ad-55b7-4dbd-9810-3e1c4e5bedb7,dea3e651-2a71-4c86-aa6d-ef1b71dba643,1977fa7e-f689-4fee-b28e-a9aa92a3a15c,b0d2ee4c-be8f-4a75-b138-0740a52970c6,19,284746be-31ae-4e0e-82f8-d234412e08c4,K Bhan,7,0,6,0,0,1,7.35
fbd6e9ad-55b7-4dbd-9810-3e1c4e5bedb7,dea3e651-2a71-4c86-aa6d-ef1b71dba643,1977fa7e-f689-4fee-b28e-a9aa92a3a15c,b0d2ee4c-be8f-4a75-b138-0740a52970c6,20,d36a9234-b2b2-44a0-9fa3-3e1527aa4b1c,H Kumar,3,0,6,0,0,0,7.14
fbd6e9ad-55b7-4dbd-9810-3e1c4e5bedb7,dea3e651-2a71-4c86-aa6d-ef1b71dba643,1977fa7e-f689-4fee-b28e-a9aa92a3a15c,b0d2ee4c-be8f-4a75-b138-0740a52970c6,21,284746be-31ae-4e0e-82f8-d234412e08c4,K Bhan,7,0,6,0,0,1,7.14
fbd6e9ad-55b7-4dbd-9810-3e1c4e5bedb7,dea3e651-2a71-4c86-aa6d-ef1b71dba643,1977fa7e-f689-4fee-b28e-a9aa92a3a15c,b0d2ee4c-be8f-4a75-b138-0740a52970c6,22,d36a9234-b2b2-44a0-9fa3-3e1527aa4b1c,H Kumar,5,0,6,0,0,0,7.04
fbd6e9ad-55b7-4dbd-9810-3e1c4e5bedb7,dea3e651-2a71-4c86-aa6d-ef1b71dba643,1977fa7e-f689-4fee-b28e-a9aa92a3a15c,b0d2ee4c-be8f-4a75-b138-0740a52970c6,23,284746be-31ae-4e0e-82f8-d234412e08c4,K Bhan,15,0,6,0,0,2,7.38
fbd6e9ad-55b7-4dbd-9810-3e1c4e5bedb7,dea3e651-2a71-4c86-aa6d-ef1b71dba643,1977fa7e-f689-4fee-b28e-a9aa92a3a15c,b0d2ee4c-be8f-4a75-b138-0740a52970c6,24,d36a9234-b2b2-44a0-9fa3-3e1527aa4b1c,H Kumar,5,0,6,0,0,0,7.28
fbd6e9ad-55b7-4dbd-9810-3e1c4e5bedb7,dea3e651-2a71-4c86-aa6d-ef1b71dba643,1977fa7e-f689-4fee-b28e-a9aa92a3a15c,b0d2ee4c-be8f-4a75-b138-0740a52970c6,25,7cffb99e-40e6-4c91-846f-2e5b755ecd0a,M Mohan,5,1,6,1,0,1,7.19
fbd6e9ad-55b7-4dbd-9810-3e1c4e5bedb7,dea3e651-2a71-4c86-aa6d-ef1b71dba643,1977fa7e-f689-4fee-b28e-a9aa92a3a15c,b0d2ee4c-be8f-4a75-b138-0740a52970c6,26,d36a9234-b2b2-44a0-9fa3-3e1527aa4b1c,H Kumar,5,0,6,0,0,1,7.11
fbd6e9ad-55b7-4dbd-9810-3e1c4e5bedb7,dea3e651-2a71-4c86-aa6d-ef1b71dba643,1977fa7e-f689-4fee-b28e-a9aa92a3a15c,b0d2ee4c-be8f-4a75-b138-0740a52970c6,27,7cffb99e-40e6-4c91-846f-2e5b755ecd0a,M Mohan,2,0,6,0,0,0,6.93
fbd6e9ad-55b7-4dbd-9810-3e1c4e5bedb7,dea3e651-2a71-4c86-aa6d-ef1b71dba643,1977fa7e-f689-4fee-b28e-a9aa92a3a15c,b0d2ee4c-be8f-4a75-b138-0740a52970c6,28,6b74d336-b105-407c-b4ef-f68e2fba7862,D Sehra,7,1,6,0,0,1,6.93
fbd6e9ad-55b7-4dbd-9810-3e1c4e5bedb7,dea3e651-2a71-4c86-aa6d-ef1b71dba643,1977fa7e-f689-4fee-b28e-a9aa92a3a15c,b0d2ee4c-be8f-4a75-b138-0740a52970c6,29,c3a31191-6c5e-438e-9288-354845031832,A Thomas,7,0,6,0,0,1,6.93
fbd6e9ad-55b7-4dbd-9810-3e1c4e5bedb7,dea3e651-2a71-4c86-aa6d-ef1b71dba643,1977fa7e-f689-4fee-b28e-a9aa92a3a15c,b0d2ee4c-be8f-4a75-b138-0740a52970c6,30,6b74d336-b105-407c-b4ef-f68e2fba7862,D Sehra,0,1,1,0,0,0,6.9
