season_id,season,team_id,grade_id,grade_name,player_key,canonical_player_id,canonical_player_name,display_player_name,three_wicket_innings,five_wicket_innings,latest_match_date,match_count
2bea42bd-9a74-48c1-9950-f7c3a3906c31,Summer 2008/09,6538521b-37a4-4cd1-9f56-e40d39674c52,a512512c-c3ad-4403-a907-36a50f64cc6e,"NMCA - Bob Herman Shield - ""D"" Grade",amresh_bhan,amresh_bhan,Amresh Bhan,Amresh Bhan,0,0,2009-01-17T13:00:00.0000000+00:00,2
2bea42bd-9a74-48c1-9950-f7c3a3906c31,Summer 2008/09,6538521b-37a4-4cd1-9f56-e40d39674c52,a512512c-c3ad-4403-a907-36a50f64cc6e,"NMCA - Bob Herman Shield - ""D"" Grade",clint_fernandes,clint_fernandes,Clint Fernandes,Clint Fernandes,0,0,2008-11-08T13:00:00.0000000+00:00,2
2bea42bd-9a74-48c1-9950-f7c3a3906c31,Summer 2008/09,6538521b-37a4-4cd1-9f56-e40d39674c52,a512512c-c3ad-4403-a907-36a50f64cc6e,"NMCA - Bob Herman Shield - ""D"" Grade",deepak_sharma,deepak_sharma,Deepak Sharma,Deepak Sharma,0,0,2009-02-21T13:00:00.0000000+00:00,9
2bea42bd-9a74-48c1-9950-f7c3a3906c31,Summer 2008/09,6538521b-37a4-4cd1-9f56-e40d39674c52,a512512c-c3ad-4403-a907-36a50f64cc6e,"NMCA - Bob Herman Shield - ""D"" Grade",feroz_hassan,feroz_hassan,Feroz Hassan,Feroz Hassan,3,0,2009-02-21T13:00:00.0000000+00:00,14
2bea42bd-9a74-48c1-9950-f7c3a3906c31,Summer 2008/09,6538521b-37a4-4cd1-9f56-e40d39674c52,a512512c-c3ad-4403-a907-36a50f64cc6e,"NMCA - Bob Herman Shield - ""D"" Grade",raw_3d096713_4cc8_4c75_8012_2af29191dd45,raw_3d096713_4cc8_4c75_8012_2af29191dd45,Lahiru Weerasinghe,Lahiru Weerasinghe,0,1,2009-01-24T13:00:00.0000000+00:00,3
2bea42bd-9a74-48c1-9950-f7c3a3906c31,Summer 2008/09,6538521b-37a4-4cd1-9f56-e40d39674c52,a512512c-c3ad-4403-a907-36a50f64cc6e,"NMCA - Bob Herman Shield - ""D"" Grade",raw_42a7570e_9c61_418d_b68a_cdd2e816c3eb,raw_42a7570e_9c61_418d_b68a_cdd2e816c3eb,Ankur Dogra,Ankur Dogra,2,0,2009-01-10T13:00:00.0000000+00:00,3
2bea42bd-9a74-48c1-9950-f7c3a3906c31,Summer 2008/09,6538521b-37a4-4cd1-9f56-e40d39674c52,a512512c-c3ad-4403-a907-36a50f64cc6e,"NMCA - Bob Herman Shield - ""D"" Grade",raw_4df23ec6_b95a_4683_9e5a_58a272a1cb17,raw_4df23ec6_b95a_4683_9e5a_58a272a1cb17,Shalen Nand,Shalen Nand,0,0,2008-12-13T13:00:00.0000000+00:00,2
2bea42bd-9a74-48c1-9950-f7c3a3906c31,Summer 2008/09,6538521b-37a4-4cd1-9f56-e40d39674c52,a512512c-c3ad-4403-a907-36a50f64cc6e,"NMCA - Bob Herman Shield - ""D"" Grade",raw_6ac032e7_14cb_4216_b72a_2c62e98d5255,raw_6ac032e7_14cb_4216_b72a_2c62e98d5255,Sanjeeva Nandan,Sanjeeva Nandan,0,0,2009-02-07T13:00:00.0000000+00:00,4
2bea42bd-9a74-48c1-9950-f7c3a3906c31,Summer 2008/09,6538521b-37a4-4cd1-9f56-e40d39674c52,a512512c-c3ad-4403-a907-36a50f64cc6e,"NMCA - Bob Herman Shield - ""D"" Grade",raw_6b74d336_b105_407c_b4ef_f68e2fba7862,raw_6b74d336_b105_407c_b4ef_f68e2fba7862,Damandeep Sehra,Damandeep Sehra,1,1,2009-02-21T13:00:00.0000000+00:00,5
2bea42bd-9a74-48c1-9950-f7c3a3906c31,Summer 2008/09,6538521b-37a4-4cd1-9f56-e40d39674c52,a512512c-c3ad-4403-a907-36a50f64cc6e,"NMCA - Bob Herman Shield - ""D"" Grade",raw_6f08a796_12f5_40ca_b2dd_a2416dcd927d,raw_6f08a796_12f5_40ca_b2dd_a2416dcd927d,Arnaud Hurdoyal,Arnaud Hurdoyal,0,0,2008-10-11T13:00:00.0000000+00:00,1
2bea42bd-9a74-48c1-9950-f7c3a3906c31,Summer 2008/09,6538521b-37a4-4cd1-9f56-e40d39674c52,a512512c-c3ad-4403-a907-36a50f64cc6e,"NMCA - Bob Herman Shield - ""D"" Grade",raw_75b794ea_e102_491c_8135_150f55e19aec,raw_75b794ea_e102_491c_8135_150f55e19aec,Nakul Kedar,Nakul Kedar,0,0,2008-11-29T13:00:00.0000000+00:00,2
2bea42bd-9a74-48c1-9950-f7c3a3906c31,Summer 2008/09,6538521b-37a4-4cd1-9f56-e40d39674c52,a512512c-c3ad-4403-a907-36a50f64cc6e,"NMCA - Bob Herman Shield - ""D"" Grade",raw_9257a6d7_7887_43bf_a607_df0d79ee3da7,raw_9257a6d7_7887_43bf_a607_df0d79ee3da7,John Singh,John Singh,0,0,2009-02-21T13:00:00.0000000+00:00,5
2bea42bd-9a74-48c1-9950-f7c3a3906c31,Summer 2008/09,6538521b-37a4-4cd1-9f56-e40d39674c52,a512512c-c3ad-4403-a907-36a50f64cc6e,"NMCA - Bob Herman Shield - ""D"" Grade",raw_ab033f7b_82e2_4044_b0cb_9024cf56db51,raw_ab033f7b_82e2_4044_b0cb_9024cf56db51,Reuel Sharan,Reuel Sharan,0,0,2008-10-18T13:00:00.0000000+00:00,1
2bea42bd-9a74-48c1-9950-f7c3a3906c31,Summer 2008/09,6538521b-37a4-4cd1-9f56-e40d39674c52,a512512c-c3ad-4403-a907-36a50f64cc6e,"NMCA - Bob Herman Shield - ""D"" Grade",raw_d67ae9a7_e7b3_4b34_bd0f_f97332545d18,raw_d67ae9a7_e7b3_4b34_bd0f_f97332545d18,Damandeep Singh,Damandeep Singh,0,0,2008-11-15T13:00:00.0000000+00:00,1
2bea42bd-9a74-48c1-9950-f7c3a3906c31,Summer 2008/09,6538521b-37a4-4cd1-9f56-e40d39674c52,a512512c-c3ad-4403-a907-36a50f64cc6e,"NMCA - Bob Herman Shield - ""D"" Grade",raw_d7f93a87_6b05_4830_a524_41457fd00603,raw_d7f93a87_6b05_4830_a524_41457fd00603,Shaun Vikash,Shaun Vikash,1,0,2009-02-21T13:00:00.0000000+00:00,3
2bea42bd-9a74-48c1-9950-f7c3a3906c31,Summer 2008/09,6538521b-37a4-4cd1-9f56-e40d39674c52,a512512c-c3ad-4403-a907-36a50f64cc6e,"NMCA - Bob Herman Shield - ""D"" Grade",raw_e6a98753_41b1_4aeb_b725_2f895b22754b,raw_e6a98753_41b1_4aeb_b725_2f895b22754b,Raja Parekh,Raja Parekh,0,0,2008-12-13T13:00:00.0000000+00:00,1
2bea42bd-9a74-48c1-9950-f7c3a3906c31,Summer 2008/09,6538521b-37a4-4cd1-9f56-e40d39674c52,a512512c-c3ad-4403-a907-36a50f64cc6e,"NMCA - Bob Herman Shield - ""D"" Grade",raw_f03e80c4_abf2_4463_8403_38611ffdb56a,raw_f03e80c4_abf2_4463_8403_38611ffdb56a,Elvin Espiritu,Elvin Espiritu,0,0,2009-02-07T13:00:00.0000000+00:00,6
2bea42bd-9a74-48c1-9950-f7c3a3906c31,Summer 2008/09,6538521b-37a4-4cd1-9f56-e40d39674c52,a512512c-c3ad-4403-a907-36a50f64cc6e,"NMCA - Bob Herman Shield - ""D"" Grade",raw_f8a8f7e5_bac4_4049_9b66_c8d6be892040,raw_f8a8f7e5_bac4_4049_9b66_c8d6be892040,Bobby Malli,Bobby Malli,0,0,2009-02-07T13:00:00.0000000+00:00,1
2bea42bd-9a74-48c1-9950-f7c3a3906c31,Summer 2008/09,6538521b-37a4-4cd1-9f56-e40d39674c52,a512512c-c3ad-4403-a907-36a50f64cc6e,"NMCA - Bob Herman Shield - ""D"" Grade",raw_fabe3087_4118_4ebf_ae00_523358904311,raw_fabe3087_4118_4ebf_ae00_523358904311,Alex Moderana,Alex Moderana,0,0,2009-01-24T13:00:00.0000000+00:00,3
2bea42bd-9a74-48c1-9950-f7c3a3906c31,Summer 2008/09,6538521b-37a4-4cd1-9f56-e40d39674c52,a512512c-c3ad-4403-a907-36a50f64cc6e,"NMCA - Bob Herman Shield - ""D"" Grade",ricky_singh,ricky_singh,Ricky Singh,Ricky Singh,2,0,2009-02-21T13:00:00.0000000+00:00,8
2bea42bd-9a74-48c1-9950-f7c3a3906c31,Summer 2008/09,6538521b-37a4-4cd1-9f56-e40d39674c52,a512512c-c3ad-4403-a907-36a50f64cc6e,"NMCA - Bob Herman Shield - ""D"" Grade",sandeep_gill,sandeep_gill,Sandeep Gill,Sandeep Gill,1,0,2009-02-21T13:00:00.0000000+00:00,4
2bea42bd-9a74-48c1-9950-f7c3a3906c31,Summer 2008/09,6538521b-37a4-4cd1-9f56-e40d39674c52,a512512c-c3ad-4403-a907-36a50f64cc6e,"NMCA - Bob Herman Shield - ""D"" Grade",shivnyl_naidu,shivnyl_naidu,Shivnyl Naidu,Shivnyl Naidu,2,0,2009-02-21T13:00:00.0000000+00:00,10
2bea42bd-9a74-48c1-9950-f7c3a3906c31,Summer 2008/09,7346d26e-268c-4b4a-9bd7-61f13af16f35,5a63204a-d688-49db-a238-94271cd83a33,NMCA - Jack Kelly Shield,amresh_bhan,amresh_bhan,Amresh Bhan,Amresh Bhan,2,0,2009-03-07T13:00:00.0000000+00:00,4
2bea42bd-9a74-48c1-9950-f7c3a3906c31,Summer 2008/09,7346d26e-268c-4b4a-9bd7-61f13af16f35,5a63204a-d688-49db-a238-94271cd83a33,NMCA - Jack Kelly Shield,clint_fernandes,clint_fernandes,Clint Fernandes,Clint Fernandes,1,0,2008-11-29T13:00:00.0000000+00:00,2
2bea42bd-9a74-48c1-9950-f7c3a3906c31,Summer 2008/09,7346d26e-268c-4b4a-9bd7-61f13af16f35,5a63204a-d688-49db-a238-94271cd83a33,NMCA - Jack Kelly Shield,raw_162cce2f_a5bb_451f_ab68_d7a037f018ee,raw_162cce2f_a5bb_451f_ab68_d7a037f018ee,Benjamin Frew,Benjamin Frew,0,0,2009-02-21T13:00:00.0000000+00:00,7
2bea42bd-9a74-48c1-9950-f7c3a3906c31,Summer 2008/09,7346d26e-268c-4b4a-9bd7-61f13af16f35,5a63204a-d688-49db-a238-94271cd83a33,NMCA - Jack Kelly Shield,raw_360868ba_5d2a_4f9f_9f3a_fff5756f3f85,raw_360868ba_5d2a_4f9f_9f3a_fff5756f3f85,Shandil Bhan,Shandil Bhan,0,0,2008-11-15T13:00:00.0000000+00:00,2
2bea42bd-9a74-48c1-9950-f7c3a3906c31,Summer 2008/09,7346d26e-268c-4b4a-9bd7-61f13af16f35,5a63204a-d688-49db-a238-94271cd83a33,NMCA - Jack Kelly Shield,raw_3d096713_4cc8_4c75_8012_2af29191dd45,raw_3d096713_4cc8_4c75_8012_2af29191dd45,Lahiru Weerasinghe,Lahiru Weerasinghe,1,1,2009-03-07T13:00:00.0000000+00:00,9
2bea42bd-9a74-48c1-9950-f7c3a3906c31,Summer 2008/09,7346d26e-268c-4b4a-9bd7-61f13af16f35,5a63204a-d688-49db-a238-94271cd83a33,NMCA - Jack Kelly Shield,raw_4df23ec6_b95a_4683_9e5a_58a272a1cb17,raw_4df23ec6_b95a_4683_9e5a_58a272a1cb17,Shalen Nand,Shalen Nand,0,0,2009-03-07T13:00:00.0000000+00:00,4
2bea42bd-9a74-48c1-9950-f7c3a3906c31,Summer 2008/09,7346d26e-268c-4b4a-9bd7-61f13af16f35,5a63204a-d688-49db-a238-94271cd83a33,NMCA - Jack Kelly Shield,raw_6b74d336_b105_407c_b4ef_f68e2fba7862,raw_6b74d336_b105_407c_b4ef_f68e2fba7862,Damandeep Sehra,Damandeep Sehra,0,0,2009-02-07T13:00:00.0000000+00:00,8
2bea42bd-9a74-48c1-9950-f7c3a3906c31,Summer 2008/09,7346d26e-268c-4b4a-9bd7-61f13af16f35,5a63204a-d688-49db-a238-94271cd83a33,NMCA - Jack Kelly Shield,raw_7dca5758_5687_4ef9_975b_6a594740bbd0,raw_7dca5758_5687_4ef9_975b_6a594740bbd0,Syamjith Harikumar,Syamjith Harikumar,3,2,2009-03-07T13:00:00.0000000+00:00,14
2bea42bd-9a74-48c1-9950-f7c3a3906c31,Summer 2008/09,7346d26e-268c-4b4a-9bd7-61f13af16f35,5a63204a-d688-49db-a238-94271cd83a33,NMCA - Jack Kelly Shield,raw_d67ae9a7_e7b3_4b34_bd0f_f97332545d18,raw_d67ae9a7_e7b3_4b34_bd0f_f97332545d18,Damandeep Singh,Damandeep Singh,1,0,2009-02-07T13:00:00.0000000+00:00,10
2bea42bd-9a74-48c1-9950-f7c3a3906c31,Summer 2008/09,7346d26e-268c-4b4a-9bd7-61f13af16f35,5a63204a-d688-49db-a238-94271cd83a33,NMCA - Jack Kelly Shield,raw_d7f93a87_6b05_4830_a524_41457fd00603,raw_d7f93a87_6b05_4830_a524_41457fd00603,Shaun Vikash,Shaun Vikash,3,0,2009-03-07T13:00:00.0000000+00:00,11
2bea42bd-9a74-48c1-9950-f7c3a3906c31,Summer 2008/09,7346d26e-268c-4b4a-9bd7-61f13af16f35,5a63204a-d688-49db-a238-94271cd83a33,NMCA - Jack Kelly Shield,raw_fabe3087_4118_4ebf_ae00_523358904311,raw_fabe3087_4118_4ebf_ae00_523358904311,Alex Moderana,Alex Moderana,0,0,2008-11-09T13:00:00.0000000+00:00,5
2bea42bd-9a74-48c1-9950-f7c3a3906c31,Summer 2008/09,7346d26e-268c-4b4a-9bd7-61f13af16f35,5a63204a-d688-49db-a238-94271cd83a33,NMCA - Jack Kelly Shield,sanjay_ct,sanjay_ct,Sanjay Ct,Sanjay Ct,0,0,2009-02-21T13:00:00.0000000+00:00,1
2bea42bd-9a74-48c1-9950-f7c3a3906c31,Summer 2008/09,7346d26e-268c-4b4a-9bd7-61f13af16f35,5a63204a-d688-49db-a238-94271cd83a33,NMCA - Jack Kelly Shield,shivnyl_naidu,shivnyl_naidu,Shivnyl Naidu,Shivnyl Naidu,0,0,2008-11-29T13:00:00.0000000+00:00,1
2bea42bd-9a74-48c1-9950-f7c3a3906c31,Summer 2008/09,7346d26e-268c-4b4a-9bd7-61f13af16f35,5a63204a-d688-49db-a238-94271cd83a33,NMCA - Jack Kelly Shield,vinit_naidu,vinit_naidu,Vinit Naidu,Vinit Naidu,2,0,2009-02-21T13:00:00.0000000+00:00,14
3750296e-c0ac-4f67-ada4-9a47266c1f8a,Winter 2021,805a6aa6-ae5a-419c-912b-dd3c9fbf2910,fea4630e-beb1-4d1d-8562-9731c22d9173,North Division - Bhatia Shield,danny_singh,danny_singh,Danny Singh,Danny Singh,0,0,2021-07-31T22:00:00.0000000+10:00,1
3750296e-c0ac-4f67-ada4-9a47266c1f8a,Winter 2021,805a6aa6-ae5a-419c-912b-dd3c9fbf2910,fea4630e-beb1-4d1d-8562-9731c22d9173,North Division - Bhatia Shield,ibad_mohammed,ibad_mohammed,Ibad Mohammed,Ibad Mohammed,2,0,2021-07-03T22:00:00.0000000+10:00,2
3750296e-c0ac-4f67-ada4-9a47266c1f8a,Winter 2021,805a6aa6-ae5a-419c-912b-dd3c9fbf2910,fea4630e-beb1-4d1d-8562-9731c22d9173,North Division - Bhatia Shield,jimmy_sharma,jimmy_sharma,Jimmy Sharma,Jimmy Sharma,2,0,2021-07-10T22:00:00.0000000+10:00,5
3750296e-c0ac-4f67-ada4-9a47266c1f8a,Winter 2021,805a6aa6-ae5a-419c-912b-dd3c9fbf2910,fea4630e-beb1-4d1d-8562-9731c22d9173,North Division - Bhatia Shield,praveen_lama,praveen_lama,Praveen Lama,Praveen Lama,0,0,2021-05-01T22:00:00.0000000+10:00,1
3750296e-c0ac-4f67-ada4-9a47266c1f8a,Winter 2021,805a6aa6-ae5a-419c-912b-dd3c9fbf2910,fea4630e-beb1-4d1d-8562-9731c22d9173,North Division - Bhatia Shield,raw_100b60f9_15ab_4d35_9626_be4212a5d0e2,raw_100b60f9_15ab_4d35_9626_be4212a5d0e2,Rama Suravajjula,Rama Suravajjula,0,0,2021-07-10T22:00:00.0000000+10:00,5
3750296e-c0ac-4f67-ada4-9a47266c1f8a,Winter 2021,805a6aa6-ae5a-419c-912b-dd3c9fbf2910,fea4630e-beb1-4d1d-8562-9731c22d9173,North Division - Bhatia Shield,raw_661bdd19_e67a_4978_a255_36e16789ab1f,raw_661bdd19_e67a_4978_a255_36e16789ab1f,Nitin Tanwar,Nitin Tanwar,0,0,2021-07-03T22:00:00.0000000+10:00,1
3750296e-c0ac-4f67-ada4-9a47266c1f8a,Winter 2021,805a6aa6-ae5a-419c-912b-dd3c9fbf2910,fea4630e-beb1-4d1d-8562-9731c22d9173,North Division - Bhatia Shield,raw_6dafae49_e951_4b24_a74a_d5d1ab49db67,raw_6dafae49_e951_4b24_a74a_d5d1ab49db67,Muhammad Nauman,Muhammad Nauman,0,0,2021-07-31T22:00:00.0000000+10:00,5
3750296e-c0ac-4f67-ada4-9a47266c1f8a,Winter 2021,805a6aa6-ae5a-419c-912b-dd3c9fbf2910,fea4630e-beb1-4d1d-8562-9731c22d9173,North Division - Bhatia Shield,raw_7aca23a5_1c8e_4b9a_8fca_4671ef8b67b0,raw_7aca23a5_1c8e_4b9a_8fca_4671ef8b67b0,Tanishq Kikani,Tanishq Kikani,0,0,2021-05-08T22:00:00.0000000+10:00,2
3750296e-c0ac-4f67-ada4-9a47266c1f8a,Winter 2021,805a6aa6-ae5a-419c-912b-dd3c9fbf2910,fea4630e-beb1-4d1d-8562-9731c22d9173,North Division - Bhatia Shield,raw_811c797d_f2dc_4eeb_bfd0_3c2cd719c5ab,raw_811c797d_f2dc_4eeb_bfd0_3c2cd719c5ab,Dinesh Subedi,Dinesh Subedi,0,0,2021-05-22T22:00:00.0000000+10:00,2
3750296e-c0ac-4f67-ada4-9a47266c1f8a,Winter 2021,805a6aa6-ae5a-419c-912b-dd3c9fbf2910,fea4630e-beb1-4d1d-8562-9731c22d9173,North Division - Bhatia Shield,raw_9a2bd07c_c882_4bdc_8ff5_3146f05c1d1c,raw_9a2bd07c_c882_4bdc_8ff5_3146f05c1d1c,Sandeep Reddy,Sandeep Reddy,0,0,2021-06-19T22:00:00.0000000+10:00,4
3750296e-c0ac-4f67-ada4-9a47266c1f8a,Winter 2021,805a6aa6-ae5a-419c-912b-dd3c9fbf2910,fea4630e-beb1-4d1d-8562-9731c22d9173,North Division - Bhatia Shield,raw_a71fb709_fed1_4051_a1e3_c93cb9f4884d,raw_a71fb709_fed1_4051_a1e3_c93cb9f4884d,Gagandip Singh,Gagandip Singh,0,1,2021-07-31T22:00:00.0000000+10:00,2
3750296e-c0ac-4f67-ada4-9a47266c1f8a,Winter 2021,805a6aa6-ae5a-419c-912b-dd3c9fbf2910,fea4630e-beb1-4d1d-8562-9731c22d9173,North Division - Bhatia Shield,raw_b0359b90_ca42_4a35_b0d1_46703899270f,raw_b0359b90_ca42_4a35_b0d1_46703899270f,Sai Krishna Buddaraju,Sai Krishna Buddaraju,2,0,2021-07-31T22:00:00.0000000+10:00,6
3750296e-c0ac-4f67-ada4-9a47266c1f8a,Winter 2021,805a6aa6-ae5a-419c-912b-dd3c9fbf2910,fea4630e-beb1-4d1d-8562-9731c22d9173,North Division - Bhatia Shield,raw_b3b52283_bba3_41bc_8dea_fe249e5487b3,raw_b3b52283_bba3_41bc_8dea_fe249e5487b3,Arun Parvathyraj,Arun Parvathyraj,0,0,2021-07-03T22:00:00.0000000+10:00,2
3750296e-c0ac-4f67-ada4-9a47266c1f8a,Winter 2021,805a6aa6-ae5a-419c-912b-dd3c9fbf2910,fea4630e-beb1-4d1d-8562-9731c22d9173,North Division - Bhatia Shield,raw_bacb745b_1109_4ffc_b4ce_f53bf8c269ce,raw_bacb745b_1109_4ffc_b4ce_f53bf8c269ce,Syed Shabbir,Syed Shabbir,3,0,2021-07-31T22:00:00.0000000+10:00,7
3750296e-c0ac-4f67-ada4-9a47266c1f8a,Winter 2021,805a6aa6-ae5a-419c-912b-dd3c9fbf2910,fea4630e-beb1-4d1d-8562-9731c22d9173,North Division - Bhatia Shield,raw_dbf5720e_4932_4a9e_9fe2_ad3d3b2ce785,raw_dbf5720e_4932_4a9e_9fe2_ad3d3b2ce785,Saurabh Kapoor,Saurabh Kapoor,0,0,2021-05-22T22:00:00.0000000+10:00,1
3750296e-c0ac-4f67-ada4-9a47266c1f8a,Winter 2021,805a6aa6-ae5a-419c-912b-dd3c9fbf2910,fea4630e-beb1-4d1d-8562-9731c22d9173,North Division - Bhatia Shield,raw_de9355bb_27d0_4a45_a8b7_dc956d627dee,raw_de9355bb_27d0_4a45_a8b7_dc956d627dee,Lakshman Gundapaneni,Lakshman Gundapaneni,0,0,2021-05-01T22:00:00.0000000+10:00,1
3750296e-c0ac-4f67-ada4-9a47266c1f8a,Winter 2021,805a6aa6-ae5a-419c-912b-dd3c9fbf2910,fea4630e-beb1-4d1d-8562-9731c22d9173,North Division - Bhatia Shield,raw_e8ba8e6a_f654_4def_9abd_a37b607a6223,raw_e8ba8e6a_f654_4def_9abd_a37b607a6223,Madhu Vadakkedath,Madhu Vadakkedath,0,0,2021-07-31T22:00:00.0000000+10:00,1
3750296e-c0ac-4f67-ada4-9a47266c1f8a,Winter 2021,d092afde-6380-485a-820d-a9e3cd667dbb,547f301c-926a-487d-a1bb-6e9ce20e60aa,North Division - SUNDAY,danny_singh,danny_singh,Danny Singh,Danny Singh,3,0,2021-07-04T22:00:00.0000000+10:00,5
3750296e-c0ac-4f67-ada4-9a47266c1f8a,Winter 2021,d092afde-6380-485a-820d-a9e3cd667dbb,547f301c-926a-487d-a1bb-6e9ce20e60aa,North Division - SUNDAY,ibad_mohammed,ibad_mohammed,Ibad Mohammed,Ibad Mohammed,0,0,2021-07-11T22:00:00.0000000+10:00,2
3750296e-c0ac-4f67-ada4-9a47266c1f8a,Winter 2021,d092afde-6380-485a-820d-a9e3cd667dbb,547f301c-926a-487d-a1bb-6e9ce20e60aa,North Division - SUNDAY,jimmy_sharma,jimmy_sharma,Jimmy Sharma,Jimmy Sharma,0,0,2021-07-04T22:00:00.0000000+10:00,1
3750296e-c0ac-4f67-ada4-9a47266c1f8a,Winter 2021,d092afde-6380-485a-820d-a9e3cd667dbb,547f301c-926a-487d-a1bb-6e9ce20e60aa,North Division - SUNDAY,raw_0ceda279_1aad_42cd_a342_75c5faf3ad14,raw_0ceda279_1aad_42cd_a342_75c5faf3ad14,Vineeth Yamani,Vineeth Yamani,1,0,2021-07-11T22:00:00.0000000+10:00,1
3750296e-c0ac-4f67-ada4-9a47266c1f8a,Winter 2021,d092afde-6380-485a-820d-a9e3cd667dbb,547f301c-926a-487d-a1bb-6e9ce20e60aa,North Division - SUNDAY,raw_100b60f9_15ab_4d35_9626_be4212a5d0e2,raw_100b60f9_15ab_4d35_9626_be4212a5d0e2,Rama Suravajjula,Rama Suravajjula,0,0,2021-07-11T22:00:00.0000000+10:00,4
3750296e-c0ac-4f67-ada4-9a47266c1f8a,Winter 2021,d092afde-6380-485a-820d-a9e3cd667dbb,547f301c-926a-487d-a1bb-6e9ce20e60aa,North Division - SUNDAY,raw_133832e5_c9bf_493d_a799_6f560da6758b,raw_133832e5_c9bf_493d_a799_6f560da6758b,Amal Krishna,Amal Krishna,1,0,2021-07-04T22:00:00.0000000+10:00,5
3750296e-c0ac-4f67-ada4-9a47266c1f8a,Winter 2021,d092afde-6380-485a-820d-a9e3cd667dbb,547f301c-926a-487d-a1bb-6e9ce20e60aa,North Division - SUNDAY,raw_1aa6e1e0_4c30_4a6e_95ba_86edf9389eb4,raw_1aa6e1e0_4c30_4a6e_95ba_86edf9389eb4,Prabesh Osti,Prabesh Osti,0,0,2021-05-09T22:00:00.0000000+10:00,1
3750296e-c0ac-4f67-ada4-9a47266c1f8a,Winter 2021,d092afde-6380-485a-820d-a9e3cd667dbb,547f301c-926a-487d-a1bb-6e9ce20e60aa,North Division - SUNDAY,raw_6467f15a_2de7_4649_8de4_1988645c67f3,raw_6467f15a_2de7_4649_8de4_1988645c67f3,Navin Bhatta,Navin Bhatta,0,0,2021-05-02T22:00:00.0000000+10:00,1
3750296e-c0ac-4f67-ada4-9a47266c1f8a,Winter 2021,d092afde-6380-485a-820d-a9e3cd667dbb,547f301c-926a-487d-a1bb-6e9ce20e60aa,North Division - SUNDAY,raw_6dafae49_e951_4b24_a74a_d5d1ab49db67,raw_6dafae49_e951_4b24_a74a_d5d1ab49db67,Muhammad Nauman,Muhammad Nauman,0,0,2021-06-20T22:00:00.0000000+10:00,1
3750296e-c0ac-4f67-ada4-9a47266c1f8a,Winter 2021,d092afde-6380-485a-820d-a9e3cd667dbb,547f301c-926a-487d-a1bb-6e9ce20e60aa,North Division - SUNDAY,raw_811c797d_f2dc_4eeb_bfd0_3c2cd719c5ab,raw_811c797d_f2dc_4eeb_bfd0_3c2cd719c5ab,Dinesh Subedi,Dinesh Subedi,0,0,2021-05-02T22:00:00.0000000+10:00,1
3750296e-c0ac-4f67-ada4-9a47266c1f8a,Winter 2021,d092afde-6380-485a-820d-a9e3cd667dbb,547f301c-926a-487d-a1bb-6e9ce20e60aa,North Division - SUNDAY,raw_9a2bd07c_c882_4bdc_8ff5_3146f05c1d1c,raw_9a2bd07c_c882_4bdc_8ff5_3146f05c1d1c,Sandeep Reddy,Sandeep Reddy,0,0,2021-06-20T22:00:00.0000000+10:00,1
3750296e-c0ac-4f67-ada4-9a47266c1f8a,Winter 2021,d092afde-6380-485a-820d-a9e3cd667dbb,547f301c-926a-487d-a1bb-6e9ce20e60aa,North Division - SUNDAY,raw_ae261d51_9af8_4123_b965_4adda74aafc6,raw_ae261d51_9af8_4123_b965_4adda74aafc6,Jacob Joseph,Jacob Joseph,1,0,2021-07-11T22:00:00.0000000+10:00,4
3750296e-c0ac-4f67-ada4-9a47266c1f8a,Winter 2021,d092afde-6380-485a-820d-a9e3cd667dbb,547f301c-926a-487d-a1bb-6e9ce20e60aa,North Division - SUNDAY,raw_b0359b90_ca42_4a35_b0d1_46703899270f,raw_b0359b90_ca42_4a35_b0d1_46703899270f,Sai Krishna Buddaraju,Sai Krishna Buddaraju,0,0,2021-06-27T22:00:00.0000000+10:00,1
3750296e-c0ac-4f67-ada4-9a47266c1f8a,Winter 2021,d092afde-6380-485a-820d-a9e3cd667dbb,547f301c-926a-487d-a1bb-6e9ce20e60aa,North Division - SUNDAY,raw_bd3267a9_62a4_4ef6_9c96_ca89ef724e76,raw_bd3267a9_62a4_4ef6_9c96_ca89ef724e76,Santhosh Kumar Chappidi,Santhosh Kumar Chappidi,0,0,2021-07-11T22:00:00.0000000+10:00,7
3750296e-c0ac-4f67-ada4-9a47266c1f8a,Winter 2021,d092afde-6380-485a-820d-a9e3cd667dbb,547f301c-926a-487d-a1bb-6e9ce20e60aa,North Division - SUNDAY,raw_e8ba8e6a_f654_4def_9abd_a37b607a6223,raw_e8ba8e6a_f654_4def_9abd_a37b607a6223,Madhu Vadakkedath,Madhu Vadakkedath,0,0,2021-07-11T22:00:00.0000000+10:00,7
3750296e-c0ac-4f67-ada4-9a47266c1f8a,Winter 2021,d092afde-6380-485a-820d-a9e3cd667dbb,547f301c-926a-487d-a1bb-6e9ce20e60aa,North Division - SUNDAY,raw_f4eec6b0_c7ff_4771_b4f1_8ea5865e1186,raw_f4eec6b0_c7ff_4771_b4f1_8ea5865e1186,Akshat Bodele,Akshat Bodele,1,0,2021-07-11T22:00:00.0000000+10:00,2
3a5d3c8d-38f5-4c33-b1eb-01aeced3cfd3,Summer 2007/08,21398ef0-f489-46de-b2bf-ef8050522c3f,ef4c8771-4fa0-4294-b7fd-916c750bfaae,"NMCA - Bob Herman Shield - ""D"" Grade",ashish_sharma,ashish_sharma,Ashish Sharma,Ashish Sharma,0,0,2008-01-19T13:00:00.0000000+00:00,1
3a5d3c8d-38f5-4c33-b1eb-01aeced3cfd3,Summer 2007/08,21398ef0-f489-46de-b2bf-ef8050522c3f,ef4c8771-4fa0-4294-b7fd-916c750bfaae,"NMCA - Bob Herman Shield - ""D"" Grade",deepak_sharma,deepak_sharma,Deepak Sharma,Deepak Sharma,0,0,2008-02-16T13:00:00.0000000+00:00,8
3a5d3c8d-38f5-4c33-b1eb-01aeced3cfd3,Summer 2007/08,21398ef0-f489-46de-b2bf-ef8050522c3f,ef4c8771-4fa0-4294-b7fd-916c750bfaae,"NMCA - Bob Herman Shield - ""D"" Grade",feroz_hassan,feroz_hassan,Feroz Hassan,Feroz Hassan,0,0,2008-02-16T13:00:00.0000000+00:00,7
3a5d3c8d-38f5-4c33-b1eb-01aeced3cfd3,Summer 2007/08,21398ef0-f489-46de-b2bf-ef8050522c3f,ef4c8771-4fa0-4294-b7fd-916c750bfaae,"NMCA - Bob Herman Shield - ""D"" Grade",raw_0cef65b1_105f_4f25_8577_808d207df3c6,raw_0cef65b1_105f_4f25_8577_808d207df3c6,Ashveen Kumar,Ashveen Kumar,1,0,2008-01-26T13:00:00.0000000+00:00,4
3a5d3c8d-38f5-4c33-b1eb-01aeced3cfd3,Summer 2007/08,21398ef0-f489-46de-b2bf-ef8050522c3f,ef4c8771-4fa0-4294-b7fd-916c750bfaae,"NMCA - Bob Herman Shield - ""D"" Grade",raw_0e4804fa_beb1_4233_aa1d_5f5c438b2c34,raw_0e4804fa_beb1_4233_aa1d_5f5c438b2c34,Colin Ellerton,Colin Ellerton,0,0,2007-11-03T13:00:00.0000000+00:00,3
3a5d3c8d-38f5-4c33-b1eb-01aeced3cfd3,Summer 2007/08,21398ef0-f489-46de-b2bf-ef8050522c3f,ef4c8771-4fa0-4294-b7fd-916c750bfaae,"NMCA - Bob Herman Shield - ""D"" Grade",raw_232cc042_1e4c_423a_9190_e3432698c99d,raw_232cc042_1e4c_423a_9190_e3432698c99d,Reuben Sharan,Reuben Sharan,0,0,2007-10-14T12:30:00.0000000+00:00,1
3a5d3c8d-38f5-4c33-b1eb-01aeced3cfd3,Summer 2007/08,21398ef0-f489-46de-b2bf-ef8050522c3f,ef4c8771-4fa0-4294-b7fd-916c750bfaae,"NMCA - Bob Herman Shield - ""D"" Grade",raw_360868ba_5d2a_4f9f_9f3a_fff5756f3f85,raw_360868ba_5d2a_4f9f_9f3a_fff5756f3f85,Shandil Bhan,Shandil Bhan,1,0,2007-10-20T12:30:00.0000000+00:00,1
3a5d3c8d-38f5-4c33-b1eb-01aeced3cfd3,Summer 2007/08,21398ef0-f489-46de-b2bf-ef8050522c3f,ef4c8771-4fa0-4294-b7fd-916c750bfaae,"NMCA - Bob Herman Shield - ""D"" Grade",raw_47312d02_e750_4474_a21c_8afa89de677b,raw_47312d02_e750_4474_a21c_8afa89de677b,John Iosefo,John Iosefo,0,0,2007-10-14T12:30:00.0000000+00:00,1
3a5d3c8d-38f5-4c33-b1eb-01aeced3cfd3,Summer 2007/08,21398ef0-f489-46de-b2bf-ef8050522c3f,ef4c8771-4fa0-4294-b7fd-916c750bfaae,"NMCA - Bob Herman Shield - ""D"" Grade",raw_6ac032e7_14cb_4216_b72a_2c62e98d5255,raw_6ac032e7_14cb_4216_b72a_2c62e98d5255,Sanjeeva Nandan,Sanjeeva Nandan,0,1,2007-12-01T13:00:00.0000000+00:00,3
3a5d3c8d-38f5-4c33-b1eb-01aeced3cfd3,Summer 2007/08,21398ef0-f489-46de-b2bf-ef8050522c3f,ef4c8771-4fa0-4294-b7fd-916c750bfaae,"NMCA - Bob Herman Shield - ""D"" Grade",raw_6b74d336_b105_407c_b4ef_f68e2fba7862,raw_6b74d336_b105_407c_b4ef_f68e2fba7862,Damandeep Sehra,Damandeep Sehra,1,0,2008-02-16T13:00:00.0000000+00:00,8
3a5d3c8d-38f5-4c33-b1eb-01aeced3cfd3,Summer 2007/08,21398ef0-f489-46de-b2bf-ef8050522c3f,ef4c8771-4fa0-4294-b7fd-916c750bfaae,"NMCA - Bob Herman Shield - ""D"" Grade",raw_75b794ea_e102_491c_8135_150f55e19aec,raw_75b794ea_e102_491c_8135_150f55e19aec,Nakul Kedar,Nakul Kedar,0,0,2007-12-01T13:00:00.0000000+00:00,1
3a5d3c8d-38f5-4c33-b1eb-01aeced3cfd3,Summer 2007/08,21398ef0-f489-46de-b2bf-ef8050522c3f,ef4c8771-4fa0-4294-b7fd-916c750bfaae,"NMCA - Bob Herman Shield - ""D"" Grade",raw_9257a6d7_7887_43bf_a607_df0d79ee3da7,raw_9257a6d7_7887_43bf_a607_df0d79ee3da7,John Singh,John Singh,0,0,2007-11-10T13:00:00.0000000+00:00,2
3a5d3c8d-38f5-4c33-b1eb-01aeced3cfd3,Summer 2007/08,21398ef0-f489-46de-b2bf-ef8050522c3f,ef4c8771-4fa0-4294-b7fd-916c750bfaae,"NMCA - Bob Herman Shield - ""D"" Grade",raw_b6847559_d901_4dca_8788_818fa98d68bb,raw_b6847559_d901_4dca_8788_818fa98d68bb,Nick Edgar,Nick Edgar,0,0,2007-10-20T12:30:00.0000000+00:00,1
3a5d3c8d-38f5-4c33-b1eb-01aeced3cfd3,Summer 2007/08,21398ef0-f489-46de-b2bf-ef8050522c3f,ef4c8771-4fa0-4294-b7fd-916c750bfaae,"NMCA - Bob Herman Shield - ""D"" Grade",raw_d3a86d56_84b7_4eb2_946e_46dc86ee434f,raw_d3a86d56_84b7_4eb2_946e_46dc86ee434f,Raaj Chandra,Raaj Chandra,1,0,2008-01-26T13:00:00.0000000+00:00,2
3a5d3c8d-38f5-4c33-b1eb-01aeced3cfd3,Summer 2007/08,21398ef0-f489-46de-b2bf-ef8050522c3f,ef4c8771-4fa0-4294-b7fd-916c750bfaae,"NMCA - Bob Herman Shield - ""D"" Grade",raw_d67ae9a7_e7b3_4b34_bd0f_f97332545d18,raw_d67ae9a7_e7b3_4b34_bd0f_f97332545d18,Damandeep Singh,Damandeep Singh,0,0,2008-01-26T13:00:00.0000000+00:00,2
3a5d3c8d-38f5-4c33-b1eb-01aeced3cfd3,Summer 2007/08,21398ef0-f489-46de-b2bf-ef8050522c3f,ef4c8771-4fa0-4294-b7fd-916c750bfaae,"NMCA - Bob Herman Shield - ""D"" Grade",raw_fabe3087_4118_4ebf_ae00_523358904311,raw_fabe3087_4118_4ebf_ae00_523358904311,Alex Moderana,Alex Moderana,2,0,2008-02-16T13:00:00.0000000+00:00,6
3a5d3c8d-38f5-4c33-b1eb-01aeced3cfd3,Summer 2007/08,21398ef0-f489-46de-b2bf-ef8050522c3f,ef4c8771-4fa0-4294-b7fd-916c750bfaae,"NMCA - Bob Herman Shield - ""D"" Grade",ricky_singh,ricky_singh,Ricky Singh,Ricky Singh,2,0,2008-02-16T13:00:00.0000000+00:00,9
3a5d3c8d-38f5-4c33-b1eb-01aeced3cfd3,Summer 2007/08,21398ef0-f489-46de-b2bf-ef8050522c3f,ef4c8771-4fa0-4294-b7fd-916c750bfaae,"NMCA - Bob Herman Shield - ""D"" Grade",shivnyl_naidu,shivnyl_naidu,Shivnyl Naidu,Shivnyl Naidu,1,1,2008-02-16T13:00:00.0000000+00:00,3
3a5d3c8d-38f5-4c33-b1eb-01aeced3cfd3,Summer 2007/08,21398ef0-f489-46de-b2bf-ef8050522c3f,ef4c8771-4fa0-4294-b7fd-916c750bfaae,"NMCA - Bob Herman Shield - ""D"" Grade",vinay_sharma,vinay_sharma,Vinay Sharma,Vinay Sharma,0,0,2007-10-14T12:30:00.0000000+00:00,1
3a5d3c8d-38f5-4c33-b1eb-01aeced3cfd3,Summer 2007/08,21398ef0-f489-46de-b2bf-ef8050522c3f,ef4c8771-4fa0-4294-b7fd-916c750bfaae,"NMCA - Bob Herman Shield - ""D"" Grade",vinit_naidu,vinit_naidu,Vinit Naidu,Vinit Naidu,0,0,2007-10-20T12:30:00.0000000+00:00,4
3a5d3c8d-38f5-4c33-b1eb-01aeced3cfd3,Summer 2007/08,c369c74e-f5ff-42f8-97b5-df7714d6818f,238d2e27-c3c6-4924-b9c0-52c6c1943aa1,NMCA - Jack Kelly Shield,amresh_bhan,amresh_bhan,Amresh Bhan,Amresh Bhan,0,0,2007-10-06T12:30:00.0000000+00:00,1
3a5d3c8d-38f5-4c33-b1eb-01aeced3cfd3,Summer 2007/08,c369c74e-f5ff-42f8-97b5-df7714d6818f,238d2e27-c3c6-4924-b9c0-52c6c1943aa1,NMCA - Jack Kelly Shield,clint_fernandes,clint_fernandes,Clint Fernandes,Clint Fernandes,4,0,2008-03-15T13:00:00.0000000+00:00,14
3a5d3c8d-38f5-4c33-b1eb-01aeced3cfd3,Summer 2007/08,c369c74e-f5ff-42f8-97b5-df7714d6818f,238d2e27-c3c6-4924-b9c0-52c6c1943aa1,NMCA - Jack Kelly Shield,feroz_hassan,feroz_hassan,Feroz Hassan,Feroz Hassan,0,0,2008-01-26T13:00:00.0000000+00:00,3
3a5d3c8d-38f5-4c33-b1eb-01aeced3cfd3,Summer 2007/08,c369c74e-f5ff-42f8-97b5-df7714d6818f,238d2e27-c3c6-4924-b9c0-52c6c1943aa1,NMCA - Jack Kelly Shield,raw_02d91c00_a449_48ec_a770_37b96a0948f8,raw_02d91c00_a449_48ec_a770_37b96a0948f8,Pramen Nand,Pramen Nand,0,0,2007-10-20T12:30:00.0000000+00:00,1
3a5d3c8d-38f5-4c33-b1eb-01aeced3cfd3,Summer 2007/08,c369c74e-f5ff-42f8-97b5-df7714d6818f,238d2e27-c3c6-4924-b9c0-52c6c1943aa1,NMCA - Jack Kelly Shield,raw_162cce2f_a5bb_451f_ab68_d7a037f018ee,raw_162cce2f_a5bb_451f_ab68_d7a037f018ee,Benjamin Frew,Benjamin Frew,2,0,2008-03-08T13:00:00.0000000+00:00,9
3a5d3c8d-38f5-4c33-b1eb-01aeced3cfd3,Summer 2007/08,c369c74e-f5ff-42f8-97b5-df7714d6818f,238d2e27-c3c6-4924-b9c0-52c6c1943aa1,NMCA - Jack Kelly Shield,raw_360868ba_5d2a_4f9f_9f3a_fff5756f3f85,raw_360868ba_5d2a_4f9f_9f3a_fff5756f3f85,Shandil Bhan,Shandil Bhan,3,0,2008-03-15T13:00:00.0000000+00:00,8
3a5d3c8d-38f5-4c33-b1eb-01aeced3cfd3,Summer 2007/08,c369c74e-f5ff-42f8-97b5-df7714d6818f,238d2e27-c3c6-4924-b9c0-52c6c1943aa1,NMCA - Jack Kelly Shield,raw_4df23ec6_b95a_4683_9e5a_58a272a1cb17,raw_4df23ec6_b95a_4683_9e5a_58a272a1cb17,Shalen Nand,Shalen Nand,2,0,2008-03-15T13:00:00.0000000+00:00,9
3a5d3c8d-38f5-4c33-b1eb-01aeced3cfd3,Summer 2007/08,c369c74e-f5ff-42f8-97b5-df7714d6818f,238d2e27-c3c6-4924-b9c0-52c6c1943aa1,NMCA - Jack Kelly Shield,raw_6ac032e7_14cb_4216_b72a_2c62e98d5255,raw_6ac032e7_14cb_4216_b72a_2c62e98d5255,Sanjeeva Nandan,Sanjeeva Nandan,0,0,2008-02-16T13:00:00.0000000+00:00,5
3a5d3c8d-38f5-4c33-b1eb-01aeced3cfd3,Summer 2007/08,c369c74e-f5ff-42f8-97b5-df7714d6818f,238d2e27-c3c6-4924-b9c0-52c6c1943aa1,NMCA - Jack Kelly Shield,raw_6b74d336_b105_407c_b4ef_f68e2fba7862,raw_6b74d336_b105_407c_b4ef_f68e2fba7862,Damandeep Sehra,Damandeep Sehra,0,0,2007-11-17T13:00:00.0000000+00:00,1
3a5d3c8d-38f5-4c33-b1eb-01aeced3cfd3,Summer 2007/08,c369c74e-f5ff-42f8-97b5-df7714d6818f,238d2e27-c3c6-4924-b9c0-52c6c1943aa1,NMCA - Jack Kelly Shield,raw_75b794ea_e102_491c_8135_150f55e19aec,raw_75b794ea_e102_491c_8135_150f55e19aec,Nakul Kedar,Nakul Kedar,1,0,2008-01-26T13:00:00.0000000+00:00,3
3a5d3c8d-38f5-4c33-b1eb-01aeced3cfd3,Summer 2007/08,c369c74e-f5ff-42f8-97b5-df7714d6818f,238d2e27-c3c6-4924-b9c0-52c6c1943aa1,NMCA - Jack Kelly Shield,raw_d67ae9a7_e7b3_4b34_bd0f_f97332545d18,raw_d67ae9a7_e7b3_4b34_bd0f_f97332545d18,Damandeep Singh,Damandeep Singh,1,0,2008-03-15T13:00:00.0000000+00:00,4
3a5d3c8d-38f5-4c33-b1eb-01aeced3cfd3,Summer 2007/08,c369c74e-f5ff-42f8-97b5-df7714d6818f,238d2e27-c3c6-4924-b9c0-52c6c1943aa1,NMCA - Jack Kelly Shield,raw_d7f93a87_6b05_4830_a524_41457fd00603,raw_d7f93a87_6b05_4830_a524_41457fd00603,Shaun Vikash,Shaun Vikash,4,1,2008-03-15T13:00:00.0000000+00:00,15
3a5d3c8d-38f5-4c33-b1eb-01aeced3cfd3,Summer 2007/08,c369c74e-f5ff-42f8-97b5-df7714d6818f,238d2e27-c3c6-4924-b9c0-52c6c1943aa1,NMCA - Jack Kelly Shield,raw_e6a98753_41b1_4aeb_b725_2f895b22754b,raw_e6a98753_41b1_4aeb_b725_2f895b22754b,Raja Parekh,Raja Parekh,2,0,2008-03-01T13:00:00.0000000+00:00,5
3a5d3c8d-38f5-4c33-b1eb-01aeced3cfd3,Summer 2007/08,c369c74e-f5ff-42f8-97b5-df7714d6818f,238d2e27-c3c6-4924-b9c0-52c6c1943aa1,NMCA - Jack Kelly Shield,raw_fabe3087_4118_4ebf_ae00_523358904311,raw_fabe3087_4118_4ebf_ae00_523358904311,Alex Moderana,Alex Moderana,0,0,2008-01-19T13:00:00.0000000+00:00,1
3a5d3c8d-38f5-4c33-b1eb-01aeced3cfd3,Summer 2007/08,c369c74e-f5ff-42f8-97b5-df7714d6818f,238d2e27-c3c6-4924-b9c0-52c6c1943aa1,NMCA - Jack Kelly Shield,sanjay_ct,sanjay_ct,Sanjay Ct,Sanjay Ct,0,0,2008-02-16T13:00:00.0000000+00:00,1
3a5d3c8d-38f5-4c33-b1eb-01aeced3cfd3,Summer 2007/08,c369c74e-f5ff-42f8-97b5-df7714d6818f,238d2e27-c3c6-4924-b9c0-52c6c1943aa1,NMCA - Jack Kelly Shield,vinit_naidu,vinit_naidu,Vinit Naidu,Vinit Naidu,0,0,2008-03-08T13:00:00.0000000+00:00,9
3bf412ae-5efe-4a2b-9d0f-7174ce7d0a71,Summer 2002/03,7db71968-7921-4410-8ff1-40f41f3c31a6,fe7e1faf-e482-4f47-979f-62cd65690a70,"NMCA - Les Horne Shield - ""C"" Grade",amresh_bhan,amresh_bhan,Amresh Bhan,Amresh Bhan,3,2,2003-03-15T00:00:00.0000000+00:00,11
3bf412ae-5efe-4a2b-9d0f-7174ce7d0a71,Summer 2002/03,7db71968-7921-4410-8ff1-40f41f3c31a6,fe7e1faf-e482-4f47-979f-62cd65690a70,"NMCA - Les Horne Shield - ""C"" Grade",clint_fernandes,clint_fernandes,Clint Fernandes,Clint Fernandes,6,3,2003-03-15T00:00:00.0000000+00:00,13
3bf412ae-5efe-4a2b-9d0f-7174ce7d0a71,Summer 2002/03,7db71968-7921-4410-8ff1-40f41f3c31a6,fe7e1faf-e482-4f47-979f-62cd65690a70,"NMCA - Les Horne Shield - ""C"" Grade",danny_singh,danny_singh,Danny Singh,Danny Singh,0,0,2002-10-19T00:00:00.0000000+00:00,1
3bf412ae-5efe-4a2b-9d0f-7174ce7d0a71,Summer 2002/03,7db71968-7921-4410-8ff1-40f41f3c31a6,fe7e1faf-e482-4f47-979f-62cd65690a70,"NMCA - Les Horne Shield - ""C"" Grade",mayur_mohan,mayur_mohan,Mayur Mohan,Mayur Mohan,2,0,2003-03-01T00:00:00.0000000+00:00,10
3bf412ae-5efe-4a2b-9d0f-7174ce7d0a71,Summer 2002/03,7db71968-7921-4410-8ff1-40f41f3c31a6,fe7e1faf-e482-4f47-979f-62cd65690a70,"NMCA - Les Horne Shield - ""C"" Grade",raw_360868ba_5d2a_4f9f_9f3a_fff5756f3f85,raw_360868ba_5d2a_4f9f_9f3a_fff5756f3f85,Shandil Bhan,Shandil Bhan,1,0,2003-03-15T00:00:00.0000000+00:00,13
3bf412ae-5efe-4a2b-9d0f-7174ce7d0a71,Summer 2002/03,7db71968-7921-4410-8ff1-40f41f3c31a6,fe7e1faf-e482-4f47-979f-62cd65690a70,"NMCA - Les Horne Shield - ""C"" Grade",raw_4d7fe36b_3aee_419e_a708_757092d99b32,raw_4d7fe36b_3aee_419e_a708_757092d99b32,Vikash Rugoobur,Vikash Rugoobur,0,0,2003-02-08T00:00:00.0000000+00:00,1
3bf412ae-5efe-4a2b-9d0f-7174ce7d0a71,Summer 2002/03,7db71968-7921-4410-8ff1-40f41f3c31a6,fe7e1faf-e482-4f47-979f-62cd65690a70,"NMCA - Les Horne Shield - ""C"" Grade",raw_4df23ec6_b95a_4683_9e5a_58a272a1cb17,raw_4df23ec6_b95a_4683_9e5a_58a272a1cb17,Shalen Nand,Shalen Nand,2,0,2003-02-22T00:00:00.0000000+00:00,8
3bf412ae-5efe-4a2b-9d0f-7174ce7d0a71,Summer 2002/03,7db71968-7921-4410-8ff1-40f41f3c31a6,fe7e1faf-e482-4f47-979f-62cd65690a70,"NMCA - Les Horne Shield - ""C"" Grade",raw_9fd2a404_b670_4f95_a13c_401b88a6c37e,raw_9fd2a404_b670_4f95_a13c_401b88a6c37e,Vikash Chand,Vikash Chand,0,0,2002-11-09T00:00:00.0000000+00:00,1
3bf412ae-5efe-4a2b-9d0f-7174ce7d0a71,Summer 2002/03,7db71968-7921-4410-8ff1-40f41f3c31a6,fe7e1faf-e482-4f47-979f-62cd65690a70,"NMCA - Les Horne Shield - ""C"" Grade",raw_d3a86d56_84b7_4eb2_946e_46dc86ee434f,raw_d3a86d56_84b7_4eb2_946e_46dc86ee434f,Raaj Chandra,Raaj Chandra,0,0,2003-01-25T00:00:00.0000000+00:00,1
3bf412ae-5efe-4a2b-9d0f-7174ce7d0a71,Summer 2002/03,7db71968-7921-4410-8ff1-40f41f3c31a6,fe7e1faf-e482-4f47-979f-62cd65690a70,"NMCA - Les Horne Shield - ""C"" Grade",raw_e6a98753_41b1_4aeb_b725_2f895b22754b,raw_e6a98753_41b1_4aeb_b725_2f895b22754b,Raja Parekh,Raja Parekh,1,0,2003-03-01T00:00:00.0000000+00:00,5
3bf412ae-5efe-4a2b-9d0f-7174ce7d0a71,Summer 2002/03,7db71968-7921-4410-8ff1-40f41f3c31a6,fe7e1faf-e482-4f47-979f-62cd65690a70,"NMCA - Les Horne Shield - ""C"" Grade",raw_ef7c9041_7c28_4a26_b0ca_97e914007ca1,raw_ef7c9041_7c28_4a26_b0ca_97e914007ca1,Sachin Chand,Sachin Chand,0,0,2003-02-22T00:00:00.0000000+00:00,4
3bf412ae-5efe-4a2b-9d0f-7174ce7d0a71,Summer 2002/03,7db71968-7921-4410-8ff1-40f41f3c31a6,fe7e1faf-e482-4f47-979f-62cd65690a70,"NMCA - Les Horne Shield - ""C"" Grade",vinit_naidu,vinit_naidu,Vinit Naidu,Vinit Naidu,0,0,2003-03-15T00:00:00.0000000+00:00,9
3e3a72f9-34fa-49f5-a42e-35d86629a3af,Summer 2022/23,42f585f8-740d-440c-a9fc-2c645ce1849d,4c4d03bf-d4f9-447f-beae-7fee1019941e,"NMCA - Les Kemp Shield - ""E"" Grade",aravind_boddula,aravind_boddula,Aravind Boddula,Aravind Boddula,0,0,2023-02-05T00:00:00.0000000+11:00,1
3e3a72f9-34fa-49f5-a42e-35d86629a3af,Summer 2022/23,42f585f8-740d-440c-a9fc-2c645ce1849d,4c4d03bf-d4f9-447f-beae-7fee1019941e,"NMCA - Les Kemp Shield - ""E"" Grade",feroz_hassan,feroz_hassan,Feroz Hassan,Feroz Hassan,0,0,2023-02-12T00:00:00.0000000+11:00,10
3e3a72f9-34fa-49f5-a42e-35d86629a3af,Summer 2022/23,42f585f8-740d-440c-a9fc-2c645ce1849d,4c4d03bf-d4f9-447f-beae-7fee1019941e,"NMCA - Les Kemp Shield - ""E"" Grade",gopi_krishna,gopi_krishna,Gopi Krishna,Gopi Krishna,0,0,2023-02-12T00:00:00.0000000+11:00,1
3e3a72f9-34fa-49f5-a42e-35d86629a3af,Summer 2022/23,42f585f8-740d-440c-a9fc-2c645ce1849d,4c4d03bf-d4f9-447f-beae-7fee1019941e,"NMCA - Les Kemp Shield - ""E"" Grade",phanindra_padigella,phanindra_padigella,Phanindra Padigella,Phanindra Padigella,1,0,2023-02-19T00:00:00.0000000+11:00,7
3e3a72f9-34fa-49f5-a42e-35d86629a3af,Summer 2022/23,42f585f8-740d-440c-a9fc-2c645ce1849d,4c4d03bf-d4f9-447f-beae-7fee1019941e,"NMCA - Les Kemp Shield - ""E"" Grade",predheesh_valayil_sivanandan,predheesh_valayil_sivanandan,Predheesh Valayil Sivanandan,Predheesh Valayil Sivanandan,0,0,2023-01-22T00:00:00.0000000+11:00,1
3e3a72f9-34fa-49f5-a42e-35d86629a3af,Summer 2022/23,42f585f8-740d-440c-a9fc-2c645ce1849d,4c4d03bf-d4f9-447f-beae-7fee1019941e,"NMCA - Les Kemp Shield - ""E"" Grade",ravi_chowdary,ravi_chowdary,Ravi Chowdary,Ravi Chowdary,0,0,2023-02-19T00:00:00.0000000+11:00,2
3e3a72f9-34fa-49f5-a42e-35d86629a3af,Summer 2022/23,42f585f8-740d-440c-a9fc-2c645ce1849d,4c4d03bf-d4f9-447f-beae-7fee1019941e,"NMCA - Les Kemp Shield - ""E"" Grade",raw_0ceda279_1aad_42cd_a342_75c5faf3ad14,raw_0ceda279_1aad_42cd_a342_75c5faf3ad14,Vineeth Yamani,Vineeth Yamani,0,0,2023-02-26T00:00:00.0000000+11:00,4
3e3a72f9-34fa-49f5-a42e-35d86629a3af,Summer 2022/23,42f585f8-740d-440c-a9fc-2c645ce1849d,4c4d03bf-d4f9-447f-beae-7fee1019941e,"NMCA - Les Kemp Shield - ""E"" Grade",raw_100b60f9_15ab_4d35_9626_be4212a5d0e2,raw_100b60f9_15ab_4d35_9626_be4212a5d0e2,Rama Suravajjula,Rama Suravajjula,0,0,2023-02-26T00:00:00.0000000+11:00,4
3e3a72f9-34fa-49f5-a42e-35d86629a3af,Summer 2022/23,42f585f8-740d-440c-a9fc-2c645ce1849d,4c4d03bf-d4f9-447f-beae-7fee1019941e,"NMCA - Les Kemp Shield - ""E"" Grade",raw_162cce2f_a5bb_451f_ab68_d7a037f018ee,raw_162cce2f_a5bb_451f_ab68_d7a037f018ee,Benjamin Frew,Benjamin Frew,0,0,2023-02-12T00:00:00.0000000+11:00,1
3e3a72f9-34fa-49f5-a42e-35d86629a3af,Summer 2022/23,42f585f8-740d-440c-a9fc-2c645ce1849d,4c4d03bf-d4f9-447f-beae-7fee1019941e,"NMCA - Les Kemp Shield - ""E"" Grade",raw_248d59b2_4390_4bdf_a379_7376c701d492,raw_248d59b2_4390_4bdf_a379_7376c701d492,Faisal Shahzad,Faisal Shahzad,0,0,2022-10-01T22:30:00.0000000+10:00,1
3e3a72f9-34fa-49f5-a42e-35d86629a3af,Summer 2022/23,42f585f8-740d-440c-a9fc-2c645ce1849d,4c4d03bf-d4f9-447f-beae-7fee1019941e,"NMCA - Les Kemp Shield - ""E"" Grade",raw_400e4752_f236_4ca7_93e9_fd8ebee6735e,raw_400e4752_f236_4ca7_93e9_fd8ebee6735e,Siddhanth Chaurasiya,Siddhanth Chaurasiya,1,0,2023-02-26T00:00:00.0000000+11:00,3
3e3a72f9-34fa-49f5-a42e-35d86629a3af,Summer 2022/23,42f585f8-740d-440c-a9fc-2c645ce1849d,4c4d03bf-d4f9-447f-beae-7fee1019941e,"NMCA - Les Kemp Shield - ""E"" Grade",raw_4769e1b9_4c41_45b6_b3b1_424c7e683677,raw_4769e1b9_4c41_45b6_b3b1_424c7e683677,Santhosh Reddy Mekala,Santhosh Reddy Mekala,1,0,2022-11-27T00:00:00.0000000+11:00,3
3e3a72f9-34fa-49f5-a42e-35d86629a3af,Summer 2022/23,42f585f8-740d-440c-a9fc-2c645ce1849d,4c4d03bf-d4f9-447f-beae-7fee1019941e,"NMCA - Les Kemp Shield - ""E"" Grade",raw_4c899c82_14c3_4e9f_885b_b05a78a9b5bf,raw_4c899c82_14c3_4e9f_885b_b05a78a9b5bf,Aiman Toufiq,Aiman Toufiq,0,0,2022-11-13T00:00:00.0000000+11:00,2
3e3a72f9-34fa-49f5-a42e-35d86629a3af,Summer 2022/23,42f585f8-740d-440c-a9fc-2c645ce1849d,4c4d03bf-d4f9-447f-beae-7fee1019941e,"NMCA - Les Kemp Shield - ""E"" Grade",raw_6dafae49_e951_4b24_a74a_d5d1ab49db67,raw_6dafae49_e951_4b24_a74a_d5d1ab49db67,Muhammad Nauman,Muhammad Nauman,0,0,2022-10-01T22:30:00.0000000+10:00,1
3e3a72f9-34fa-49f5-a42e-35d86629a3af,Summer 2022/23,42f585f8-740d-440c-a9fc-2c645ce1849d,4c4d03bf-d4f9-447f-beae-7fee1019941e,"NMCA - Les Kemp Shield - ""E"" Grade",raw_7a46f0db_94ac_4b52_91d7_a1689d661d9e,raw_7a46f0db_94ac_4b52_91d7_a1689d661d9e,Abhishek Suresh,Abhishek Suresh,0,0,2022-12-18T00:00:00.0000000+11:00,1
3e3a72f9-34fa-49f5-a42e-35d86629a3af,Summer 2022/23,42f585f8-740d-440c-a9fc-2c645ce1849d,4c4d03bf-d4f9-447f-beae-7fee1019941e,"NMCA - Les Kemp Shield - ""E"" Grade",raw_807e1c64_5a12_4d8d_afcc_0e7dde5940cf,raw_807e1c64_5a12_4d8d_afcc_0e7dde5940cf,Ashwith Amit,Ashwith Amit,0,0,2023-02-26T00:00:00.0000000+11:00,2
3e3a72f9-34fa-49f5-a42e-35d86629a3af,Summer 2022/23,42f585f8-740d-440c-a9fc-2c645ce1849d,4c4d03bf-d4f9-447f-beae-7fee1019941e,"NMCA - Les Kemp Shield - ""E"" Grade",raw_84f6c3cd_d9a6_4b30_a50b_a564ca4fbf0e,raw_84f6c3cd_d9a6_4b30_a50b_a564ca4fbf0e,Sravan Donthireddy,Sravan Donthireddy,0,0,2023-02-05T00:00:00.0000000+11:00,3
3e3a72f9-34fa-49f5-a42e-35d86629a3af,Summer 2022/23,42f585f8-740d-440c-a9fc-2c645ce1849d,4c4d03bf-d4f9-447f-beae-7fee1019941e,"NMCA - Les Kemp Shield - ""E"" Grade",raw_8557137e_8e9a_403f_a2e5_197066bc94b7,raw_8557137e_8e9a_403f_a2e5_197066bc94b7,Muhammad Abidi,Muhammad Abidi,0,0,2023-01-22T00:00:00.0000000+11:00,2
3e3a72f9-34fa-49f5-a42e-35d86629a3af,Summer 2022/23,42f585f8-740d-440c-a9fc-2c645ce1849d,4c4d03bf-d4f9-447f-beae-7fee1019941e,"NMCA - Les Kemp Shield - ""E"" Grade",raw_9fbd0da7_c772_4b48_a8f5_e5d904ee091c,raw_9fbd0da7_c772_4b48_a8f5_e5d904ee091c,Syed Uddin,Syed Uddin,0,0,2023-01-08T00:00:00.0000000+11:00,1
3e3a72f9-34fa-49f5-a42e-35d86629a3af,Summer 2022/23,42f585f8-740d-440c-a9fc-2c645ce1849d,4c4d03bf-d4f9-447f-beae-7fee1019941e,"NMCA - Les Kemp Shield - ""E"" Grade",raw_ae261d51_9af8_4123_b965_4adda74aafc6,raw_ae261d51_9af8_4123_b965_4adda74aafc6,Jacob Joseph,Jacob Joseph,1,0,2022-12-18T00:00:00.0000000+11:00,5
3e3a72f9-34fa-49f5-a42e-35d86629a3af,Summer 2022/23,42f585f8-740d-440c-a9fc-2c645ce1849d,4c4d03bf-d4f9-447f-beae-7fee1019941e,"NMCA - Les Kemp Shield - ""E"" Grade",raw_b0359b90_ca42_4a35_b0d1_46703899270f,raw_b0359b90_ca42_4a35_b0d1_46703899270f,Sai Krishna Buddaraju,Sai Krishna Buddaraju,0,0,2022-11-20T00:00:00.0000000+11:00,2
3e3a72f9-34fa-49f5-a42e-35d86629a3af,Summer 2022/23,42f585f8-740d-440c-a9fc-2c645ce1849d,4c4d03bf-d4f9-447f-beae-7fee1019941e,"NMCA - Les Kemp Shield - ""E"" Grade",raw_b681a84c_c848_4e34_ad9d_1a12409c0034,raw_b681a84c_c848_4e34_ad9d_1a12409c0034,Abhilash Chiddamsetty,Abhilash Chiddamsetty,0,0,2022-12-04T00:00:00.0000000+11:00,1
3e3a72f9-34fa-49f5-a42e-35d86629a3af,Summer 2022/23,42f585f8-740d-440c-a9fc-2c645ce1849d,4c4d03bf-d4f9-447f-beae-7fee1019941e,"NMCA - Les Kemp Shield - ""E"" Grade",raw_bacb745b_1109_4ffc_b4ce_f53bf8c269ce,raw_bacb745b_1109_4ffc_b4ce_f53bf8c269ce,Syed Shabbir,Syed Shabbir,0,0,2022-10-01T22:30:00.0000000+10:00,1
3e3a72f9-34fa-49f5-a42e-35d86629a3af,Summer 2022/23,42f585f8-740d-440c-a9fc-2c645ce1849d,4c4d03bf-d4f9-447f-beae-7fee1019941e,"NMCA - Les Kemp Shield - ""E"" Grade",raw_e8ba8e6a_f654_4def_9abd_a37b607a6223,raw_e8ba8e6a_f654_4def_9abd_a37b607a6223,Madhu Vadakkedath,Madhu Vadakkedath,1,0,2023-02-12T00:00:00.0000000+11:00,1
3e3a72f9-34fa-49f5-a42e-35d86629a3af,Summer 2022/23,42f585f8-740d-440c-a9fc-2c645ce1849d,4c4d03bf-d4f9-447f-beae-7fee1019941e,"NMCA - Les Kemp Shield - ""E"" Grade",shiv_ganachari,shiv_ganachari,Shiv Ganachari,Shiv Ganachari,1,0,2023-02-26T00:00:00.0000000+11:00,3
3e3a72f9-34fa-49f5-a42e-35d86629a3af,Summer 2022/23,42f585f8-740d-440c-a9fc-2c645ce1849d,4c4d03bf-d4f9-447f-beae-7fee1019941e,"NMCA - Les Kemp Shield - ""E"" Grade",vinay_kumar_reddy_kontham,vinay_kumar_reddy_kontham,Vinay Kumar Reddy Kontham,Vinay Kumar Reddy Kontham,1,0,2023-02-19T00:00:00.0000000+11:00,6
3e3a72f9-34fa-49f5-a42e-35d86629a3af,Summer 2022/23,42f585f8-740d-440c-a9fc-2c645ce1849d,4c4d03bf-d4f9-447f-beae-7fee1019941e,"NMCA - Les Kemp Shield - ""E"" Grade",vishnu_para,vishnu_para,Vishnu Para,Vishnu Para,1,0,2022-12-04T00:00:00.0000000+11:00,5
3e3a72f9-34fa-49f5-a42e-35d86629a3af,Summer 2022/23,bbc87373-7bf7-4034-b40d-fbd1d41fb586,11a1be99-f241-4e54-b4ff-352adcdd813d,NMCA - Jack Quick Shield,balaji_viswanathan,balaji_viswanathan,Balaji Viswanathan,Balaji Viswanathan,2,0,2023-02-26T00:00:00.0000000+11:00,14
3e3a72f9-34fa-49f5-a42e-35d86629a3af,Summer 2022/23,bbc87373-7bf7-4034-b40d-fbd1d41fb586,11a1be99-f241-4e54-b4ff-352adcdd813d,NMCA - Jack Quick Shield,baurel_d_mello,baurel_d_mello,Baurel D'Mello,Baurel D'Mello,0,0,2023-02-26T00:00:00.0000000+11:00,9
3e3a72f9-34fa-49f5-a42e-35d86629a3af,Summer 2022/23,bbc87373-7bf7-4034-b40d-fbd1d41fb586,11a1be99-f241-4e54-b4ff-352adcdd813d,NMCA - Jack Quick Shield,ibad_mohammed,ibad_mohammed,Ibad Mohammed,Ibad Mohammed,0,0,2023-01-15T00:00:00.0000000+11:00,1
3e3a72f9-34fa-49f5-a42e-35d86629a3af,Summer 2022/23,bbc87373-7bf7-4034-b40d-fbd1d41fb586,11a1be99-f241-4e54-b4ff-352adcdd813d,NMCA - Jack Quick Shield,kalpeshkumar_patel,kalpeshkumar_patel,Kalpeshkumar Patel,Kalpeshkumar Patel,0,0,2022-11-13T00:00:00.0000000+11:00,1
3e3a72f9-34fa-49f5-a42e-35d86629a3af,Summer 2022/23,bbc87373-7bf7-4034-b40d-fbd1d41fb586,11a1be99-f241-4e54-b4ff-352adcdd813d,NMCA - Jack Quick Shield,predheesh_valayil_sivanandan,predheesh_valayil_sivanandan,Predheesh Valayil Sivanandan,Predheesh Valayil Sivanandan,0,0,2022-12-11T00:00:00.0000000+11:00,5
3e3a72f9-34fa-49f5-a42e-35d86629a3af,Summer 2022/23,bbc87373-7bf7-4034-b40d-fbd1d41fb586,11a1be99-f241-4e54-b4ff-352adcdd813d,NMCA - Jack Quick Shield,raw_162cce2f_a5bb_451f_ab68_d7a037f018ee,raw_162cce2f_a5bb_451f_ab68_d7a037f018ee,Benjamin Frew,Benjamin Frew,0,0,2022-12-18T00:00:00.0000000+11:00,1
3e3a72f9-34fa-49f5-a42e-35d86629a3af,Summer 2022/23,bbc87373-7bf7-4034-b40d-fbd1d41fb586,11a1be99-f241-4e54-b4ff-352adcdd813d,NMCA - Jack Quick Shield,raw_2c167bd3_c65c_4abd_8fa8_7351cfe9aa59,raw_2c167bd3_c65c_4abd_8fa8_7351cfe9aa59,Sajendra Shrestha,Sajendra Shrestha,0,0,2023-02-26T00:00:00.0000000+11:00,2
3e3a72f9-34fa-49f5-a42e-35d86629a3af,Summer 2022/23,bbc87373-7bf7-4034-b40d-fbd1d41fb586,11a1be99-f241-4e54-b4ff-352adcdd813d,NMCA - Jack Quick Shield,raw_9a2bd07c_c882_4bdc_8ff5_3146f05c1d1c,raw_9a2bd07c_c882_4bdc_8ff5_3146f05c1d1c,Sandeep Reddy,Sandeep Reddy,1,0,2022-10-01T22:30:00.0000000+10:00,1
3e3a72f9-34fa-49f5-a42e-35d86629a3af,Summer 2022/23,bbc87373-7bf7-4034-b40d-fbd1d41fb586,11a1be99-f241-4e54-b4ff-352adcdd813d,NMCA - Jack Quick Shield,raw_b0359b90_ca42_4a35_b0d1_46703899270f,raw_b0359b90_ca42_4a35_b0d1_46703899270f,Sai Krishna Buddaraju,Sai Krishna Buddaraju,0,0,2022-12-18T00:00:00.0000000+11:00,2
3e3a72f9-34fa-49f5-a42e-35d86629a3af,Summer 2022/23,bbc87373-7bf7-4034-b40d-fbd1d41fb586,11a1be99-f241-4e54-b4ff-352adcdd813d,NMCA - Jack Quick Shield,raw_bacb745b_1109_4ffc_b4ce_f53bf8c269ce,raw_bacb745b_1109_4ffc_b4ce_f53bf8c269ce,Syed Shabbir,Syed Shabbir,0,0,2023-02-19T00:00:00.0000000+11:00,1
3e3a72f9-34fa-49f5-a42e-35d86629a3af,Summer 2022/23,bbc87373-7bf7-4034-b40d-fbd1d41fb586,11a1be99-f241-4e54-b4ff-352adcdd813d,NMCA - Jack Quick Shield,raw_bd3267a9_62a4_4ef6_9c96_ca89ef724e76,raw_bd3267a9_62a4_4ef6_9c96_ca89ef724e76,Santhosh Kumar Chappidi,Santhosh Kumar Chappidi,1,1,2023-02-12T00:00:00.0000000+11:00,10
3e3a72f9-34fa-49f5-a42e-35d86629a3af,Summer 2022/23,bbc87373-7bf7-4034-b40d-fbd1d41fb586,11a1be99-f241-4e54-b4ff-352adcdd813d,NMCA - Jack Quick Shield,raw_d36a9234_b2b2_44a0_9fa3_3e1527aa4b1c,raw_d36a9234_b2b2_44a0_9fa3_3e1527aa4b1c,Harish Kumar,Harish Kumar,0,0,2023-02-26T00:00:00.0000000+11:00,1
3e3a72f9-34fa-49f5-a42e-35d86629a3af,Summer 2022/23,bbc87373-7bf7-4034-b40d-fbd1d41fb586,11a1be99-f241-4e54-b4ff-352adcdd813d,NMCA - Jack Quick Shield,raw_d7f93a87_6b05_4830_a524_41457fd00603,raw_d7f93a87_6b05_4830_a524_41457fd00603,Shaun Vikash,Shaun Vikash,3,0,2023-02-26T00:00:00.0000000+11:00,7
3e3a72f9-34fa-49f5-a42e-35d86629a3af,Summer 2022/23,bbc87373-7bf7-4034-b40d-fbd1d41fb586,11a1be99-f241-4e54-b4ff-352adcdd813d,NMCA - Jack Quick Shield,raw_e8ba8e6a_f654_4def_9abd_a37b607a6223,raw_e8ba8e6a_f654_4def_9abd_a37b607a6223,Madhu Vadakkedath,Madhu Vadakkedath,0,0,2022-10-01T22:30:00.0000000+10:00,1
3e3a72f9-34fa-49f5-a42e-35d86629a3af,Summer 2022/23,bbc87373-7bf7-4034-b40d-fbd1d41fb586,11a1be99-f241-4e54-b4ff-352adcdd813d,NMCA - Jack Quick Shield,raw_f4eec6b0_c7ff_4771_b4f1_8ea5865e1186,raw_f4eec6b0_c7ff_4771_b4f1_8ea5865e1186,Akshat Bodele,Akshat Bodele,0,0,2023-01-15T00:00:00.0000000+11:00,5
3e3a72f9-34fa-49f5-a42e-35d86629a3af,Summer 2022/23,bbc87373-7bf7-4034-b40d-fbd1d41fb586,11a1be99-f241-4e54-b4ff-352adcdd813d,NMCA - Jack Quick Shield,shivnyl_naidu,shivnyl_naidu,Shivnyl Naidu,Shivnyl Naidu,1,0,2023-02-12T00:00:00.0000000+11:00,3
3e3a72f9-34fa-49f5-a42e-35d86629a3af,Summer 2022/23,bbc87373-7bf7-4034-b40d-fbd1d41fb586,11a1be99-f241-4e54-b4ff-352adcdd813d,NMCA - Jack Quick Shield,srikanth_para,srikanth_para,Srikanth Para,Srikanth Para,0,0,2023-02-26T00:00:00.0000000+11:00,12
3e3a72f9-34fa-49f5-a42e-35d86629a3af,Summer 2022/23,bbc87373-7bf7-4034-b40d-fbd1d41fb586,11a1be99-f241-4e54-b4ff-352adcdd813d,NMCA - Jack Quick Shield,vinit_naidu,vinit_naidu,Vinit Naidu,Vinit Naidu,0,0,2023-02-05T00:00:00.0000000+11:00,4
3e3a72f9-34fa-49f5-a42e-35d86629a3af,Summer 2022/23,bbc87373-7bf7-4034-b40d-fbd1d41fb586,11a1be99-f241-4e54-b4ff-352adcdd813d,NMCA - Jack Quick Shield,vishnu_para,vishnu_para,Vishnu Para,Vishnu Para,0,0,2023-01-15T00:00:00.0000000+11:00,4
3e3a72f9-34fa-49f5-a42e-35d86629a3af,Summer 2022/23,c551cb93-3086-4d23-8004-38650657fb60,7976d027-f976-46f5-a11d-61fc84d299f2,"NMCA - Les Horne Shield - ""C"" Grade",aravind_boddula,aravind_boddula,Aravind Boddula,Aravind Boddula,0,0,2023-03-05T00:00:00.0000000+11:00,8
3e3a72f9-34fa-49f5-a42e-35d86629a3af,Summer 2022/23,c551cb93-3086-4d23-8004-38650657fb60,7976d027-f976-46f5-a11d-61fc84d299f2,"NMCA - Les Horne Shield - ""C"" Grade",damien_vikash,damien_vikash,Damien Vikash,Damien Vikash,0,0,2023-01-15T00:00:00.0000000+11:00,2
3e3a72f9-34fa-49f5-a42e-35d86629a3af,Summer 2022/23,c551cb93-3086-4d23-8004-38650657fb60,7976d027-f976-46f5-a11d-61fc84d299f2,"NMCA - Les Horne Shield - ""C"" Grade",danny_singh,danny_singh,Danny Singh,Danny Singh,0,0,2023-03-05T00:00:00.0000000+11:00,2
3e3a72f9-34fa-49f5-a42e-35d86629a3af,Summer 2022/23,c551cb93-3086-4d23-8004-38650657fb60,7976d027-f976-46f5-a11d-61fc84d299f2,"NMCA - Les Horne Shield - ""C"" Grade",feroz_hassan,feroz_hassan,Feroz Hassan,Feroz Hassan,0,0,2022-12-11T00:00:00.0000000+11:00,1
3e3a72f9-34fa-49f5-a42e-35d86629a3af,Summer 2022/23,c551cb93-3086-4d23-8004-38650657fb60,7976d027-f976-46f5-a11d-61fc84d299f2,"NMCA - Les Horne Shield - ""C"" Grade",ibad_mohammed,ibad_mohammed,Ibad Mohammed,Ibad Mohammed,0,0,2022-12-04T00:00:00.0000000+11:00,1
3e3a72f9-34fa-49f5-a42e-35d86629a3af,Summer 2022/23,c551cb93-3086-4d23-8004-38650657fb60,7976d027-f976-46f5-a11d-61fc84d299f2,"NMCA - Les Horne Shield - ""C"" Grade",ravi_chowdary,ravi_chowdary,Ravi Chowdary,Ravi Chowdary,2,0,2023-03-05T00:00:00.0000000+11:00,9
3e3a72f9-34fa-49f5-a42e-35d86629a3af,Summer 2022/23,c551cb93-3086-4d23-8004-38650657fb60,7976d027-f976-46f5-a11d-61fc84d299f2,"NMCA - Les Horne Shield - ""C"" Grade",raw_0ceda279_1aad_42cd_a342_75c5faf3ad14,raw_0ceda279_1aad_42cd_a342_75c5faf3ad14,Vineeth Yamani,Vineeth Yamani,1,0,2023-02-12T00:00:00.0000000+11:00,6
3e3a72f9-34fa-49f5-a42e-35d86629a3af,Summer 2022/23,c551cb93-3086-4d23-8004-38650657fb60,7976d027-f976-46f5-a11d-61fc84d299f2,"NMCA - Les Horne Shield - ""C"" Grade",raw_100b60f9_15ab_4d35_9626_be4212a5d0e2,raw_100b60f9_15ab_4d35_9626_be4212a5d0e2,Rama Suravajjula,Rama Suravajjula,1,0,2022-12-18T00:00:00.0000000+11:00,3
3e3a72f9-34fa-49f5-a42e-35d86629a3af,Summer 2022/23,c551cb93-3086-4d23-8004-38650657fb60,7976d027-f976-46f5-a11d-61fc84d299f2,"NMCA - Les Horne Shield - ""C"" Grade",raw_661bdd19_e67a_4978_a255_36e16789ab1f,raw_661bdd19_e67a_4978_a255_36e16789ab1f,Nitin Tanwar,Nitin Tanwar,0,0,2022-12-11T00:00:00.0000000+11:00,1
3e3a72f9-34fa-49f5-a42e-35d86629a3af,Summer 2022/23,c551cb93-3086-4d23-8004-38650657fb60,7976d027-f976-46f5-a11d-61fc84d299f2,"NMCA - Les Horne Shield - ""C"" Grade",raw_7e210a03_42e8_4dcf_ba0f_18b330f7a6f6,raw_7e210a03_42e8_4dcf_ba0f_18b330f7a6f6,Mukul Sharma,Mukul Sharma,0,0,2023-01-22T00:00:00.0000000+11:00,2
3e3a72f9-34fa-49f5-a42e-35d86629a3af,Summer 2022/23,c551cb93-3086-4d23-8004-38650657fb60,7976d027-f976-46f5-a11d-61fc84d299f2,"NMCA - Les Horne Shield - ""C"" Grade",raw_84f6c3cd_d9a6_4b30_a50b_a564ca4fbf0e,raw_84f6c3cd_d9a6_4b30_a50b_a564ca4fbf0e,Sravan Donthireddy,Sravan Donthireddy,0,0,2022-11-13T00:00:00.0000000+11:00,1
3e3a72f9-34fa-49f5-a42e-35d86629a3af,Summer 2022/23,c551cb93-3086-4d23-8004-38650657fb60,7976d027-f976-46f5-a11d-61fc84d299f2,"NMCA - Les Horne Shield - ""C"" Grade",raw_b0359b90_ca42_4a35_b0d1_46703899270f,raw_b0359b90_ca42_4a35_b0d1_46703899270f,Sai Krishna Buddaraju,Sai Krishna Buddaraju,0,0,2023-03-05T00:00:00.0000000+11:00,2
3e3a72f9-34fa-49f5-a42e-35d86629a3af,Summer 2022/23,c551cb93-3086-4d23-8004-38650657fb60,7976d027-f976-46f5-a11d-61fc84d299f2,"NMCA - Les Horne Shield - ""C"" Grade",raw_bacb745b_1109_4ffc_b4ce_f53bf8c269ce,raw_bacb745b_1109_4ffc_b4ce_f53bf8c269ce,Syed Shabbir,Syed Shabbir,3,0,2023-03-05T00:00:00.0000000+11:00,12
3e3a72f9-34fa-49f5-a42e-35d86629a3af,Summer 2022/23,c551cb93-3086-4d23-8004-38650657fb60,7976d027-f976-46f5-a11d-61fc84d299f2,"NMCA - Les Horne Shield - ""C"" Grade",raw_bd3267a9_62a4_4ef6_9c96_ca89ef724e76,raw_bd3267a9_62a4_4ef6_9c96_ca89ef724e76,Santhosh Kumar Chappidi,Santhosh Kumar Chappidi,0,0,2023-02-26T00:00:00.0000000+11:00,4
3e3a72f9-34fa-49f5-a42e-35d86629a3af,Summer 2022/23,c551cb93-3086-4d23-8004-38650657fb60,7976d027-f976-46f5-a11d-61fc84d299f2,"NMCA - Les Horne Shield - ""C"" Grade",raw_e8ba8e6a_f654_4def_9abd_a37b607a6223,raw_e8ba8e6a_f654_4def_9abd_a37b607a6223,Madhu Vadakkedath,Madhu Vadakkedath,0,0,2023-01-22T00:00:00.0000000+11:00,7
3e3a72f9-34fa-49f5-a42e-35d86629a3af,Summer 2022/23,c551cb93-3086-4d23-8004-38650657fb60,7976d027-f976-46f5-a11d-61fc84d299f2,"NMCA - Les Horne Shield - ""C"" Grade",sandeep_gill,sandeep_gill,Sandeep Gill,Sandeep Gill,1,1,2023-03-05T00:00:00.0000000+11:00,7
3e3a72f9-34fa-49f5-a42e-35d86629a3af,Summer 2022/23,c551cb93-3086-4d23-8004-38650657fb60,7976d027-f976-46f5-a11d-61fc84d299f2,"NMCA - Les Horne Shield - ""C"" Grade",shivnyl_naidu,shivnyl_naidu,Shivnyl Naidu,Shivnyl Naidu,0,0,2023-03-05T00:00:00.0000000+11:00,5
3e3a72f9-34fa-49f5-a42e-35d86629a3af,Summer 2022/23,c551cb93-3086-4d23-8004-38650657fb60,7976d027-f976-46f5-a11d-61fc84d299f2,"NMCA - Les Horne Shield - ""C"" Grade",shrikant_sharma,shrikant_sharma,Shrikant Sharma,Shrikant Sharma,0,0,2023-01-08T00:00:00.0000000+11:00,1
3e3a72f9-34fa-49f5-a42e-35d86629a3af,Summer 2022/23,c551cb93-3086-4d23-8004-38650657fb60,7976d027-f976-46f5-a11d-61fc84d299f2,"NMCA - Les Horne Shield - ""C"" Grade",vinay_kumar_reddy_kontham,vinay_kumar_reddy_kontham,Vinay Kumar Reddy Kontham,Vinay Kumar Reddy Kontham,0,0,2022-12-18T00:00:00.0000000+11:00,2
3e3a72f9-34fa-49f5-a42e-35d86629a3af,Summer 2022/23,c551cb93-3086-4d23-8004-38650657fb60,7976d027-f976-46f5-a11d-61fc84d299f2,"NMCA - Les Horne Shield - ""C"" Grade",vinit_naidu,vinit_naidu,Vinit Naidu,Vinit Naidu,0,0,2022-11-13T00:00:00.0000000+11:00,1
3e3a72f9-34fa-49f5-a42e-35d86629a3af,Summer 2022/23,c551cb93-3086-4d23-8004-38650657fb60,7976d027-f976-46f5-a11d-61fc84d299f2,"NMCA - Les Horne Shield - ""C"" Grade",vishnu_para,vishnu_para,Vishnu Para,Vishnu Para,1,0,2023-02-26T00:00:00.0000000+11:00,3
4e850a88-1187-4f43-a5d9-7e988a6e218f,Summer 2003/04,c127074b-60e9-405a-adcc-f3ab28fa14d9,a83656d8-92c2-4cc5-96cc-ddaf1b25981a,"NMCA - Les Horne Shield - ""C"" Grade",amresh_bhan,amresh_bhan,Amresh Bhan,Amresh Bhan,6,2,2004-03-13T00:00:00.0000000+00:00,12
4e850a88-1187-4f43-a5d9-7e988a6e218f,Summer 2003/04,c127074b-60e9-405a-adcc-f3ab28fa14d9,a83656d8-92c2-4cc5-96cc-ddaf1b25981a,"NMCA - Les Horne Shield - ""C"" Grade",ashish_sharma,ashish_sharma,Ashish Sharma,Ashish Sharma,0,0,2003-11-08T00:00:00.0000000+00:00,1
4e850a88-1187-4f43-a5d9-7e988a6e218f,Summer 2003/04,c127074b-60e9-405a-adcc-f3ab28fa14d9,a83656d8-92c2-4cc5-96cc-ddaf1b25981a,"NMCA - Les Horne Shield - ""C"" Grade",clint_fernandes,clint_fernandes,Clint Fernandes,Clint Fernandes,8,5,2004-03-13T00:00:00.0000000+00:00,13
4e850a88-1187-4f43-a5d9-7e988a6e218f,Summer 2003/04,c127074b-60e9-405a-adcc-f3ab28fa14d9,a83656d8-92c2-4cc5-96cc-ddaf1b25981a,"NMCA - Les Horne Shield - ""C"" Grade",deepak_sharma,deepak_sharma,Deepak Sharma,Deepak Sharma,0,0,2004-02-21T00:00:00.0000000+00:00,2
4e850a88-1187-4f43-a5d9-7e988a6e218f,Summer 2003/04,c127074b-60e9-405a-adcc-f3ab28fa14d9,a83656d8-92c2-4cc5-96cc-ddaf1b25981a,"NMCA - Les Horne Shield - ""C"" Grade",raw_360868ba_5d2a_4f9f_9f3a_fff5756f3f85,raw_360868ba_5d2a_4f9f_9f3a_fff5756f3f85,Shandil Bhan,Shandil Bhan,1,1,2004-03-13T00:00:00.0000000+00:00,11
4e850a88-1187-4f43-a5d9-7e988a6e218f,Summer 2003/04,c127074b-60e9-405a-adcc-f3ab28fa14d9,a83656d8-92c2-4cc5-96cc-ddaf1b25981a,"NMCA - Les Horne Shield - ""C"" Grade",raw_4d7fe36b_3aee_419e_a708_757092d99b32,raw_4d7fe36b_3aee_419e_a708_757092d99b32,Vikash Rugoobur,Vikash Rugoobur,1,0,2003-11-29T00:00:00.0000000+00:00,1
4e850a88-1187-4f43-a5d9-7e988a6e218f,Summer 2003/04,c127074b-60e9-405a-adcc-f3ab28fa14d9,a83656d8-92c2-4cc5-96cc-ddaf1b25981a,"NMCA - Les Horne Shield - ""C"" Grade",raw_4df23ec6_b95a_4683_9e5a_58a272a1cb17,raw_4df23ec6_b95a_4683_9e5a_58a272a1cb17,Shalen Nand,Shalen Nand,0,0,2004-02-21T00:00:00.0000000+00:00,2
4e850a88-1187-4f43-a5d9-7e988a6e218f,Summer 2003/04,c127074b-60e9-405a-adcc-f3ab28fa14d9,a83656d8-92c2-4cc5-96cc-ddaf1b25981a,"NMCA - Les Horne Shield - ""C"" Grade",raw_6ac032e7_14cb_4216_b72a_2c62e98d5255,raw_6ac032e7_14cb_4216_b72a_2c62e98d5255,Sanjeeva Nandan,Sanjeeva Nandan,0,0,2004-02-21T00:00:00.0000000+00:00,1
4e850a88-1187-4f43-a5d9-7e988a6e218f,Summer 2003/04,c127074b-60e9-405a-adcc-f3ab28fa14d9,a83656d8-92c2-4cc5-96cc-ddaf1b25981a,"NMCA - Les Horne Shield - ""C"" Grade",raw_91c05e56_a891_4811_bdc5_2ef55d8f0d4c,raw_91c05e56_a891_4811_bdc5_2ef55d8f0d4c,Rahul Lalji,Rahul Lalji,1,0,2004-02-21T00:00:00.0000000+00:00,2
4e850a88-1187-4f43-a5d9-7e988a6e218f,Summer 2003/04,c127074b-60e9-405a-adcc-f3ab28fa14d9,a83656d8-92c2-4cc5-96cc-ddaf1b25981a,"NMCA - Les Horne Shield - ""C"" Grade",raw_d08c380f_be32_422d_a289_f7dad7020567,raw_d08c380f_be32_422d_a289_f7dad7020567,Avinash Rugoobur,Avinash Rugoobur,0,0,2003-11-08T00:00:00.0000000+00:00,1
4e850a88-1187-4f43-a5d9-7e988a6e218f,Summer 2003/04,c127074b-60e9-405a-adcc-f3ab28fa14d9,a83656d8-92c2-4cc5-96cc-ddaf1b25981a,"NMCA - Les Horne Shield - ""C"" Grade",raw_d1c3c811_f2ad_41ad_8167_79990d858a5a,raw_d1c3c811_f2ad_41ad_8167_79990d858a5a,Vassili Kitsios,Vassili Kitsios,0,0,2004-02-07T00:00:00.0000000+00:00,5
4e850a88-1187-4f43-a5d9-7e988a6e218f,Summer 2003/04,c127074b-60e9-405a-adcc-f3ab28fa14d9,a83656d8-92c2-4cc5-96cc-ddaf1b25981a,"NMCA - Les Horne Shield - ""C"" Grade",raw_e6a98753_41b1_4aeb_b725_2f895b22754b,raw_e6a98753_41b1_4aeb_b725_2f895b22754b,Raja Parekh,Raja Parekh,0,0,2004-03-13T00:00:00.0000000+00:00,9
4e850a88-1187-4f43-a5d9-7e988a6e218f,Summer 2003/04,c127074b-60e9-405a-adcc-f3ab28fa14d9,a83656d8-92c2-4cc5-96cc-ddaf1b25981a,"NMCA - Les Horne Shield - ""C"" Grade",raw_ef7c9041_7c28_4a26_b0ca_97e914007ca1,raw_ef7c9041_7c28_4a26_b0ca_97e914007ca1,Sachin Chand,Sachin Chand,0,0,2004-01-24T00:00:00.0000000+00:00,3
4e850a88-1187-4f43-a5d9-7e988a6e218f,Summer 2003/04,c127074b-60e9-405a-adcc-f3ab28fa14d9,a83656d8-92c2-4cc5-96cc-ddaf1b25981a,"NMCA - Les Horne Shield - ""C"" Grade",vinit_naidu,vinit_naidu,Vinit Naidu,Vinit Naidu,0,0,2003-11-29T00:00:00.0000000+00:00,3
5347386c-ad71-47fe-bd25-a914b2ddf946,Summer 2001/02,57447f4b-8bc5-45fe-9e7a-6e1dde8b4e76,053d45cd-b70b-4a5d-8710-24cfb16d7ed2,"NMCA - Les Kemp Shield - ""E"" Grade",amresh_bhan,amresh_bhan,Amresh Bhan,Amresh Bhan,3,0,2002-03-09T00:00:00.0000000+00:00,11
5347386c-ad71-47fe-bd25-a914b2ddf946,Summer 2001/02,57447f4b-8bc5-45fe-9e7a-6e1dde8b4e76,053d45cd-b70b-4a5d-8710-24cfb16d7ed2,"NMCA - Les Kemp Shield - ""E"" Grade",clint_fernandes,clint_fernandes,Clint Fernandes,Clint Fernandes,2,4,2002-03-09T00:00:00.0000000+00:00,8
5347386c-ad71-47fe-bd25-a914b2ddf946,Summer 2001/02,57447f4b-8bc5-45fe-9e7a-6e1dde8b4e76,053d45cd-b70b-4a5d-8710-24cfb16d7ed2,"NMCA - Les Kemp Shield - ""E"" Grade",deepak_sharma,deepak_sharma,Deepak Sharma,Deepak Sharma,0,0,2001-12-01T00:00:00.0000000+00:00,1
5347386c-ad71-47fe-bd25-a914b2ddf946,Summer 2001/02,57447f4b-8bc5-45fe-9e7a-6e1dde8b4e76,053d45cd-b70b-4a5d-8710-24cfb16d7ed2,"NMCA - Les Kemp Shield - ""E"" Grade",raw_360868ba_5d2a_4f9f_9f3a_fff5756f3f85,raw_360868ba_5d2a_4f9f_9f3a_fff5756f3f85,Shandil Bhan,Shandil Bhan,0,0,2002-03-09T00:00:00.0000000+00:00,6
5347386c-ad71-47fe-bd25-a914b2ddf946,Summer 2001/02,57447f4b-8bc5-45fe-9e7a-6e1dde8b4e76,053d45cd-b70b-4a5d-8710-24cfb16d7ed2,"NMCA - Les Kemp Shield - ""E"" Grade",raw_4df23ec6_b95a_4683_9e5a_58a272a1cb17,raw_4df23ec6_b95a_4683_9e5a_58a272a1cb17,Shalen Nand,Shalen Nand,2,0,2002-03-09T00:00:00.0000000+00:00,6
5347386c-ad71-47fe-bd25-a914b2ddf946,Summer 2001/02,57447f4b-8bc5-45fe-9e7a-6e1dde8b4e76,053d45cd-b70b-4a5d-8710-24cfb16d7ed2,"NMCA - Les Kemp Shield - ""E"" Grade",raw_91c05e56_a891_4811_bdc5_2ef55d8f0d4c,raw_91c05e56_a891_4811_bdc5_2ef55d8f0d4c,Rahul Lalji,Rahul Lalji,1,0,2002-02-09T00:00:00.0000000+00:00,3
5347386c-ad71-47fe-bd25-a914b2ddf946,Summer 2001/02,57447f4b-8bc5-45fe-9e7a-6e1dde8b4e76,053d45cd-b70b-4a5d-8710-24cfb16d7ed2,"NMCA - Les Kemp Shield - ""E"" Grade",raw_d3a86d56_84b7_4eb2_946e_46dc86ee434f,raw_d3a86d56_84b7_4eb2_946e_46dc86ee434f,Raaj Chandra,Raaj Chandra,0,0,2002-02-09T00:00:00.0000000+00:00,3
5347386c-ad71-47fe-bd25-a914b2ddf946,Summer 2001/02,57447f4b-8bc5-45fe-9e7a-6e1dde8b4e76,053d45cd-b70b-4a5d-8710-24cfb16d7ed2,"NMCA - Les Kemp Shield - ""E"" Grade",raw_e6a98753_41b1_4aeb_b725_2f895b22754b,raw_e6a98753_41b1_4aeb_b725_2f895b22754b,Raja Parekh,Raja Parekh,3,0,2002-02-09T00:00:00.0000000+00:00,7
5347386c-ad71-47fe-bd25-a914b2ddf946,Summer 2001/02,57447f4b-8bc5-45fe-9e7a-6e1dde8b4e76,053d45cd-b70b-4a5d-8710-24cfb16d7ed2,"NMCA - Les Kemp Shield - ""E"" Grade",raw_ef7c9041_7c28_4a26_b0ca_97e914007ca1,raw_ef7c9041_7c28_4a26_b0ca_97e914007ca1,Sachin Chand,Sachin Chand,0,0,2001-10-20T00:00:00.0000000+00:00,1
5347386c-ad71-47fe-bd25-a914b2ddf946,Summer 2001/02,57447f4b-8bc5-45fe-9e7a-6e1dde8b4e76,053d45cd-b70b-4a5d-8710-24cfb16d7ed2,"NMCA - Les Kemp Shield - ""E"" Grade",vinit_naidu,vinit_naidu,Vinit Naidu,Vinit Naidu,3,0,2002-03-09T00:00:00.0000000+00:00,7
54f45899-c1b5-4d0a-ae20-dc26e463e143,Summer 2005/06,be9ba78e-0a01-45dd-a56a-bfc941c783ab,469bfc37-d738-4f9b-8c7b-3b31f5678bbf,"NMCA - ""F"" Grade North - Manion Shield",clint_fernandes,clint_fernandes,Clint Fernandes,Clint Fernandes,0,0,2006-02-11T13:30:00.0000000+00:00,1
54f45899-c1b5-4d0a-ae20-dc26e463e143,Summer 2005/06,be9ba78e-0a01-45dd-a56a-bfc941c783ab,469bfc37-d738-4f9b-8c7b-3b31f5678bbf,"NMCA - ""F"" Grade North - Manion Shield",deepak_sharma,deepak_sharma,Deepak Sharma,Deepak Sharma,0,0,2006-02-25T13:30:00.0000000+00:00,9
54f45899-c1b5-4d0a-ae20-dc26e463e143,Summer 2005/06,be9ba78e-0a01-45dd-a56a-bfc941c783ab,469bfc37-d738-4f9b-8c7b-3b31f5678bbf,"NMCA - ""F"" Grade North - Manion Shield",feroz_hassan,feroz_hassan,Feroz Hassan,Feroz Hassan,1,0,2006-02-25T13:30:00.0000000+00:00,6
54f45899-c1b5-4d0a-ae20-dc26e463e143,Summer 2005/06,be9ba78e-0a01-45dd-a56a-bfc941c783ab,469bfc37-d738-4f9b-8c7b-3b31f5678bbf,"NMCA - ""F"" Grade North - Manion Shield",mayur_mohan,mayur_mohan,Mayur Mohan,Mayur Mohan,0,0,2006-01-28T13:30:00.0000000+00:00,3
54f45899-c1b5-4d0a-ae20-dc26e463e143,Summer 2005/06,be9ba78e-0a01-45dd-a56a-bfc941c783ab,469bfc37-d738-4f9b-8c7b-3b31f5678bbf,"NMCA - ""F"" Grade North - Manion Shield",raw_0cef65b1_105f_4f25_8577_808d207df3c6,raw_0cef65b1_105f_4f25_8577_808d207df3c6,Ashveen Kumar,Ashveen Kumar,0,1,2005-11-05T13:30:00.0000000+00:00,2
54f45899-c1b5-4d0a-ae20-dc26e463e143,Summer 2005/06,be9ba78e-0a01-45dd-a56a-bfc941c783ab,469bfc37-d738-4f9b-8c7b-3b31f5678bbf,"NMCA - ""F"" Grade North - Manion Shield",raw_0e4804fa_beb1_4233_aa1d_5f5c438b2c34,raw_0e4804fa_beb1_4233_aa1d_5f5c438b2c34,Colin Ellerton,Colin Ellerton,0,0,2006-02-25T13:30:00.0000000+00:00,2
54f45899-c1b5-4d0a-ae20-dc26e463e143,Summer 2005/06,be9ba78e-0a01-45dd-a56a-bfc941c783ab,469bfc37-d738-4f9b-8c7b-3b31f5678bbf,"NMCA - ""F"" Grade North - Manion Shield",raw_0e78dee9_79dc_47e8_ac3f_c741ae08d19c,raw_0e78dee9_79dc_47e8_ac3f_c741ae08d19c,Larry Nanayakkara,Larry Nanayakkara,0,0,2006-02-25T13:30:00.0000000+00:00,9
54f45899-c1b5-4d0a-ae20-dc26e463e143,Summer 2005/06,be9ba78e-0a01-45dd-a56a-bfc941c783ab,469bfc37-d738-4f9b-8c7b-3b31f5678bbf,"NMCA - ""F"" Grade North - Manion Shield",raw_162cce2f_a5bb_451f_ab68_d7a037f018ee,raw_162cce2f_a5bb_451f_ab68_d7a037f018ee,Benjamin Frew,Benjamin Frew,0,0,2005-11-12T13:30:00.0000000+00:00,3
54f45899-c1b5-4d0a-ae20-dc26e463e143,Summer 2005/06,be9ba78e-0a01-45dd-a56a-bfc941c783ab,469bfc37-d738-4f9b-8c7b-3b31f5678bbf,"NMCA - ""F"" Grade North - Manion Shield",raw_232cc042_1e4c_423a_9190_e3432698c99d,raw_232cc042_1e4c_423a_9190_e3432698c99d,Reuben Sharan,Reuben Sharan,0,0,2006-02-25T13:30:00.0000000+00:00,9
54f45899-c1b5-4d0a-ae20-dc26e463e143,Summer 2005/06,be9ba78e-0a01-45dd-a56a-bfc941c783ab,469bfc37-d738-4f9b-8c7b-3b31f5678bbf,"NMCA - ""F"" Grade North - Manion Shield",raw_2eba2cb5_9e9b_4ed8_bcce_f7c1cf4e1926,raw_2eba2cb5_9e9b_4ed8_bcce_f7c1cf4e1926,Hadrian D'Souza,Hadrian D'Souza,0,0,2005-11-12T13:30:00.0000000+00:00,3
54f45899-c1b5-4d0a-ae20-dc26e463e143,Summer 2005/06,be9ba78e-0a01-45dd-a56a-bfc941c783ab,469bfc37-d738-4f9b-8c7b-3b31f5678bbf,"NMCA - ""F"" Grade North - Manion Shield",raw_47312d02_e750_4474_a21c_8afa89de677b,raw_47312d02_e750_4474_a21c_8afa89de677b,John Iosefo,John Iosefo,0,0,2005-10-22T13:00:00.0000000+00:00,2
54f45899-c1b5-4d0a-ae20-dc26e463e143,Summer 2005/06,be9ba78e-0a01-45dd-a56a-bfc941c783ab,469bfc37-d738-4f9b-8c7b-3b31f5678bbf,"NMCA - ""F"" Grade North - Manion Shield",raw_4df23ec6_b95a_4683_9e5a_58a272a1cb17,raw_4df23ec6_b95a_4683_9e5a_58a272a1cb17,Shalen Nand,Shalen Nand,0,0,2005-11-19T13:30:00.0000000+00:00,1
54f45899-c1b5-4d0a-ae20-dc26e463e143,Summer 2005/06,be9ba78e-0a01-45dd-a56a-bfc941c783ab,469bfc37-d738-4f9b-8c7b-3b31f5678bbf,"NMCA - ""F"" Grade North - Manion Shield",raw_57da414a_a0dc_4606_a71b_042c8350e06d,raw_57da414a_a0dc_4606_a71b_042c8350e06d,Jashwal Singh,Jashwal Singh,0,0,2005-10-29T13:00:00.0000000+00:00,1
54f45899-c1b5-4d0a-ae20-dc26e463e143,Summer 2005/06,be9ba78e-0a01-45dd-a56a-bfc941c783ab,469bfc37-d738-4f9b-8c7b-3b31f5678bbf,"NMCA - ""F"" Grade North - Manion Shield",raw_6ac032e7_14cb_4216_b72a_2c62e98d5255,raw_6ac032e7_14cb_4216_b72a_2c62e98d5255,Sanjeeva Nandan,Sanjeeva Nandan,0,0,2006-02-11T13:30:00.0000000+00:00,2
54f45899-c1b5-4d0a-ae20-dc26e463e143,Summer 2005/06,be9ba78e-0a01-45dd-a56a-bfc941c783ab,469bfc37-d738-4f9b-8c7b-3b31f5678bbf,"NMCA - ""F"" Grade North - Manion Shield",raw_91c05e56_a891_4811_bdc5_2ef55d8f0d4c,raw_91c05e56_a891_4811_bdc5_2ef55d8f0d4c,Rahul Lalji,Rahul Lalji,0,0,2006-01-14T13:30:00.0000000+00:00,2
54f45899-c1b5-4d0a-ae20-dc26e463e143,Summer 2005/06,be9ba78e-0a01-45dd-a56a-bfc941c783ab,469bfc37-d738-4f9b-8c7b-3b31f5678bbf,"NMCA - ""F"" Grade North - Manion Shield",raw_9fd2a404_b670_4f95_a13c_401b88a6c37e,raw_9fd2a404_b670_4f95_a13c_401b88a6c37e,Vikash Chand,Vikash Chand,0,0,2005-10-22T13:00:00.0000000+00:00,2
54f45899-c1b5-4d0a-ae20-dc26e463e143,Summer 2005/06,be9ba78e-0a01-45dd-a56a-bfc941c783ab,469bfc37-d738-4f9b-8c7b-3b31f5678bbf,"NMCA - ""F"" Grade North - Manion Shield",raw_ab033f7b_82e2_4044_b0cb_9024cf56db51,raw_ab033f7b_82e2_4044_b0cb_9024cf56db51,Reuel Sharan,Reuel Sharan,0,0,2006-02-25T13:30:00.0000000+00:00,6
54f45899-c1b5-4d0a-ae20-dc26e463e143,Summer 2005/06,be9ba78e-0a01-45dd-a56a-bfc941c783ab,469bfc37-d738-4f9b-8c7b-3b31f5678bbf,"NMCA - ""F"" Grade North - Manion Shield",raw_b57538bf_267c_4710_87ce_d950e8f5f329,raw_b57538bf_267c_4710_87ce_d950e8f5f329,Vihung Kapadia,Vihung Kapadia,0,0,2005-12-03T13:30:00.0000000+00:00,2
54f45899-c1b5-4d0a-ae20-dc26e463e143,Summer 2005/06,be9ba78e-0a01-45dd-a56a-bfc941c783ab,469bfc37-d738-4f9b-8c7b-3b31f5678bbf,"NMCA - ""F"" Grade North - Manion Shield",raw_d08c380f_be32_422d_a289_f7dad7020567,raw_d08c380f_be32_422d_a289_f7dad7020567,Avinash Rugoobur,Avinash Rugoobur,0,0,2006-02-11T13:30:00.0000000+00:00,1
54f45899-c1b5-4d0a-ae20-dc26e463e143,Summer 2005/06,be9ba78e-0a01-45dd-a56a-bfc941c783ab,469bfc37-d738-4f9b-8c7b-3b31f5678bbf,"NMCA - ""F"" Grade North - Manion Shield",raw_d3a86d56_84b7_4eb2_946e_46dc86ee434f,raw_d3a86d56_84b7_4eb2_946e_46dc86ee434f,Raaj Chandra,Raaj Chandra,0,0,2005-10-15T13:00:00.0000000+00:00,1
54f45899-c1b5-4d0a-ae20-dc26e463e143,Summer 2005/06,be9ba78e-0a01-45dd-a56a-bfc941c783ab,469bfc37-d738-4f9b-8c7b-3b31f5678bbf,"NMCA - ""F"" Grade North - Manion Shield",raw_d7f93a87_6b05_4830_a524_41457fd00603,raw_d7f93a87_6b05_4830_a524_41457fd00603,Shaun Vikash,Shaun Vikash,1,0,2006-02-25T13:30:00.0000000+00:00,8
54f45899-c1b5-4d0a-ae20-dc26e463e143,Summer 2005/06,be9ba78e-0a01-45dd-a56a-bfc941c783ab,469bfc37-d738-4f9b-8c7b-3b31f5678bbf,"NMCA - ""F"" Grade North - Manion Shield",raw_eb84c407_ee59_4e5e_b741_a52269c7cc4f,raw_eb84c407_ee59_4e5e_b741_a52269c7cc4f,Praneesh Sundar,Praneesh Sundar,0,0,2005-12-10T13:30:00.0000000+00:00,4
54f45899-c1b5-4d0a-ae20-dc26e463e143,Summer 2005/06,be9ba78e-0a01-45dd-a56a-bfc941c783ab,469bfc37-d738-4f9b-8c7b-3b31f5678bbf,"NMCA - ""F"" Grade North - Manion Shield",raw_ef7c9041_7c28_4a26_b0ca_97e914007ca1,raw_ef7c9041_7c28_4a26_b0ca_97e914007ca1,Sachin Chand,Sachin Chand,2,0,2006-01-28T13:30:00.0000000+00:00,5
54f45899-c1b5-4d0a-ae20-dc26e463e143,Summer 2005/06,be9ba78e-0a01-45dd-a56a-bfc941c783ab,469bfc37-d738-4f9b-8c7b-3b31f5678bbf,"NMCA - ""F"" Grade North - Manion Shield",raw_f4f5e31e_fc86_42e3_a4ad_8d044676b58b,raw_f4f5e31e_fc86_42e3_a4ad_8d044676b58b,Wirantha Munesingha,Wirantha Munesingha,0,0,2005-10-29T13:00:00.0000000+00:00,2
54f45899-c1b5-4d0a-ae20-dc26e463e143,Summer 2005/06,be9ba78e-0a01-45dd-a56a-bfc941c783ab,469bfc37-d738-4f9b-8c7b-3b31f5678bbf,"NMCA - ""F"" Grade North - Manion Shield",ricky_singh,ricky_singh,Ricky Singh,Ricky Singh,0,0,2006-02-25T13:30:00.0000000+00:00,7
54f45899-c1b5-4d0a-ae20-dc26e463e143,Summer 2005/06,be9ba78e-0a01-45dd-a56a-bfc941c783ab,469bfc37-d738-4f9b-8c7b-3b31f5678bbf,"NMCA - ""F"" Grade North - Manion Shield",sanjay_ct,sanjay_ct,Sanjay Ct,Sanjay Ct,0,0,2005-11-05T13:30:00.0000000+00:00,1
54f45899-c1b5-4d0a-ae20-dc26e463e143,Summer 2005/06,cd985bea-9066-4280-854d-0bf9f3496e31,ecca25e7-9362-4463-91af-3fdcc2c01deb,"NMCA - Les Horne Shield - ""C"" Grade",amresh_bhan,amresh_bhan,Amresh Bhan,Amresh Bhan,2,1,2006-02-25T13:30:00.0000000+00:00,13
54f45899-c1b5-4d0a-ae20-dc26e463e143,Summer 2005/06,cd985bea-9066-4280-854d-0bf9f3496e31,ecca25e7-9362-4463-91af-3fdcc2c01deb,"NMCA - Les Horne Shield - ""C"" Grade",clint_fernandes,clint_fernandes,Clint Fernandes,Clint Fernandes,1,1,2006-02-25T13:30:00.0000000+00:00,12
54f45899-c1b5-4d0a-ae20-dc26e463e143,Summer 2005/06,cd985bea-9066-4280-854d-0bf9f3496e31,ecca25e7-9362-4463-91af-3fdcc2c01deb,"NMCA - Les Horne Shield - ""C"" Grade",feroz_hassan,feroz_hassan,Feroz Hassan,Feroz Hassan,3,0,2005-12-03T13:30:00.0000000+00:00,8
54f45899-c1b5-4d0a-ae20-dc26e463e143,Summer 2005/06,cd985bea-9066-4280-854d-0bf9f3496e31,ecca25e7-9362-4463-91af-3fdcc2c01deb,"NMCA - Les Horne Shield - ""C"" Grade",raw_0e78dee9_79dc_47e8_ac3f_c741ae08d19c,raw_0e78dee9_79dc_47e8_ac3f_c741ae08d19c,Larry Nanayakkara,Larry Nanayakkara,0,0,2006-02-11T13:30:00.0000000+00:00,2
54f45899-c1b5-4d0a-ae20-dc26e463e143,Summer 2005/06,cd985bea-9066-4280-854d-0bf9f3496e31,ecca25e7-9362-4463-91af-3fdcc2c01deb,"NMCA - Les Horne Shield - ""C"" Grade",raw_162cce2f_a5bb_451f_ab68_d7a037f018ee,raw_162cce2f_a5bb_451f_ab68_d7a037f018ee,Benjamin Frew,Benjamin Frew,1,0,2006-02-25T13:30:00.0000000+00:00,7
54f45899-c1b5-4d0a-ae20-dc26e463e143,Summer 2005/06,cd985bea-9066-4280-854d-0bf9f3496e31,ecca25e7-9362-4463-91af-3fdcc2c01deb,"NMCA - Les Horne Shield - ""C"" Grade",raw_360868ba_5d2a_4f9f_9f3a_fff5756f3f85,raw_360868ba_5d2a_4f9f_9f3a_fff5756f3f85,Shandil Bhan,Shandil Bhan,0,1,2006-02-25T13:30:00.0000000+00:00,10
54f45899-c1b5-4d0a-ae20-dc26e463e143,Summer 2005/06,cd985bea-9066-4280-854d-0bf9f3496e31,ecca25e7-9362-4463-91af-3fdcc2c01deb,"NMCA - Les Horne Shield - ""C"" Grade",raw_4df23ec6_b95a_4683_9e5a_58a272a1cb17,raw_4df23ec6_b95a_4683_9e5a_58a272a1cb17,Shalen Nand,Shalen Nand,1,0,2006-02-11T13:30:00.0000000+00:00,7
54f45899-c1b5-4d0a-ae20-dc26e463e143,Summer 2005/06,cd985bea-9066-4280-854d-0bf9f3496e31,ecca25e7-9362-4463-91af-3fdcc2c01deb,"NMCA - Les Horne Shield - ""C"" Grade",raw_6ac032e7_14cb_4216_b72a_2c62e98d5255,raw_6ac032e7_14cb_4216_b72a_2c62e98d5255,Sanjeeva Nandan,Sanjeeva Nandan,0,0,2006-01-14T13:30:00.0000000+00:00,5
54f45899-c1b5-4d0a-ae20-dc26e463e143,Summer 2005/06,cd985bea-9066-4280-854d-0bf9f3496e31,ecca25e7-9362-4463-91af-3fdcc2c01deb,"NMCA - Les Horne Shield - ""C"" Grade",raw_e6a98753_41b1_4aeb_b725_2f895b22754b,raw_e6a98753_41b1_4aeb_b725_2f895b22754b,Raja Parekh,Raja Parekh,0,0,2006-02-25T13:30:00.0000000+00:00,8
54f45899-c1b5-4d0a-ae20-dc26e463e143,Summer 2005/06,cd985bea-9066-4280-854d-0bf9f3496e31,ecca25e7-9362-4463-91af-3fdcc2c01deb,"NMCA - Les Horne Shield - ""C"" Grade",raw_ef7c9041_7c28_4a26_b0ca_97e914007ca1,raw_ef7c9041_7c28_4a26_b0ca_97e914007ca1,Sachin Chand,Sachin Chand,1,0,2005-10-29T13:00:00.0000000+00:00,1
54f45899-c1b5-4d0a-ae20-dc26e463e143,Summer 2005/06,cd985bea-9066-4280-854d-0bf9f3496e31,ecca25e7-9362-4463-91af-3fdcc2c01deb,"NMCA - Les Horne Shield - ""C"" Grade",ricky_singh,ricky_singh,Ricky Singh,Ricky Singh,0,0,2006-01-28T13:30:00.0000000+00:00,1
54f45899-c1b5-4d0a-ae20-dc26e463e143,Summer 2005/06,cd985bea-9066-4280-854d-0bf9f3496e31,ecca25e7-9362-4463-91af-3fdcc2c01deb,"NMCA - Les Horne Shield - ""C"" Grade",vinit_naidu,vinit_naidu,Vinit Naidu,Vinit Naidu,1,0,2006-02-25T13:30:00.0000000+00:00,12
6169f605-4b96-4f21-87c5-0862f914624f,Winter 2025,b0d2ee4c-be8f-4a75-b138-0740a52970c6,8660310e-7b12-4dce-b777-d533d35bd8ff,North Division,ashish_sharma,ashish_sharma,Ashish Sharma,Ashish Sharma,0,0,2025-05-03T12:00:00.0000000+10:00,1
6169f605-4b96-4f21-87c5-0862f914624f,Winter 2025,b0d2ee4c-be8f-4a75-b138-0740a52970c6,8660310e-7b12-4dce-b777-d533d35bd8ff,North Division,danny_singh,danny_singh,Danny Singh,Danny Singh,0,0,2025-06-21T12:00:00.0000000+10:00,2
6169f605-4b96-4f21-87c5-0862f914624f,Winter 2025,b0d2ee4c-be8f-4a75-b138-0740a52970c6,8660310e-7b12-4dce-b777-d533d35bd8ff,North Division,kieran_bhan,kieran_bhan,Kieran Bhan,Kieran Bhan,1,0,2025-07-26T12:00:00.0000000+10:00,6
6169f605-4b96-4f21-87c5-0862f914624f,Winter 2025,b0d2ee4c-be8f-4a75-b138-0740a52970c6,8660310e-7b12-4dce-b777-d533d35bd8ff,North Division,mayur_mohan,mayur_mohan,Mayur Mohan,Mayur Mohan,1,0,2025-07-12T12:00:00.0000000+10:00,7
6169f605-4b96-4f21-87c5-0862f914624f,Winter 2025,b0d2ee4c-be8f-4a75-b138-0740a52970c6,8660310e-7b12-4dce-b777-d533d35bd8ff,North Division,raw_100b60f9_15ab_4d35_9626_be4212a5d0e2,raw_100b60f9_15ab_4d35_9626_be4212a5d0e2,Rama Suravajjula,Rama Suravajjula,1,0,2025-07-26T12:00:00.0000000+10:00,6
6169f605-4b96-4f21-87c5-0862f914624f,Winter 2025,b0d2ee4c-be8f-4a75-b138-0740a52970c6,8660310e-7b12-4dce-b777-d533d35bd8ff,North Division,raw_360868ba_5d2a_4f9f_9f3a_fff5756f3f85,raw_360868ba_5d2a_4f9f_9f3a_fff5756f3f85,Shandil Bhan,Shandil Bhan,0,0,2025-07-26T12:00:00.0000000+10:00,4
6169f605-4b96-4f21-87c5-0862f914624f,Winter 2025,b0d2ee4c-be8f-4a75-b138-0740a52970c6,8660310e-7b12-4dce-b777-d533d35bd8ff,North Division,raw_400e4752_f236_4ca7_93e9_fd8ebee6735e,raw_400e4752_f236_4ca7_93e9_fd8ebee6735e,Siddhanth Chaurasiya,Siddhanth Chaurasiya,1,0,2025-07-12T12:00:00.0000000+10:00,8
6169f605-4b96-4f21-87c5-0862f914624f,Winter 2025,b0d2ee4c-be8f-4a75-b138-0740a52970c6,8660310e-7b12-4dce-b777-d533d35bd8ff,North Division,raw_6b74d336_b105_407c_b4ef_f68e2fba7862,raw_6b74d336_b105_407c_b4ef_f68e2fba7862,Damandeep Sehra,Damandeep Sehra,0,0,2025-07-26T12:00:00.0000000+10:00,5
6169f605-4b96-4f21-87c5-0862f914624f,Winter 2025,b0d2ee4c-be8f-4a75-b138-0740a52970c6,8660310e-7b12-4dce-b777-d533d35bd8ff,North Division,raw_7512873c_b6b6_49fe_80ff_3733b5abd044,raw_7512873c_b6b6_49fe_80ff_3733b5abd044,Mohaneesh Pitre,Mohaneesh Pitre,2,0,2025-07-26T12:00:00.0000000+10:00,7
6169f605-4b96-4f21-87c5-0862f914624f,Winter 2025,b0d2ee4c-be8f-4a75-b138-0740a52970c6,8660310e-7b12-4dce-b777-d533d35bd8ff,North Division,raw_7cccf3c2_52d5_4dfc_91c8_9664f27ac72b,raw_7cccf3c2_52d5_4dfc_91c8_9664f27ac72b,Jai Bhan,Jai Bhan,0,0,2025-05-03T12:00:00.0000000+10:00,1
6169f605-4b96-4f21-87c5-0862f914624f,Winter 2025,b0d2ee4c-be8f-4a75-b138-0740a52970c6,8660310e-7b12-4dce-b777-d533d35bd8ff,North Division,raw_8cc72ac1_93ab_43ad_a24f_fdcbf14da6a2,raw_8cc72ac1_93ab_43ad_a24f_fdcbf14da6a2,Kiran Tomy,Kiran Tomy,0,0,2025-07-05T12:00:00.0000000+10:00,4
6169f605-4b96-4f21-87c5-0862f914624f,Winter 2025,b0d2ee4c-be8f-4a75-b138-0740a52970c6,8660310e-7b12-4dce-b777-d533d35bd8ff,North Division,raw_c3a31191_6c5e_438e_9288_354845031832,raw_c3a31191_6c5e_438e_9288_354845031832,Abcin Thomas,Abcin Thomas,1,0,2025-07-12T12:00:00.0000000+10:00,6
6169f605-4b96-4f21-87c5-0862f914624f,Winter 2025,b0d2ee4c-be8f-4a75-b138-0740a52970c6,8660310e-7b12-4dce-b777-d533d35bd8ff,North Division,raw_cefd9f7d_2787_4b4c_9a13_4e1d0d434ff8,raw_cefd9f7d_2787_4b4c_9a13_4e1d0d434ff8,Siddhesh Jitendrabhai Vadapalli,Siddhesh Jitendrabhai Vadapalli,0,0,2025-07-12T12:00:00.0000000+10:00,3
6169f605-4b96-4f21-87c5-0862f914624f,Winter 2025,b0d2ee4c-be8f-4a75-b138-0740a52970c6,8660310e-7b12-4dce-b777-d533d35bd8ff,North Division,raw_d1ed36b2_499d_4b65_95a3_6f3f51177415,raw_d1ed36b2_499d_4b65_95a3_6f3f51177415,Armaan Datta,Armaan Datta,0,0,2025-07-26T12:00:00.0000000+10:00,4
6169f605-4b96-4f21-87c5-0862f914624f,Winter 2025,b0d2ee4c-be8f-4a75-b138-0740a52970c6,8660310e-7b12-4dce-b777-d533d35bd8ff,North Division,raw_d36a9234_b2b2_44a0_9fa3_3e1527aa4b1c,raw_d36a9234_b2b2_44a0_9fa3_3e1527aa4b1c,Harish Kumar,Harish Kumar,0,0,2025-07-26T12:00:00.0000000+10:00,4
6169f605-4b96-4f21-87c5-0862f914624f,Winter 2025,b0d2ee4c-be8f-4a75-b138-0740a52970c6,8660310e-7b12-4dce-b777-d533d35bd8ff,North Division,raw_f4eec6b0_c7ff_4771_b4f1_8ea5865e1186,raw_f4eec6b0_c7ff_4771_b4f1_8ea5865e1186,Akshat Bodele,Akshat Bodele,0,0,2025-07-26T12:00:00.0000000+10:00,2
6169f605-4b96-4f21-87c5-0862f914624f,Winter 2025,b0d2ee4c-be8f-4a75-b138-0740a52970c6,8660310e-7b12-4dce-b777-d533d35bd8ff,North Division,raw_f6dd9552_fbc5_4490_ac27_b50ff948f8f5,raw_f6dd9552_fbc5_4490_ac27_b50ff948f8f5,Priyanshu Tomar,Priyanshu Tomar,0,0,2025-07-05T12:00:00.0000000+10:00,1
6ee98e4e-eb86-4b50-8709-b1d163f4b312,Winter 2026,40fa65ac-11ab-4c5b-8d75-b24db55ec274,20d8b9e5-13f3-4915-af30-d99331998b9b,North Division,janaka_wijayakoon,janaka_wijayakoon,Janaka Wijayakoon,Janaka Wijayakoon,0,0,2026-05-30T12:00:00.0000000+10:00,2
6ee98e4e-eb86-4b50-8709-b1d163f4b312,Winter 2026,40fa65ac-11ab-4c5b-8d75-b24db55ec274,20d8b9e5-13f3-4915-af30-d99331998b9b,North Division,kieran_bhan,kieran_bhan,Kieran Bhan,Kieran Bhan,0,0,2026-05-30T12:00:00.0000000+10:00,1
6ee98e4e-eb86-4b50-8709-b1d163f4b312,Winter 2026,40fa65ac-11ab-4c5b-8d75-b24db55ec274,20d8b9e5-13f3-4915-af30-d99331998b9b,North Division,mayur_mohan,mayur_mohan,Mayur Mohan,Mayur Mohan,0,0,2026-05-30T12:00:00.0000000+10:00,4
6ee98e4e-eb86-4b50-8709-b1d163f4b312,Winter 2026,40fa65ac-11ab-4c5b-8d75-b24db55ec274,20d8b9e5-13f3-4915-af30-d99331998b9b,North Division,raw_360868ba_5d2a_4f9f_9f3a_fff5756f3f85,raw_360868ba_5d2a_4f9f_9f3a_fff5756f3f85,Shandil Bhan,Shandil Bhan,0,0,2026-05-30T12:00:00.0000000+10:00,3
6ee98e4e-eb86-4b50-8709-b1d163f4b312,Winter 2026,40fa65ac-11ab-4c5b-8d75-b24db55ec274,20d8b9e5-13f3-4915-af30-d99331998b9b,North Division,raw_400e4752_f236_4ca7_93e9_fd8ebee6735e,raw_400e4752_f236_4ca7_93e9_fd8ebee6735e,Siddhanth Chaurasiya,Siddhanth Chaurasiya,1,0,2026-05-30T12:00:00.0000000+10:00,4
6ee98e4e-eb86-4b50-8709-b1d163f4b312,Winter 2026,40fa65ac-11ab-4c5b-8d75-b24db55ec274,20d8b9e5-13f3-4915-af30-d99331998b9b,North Division,raw_71ca36a8_b853_449e_b7fd_ac601222e885,raw_71ca36a8_b853_449e_b7fd_ac601222e885,Kartik Nallepalli,Kartik Nallepalli,0,0,2026-05-30T12:00:00.0000000+10:00,4
6ee98e4e-eb86-4b50-8709-b1d163f4b312,Winter 2026,40fa65ac-11ab-4c5b-8d75-b24db55ec274,20d8b9e5-13f3-4915-af30-d99331998b9b,North Division,raw_7512873c_b6b6_49fe_80ff_3733b5abd044,raw_7512873c_b6b6_49fe_80ff_3733b5abd044,Mohaneesh Pitre,Mohaneesh Pitre,0,0,2026-05-30T12:00:00.0000000+10:00,3
6ee98e4e-eb86-4b50-8709-b1d163f4b312,Winter 2026,40fa65ac-11ab-4c5b-8d75-b24db55ec274,20d8b9e5-13f3-4915-af30-d99331998b9b,North Division,raw_7cccf3c2_52d5_4dfc_91c8_9664f27ac72b,raw_7cccf3c2_52d5_4dfc_91c8_9664f27ac72b,Jai Bhan,Jai Bhan,1,0,2026-05-30T12:00:00.0000000+10:00,2
6ee98e4e-eb86-4b50-8709-b1d163f4b312,Winter 2026,40fa65ac-11ab-4c5b-8d75-b24db55ec274,20d8b9e5-13f3-4915-af30-d99331998b9b,North Division,raw_9070b54a_0677_4338_8bc3_bb7ca2aa65b8,raw_9070b54a_0677_4338_8bc3_bb7ca2aa65b8,Anurag Joshi,Anurag Joshi,0,0,2026-05-09T12:00:00.0000000+10:00,2
6ee98e4e-eb86-4b50-8709-b1d163f4b312,Winter 2026,40fa65ac-11ab-4c5b-8d75-b24db55ec274,20d8b9e5-13f3-4915-af30-d99331998b9b,North Division,raw_c3a31191_6c5e_438e_9288_354845031832,raw_c3a31191_6c5e_438e_9288_354845031832,Abcin Thomas,Abcin Thomas,0,0,2026-05-09T12:00:00.0000000+10:00,2
6ee98e4e-eb86-4b50-8709-b1d163f4b312,Winter 2026,40fa65ac-11ab-4c5b-8d75-b24db55ec274,20d8b9e5-13f3-4915-af30-d99331998b9b,North Division,raw_d1ed36b2_499d_4b65_95a3_6f3f51177415,raw_d1ed36b2_499d_4b65_95a3_6f3f51177415,Armaan Datta,Armaan Datta,0,0,2026-05-30T12:00:00.0000000+10:00,2
6ee98e4e-eb86-4b50-8709-b1d163f4b312,Winter 2026,40fa65ac-11ab-4c5b-8d75-b24db55ec274,20d8b9e5-13f3-4915-af30-d99331998b9b,North Division,raw_e76d9035_6b7f_48f7_8b69_e8b983e82080,raw_e76d9035_6b7f_48f7_8b69_e8b983e82080,Jayasuriya Sathiaseelan,Jayasuriya Sathiaseelan,0,0,2026-05-30T12:00:00.0000000+10:00,4
6ee98e4e-eb86-4b50-8709-b1d163f4b312,Winter 2026,40fa65ac-11ab-4c5b-8d75-b24db55ec274,20d8b9e5-13f3-4915-af30-d99331998b9b,North Division,raw_f6dd9552_fbc5_4490_ac27_b50ff948f8f5,raw_f6dd9552_fbc5_4490_ac27_b50ff948f8f5,Priyanshu Tomar,Priyanshu Tomar,0,0,2026-05-30T12:00:00.0000000+10:00,3
6ee98e4e-eb86-4b50-8709-b1d163f4b312,Winter 2026,40fa65ac-11ab-4c5b-8d75-b24db55ec274,20d8b9e5-13f3-4915-af30-d99331998b9b,North Division,vinay_sharma,vinay_sharma,Vinay Sharma,Vinay Sharma,0,0,2026-05-09T12:00:00.0000000+10:00,2
7ec61036-ef0f-434b-9cfb-d287d9f6ec26,Summer 2016/17,16972faa-7f10-4386-b755-657571a46585,667ad72c-2564-4304-97a4-2279f8b73e9e,NMCA - Jack Kelly Shield,baurel_d_mello,baurel_d_mello,Baurel D'Mello,Baurel D'Mello,1,0,2017-02-18T13:00:00.0000000+00:00,13
7ec61036-ef0f-434b-9cfb-d287d9f6ec26,Summer 2016/17,16972faa-7f10-4386-b755-657571a46585,667ad72c-2564-4304-97a4-2279f8b73e9e,NMCA - Jack Kelly Shield,damien_vikash,damien_vikash,Damien Vikash,Damien Vikash,4,0,2017-02-18T13:00:00.0000000+00:00,14
7ec61036-ef0f-434b-9cfb-d287d9f6ec26,Summer 2016/17,16972faa-7f10-4386-b755-657571a46585,667ad72c-2564-4304-97a4-2279f8b73e9e,NMCA - Jack Kelly Shield,nikhil_sawant,nikhil_sawant,Nikhil Sawant,Nikhil Sawant,4,1,2017-01-15T13:00:00.0000000+00:00,9
7ec61036-ef0f-434b-9cfb-d287d9f6ec26,Summer 2016/17,16972faa-7f10-4386-b755-657571a46585,667ad72c-2564-4304-97a4-2279f8b73e9e,NMCA - Jack Kelly Shield,raw_25166f1f_6d57_48e5_a9c5_218afdb3fe70,raw_25166f1f_6d57_48e5_a9c5_218afdb3fe70,Rama Bashamoni,Rama Bashamoni,1,0,2016-11-12T13:00:00.0000000+00:00,4
7ec61036-ef0f-434b-9cfb-d287d9f6ec26,Summer 2016/17,16972faa-7f10-4386-b755-657571a46585,667ad72c-2564-4304-97a4-2279f8b73e9e,NMCA - Jack Kelly Shield,raw_2c167bd3_c65c_4abd_8fa8_7351cfe9aa59,raw_2c167bd3_c65c_4abd_8fa8_7351cfe9aa59,Sajendra Shrestha,Sajendra Shrestha,2,3,2017-02-18T13:00:00.0000000+00:00,14
7ec61036-ef0f-434b-9cfb-d287d9f6ec26,Summer 2016/17,16972faa-7f10-4386-b755-657571a46585,667ad72c-2564-4304-97a4-2279f8b73e9e,NMCA - Jack Kelly Shield,raw_330fb143_de1b_40ec_b0c8_4615b5885b68,raw_330fb143_de1b_40ec_b0c8_4615b5885b68,Akshay Jindal,Akshay Jindal,0,0,2017-02-18T13:00:00.0000000+00:00,1
7ec61036-ef0f-434b-9cfb-d287d9f6ec26,Summer 2016/17,16972faa-7f10-4386-b755-657571a46585,667ad72c-2564-4304-97a4-2279f8b73e9e,NMCA - Jack Kelly Shield,raw_360868ba_5d2a_4f9f_9f3a_fff5756f3f85,raw_360868ba_5d2a_4f9f_9f3a_fff5756f3f85,Shandil Bhan,Shandil Bhan,0,0,2017-01-07T13:00:00.0000000+00:00,1
7ec61036-ef0f-434b-9cfb-d287d9f6ec26,Summer 2016/17,16972faa-7f10-4386-b755-657571a46585,667ad72c-2564-4304-97a4-2279f8b73e9e,NMCA - Jack Kelly Shield,raw_4cc31b12_4f88_4c5e_aaa2_0b2921b48aba,raw_4cc31b12_4f88_4c5e_aaa2_0b2921b48aba,Kushal Tuladhar,Kushal Tuladhar,3,0,2017-02-04T13:00:00.0000000+00:00,5
7ec61036-ef0f-434b-9cfb-d287d9f6ec26,Summer 2016/17,16972faa-7f10-4386-b755-657571a46585,667ad72c-2564-4304-97a4-2279f8b73e9e,NMCA - Jack Kelly Shield,raw_f8a8f7e5_bac4_4049_9b66_c8d6be892040,raw_f8a8f7e5_bac4_4049_9b66_c8d6be892040,Bobby Malli,Bobby Malli,0,0,2016-11-26T13:00:00.0000000+00:00,2
7ec61036-ef0f-434b-9cfb-d287d9f6ec26,Summer 2016/17,16972faa-7f10-4386-b755-657571a46585,667ad72c-2564-4304-97a4-2279f8b73e9e,NMCA - Jack Kelly Shield,shivnyl_naidu,shivnyl_naidu,Shivnyl Naidu,Shivnyl Naidu,2,0,2016-12-10T13:00:00.0000000+00:00,5
7ec61036-ef0f-434b-9cfb-d287d9f6ec26,Summer 2016/17,16972faa-7f10-4386-b755-657571a46585,667ad72c-2564-4304-97a4-2279f8b73e9e,NMCA - Jack Kelly Shield,shrikant_sharma,shrikant_sharma,Shrikant Sharma,Shrikant Sharma,0,0,2017-02-04T13:00:00.0000000+00:00,1
7ec61036-ef0f-434b-9cfb-d287d9f6ec26,Summer 2016/17,16972faa-7f10-4386-b755-657571a46585,667ad72c-2564-4304-97a4-2279f8b73e9e,NMCA - Jack Kelly Shield,vinit_naidu,vinit_naidu,Vinit Naidu,Vinit Naidu,1,0,2017-02-18T13:00:00.0000000+00:00,12
7ec61036-ef0f-434b-9cfb-d287d9f6ec26,Summer 2016/17,18946723-c1b7-4951-997f-f188eb06ae32,808d6781-add8-45d7-bda2-54a373662405,"NMCA - ""F"" Grade North - Manion Shield",clint_fernandes,clint_fernandes,Clint Fernandes,Clint Fernandes,2,1,2017-03-04T13:00:00.0000000+00:00,3
7ec61036-ef0f-434b-9cfb-d287d9f6ec26,Summer 2016/17,18946723-c1b7-4951-997f-f188eb06ae32,808d6781-add8-45d7-bda2-54a373662405,"NMCA - ""F"" Grade North - Manion Shield",deepak_sharma,deepak_sharma,Deepak Sharma,Deepak Sharma,1,0,2017-02-18T13:00:00.0000000+00:00,5
7ec61036-ef0f-434b-9cfb-d287d9f6ec26,Summer 2016/17,18946723-c1b7-4951-997f-f188eb06ae32,808d6781-add8-45d7-bda2-54a373662405,"NMCA - ""F"" Grade North - Manion Shield",feroz_hassan,feroz_hassan,Feroz Hassan,Feroz Hassan,0,0,2016-11-12T13:00:00.0000000+00:00,3
7ec61036-ef0f-434b-9cfb-d287d9f6ec26,Summer 2016/17,18946723-c1b7-4951-997f-f188eb06ae32,808d6781-add8-45d7-bda2-54a373662405,"NMCA - ""F"" Grade North - Manion Shield",raw_13fe243d_49a0_4d92_b3e0_84ac18ed66eb,raw_13fe243d_49a0_4d92_b3e0_84ac18ed66eb,Jason Newcastle,Jason Newcastle,0,0,2017-03-04T13:00:00.0000000+00:00,5
7ec61036-ef0f-434b-9cfb-d287d9f6ec26,Summer 2016/17,18946723-c1b7-4951-997f-f188eb06ae32,808d6781-add8-45d7-bda2-54a373662405,"NMCA - ""F"" Grade North - Manion Shield",raw_162cce2f_a5bb_451f_ab68_d7a037f018ee,raw_162cce2f_a5bb_451f_ab68_d7a037f018ee,Benjamin Frew,Benjamin Frew,0,0,2017-02-18T13:00:00.0000000+00:00,1
7ec61036-ef0f-434b-9cfb-d287d9f6ec26,Summer 2016/17,18946723-c1b7-4951-997f-f188eb06ae32,808d6781-add8-45d7-bda2-54a373662405,"NMCA - ""F"" Grade North - Manion Shield",raw_22cf8387_0a70_4971_bb3a_99fe437ae5a3,raw_22cf8387_0a70_4971_bb3a_99fe437ae5a3,Raj Koppula,Raj Koppula,1,0,2017-03-04T13:00:00.0000000+00:00,3
7ec61036-ef0f-434b-9cfb-d287d9f6ec26,Summer 2016/17,18946723-c1b7-4951-997f-f188eb06ae32,808d6781-add8-45d7-bda2-54a373662405,"NMCA - ""F"" Grade North - Manion Shield",raw_232cc042_1e4c_423a_9190_e3432698c99d,raw_232cc042_1e4c_423a_9190_e3432698c99d,Reuben Sharan,Reuben Sharan,0,0,2017-02-18T13:00:00.0000000+00:00,2
7ec61036-ef0f-434b-9cfb-d287d9f6ec26,Summer 2016/17,18946723-c1b7-4951-997f-f188eb06ae32,808d6781-add8-45d7-bda2-54a373662405,"NMCA - ""F"" Grade North - Manion Shield",raw_330fb143_de1b_40ec_b0c8_4615b5885b68,raw_330fb143_de1b_40ec_b0c8_4615b5885b68,Akshay Jindal,Akshay Jindal,0,0,2017-02-04T13:00:00.0000000+00:00,1
7ec61036-ef0f-434b-9cfb-d287d9f6ec26,Summer 2016/17,18946723-c1b7-4951-997f-f188eb06ae32,808d6781-add8-45d7-bda2-54a373662405,"NMCA - ""F"" Grade North - Manion Shield",raw_360868ba_5d2a_4f9f_9f3a_fff5756f3f85,raw_360868ba_5d2a_4f9f_9f3a_fff5756f3f85,Shandil Bhan,Shandil Bhan,0,0,2016-11-05T13:00:00.0000000+00:00,1
7ec61036-ef0f-434b-9cfb-d287d9f6ec26,Summer 2016/17,18946723-c1b7-4951-997f-f188eb06ae32,808d6781-add8-45d7-bda2-54a373662405,"NMCA - ""F"" Grade North - Manion Shield",raw_5a5c2789_408d_4c21_9137_6cdd0961671b,raw_5a5c2789_408d_4c21_9137_6cdd0961671b,Krishna Kasiraju,Krishna Kasiraju,0,0,2017-03-04T13:00:00.0000000+00:00,3
7ec61036-ef0f-434b-9cfb-d287d9f6ec26,Summer 2016/17,18946723-c1b7-4951-997f-f188eb06ae32,808d6781-add8-45d7-bda2-54a373662405,"NMCA - ""F"" Grade North - Manion Shield",raw_5bb5ba70_d7c7_4e21_a6ca_b6e111b4f1e4,raw_5bb5ba70_d7c7_4e21_a6ca_b6e111b4f1e4,Nabin Shrestha,Nabin Shrestha,1,0,2016-11-12T13:00:00.0000000+00:00,3
7ec61036-ef0f-434b-9cfb-d287d9f6ec26,Summer 2016/17,18946723-c1b7-4951-997f-f188eb06ae32,808d6781-add8-45d7-bda2-54a373662405,"NMCA - ""F"" Grade North - Manion Shield",raw_5f585f08_88c1_4d2b_9251_a47420073281,raw_5f585f08_88c1_4d2b_9251_a47420073281,Krishna Addanki,Krishna Addanki,0,0,2017-02-18T13:00:00.0000000+00:00,1
7ec61036-ef0f-434b-9cfb-d287d9f6ec26,Summer 2016/17,18946723-c1b7-4951-997f-f188eb06ae32,808d6781-add8-45d7-bda2-54a373662405,"NMCA - ""F"" Grade North - Manion Shield",raw_91c05e56_a891_4811_bdc5_2ef55d8f0d4c,raw_91c05e56_a891_4811_bdc5_2ef55d8f0d4c,Rahul Lalji,Rahul Lalji,0,0,2017-02-18T13:00:00.0000000+00:00,1
7ec61036-ef0f-434b-9cfb-d287d9f6ec26,Summer 2016/17,18946723-c1b7-4951-997f-f188eb06ae32,808d6781-add8-45d7-bda2-54a373662405,"NMCA - ""F"" Grade North - Manion Shield",ricky_singh,ricky_singh,Ricky Singh,Ricky Singh,0,0,2016-11-05T13:00:00.0000000+00:00,1
7ec61036-ef0f-434b-9cfb-d287d9f6ec26,Summer 2016/17,18946723-c1b7-4951-997f-f188eb06ae32,808d6781-add8-45d7-bda2-54a373662405,"NMCA - ""F"" Grade North - Manion Shield",shrikant_sharma,shrikant_sharma,Shrikant Sharma,Shrikant Sharma,1,1,2017-03-04T13:00:00.0000000+00:00,2
7ec61036-ef0f-434b-9cfb-d287d9f6ec26,Summer 2016/17,e2eb3fbf-bf58-4cf3-9148-911b2b9adc9b,2eec46a0-96a8-4858-93ee-407017161d4a,"NMCA - Bob Herman Shield - ""D"" Grade",amresh_bhan,amresh_bhan,Amresh Bhan,Amresh Bhan,1,1,2017-03-11T13:00:00.0000000+00:00,11
7ec61036-ef0f-434b-9cfb-d287d9f6ec26,Summer 2016/17,e2eb3fbf-bf58-4cf3-9148-911b2b9adc9b,2eec46a0-96a8-4858-93ee-407017161d4a,"NMCA - Bob Herman Shield - ""D"" Grade",janaka_wijayakoon,janaka_wijayakoon,Janaka Wijayakoon,Janaka Wijayakoon,0,0,2016-11-26T13:00:00.0000000+00:00,1
7ec61036-ef0f-434b-9cfb-d287d9f6ec26,Summer 2016/17,e2eb3fbf-bf58-4cf3-9148-911b2b9adc9b,2eec46a0-96a8-4858-93ee-407017161d4a,"NMCA - Bob Herman Shield - ""D"" Grade",jimmy_sharma,jimmy_sharma,Jimmy Sharma,Jimmy Sharma,0,0,2017-01-21T13:00:00.0000000+00:00,8
7ec61036-ef0f-434b-9cfb-d287d9f6ec26,Summer 2016/17,e2eb3fbf-bf58-4cf3-9148-911b2b9adc9b,2eec46a0-96a8-4858-93ee-407017161d4a,"NMCA - Bob Herman Shield - ""D"" Grade",raw_22cf8387_0a70_4971_bb3a_99fe437ae5a3,raw_22cf8387_0a70_4971_bb3a_99fe437ae5a3,Raj Koppula,Raj Koppula,0,0,2016-11-26T13:00:00.0000000+00:00,3
7ec61036-ef0f-434b-9cfb-d287d9f6ec26,Summer 2016/17,e2eb3fbf-bf58-4cf3-9148-911b2b9adc9b,2eec46a0-96a8-4858-93ee-407017161d4a,"NMCA - Bob Herman Shield - ""D"" Grade",raw_4cafb4f2_d8e4_4eff_981c_b3524ef8e2d1,raw_4cafb4f2_d8e4_4eff_981c_b3524ef8e2d1,Sagar Shrestha,Sagar Shrestha,1,0,2017-03-04T13:00:00.0000000+00:00,15
7ec61036-ef0f-434b-9cfb-d287d9f6ec26,Summer 2016/17,e2eb3fbf-bf58-4cf3-9148-911b2b9adc9b,2eec46a0-96a8-4858-93ee-407017161d4a,"NMCA - Bob Herman Shield - ""D"" Grade",raw_5bb5ba70_d7c7_4e21_a6ca_b6e111b4f1e4,raw_5bb5ba70_d7c7_4e21_a6ca_b6e111b4f1e4,Nabin Shrestha,Nabin Shrestha,1,0,2017-03-11T13:00:00.0000000+00:00,8
7ec61036-ef0f-434b-9cfb-d287d9f6ec26,Summer 2016/17,e2eb3fbf-bf58-4cf3-9148-911b2b9adc9b,2eec46a0-96a8-4858-93ee-407017161d4a,"NMCA - Bob Herman Shield - ""D"" Grade",raw_5f585f08_88c1_4d2b_9251_a47420073281,raw_5f585f08_88c1_4d2b_9251_a47420073281,Krishna Addanki,Krishna Addanki,0,0,2016-11-12T13:00:00.0000000+00:00,3
7ec61036-ef0f-434b-9cfb-d287d9f6ec26,Summer 2016/17,e2eb3fbf-bf58-4cf3-9148-911b2b9adc9b,2eec46a0-96a8-4858-93ee-407017161d4a,"NMCA - Bob Herman Shield - ""D"" Grade",raw_7f47871d_71d2_4c20_941e_b9b9b5164c8a,raw_7f47871d_71d2_4c20_941e_b9b9b5164c8a,Pratik Shah,Pratik Shah,0,0,2017-02-04T13:00:00.0000000+00:00,1
7ec61036-ef0f-434b-9cfb-d287d9f6ec26,Summer 2016/17,e2eb3fbf-bf58-4cf3-9148-911b2b9adc9b,2eec46a0-96a8-4858-93ee-407017161d4a,"NMCA - Bob Herman Shield - ""D"" Grade",raw_ab033f7b_82e2_4044_b0cb_9024cf56db51,raw_ab033f7b_82e2_4044_b0cb_9024cf56db51,Reuel Sharan,Reuel Sharan,1,0,2017-01-15T13:00:00.0000000+00:00,1
7ec61036-ef0f-434b-9cfb-d287d9f6ec26,Summer 2016/17,e2eb3fbf-bf58-4cf3-9148-911b2b9adc9b,2eec46a0-96a8-4858-93ee-407017161d4a,"NMCA - Bob Herman Shield - ""D"" Grade",raw_c22122d8_931d_4003_ace2_b76201b8eec1,raw_c22122d8_931d_4003_ace2_b76201b8eec1,Abhishek Bhardwaj,Abhishek Bhardwaj,0,0,2017-01-14T13:00:00.0000000+00:00,1
7ec61036-ef0f-434b-9cfb-d287d9f6ec26,Summer 2016/17,e2eb3fbf-bf58-4cf3-9148-911b2b9adc9b,2eec46a0-96a8-4858-93ee-407017161d4a,"NMCA - Bob Herman Shield - ""D"" Grade",raw_d7f93a87_6b05_4830_a524_41457fd00603,raw_d7f93a87_6b05_4830_a524_41457fd00603,Shaun Vikash,Shaun Vikash,6,4,2017-03-11T13:00:00.0000000+00:00,16
7ec61036-ef0f-434b-9cfb-d287d9f6ec26,Summer 2016/17,e2eb3fbf-bf58-4cf3-9148-911b2b9adc9b,2eec46a0-96a8-4858-93ee-407017161d4a,"NMCA - Bob Herman Shield - ""D"" Grade",raw_f03e80c4_abf2_4463_8403_38611ffdb56a,raw_f03e80c4_abf2_4463_8403_38611ffdb56a,Elvin Espiritu,Elvin Espiritu,1,0,2016-12-10T13:00:00.0000000+00:00,2
7ec61036-ef0f-434b-9cfb-d287d9f6ec26,Summer 2016/17,e2eb3fbf-bf58-4cf3-9148-911b2b9adc9b,2eec46a0-96a8-4858-93ee-407017161d4a,"NMCA - Bob Herman Shield - ""D"" Grade",raw_f8a8f7e5_bac4_4049_9b66_c8d6be892040,raw_f8a8f7e5_bac4_4049_9b66_c8d6be892040,Bobby Malli,Bobby Malli,0,0,2016-11-12T13:00:00.0000000+00:00,1
7ec61036-ef0f-434b-9cfb-d287d9f6ec26,Summer 2016/17,e2eb3fbf-bf58-4cf3-9148-911b2b9adc9b,2eec46a0-96a8-4858-93ee-407017161d4a,"NMCA - Bob Herman Shield - ""D"" Grade",sandeep_gill,sandeep_gill,Sandeep Gill,Sandeep Gill,6,0,2017-03-11T13:00:00.0000000+00:00,12
7ec61036-ef0f-434b-9cfb-d287d9f6ec26,Summer 2016/17,e2eb3fbf-bf58-4cf3-9148-911b2b9adc9b,2eec46a0-96a8-4858-93ee-407017161d4a,"NMCA - Bob Herman Shield - ""D"" Grade",shivnyl_naidu,shivnyl_naidu,Shivnyl Naidu,Shivnyl Naidu,2,1,2017-03-11T13:00:00.0000000+00:00,7
7ec61036-ef0f-434b-9cfb-d287d9f6ec26,Summer 2016/17,e2eb3fbf-bf58-4cf3-9148-911b2b9adc9b,2eec46a0-96a8-4858-93ee-407017161d4a,"NMCA - Bob Herman Shield - ""D"" Grade",shrikant_sharma,shrikant_sharma,Shrikant Sharma,Shrikant Sharma,1,0,2016-11-06T13:00:00.0000000+00:00,5
94913459-339b-4070-9581-c6c1dfad328b,Summer 2004/05,75208e07-b6a0-4807-933d-532d0fc1b975,b6b324eb-8dad-4863-8618-f0f8809765e4,"NMCA - John Adams Shield - ""B"" Grade",amresh_bhan,amresh_bhan,Amresh Bhan,Amresh Bhan,2,1,2005-03-05T00:00:00.0000000+00:00,5
94913459-339b-4070-9581-c6c1dfad328b,Summer 2004/05,75208e07-b6a0-4807-933d-532d0fc1b975,b6b324eb-8dad-4863-8618-f0f8809765e4,"NMCA - John Adams Shield - ""B"" Grade",clint_fernandes,clint_fernandes,Clint Fernandes,Clint Fernandes,4,3,2005-03-05T00:00:00.0000000+00:00,10
94913459-339b-4070-9581-c6c1dfad328b,Summer 2004/05,75208e07-b6a0-4807-933d-532d0fc1b975,b6b324eb-8dad-4863-8618-f0f8809765e4,"NMCA - John Adams Shield - ""B"" Grade",raw_0e78dee9_79dc_47e8_ac3f_c741ae08d19c,raw_0e78dee9_79dc_47e8_ac3f_c741ae08d19c,Larry Nanayakkara,Larry Nanayakkara,0,0,2004-12-11T00:00:00.0000000+00:00,3
94913459-339b-4070-9581-c6c1dfad328b,Summer 2004/05,75208e07-b6a0-4807-933d-532d0fc1b975,b6b324eb-8dad-4863-8618-f0f8809765e4,"NMCA - John Adams Shield - ""B"" Grade",raw_360868ba_5d2a_4f9f_9f3a_fff5756f3f85,raw_360868ba_5d2a_4f9f_9f3a_fff5756f3f85,Shandil Bhan,Shandil Bhan,3,1,2005-03-05T00:00:00.0000000+00:00,10
94913459-339b-4070-9581-c6c1dfad328b,Summer 2004/05,75208e07-b6a0-4807-933d-532d0fc1b975,b6b324eb-8dad-4863-8618-f0f8809765e4,"NMCA - John Adams Shield - ""B"" Grade",raw_4df23ec6_b95a_4683_9e5a_58a272a1cb17,raw_4df23ec6_b95a_4683_9e5a_58a272a1cb17,Shalen Nand,Shalen Nand,1,0,2005-03-05T00:00:00.0000000+00:00,9
94913459-339b-4070-9581-c6c1dfad328b,Summer 2004/05,75208e07-b6a0-4807-933d-532d0fc1b975,b6b324eb-8dad-4863-8618-f0f8809765e4,"NMCA - John Adams Shield - ""B"" Grade",raw_6ac032e7_14cb_4216_b72a_2c62e98d5255,raw_6ac032e7_14cb_4216_b72a_2c62e98d5255,Sanjeeva Nandan,Sanjeeva Nandan,0,0,2005-02-05T00:00:00.0000000+00:00,5
94913459-339b-4070-9581-c6c1dfad328b,Summer 2004/05,75208e07-b6a0-4807-933d-532d0fc1b975,b6b324eb-8dad-4863-8618-f0f8809765e4,"NMCA - John Adams Shield - ""B"" Grade",raw_d1c3c811_f2ad_41ad_8167_79990d858a5a,raw_d1c3c811_f2ad_41ad_8167_79990d858a5a,Vassili Kitsios,Vassili Kitsios,0,0,2005-03-05T00:00:00.0000000+00:00,7
94913459-339b-4070-9581-c6c1dfad328b,Summer 2004/05,75208e07-b6a0-4807-933d-532d0fc1b975,b6b324eb-8dad-4863-8618-f0f8809765e4,"NMCA - John Adams Shield - ""B"" Grade",raw_e6a98753_41b1_4aeb_b725_2f895b22754b,raw_e6a98753_41b1_4aeb_b725_2f895b22754b,Raja Parekh,Raja Parekh,0,0,2005-01-22T00:00:00.0000000+00:00,6
94913459-339b-4070-9581-c6c1dfad328b,Summer 2004/05,75208e07-b6a0-4807-933d-532d0fc1b975,b6b324eb-8dad-4863-8618-f0f8809765e4,"NMCA - John Adams Shield - ""B"" Grade",vinit_naidu,vinit_naidu,Vinit Naidu,Vinit Naidu,0,1,2005-02-19T00:00:00.0000000+00:00,8
94913459-339b-4070-9581-c6c1dfad328b,Summer 2004/05,ace9fdcc-bf72-47d8-bf31-f052f7cd0727,f7bac1e3-3279-4ae7-bf89-8279775b0539,"NMCA - Les Kemp Shield - ""E"" Grade",ashish_sharma,ashish_sharma,Ashish Sharma,Ashish Sharma,0,0,2005-01-08T00:00:00.0000000+00:00,2
94913459-339b-4070-9581-c6c1dfad328b,Summer 2004/05,ace9fdcc-bf72-47d8-bf31-f052f7cd0727,f7bac1e3-3279-4ae7-bf89-8279775b0539,"NMCA - Les Kemp Shield - ""E"" Grade",deepak_sharma,deepak_sharma,Deepak Sharma,Deepak Sharma,0,0,2005-02-19T00:00:00.0000000+00:00,7
94913459-339b-4070-9581-c6c1dfad328b,Summer 2004/05,ace9fdcc-bf72-47d8-bf31-f052f7cd0727,f7bac1e3-3279-4ae7-bf89-8279775b0539,"NMCA - Les Kemp Shield - ""E"" Grade",feroz_hassan,feroz_hassan,Feroz Hassan,Feroz Hassan,0,0,2005-02-05T00:00:00.0000000+00:00,7
94913459-339b-4070-9581-c6c1dfad328b,Summer 2004/05,ace9fdcc-bf72-47d8-bf31-f052f7cd0727,f7bac1e3-3279-4ae7-bf89-8279775b0539,"NMCA - Les Kemp Shield - ""E"" Grade",mayur_mohan,mayur_mohan,Mayur Mohan,Mayur Mohan,1,0,2005-02-05T00:00:00.0000000+00:00,5
94913459-339b-4070-9581-c6c1dfad328b,Summer 2004/05,ace9fdcc-bf72-47d8-bf31-f052f7cd0727,f7bac1e3-3279-4ae7-bf89-8279775b0539,"NMCA - Les Kemp Shield - ""E"" Grade",raw_0cef65b1_105f_4f25_8577_808d207df3c6,raw_0cef65b1_105f_4f25_8577_808d207df3c6,Ashveen Kumar,Ashveen Kumar,1,0,2004-11-27T00:00:00.0000000+00:00,3
94913459-339b-4070-9581-c6c1dfad328b,Summer 2004/05,ace9fdcc-bf72-47d8-bf31-f052f7cd0727,f7bac1e3-3279-4ae7-bf89-8279775b0539,"NMCA - Les Kemp Shield - ""E"" Grade",raw_0e78dee9_79dc_47e8_ac3f_c741ae08d19c,raw_0e78dee9_79dc_47e8_ac3f_c741ae08d19c,Larry Nanayakkara,Larry Nanayakkara,1,0,2004-10-23T00:00:00.0000000+00:00,3
94913459-339b-4070-9581-c6c1dfad328b,Summer 2004/05,ace9fdcc-bf72-47d8-bf31-f052f7cd0727,f7bac1e3-3279-4ae7-bf89-8279775b0539,"NMCA - Les Kemp Shield - ""E"" Grade",raw_232cc042_1e4c_423a_9190_e3432698c99d,raw_232cc042_1e4c_423a_9190_e3432698c99d,Reuben Sharan,Reuben Sharan,0,0,2005-02-19T00:00:00.0000000+00:00,7
94913459-339b-4070-9581-c6c1dfad328b,Summer 2004/05,ace9fdcc-bf72-47d8-bf31-f052f7cd0727,f7bac1e3-3279-4ae7-bf89-8279775b0539,"NMCA - Les Kemp Shield - ""E"" Grade",raw_2eba2cb5_9e9b_4ed8_bcce_f7c1cf4e1926,raw_2eba2cb5_9e9b_4ed8_bcce_f7c1cf4e1926,Hadrian D'Souza,Hadrian D'Souza,0,0,2005-02-19T00:00:00.0000000+00:00,8
94913459-339b-4070-9581-c6c1dfad328b,Summer 2004/05,ace9fdcc-bf72-47d8-bf31-f052f7cd0727,f7bac1e3-3279-4ae7-bf89-8279775b0539,"NMCA - Les Kemp Shield - ""E"" Grade",raw_360868ba_5d2a_4f9f_9f3a_fff5756f3f85,raw_360868ba_5d2a_4f9f_9f3a_fff5756f3f85,Shandil Bhan,Shandil Bhan,0,0,2004-12-11T00:00:00.0000000+00:00,1
94913459-339b-4070-9581-c6c1dfad328b,Summer 2004/05,ace9fdcc-bf72-47d8-bf31-f052f7cd0727,f7bac1e3-3279-4ae7-bf89-8279775b0539,"NMCA - Les Kemp Shield - ""E"" Grade",raw_47312d02_e750_4474_a21c_8afa89de677b,raw_47312d02_e750_4474_a21c_8afa89de677b,John Iosefo,John Iosefo,0,0,2004-10-16T00:00:00.0000000+00:00,1
94913459-339b-4070-9581-c6c1dfad328b,Summer 2004/05,ace9fdcc-bf72-47d8-bf31-f052f7cd0727,f7bac1e3-3279-4ae7-bf89-8279775b0539,"NMCA - Les Kemp Shield - ""E"" Grade",raw_522357b0_bfcf_42ed_985d_bc32c67d4ea7,raw_522357b0_bfcf_42ed_985d_bc32c67d4ea7,John Dudd,John Dudd,0,0,2004-10-02T00:00:00.0000000+00:00,1
94913459-339b-4070-9581-c6c1dfad328b,Summer 2004/05,ace9fdcc-bf72-47d8-bf31-f052f7cd0727,f7bac1e3-3279-4ae7-bf89-8279775b0539,"NMCA - Les Kemp Shield - ""E"" Grade",raw_91c05e56_a891_4811_bdc5_2ef55d8f0d4c,raw_91c05e56_a891_4811_bdc5_2ef55d8f0d4c,Rahul Lalji,Rahul Lalji,0,0,2004-12-11T00:00:00.0000000+00:00,3
94913459-339b-4070-9581-c6c1dfad328b,Summer 2004/05,ace9fdcc-bf72-47d8-bf31-f052f7cd0727,f7bac1e3-3279-4ae7-bf89-8279775b0539,"NMCA - Les Kemp Shield - ""E"" Grade",raw_ab033f7b_82e2_4044_b0cb_9024cf56db51,raw_ab033f7b_82e2_4044_b0cb_9024cf56db51,Reuel Sharan,Reuel Sharan,0,0,2004-12-11T00:00:00.0000000+00:00,2
94913459-339b-4070-9581-c6c1dfad328b,Summer 2004/05,ace9fdcc-bf72-47d8-bf31-f052f7cd0727,f7bac1e3-3279-4ae7-bf89-8279775b0539,"NMCA - Les Kemp Shield - ""E"" Grade",raw_b57538bf_267c_4710_87ce_d950e8f5f329,raw_b57538bf_267c_4710_87ce_d950e8f5f329,Vihung Kapadia,Vihung Kapadia,0,0,2005-01-22T00:00:00.0000000+00:00,4
94913459-339b-4070-9581-c6c1dfad328b,Summer 2004/05,ace9fdcc-bf72-47d8-bf31-f052f7cd0727,f7bac1e3-3279-4ae7-bf89-8279775b0539,"NMCA - Les Kemp Shield - ""E"" Grade",raw_d08c380f_be32_422d_a289_f7dad7020567,raw_d08c380f_be32_422d_a289_f7dad7020567,Avinash Rugoobur,Avinash Rugoobur,0,0,2005-01-22T00:00:00.0000000+00:00,2
94913459-339b-4070-9581-c6c1dfad328b,Summer 2004/05,ace9fdcc-bf72-47d8-bf31-f052f7cd0727,f7bac1e3-3279-4ae7-bf89-8279775b0539,"NMCA - Les Kemp Shield - ""E"" Grade",raw_d1c3c811_f2ad_41ad_8167_79990d858a5a,raw_d1c3c811_f2ad_41ad_8167_79990d858a5a,Vassili Kitsios,Vassili Kitsios,0,1,2005-02-19T00:00:00.0000000+00:00,1
94913459-339b-4070-9581-c6c1dfad328b,Summer 2004/05,ace9fdcc-bf72-47d8-bf31-f052f7cd0727,f7bac1e3-3279-4ae7-bf89-8279775b0539,"NMCA - Les Kemp Shield - ""E"" Grade",raw_d7f93a87_6b05_4830_a524_41457fd00603,raw_d7f93a87_6b05_4830_a524_41457fd00603,Shaun Vikash,Shaun Vikash,1,0,2005-01-08T00:00:00.0000000+00:00,1
94913459-339b-4070-9581-c6c1dfad328b,Summer 2004/05,ace9fdcc-bf72-47d8-bf31-f052f7cd0727,f7bac1e3-3279-4ae7-bf89-8279775b0539,"NMCA - Les Kemp Shield - ""E"" Grade",raw_e7f0b7e7_0a85_4673_a465_639a19beab88,raw_e7f0b7e7_0a85_4673_a465_639a19beab88,Navishkar Singh,Navishkar Singh,0,0,2005-02-05T00:00:00.0000000+00:00,2
94913459-339b-4070-9581-c6c1dfad328b,Summer 2004/05,ace9fdcc-bf72-47d8-bf31-f052f7cd0727,f7bac1e3-3279-4ae7-bf89-8279775b0539,"NMCA - Les Kemp Shield - ""E"" Grade",raw_ef7c9041_7c28_4a26_b0ca_97e914007ca1,raw_ef7c9041_7c28_4a26_b0ca_97e914007ca1,Sachin Chand,Sachin Chand,2,0,2005-02-19T00:00:00.0000000+00:00,10
95aa262f-30aa-4e11-8296-3a374a9fa3aa,Summer 2019/20,9e2b5ab8-ed77-41e5-b68a-db494e0fe821,6810400f-9dcc-4909-a2e6-9732c810ac13,NMCA - Jack Kelly Shield,amresh_bhan,amresh_bhan,Amresh Bhan,Amresh Bhan,0,0,2019-10-13T00:00:00.0000000+11:00,1
95aa262f-30aa-4e11-8296-3a374a9fa3aa,Summer 2019/20,9e2b5ab8-ed77-41e5-b68a-db494e0fe821,6810400f-9dcc-4909-a2e6-9732c810ac13,NMCA - Jack Kelly Shield,danny_singh,danny_singh,Danny Singh,Danny Singh,0,0,2020-01-26T00:00:00.0000000+11:00,4
95aa262f-30aa-4e11-8296-3a374a9fa3aa,Summer 2019/20,9e2b5ab8-ed77-41e5-b68a-db494e0fe821,6810400f-9dcc-4909-a2e6-9732c810ac13,NMCA - Jack Kelly Shield,kalpeshkumar_patel,kalpeshkumar_patel,Kalpeshkumar Patel,Kalpeshkumar Patel,1,0,2020-02-09T00:00:00.0000000+11:00,3
95aa262f-30aa-4e11-8296-3a374a9fa3aa,Summer 2019/20,9e2b5ab8-ed77-41e5-b68a-db494e0fe821,6810400f-9dcc-4909-a2e6-9732c810ac13,NMCA - Jack Kelly Shield,nikhil_sawant,nikhil_sawant,Nikhil Sawant,Nikhil Sawant,0,0,2019-10-20T00:00:00.0000000+11:00,2
95aa262f-30aa-4e11-8296-3a374a9fa3aa,Summer 2019/20,9e2b5ab8-ed77-41e5-b68a-db494e0fe821,6810400f-9dcc-4909-a2e6-9732c810ac13,NMCA - Jack Kelly Shield,raw_0e932e6a_4c90_4c46_8043_acedc1522af9,raw_0e932e6a_4c90_4c46_8043_acedc1522af9,Sajin Shrestha,Sajin Shrestha,0,0,2019-10-13T00:00:00.0000000+11:00,1
95aa262f-30aa-4e11-8296-3a374a9fa3aa,Summer 2019/20,9e2b5ab8-ed77-41e5-b68a-db494e0fe821,6810400f-9dcc-4909-a2e6-9732c810ac13,NMCA - Jack Kelly Shield,raw_133832e5_c9bf_493d_a799_6f560da6758b,raw_133832e5_c9bf_493d_a799_6f560da6758b,Amal Krishna,Amal Krishna,0,0,2019-10-05T22:30:00.0000000+10:00,1
95aa262f-30aa-4e11-8296-3a374a9fa3aa,Summer 2019/20,9e2b5ab8-ed77-41e5-b68a-db494e0fe821,6810400f-9dcc-4909-a2e6-9732c810ac13,NMCA - Jack Kelly Shield,raw_162cce2f_a5bb_451f_ab68_d7a037f018ee,raw_162cce2f_a5bb_451f_ab68_d7a037f018ee,Benjamin Frew,Benjamin Frew,0,0,2019-10-13T00:00:00.0000000+11:00,1
95aa262f-30aa-4e11-8296-3a374a9fa3aa,Summer 2019/20,9e2b5ab8-ed77-41e5-b68a-db494e0fe821,6810400f-9dcc-4909-a2e6-9732c810ac13,NMCA - Jack Kelly Shield,raw_2be4b5e3_4337_4630_bc06_454213e892e5,raw_2be4b5e3_4337_4630_bc06_454213e892e5,Sarfaraz Ahmed,Sarfaraz Ahmed,2,1,2020-02-23T00:00:00.0000000+11:00,8
95aa262f-30aa-4e11-8296-3a374a9fa3aa,Summer 2019/20,9e2b5ab8-ed77-41e5-b68a-db494e0fe821,6810400f-9dcc-4909-a2e6-9732c810ac13,NMCA - Jack Kelly Shield,raw_33ffabac_4623_48bd_a99b_419590f00cc3,raw_33ffabac_4623_48bd_a99b_419590f00cc3,Neeraj Sharma,Neeraj Sharma,0,0,2020-01-26T00:00:00.0000000+11:00,9
95aa262f-30aa-4e11-8296-3a374a9fa3aa,Summer 2019/20,9e2b5ab8-ed77-41e5-b68a-db494e0fe821,6810400f-9dcc-4909-a2e6-9732c810ac13,NMCA - Jack Kelly Shield,raw_6b74d336_b105_407c_b4ef_f68e2fba7862,raw_6b74d336_b105_407c_b4ef_f68e2fba7862,Damandeep Sehra,Damandeep Sehra,0,0,2019-10-13T00:00:00.0000000+11:00,1
95aa262f-30aa-4e11-8296-3a374a9fa3aa,Summer 2019/20,9e2b5ab8-ed77-41e5-b68a-db494e0fe821,6810400f-9dcc-4909-a2e6-9732c810ac13,NMCA - Jack Kelly Shield,raw_6c56eade_47a8_4e9d_851b_89aadbb82387,raw_6c56eade_47a8_4e9d_851b_89aadbb82387,Pradeep Maadasu,Pradeep Maadasu,0,0,2020-01-12T00:00:00.0000000+11:00,1
95aa262f-30aa-4e11-8296-3a374a9fa3aa,Summer 2019/20,9e2b5ab8-ed77-41e5-b68a-db494e0fe821,6810400f-9dcc-4909-a2e6-9732c810ac13,NMCA - Jack Kelly Shield,raw_6dafae49_e951_4b24_a74a_d5d1ab49db67,raw_6dafae49_e951_4b24_a74a_d5d1ab49db67,Muhammad Nauman,Muhammad Nauman,2,0,2020-02-23T00:00:00.0000000+11:00,6
95aa262f-30aa-4e11-8296-3a374a9fa3aa,Summer 2019/20,9e2b5ab8-ed77-41e5-b68a-db494e0fe821,6810400f-9dcc-4909-a2e6-9732c810ac13,NMCA - Jack Kelly Shield,raw_b0359b90_ca42_4a35_b0d1_46703899270f,raw_b0359b90_ca42_4a35_b0d1_46703899270f,Sai Krishna Buddaraju,Sai Krishna Buddaraju,6,3,2020-02-23T00:00:00.0000000+11:00,13
95aa262f-30aa-4e11-8296-3a374a9fa3aa,Summer 2019/20,9e2b5ab8-ed77-41e5-b68a-db494e0fe821,6810400f-9dcc-4909-a2e6-9732c810ac13,NMCA - Jack Kelly Shield,raw_bacb745b_1109_4ffc_b4ce_f53bf8c269ce,raw_bacb745b_1109_4ffc_b4ce_f53bf8c269ce,Syed Shabbir,Syed Shabbir,0,0,2020-02-23T00:00:00.0000000+11:00,2
95aa262f-30aa-4e11-8296-3a374a9fa3aa,Summer 2019/20,9e2b5ab8-ed77-41e5-b68a-db494e0fe821,6810400f-9dcc-4909-a2e6-9732c810ac13,NMCA - Jack Kelly Shield,raw_d36a9234_b2b2_44a0_9fa3_3e1527aa4b1c,raw_d36a9234_b2b2_44a0_9fa3_3e1527aa4b1c,Harish Kumar,Harish Kumar,0,0,2019-12-01T00:00:00.0000000+11:00,1
95aa262f-30aa-4e11-8296-3a374a9fa3aa,Summer 2019/20,9e2b5ab8-ed77-41e5-b68a-db494e0fe821,6810400f-9dcc-4909-a2e6-9732c810ac13,NMCA - Jack Kelly Shield,raw_e8ba8e6a_f654_4def_9abd_a37b607a6223,raw_e8ba8e6a_f654_4def_9abd_a37b607a6223,Madhu Vadakkedath,Madhu Vadakkedath,0,0,2020-02-23T00:00:00.0000000+11:00,3
95aa262f-30aa-4e11-8296-3a374a9fa3aa,Summer 2019/20,9e2b5ab8-ed77-41e5-b68a-db494e0fe821,6810400f-9dcc-4909-a2e6-9732c810ac13,NMCA - Jack Kelly Shield,raw_f4eec6b0_c7ff_4771_b4f1_8ea5865e1186,raw_f4eec6b0_c7ff_4771_b4f1_8ea5865e1186,Akshat Bodele,Akshat Bodele,0,0,2020-02-23T00:00:00.0000000+11:00,6
95aa262f-30aa-4e11-8296-3a374a9fa3aa,Summer 2019/20,9e2b5ab8-ed77-41e5-b68a-db494e0fe821,6810400f-9dcc-4909-a2e6-9732c810ac13,NMCA - Jack Kelly Shield,shivnyl_naidu,shivnyl_naidu,Shivnyl Naidu,Shivnyl Naidu,0,0,2020-02-09T00:00:00.0000000+11:00,6
95aa262f-30aa-4e11-8296-3a374a9fa3aa,Summer 2019/20,9e2b5ab8-ed77-41e5-b68a-db494e0fe821,6810400f-9dcc-4909-a2e6-9732c810ac13,NMCA - Jack Kelly Shield,shrikant_sharma,shrikant_sharma,Shrikant Sharma,Shrikant Sharma,0,0,2020-01-12T00:00:00.0000000+11:00,5
95aa262f-30aa-4e11-8296-3a374a9fa3aa,Summer 2019/20,9e2b5ab8-ed77-41e5-b68a-db494e0fe821,6810400f-9dcc-4909-a2e6-9732c810ac13,NMCA - Jack Kelly Shield,vinit_naidu,vinit_naidu,Vinit Naidu,Vinit Naidu,0,0,2020-01-19T00:00:00.0000000+11:00,2
95aa262f-30aa-4e11-8296-3a374a9fa3aa,Summer 2019/20,f8893b6a-53fd-4108-a15b-743a0908f2cf,0fb58aff-dcac-4dfa-951d-8d4ec1548dc2,"NMCA - Les Kemp Shield - ""E"" Grade",danny_singh,danny_singh,Danny Singh,Danny Singh,2,0,2020-01-19T00:00:00.0000000+11:00,2
95aa262f-30aa-4e11-8296-3a374a9fa3aa,Summer 2019/20,f8893b6a-53fd-4108-a15b-743a0908f2cf,0fb58aff-dcac-4dfa-951d-8d4ec1548dc2,"NMCA - Les Kemp Shield - ""E"" Grade",deepak_sharma,deepak_sharma,Deepak Sharma,Deepak Sharma,0,0,2019-10-05T23:00:00.0000000+10:00,1
95aa262f-30aa-4e11-8296-3a374a9fa3aa,Summer 2019/20,f8893b6a-53fd-4108-a15b-743a0908f2cf,0fb58aff-dcac-4dfa-951d-8d4ec1548dc2,"NMCA - Les Kemp Shield - ""E"" Grade",feroz_hassan,feroz_hassan,Feroz Hassan,Feroz Hassan,0,0,2020-02-09T00:00:00.0000000+11:00,9
95aa262f-30aa-4e11-8296-3a374a9fa3aa,Summer 2019/20,f8893b6a-53fd-4108-a15b-743a0908f2cf,0fb58aff-dcac-4dfa-951d-8d4ec1548dc2,"NMCA - Les Kemp Shield - ""E"" Grade",kalpeshkumar_patel,kalpeshkumar_patel,Kalpeshkumar Patel,Kalpeshkumar Patel,0,0,2019-10-13T00:30:00.0000000+11:00,1
95aa262f-30aa-4e11-8296-3a374a9fa3aa,Summer 2019/20,f8893b6a-53fd-4108-a15b-743a0908f2cf,0fb58aff-dcac-4dfa-951d-8d4ec1548dc2,"NMCA - Les Kemp Shield - ""E"" Grade",nikhil_sawant,nikhil_sawant,Nikhil Sawant,Nikhil Sawant,0,0,2019-12-01T00:00:00.0000000+11:00,1
95aa262f-30aa-4e11-8296-3a374a9fa3aa,Summer 2019/20,f8893b6a-53fd-4108-a15b-743a0908f2cf,0fb58aff-dcac-4dfa-951d-8d4ec1548dc2,"NMCA - Les Kemp Shield - ""E"" Grade",predheesh_valayil_sivanandan,predheesh_valayil_sivanandan,Predheesh Valayil Sivanandan,Predheesh Valayil Sivanandan,0,0,2020-01-19T00:00:00.0000000+11:00,2
95aa262f-30aa-4e11-8296-3a374a9fa3aa,Summer 2019/20,f8893b6a-53fd-4108-a15b-743a0908f2cf,0fb58aff-dcac-4dfa-951d-8d4ec1548dc2,"NMCA - Les Kemp Shield - ""E"" Grade",raw_0e932e6a_4c90_4c46_8043_acedc1522af9,raw_0e932e6a_4c90_4c46_8043_acedc1522af9,Sajin Shrestha,Sajin Shrestha,0,0,2019-12-15T00:00:00.0000000+11:00,1
95aa262f-30aa-4e11-8296-3a374a9fa3aa,Summer 2019/20,f8893b6a-53fd-4108-a15b-743a0908f2cf,0fb58aff-dcac-4dfa-951d-8d4ec1548dc2,"NMCA - Les Kemp Shield - ""E"" Grade",raw_133832e5_c9bf_493d_a799_6f560da6758b,raw_133832e5_c9bf_493d_a799_6f560da6758b,Amal Krishna,Amal Krishna,1,0,2020-01-19T00:00:00.0000000+11:00,6
95aa262f-30aa-4e11-8296-3a374a9fa3aa,Summer 2019/20,f8893b6a-53fd-4108-a15b-743a0908f2cf,0fb58aff-dcac-4dfa-951d-8d4ec1548dc2,"NMCA - Les Kemp Shield - ""E"" Grade",raw_2405694d_a6cb_4a0a_b828_72bd87786955,raw_2405694d_a6cb_4a0a_b828_72bd87786955,Umais Baqi,Umais Baqi,0,0,2020-02-09T00:00:00.0000000+11:00,3
95aa262f-30aa-4e11-8296-3a374a9fa3aa,Summer 2019/20,f8893b6a-53fd-4108-a15b-743a0908f2cf,0fb58aff-dcac-4dfa-951d-8d4ec1548dc2,"NMCA - Les Kemp Shield - ""E"" Grade",raw_248d59b2_4390_4bdf_a379_7376c701d492,raw_248d59b2_4390_4bdf_a379_7376c701d492,Faisal Shahzad,Faisal Shahzad,0,0,2020-02-09T00:00:00.0000000+11:00,5
95aa262f-30aa-4e11-8296-3a374a9fa3aa,Summer 2019/20,f8893b6a-53fd-4108-a15b-743a0908f2cf,0fb58aff-dcac-4dfa-951d-8d4ec1548dc2,"NMCA - Les Kemp Shield - ""E"" Grade",raw_41319ce2_d210_43f3_83ea_be2dee71ddea,raw_41319ce2_d210_43f3_83ea_be2dee71ddea,Haider Ali,Haider Ali,0,0,2020-02-09T00:00:00.0000000+11:00,2
95aa262f-30aa-4e11-8296-3a374a9fa3aa,Summer 2019/20,f8893b6a-53fd-4108-a15b-743a0908f2cf,0fb58aff-dcac-4dfa-951d-8d4ec1548dc2,"NMCA - Les Kemp Shield - ""E"" Grade",raw_49d25119_eceb_4dc9_9f62_9e9ed3073bf3,raw_49d25119_eceb_4dc9_9f62_9e9ed3073bf3,Gilbert Carvalho,Gilbert Carvalho,0,0,2019-10-05T23:00:00.0000000+10:00,1
95aa262f-30aa-4e11-8296-3a374a9fa3aa,Summer 2019/20,f8893b6a-53fd-4108-a15b-743a0908f2cf,0fb58aff-dcac-4dfa-951d-8d4ec1548dc2,"NMCA - Les Kemp Shield - ""E"" Grade",raw_5a5c2789_408d_4c21_9137_6cdd0961671b,raw_5a5c2789_408d_4c21_9137_6cdd0961671b,Krishna Kasiraju,Krishna Kasiraju,0,0,2020-01-26T00:00:00.0000000+11:00,6
95aa262f-30aa-4e11-8296-3a374a9fa3aa,Summer 2019/20,f8893b6a-53fd-4108-a15b-743a0908f2cf,0fb58aff-dcac-4dfa-951d-8d4ec1548dc2,"NMCA - Les Kemp Shield - ""E"" Grade",raw_5f585f08_88c1_4d2b_9251_a47420073281,raw_5f585f08_88c1_4d2b_9251_a47420073281,Krishna Addanki,Krishna Addanki,0,0,2019-10-13T00:30:00.0000000+11:00,1
95aa262f-30aa-4e11-8296-3a374a9fa3aa,Summer 2019/20,f8893b6a-53fd-4108-a15b-743a0908f2cf,0fb58aff-dcac-4dfa-951d-8d4ec1548dc2,"NMCA - Les Kemp Shield - ""E"" Grade",raw_6b74d336_b105_407c_b4ef_f68e2fba7862,raw_6b74d336_b105_407c_b4ef_f68e2fba7862,Damandeep Sehra,Damandeep Sehra,0,0,2020-01-26T00:00:00.0000000+11:00,2
95aa262f-30aa-4e11-8296-3a374a9fa3aa,Summer 2019/20,f8893b6a-53fd-4108-a15b-743a0908f2cf,0fb58aff-dcac-4dfa-951d-8d4ec1548dc2,"NMCA - Les Kemp Shield - ""E"" Grade",raw_772017c0_ffec_4dd7_992a_665e05833c20,raw_772017c0_ffec_4dd7_992a_665e05833c20,Prajapati Manubhai,Prajapati Manubhai,0,0,2019-10-13T00:30:00.0000000+11:00,1
95aa262f-30aa-4e11-8296-3a374a9fa3aa,Summer 2019/20,f8893b6a-53fd-4108-a15b-743a0908f2cf,0fb58aff-dcac-4dfa-951d-8d4ec1548dc2,"NMCA - Les Kemp Shield - ""E"" Grade",raw_8557137e_8e9a_403f_a2e5_197066bc94b7,raw_8557137e_8e9a_403f_a2e5_197066bc94b7,Muhammad Abidi,Muhammad Abidi,0,0,2020-02-09T00:00:00.0000000+11:00,3
95aa262f-30aa-4e11-8296-3a374a9fa3aa,Summer 2019/20,f8893b6a-53fd-4108-a15b-743a0908f2cf,0fb58aff-dcac-4dfa-951d-8d4ec1548dc2,"NMCA - Les Kemp Shield - ""E"" Grade",raw_acde3e88_4254_4b9a_88a6_2d5c1cdead57,raw_acde3e88_4254_4b9a_88a6_2d5c1cdead57,Jason Ferreira,Jason Ferreira,0,0,2019-12-01T00:00:00.0000000+11:00,2
95aa262f-30aa-4e11-8296-3a374a9fa3aa,Summer 2019/20,f8893b6a-53fd-4108-a15b-743a0908f2cf,0fb58aff-dcac-4dfa-951d-8d4ec1548dc2,"NMCA - Les Kemp Shield - ""E"" Grade",raw_b3b52283_bba3_41bc_8dea_fe249e5487b3,raw_b3b52283_bba3_41bc_8dea_fe249e5487b3,Arun Parvathyraj,Arun Parvathyraj,1,0,2020-02-09T00:00:00.0000000+11:00,2
95aa262f-30aa-4e11-8296-3a374a9fa3aa,Summer 2019/20,f8893b6a-53fd-4108-a15b-743a0908f2cf,0fb58aff-dcac-4dfa-951d-8d4ec1548dc2,"NMCA - Les Kemp Shield - ""E"" Grade",raw_bacb745b_1109_4ffc_b4ce_f53bf8c269ce,raw_bacb745b_1109_4ffc_b4ce_f53bf8c269ce,Syed Shabbir,Syed Shabbir,2,1,2020-02-09T00:00:00.0000000+11:00,9
95aa262f-30aa-4e11-8296-3a374a9fa3aa,Summer 2019/20,f8893b6a-53fd-4108-a15b-743a0908f2cf,0fb58aff-dcac-4dfa-951d-8d4ec1548dc2,"NMCA - Les Kemp Shield - ""E"" Grade",raw_c9ba183a_666e_4bea_8b80_e056bea26ce6,raw_c9ba183a_666e_4bea_8b80_e056bea26ce6,Syed Hasan,Syed Hasan,0,0,2020-02-09T00:00:00.0000000+11:00,4
95aa262f-30aa-4e11-8296-3a374a9fa3aa,Summer 2019/20,f8893b6a-53fd-4108-a15b-743a0908f2cf,0fb58aff-dcac-4dfa-951d-8d4ec1548dc2,"NMCA - Les Kemp Shield - ""E"" Grade",raw_e8ba8e6a_f654_4def_9abd_a37b607a6223,raw_e8ba8e6a_f654_4def_9abd_a37b607a6223,Madhu Vadakkedath,Madhu Vadakkedath,1,0,2020-01-19T00:00:00.0000000+11:00,2
95aa262f-30aa-4e11-8296-3a374a9fa3aa,Summer 2019/20,f8893b6a-53fd-4108-a15b-743a0908f2cf,0fb58aff-dcac-4dfa-951d-8d4ec1548dc2,"NMCA - Les Kemp Shield - ""E"" Grade",raw_f4eec6b0_c7ff_4771_b4f1_8ea5865e1186,raw_f4eec6b0_c7ff_4771_b4f1_8ea5865e1186,Akshat Bodele,Akshat Bodele,0,0,2020-01-12T00:00:00.0000000+11:00,1
95aa262f-30aa-4e11-8296-3a374a9fa3aa,Summer 2019/20,f8893b6a-53fd-4108-a15b-743a0908f2cf,0fb58aff-dcac-4dfa-951d-8d4ec1548dc2,"NMCA - Les Kemp Shield - ""E"" Grade",shiv_ganachari,shiv_ganachari,Shiv Ganachari,Shiv Ganachari,1,0,2020-02-09T00:00:00.0000000+11:00,9
95aa262f-30aa-4e11-8296-3a374a9fa3aa,Summer 2019/20,f8893b6a-53fd-4108-a15b-743a0908f2cf,0fb58aff-dcac-4dfa-951d-8d4ec1548dc2,"NMCA - Les Kemp Shield - ""E"" Grade",shrikant_sharma,shrikant_sharma,Shrikant Sharma,Shrikant Sharma,0,0,2020-01-26T00:00:00.0000000+11:00,4
95aa262f-30aa-4e11-8296-3a374a9fa3aa,Summer 2019/20,f8893b6a-53fd-4108-a15b-743a0908f2cf,0fb58aff-dcac-4dfa-951d-8d4ec1548dc2,"NMCA - Les Kemp Shield - ""E"" Grade",vinit_naidu,vinit_naidu,Vinit Naidu,Vinit Naidu,0,0,2019-12-15T00:00:00.0000000+11:00,1
a07158e7-b32f-4511-9f9b-5f75c5f7d6ae,Summer 2013/14,51a2acbe-f2d5-492b-a556-6f17dc3a7a00,659f48ca-ad03-47e7-b717-fe7e25b70e60,NMCA - Jack Kelly Shield,amresh_bhan,amresh_bhan,Amresh Bhan,Amresh Bhan,0,0,2014-02-22T13:00:00.0000000+00:00,4
a07158e7-b32f-4511-9f9b-5f75c5f7d6ae,Summer 2013/14,51a2acbe-f2d5-492b-a556-6f17dc3a7a00,659f48ca-ad03-47e7-b717-fe7e25b70e60,NMCA - Jack Kelly Shield,baurel_d_mello,baurel_d_mello,Baurel D'Mello,Baurel D'Mello,2,0,2014-02-22T13:00:00.0000000+00:00,6
a07158e7-b32f-4511-9f9b-5f75c5f7d6ae,Summer 2013/14,51a2acbe-f2d5-492b-a556-6f17dc3a7a00,659f48ca-ad03-47e7-b717-fe7e25b70e60,NMCA - Jack Kelly Shield,damien_vikash,damien_vikash,Damien Vikash,Damien Vikash,5,0,2014-02-22T13:00:00.0000000+00:00,14
a07158e7-b32f-4511-9f9b-5f75c5f7d6ae,Summer 2013/14,51a2acbe-f2d5-492b-a556-6f17dc3a7a00,659f48ca-ad03-47e7-b717-fe7e25b70e60,NMCA - Jack Kelly Shield,raw_0702405a_c36b_4bed_aa31_e2deb2af62b8,raw_0702405a_c36b_4bed_aa31_e2deb2af62b8,Princey Pereira,Princey Pereira,0,0,2013-11-16T13:00:00.0000000+00:00,2
a07158e7-b32f-4511-9f9b-5f75c5f7d6ae,Summer 2013/14,51a2acbe-f2d5-492b-a556-6f17dc3a7a00,659f48ca-ad03-47e7-b717-fe7e25b70e60,NMCA - Jack Kelly Shield,raw_162cce2f_a5bb_451f_ab68_d7a037f018ee,raw_162cce2f_a5bb_451f_ab68_d7a037f018ee,Benjamin Frew,Benjamin Frew,0,0,2014-02-22T13:00:00.0000000+00:00,1
a07158e7-b32f-4511-9f9b-5f75c5f7d6ae,Summer 2013/14,51a2acbe-f2d5-492b-a556-6f17dc3a7a00,659f48ca-ad03-47e7-b717-fe7e25b70e60,NMCA - Jack Kelly Shield,raw_22881360_c7c1_4e3e_9265_eee8b8aa191e,raw_22881360_c7c1_4e3e_9265_eee8b8aa191e,Jaymin Patel,Jaymin Patel,0,0,2013-10-12T13:00:00.0000000+00:00,1
a07158e7-b32f-4511-9f9b-5f75c5f7d6ae,Summer 2013/14,51a2acbe-f2d5-492b-a556-6f17dc3a7a00,659f48ca-ad03-47e7-b717-fe7e25b70e60,NMCA - Jack Kelly Shield,raw_360868ba_5d2a_4f9f_9f3a_fff5756f3f85,raw_360868ba_5d2a_4f9f_9f3a_fff5756f3f85,Shandil Bhan,Shandil Bhan,0,0,2014-02-08T13:00:00.0000000+00:00,1
a07158e7-b32f-4511-9f9b-5f75c5f7d6ae,Summer 2013/14,51a2acbe-f2d5-492b-a556-6f17dc3a7a00,659f48ca-ad03-47e7-b717-fe7e25b70e60,NMCA - Jack Kelly Shield,raw_4df23ec6_b95a_4683_9e5a_58a272a1cb17,raw_4df23ec6_b95a_4683_9e5a_58a272a1cb17,Shalen Nand,Shalen Nand,0,0,2014-02-22T13:00:00.0000000+00:00,6
a07158e7-b32f-4511-9f9b-5f75c5f7d6ae,Summer 2013/14,51a2acbe-f2d5-492b-a556-6f17dc3a7a00,659f48ca-ad03-47e7-b717-fe7e25b70e60,NMCA - Jack Kelly Shield,raw_8217d829_22d7_43e5_b059_c1ca038dadc7,raw_8217d829_22d7_43e5_b059_c1ca038dadc7,Loxly Mather,Loxly Mather,0,0,2013-11-30T13:00:00.0000000+00:00,1
a07158e7-b32f-4511-9f9b-5f75c5f7d6ae,Summer 2013/14,51a2acbe-f2d5-492b-a556-6f17dc3a7a00,659f48ca-ad03-47e7-b717-fe7e25b70e60,NMCA - Jack Kelly Shield,raw_9fd2a404_b670_4f95_a13c_401b88a6c37e,raw_9fd2a404_b670_4f95_a13c_401b88a6c37e,Vikash Chand,Vikash Chand,4,0,2014-02-22T13:00:00.0000000+00:00,12
a07158e7-b32f-4511-9f9b-5f75c5f7d6ae,Summer 2013/14,51a2acbe-f2d5-492b-a556-6f17dc3a7a00,659f48ca-ad03-47e7-b717-fe7e25b70e60,NMCA - Jack Kelly Shield,raw_ab033f7b_82e2_4044_b0cb_9024cf56db51,raw_ab033f7b_82e2_4044_b0cb_9024cf56db51,Reuel Sharan,Reuel Sharan,0,0,2013-11-16T13:00:00.0000000+00:00,1
a07158e7-b32f-4511-9f9b-5f75c5f7d6ae,Summer 2013/14,51a2acbe-f2d5-492b-a556-6f17dc3a7a00,659f48ca-ad03-47e7-b717-fe7e25b70e60,NMCA - Jack Kelly Shield,raw_af5e1e15_6636_4749_999c_51794cc920be,raw_af5e1e15_6636_4749_999c_51794cc920be,Aravind Chamala,Aravind Chamala,0,0,2013-12-14T13:00:00.0000000+00:00,1
a07158e7-b32f-4511-9f9b-5f75c5f7d6ae,Summer 2013/14,51a2acbe-f2d5-492b-a556-6f17dc3a7a00,659f48ca-ad03-47e7-b717-fe7e25b70e60,NMCA - Jack Kelly Shield,raw_d7f93a87_6b05_4830_a524_41457fd00603,raw_d7f93a87_6b05_4830_a524_41457fd00603,Shaun Vikash,Shaun Vikash,3,1,2014-02-22T13:00:00.0000000+00:00,14
a07158e7-b32f-4511-9f9b-5f75c5f7d6ae,Summer 2013/14,51a2acbe-f2d5-492b-a556-6f17dc3a7a00,659f48ca-ad03-47e7-b717-fe7e25b70e60,NMCA - Jack Kelly Shield,shivnyl_naidu,shivnyl_naidu,Shivnyl Naidu,Shivnyl Naidu,2,1,2014-02-22T13:00:00.0000000+00:00,13
a07158e7-b32f-4511-9f9b-5f75c5f7d6ae,Summer 2013/14,51a2acbe-f2d5-492b-a556-6f17dc3a7a00,659f48ca-ad03-47e7-b717-fe7e25b70e60,NMCA - Jack Kelly Shield,vinit_naidu,vinit_naidu,Vinit Naidu,Vinit Naidu,1,0,2014-02-08T13:00:00.0000000+00:00,9
a07158e7-b32f-4511-9f9b-5f75c5f7d6ae,Summer 2013/14,d25f3126-67a6-4cc1-991a-aabc8ba677c0,2c121b1e-d30d-4bc3-b8b4-f381a142dbd0,"NMCA - Bob Herman Shield - ""D"" Grade",amresh_bhan,amresh_bhan,Amresh Bhan,Amresh Bhan,1,1,2014-03-08T13:00:00.0000000+00:00,6
a07158e7-b32f-4511-9f9b-5f75c5f7d6ae,Summer 2013/14,d25f3126-67a6-4cc1-991a-aabc8ba677c0,2c121b1e-d30d-4bc3-b8b4-f381a142dbd0,"NMCA - Bob Herman Shield - ""D"" Grade",baurel_d_mello,baurel_d_mello,Baurel D'Mello,Baurel D'Mello,3,0,2014-03-08T13:00:00.0000000+00:00,6
a07158e7-b32f-4511-9f9b-5f75c5f7d6ae,Summer 2013/14,d25f3126-67a6-4cc1-991a-aabc8ba677c0,2c121b1e-d30d-4bc3-b8b4-f381a142dbd0,"NMCA - Bob Herman Shield - ""D"" Grade",danny_singh,danny_singh,Danny Singh,Danny Singh,0,0,2014-02-22T13:00:00.0000000+00:00,1
a07158e7-b32f-4511-9f9b-5f75c5f7d6ae,Summer 2013/14,d25f3126-67a6-4cc1-991a-aabc8ba677c0,2c121b1e-d30d-4bc3-b8b4-f381a142dbd0,"NMCA - Bob Herman Shield - ""D"" Grade",deepak_sharma,deepak_sharma,Deepak Sharma,Deepak Sharma,0,0,2014-01-18T13:00:00.0000000+00:00,1
a07158e7-b32f-4511-9f9b-5f75c5f7d6ae,Summer 2013/14,d25f3126-67a6-4cc1-991a-aabc8ba677c0,2c121b1e-d30d-4bc3-b8b4-f381a142dbd0,"NMCA - Bob Herman Shield - ""D"" Grade",raw_0702405a_c36b_4bed_aa31_e2deb2af62b8,raw_0702405a_c36b_4bed_aa31_e2deb2af62b8,Princey Pereira,Princey Pereira,0,0,2013-11-02T13:00:00.0000000+00:00,4
a07158e7-b32f-4511-9f9b-5f75c5f7d6ae,Summer 2013/14,d25f3126-67a6-4cc1-991a-aabc8ba677c0,2c121b1e-d30d-4bc3-b8b4-f381a142dbd0,"NMCA - Bob Herman Shield - ""D"" Grade",raw_22881360_c7c1_4e3e_9265_eee8b8aa191e,raw_22881360_c7c1_4e3e_9265_eee8b8aa191e,Jaymin Patel,Jaymin Patel,1,0,2013-10-05T12:30:00.0000000+00:00,1
a07158e7-b32f-4511-9f9b-5f75c5f7d6ae,Summer 2013/14,d25f3126-67a6-4cc1-991a-aabc8ba677c0,2c121b1e-d30d-4bc3-b8b4-f381a142dbd0,"NMCA - Bob Herman Shield - ""D"" Grade",raw_360868ba_5d2a_4f9f_9f3a_fff5756f3f85,raw_360868ba_5d2a_4f9f_9f3a_fff5756f3f85,Shandil Bhan,Shandil Bhan,0,0,2014-01-18T13:00:00.0000000+00:00,1
a07158e7-b32f-4511-9f9b-5f75c5f7d6ae,Summer 2013/14,d25f3126-67a6-4cc1-991a-aabc8ba677c0,2c121b1e-d30d-4bc3-b8b4-f381a142dbd0,"NMCA - Bob Herman Shield - ""D"" Grade",raw_38c119de_cb52_4461_a057_560972d54403,raw_38c119de_cb52_4461_a057_560972d54403,Abhilash Ayyala,Abhilash Ayyala,0,0,2014-01-19T13:00:00.0000000+00:00,1
a07158e7-b32f-4511-9f9b-5f75c5f7d6ae,Summer 2013/14,d25f3126-67a6-4cc1-991a-aabc8ba677c0,2c121b1e-d30d-4bc3-b8b4-f381a142dbd0,"NMCA - Bob Herman Shield - ""D"" Grade",raw_47312d02_e750_4474_a21c_8afa89de677b,raw_47312d02_e750_4474_a21c_8afa89de677b,John Iosefo,John Iosefo,0,0,2014-01-18T13:00:00.0000000+00:00,2
a07158e7-b32f-4511-9f9b-5f75c5f7d6ae,Summer 2013/14,d25f3126-67a6-4cc1-991a-aabc8ba677c0,2c121b1e-d30d-4bc3-b8b4-f381a142dbd0,"NMCA - Bob Herman Shield - ""D"" Grade",raw_4d819379_168a_47f3_ab77_496b6dcccc39,raw_4d819379_168a_47f3_ab77_496b6dcccc39,Nethula Kumar,Nethula Kumar,0,0,2014-01-19T13:00:00.0000000+00:00,1
a07158e7-b32f-4511-9f9b-5f75c5f7d6ae,Summer 2013/14,d25f3126-67a6-4cc1-991a-aabc8ba677c0,2c121b1e-d30d-4bc3-b8b4-f381a142dbd0,"NMCA - Bob Herman Shield - ""D"" Grade",raw_4df23ec6_b95a_4683_9e5a_58a272a1cb17,raw_4df23ec6_b95a_4683_9e5a_58a272a1cb17,Shalen Nand,Shalen Nand,1,0,2013-11-30T13:00:00.0000000+00:00,3
a07158e7-b32f-4511-9f9b-5f75c5f7d6ae,Summer 2013/14,d25f3126-67a6-4cc1-991a-aabc8ba677c0,2c121b1e-d30d-4bc3-b8b4-f381a142dbd0,"NMCA - Bob Herman Shield - ""D"" Grade",raw_55e5dcc4_439e_4b26_8b33_960d29297c67,raw_55e5dcc4_439e_4b26_8b33_960d29297c67,Navneet Maharia,Navneet Maharia,0,0,2013-11-16T13:00:00.0000000+00:00,1
a07158e7-b32f-4511-9f9b-5f75c5f7d6ae,Summer 2013/14,d25f3126-67a6-4cc1-991a-aabc8ba677c0,2c121b1e-d30d-4bc3-b8b4-f381a142dbd0,"NMCA - Bob Herman Shield - ""D"" Grade",raw_6ac032e7_14cb_4216_b72a_2c62e98d5255,raw_6ac032e7_14cb_4216_b72a_2c62e98d5255,Sanjeeva Nandan,Sanjeeva Nandan,0,0,2014-02-08T13:00:00.0000000+00:00,5
a07158e7-b32f-4511-9f9b-5f75c5f7d6ae,Summer 2013/14,d25f3126-67a6-4cc1-991a-aabc8ba677c0,2c121b1e-d30d-4bc3-b8b4-f381a142dbd0,"NMCA - Bob Herman Shield - ""D"" Grade",raw_6b74d336_b105_407c_b4ef_f68e2fba7862,raw_6b74d336_b105_407c_b4ef_f68e2fba7862,Damandeep Sehra,Damandeep Sehra,0,0,2014-01-18T13:00:00.0000000+00:00,6
a07158e7-b32f-4511-9f9b-5f75c5f7d6ae,Summer 2013/14,d25f3126-67a6-4cc1-991a-aabc8ba677c0,2c121b1e-d30d-4bc3-b8b4-f381a142dbd0,"NMCA - Bob Herman Shield - ""D"" Grade",raw_6c56eade_47a8_4e9d_851b_89aadbb82387,raw_6c56eade_47a8_4e9d_851b_89aadbb82387,Pradeep Maadasu,Pradeep Maadasu,0,0,2014-02-22T13:00:00.0000000+00:00,1
a07158e7-b32f-4511-9f9b-5f75c5f7d6ae,Summer 2013/14,d25f3126-67a6-4cc1-991a-aabc8ba677c0,2c121b1e-d30d-4bc3-b8b4-f381a142dbd0,"NMCA - Bob Herman Shield - ""D"" Grade",raw_72198299_b5dc_4e2e_992e_4bd3e8f60c03,raw_72198299_b5dc_4e2e_992e_4bd3e8f60c03,Ajay Maharia,Ajay Maharia,0,0,2013-11-16T13:00:00.0000000+00:00,5
a07158e7-b32f-4511-9f9b-5f75c5f7d6ae,Summer 2013/14,d25f3126-67a6-4cc1-991a-aabc8ba677c0,2c121b1e-d30d-4bc3-b8b4-f381a142dbd0,"NMCA - Bob Herman Shield - ""D"" Grade",raw_8217d829_22d7_43e5_b059_c1ca038dadc7,raw_8217d829_22d7_43e5_b059_c1ca038dadc7,Loxly Mather,Loxly Mather,0,0,2014-01-25T13:00:00.0000000+00:00,3
a07158e7-b32f-4511-9f9b-5f75c5f7d6ae,Summer 2013/14,d25f3126-67a6-4cc1-991a-aabc8ba677c0,2c121b1e-d30d-4bc3-b8b4-f381a142dbd0,"NMCA - Bob Herman Shield - ""D"" Grade",raw_91c05e56_a891_4811_bdc5_2ef55d8f0d4c,raw_91c05e56_a891_4811_bdc5_2ef55d8f0d4c,Rahul Lalji,Rahul Lalji,0,0,2014-01-18T13:00:00.0000000+00:00,1
a07158e7-b32f-4511-9f9b-5f75c5f7d6ae,Summer 2013/14,d25f3126-67a6-4cc1-991a-aabc8ba677c0,2c121b1e-d30d-4bc3-b8b4-f381a142dbd0,"NMCA - Bob Herman Shield - ""D"" Grade",raw_aaf4ef5c_2b0e_4dfc_a22a_e562ae3c2e6c,raw_aaf4ef5c_2b0e_4dfc_a22a_e562ae3c2e6c,Bharath Bhavanashi,Bharath Bhavanashi,0,1,2014-02-22T13:00:00.0000000+00:00,3
a07158e7-b32f-4511-9f9b-5f75c5f7d6ae,Summer 2013/14,d25f3126-67a6-4cc1-991a-aabc8ba677c0,2c121b1e-d30d-4bc3-b8b4-f381a142dbd0,"NMCA - Bob Herman Shield - ""D"" Grade",raw_ab033f7b_82e2_4044_b0cb_9024cf56db51,raw_ab033f7b_82e2_4044_b0cb_9024cf56db51,Reuel Sharan,Reuel Sharan,0,0,2014-02-22T13:00:00.0000000+00:00,2
a07158e7-b32f-4511-9f9b-5f75c5f7d6ae,Summer 2013/14,d25f3126-67a6-4cc1-991a-aabc8ba677c0,2c121b1e-d30d-4bc3-b8b4-f381a142dbd0,"NMCA - Bob Herman Shield - ""D"" Grade",raw_af5e1e15_6636_4749_999c_51794cc920be,raw_af5e1e15_6636_4749_999c_51794cc920be,Aravind Chamala,Aravind Chamala,3,0,2014-03-08T13:00:00.0000000+00:00,11
a07158e7-b32f-4511-9f9b-5f75c5f7d6ae,Summer 2013/14,d25f3126-67a6-4cc1-991a-aabc8ba677c0,2c121b1e-d30d-4bc3-b8b4-f381a142dbd0,"NMCA - Bob Herman Shield - ""D"" Grade",raw_cd095912_1b6b_4a62_9103_b4a5bca56791,raw_cd095912_1b6b_4a62_9103_b4a5bca56791,Rajiv Mahla,Rajiv Mahla,0,0,2013-12-14T13:00:00.0000000+00:00,3
a07158e7-b32f-4511-9f9b-5f75c5f7d6ae,Summer 2013/14,d25f3126-67a6-4cc1-991a-aabc8ba677c0,2c121b1e-d30d-4bc3-b8b4-f381a142dbd0,"NMCA - Bob Herman Shield - ""D"" Grade",raw_cdd6ad40_6a0f_403e_aa42_5577322a8e5a,raw_cdd6ad40_6a0f_403e_aa42_5577322a8e5a,Venu Birlangi,Venu Birlangi,2,0,2014-02-22T13:00:00.0000000+00:00,7
a07158e7-b32f-4511-9f9b-5f75c5f7d6ae,Summer 2013/14,d25f3126-67a6-4cc1-991a-aabc8ba677c0,2c121b1e-d30d-4bc3-b8b4-f381a142dbd0,"NMCA - Bob Herman Shield - ""D"" Grade",raw_ddc71440_bb45_4ba1_a67e_7c23a1abf1f2,raw_ddc71440_bb45_4ba1_a67e_7c23a1abf1f2,Mandeep Singh,Mandeep Singh,0,0,2013-10-19T13:00:00.0000000+00:00,1
a07158e7-b32f-4511-9f9b-5f75c5f7d6ae,Summer 2013/14,d25f3126-67a6-4cc1-991a-aabc8ba677c0,2c121b1e-d30d-4bc3-b8b4-f381a142dbd0,"NMCA - Bob Herman Shield - ""D"" Grade",raw_e1114ad0_26da_490a_be5f_bdbb8d658e65,raw_e1114ad0_26da_490a_be5f_bdbb8d658e65,Lakshmi Kanth,Lakshmi Kanth,0,0,2014-02-22T13:00:00.0000000+00:00,1
a07158e7-b32f-4511-9f9b-5f75c5f7d6ae,Summer 2013/14,d25f3126-67a6-4cc1-991a-aabc8ba677c0,2c121b1e-d30d-4bc3-b8b4-f381a142dbd0,"NMCA - Bob Herman Shield - ""D"" Grade",raw_f8a8f7e5_bac4_4049_9b66_c8d6be892040,raw_f8a8f7e5_bac4_4049_9b66_c8d6be892040,Bobby Malli,Bobby Malli,1,0,2014-02-08T13:00:00.0000000+00:00,2
a07158e7-b32f-4511-9f9b-5f75c5f7d6ae,Summer 2013/14,d25f3126-67a6-4cc1-991a-aabc8ba677c0,2c121b1e-d30d-4bc3-b8b4-f381a142dbd0,"NMCA - Bob Herman Shield - ""D"" Grade",raw_fabe3087_4118_4ebf_ae00_523358904311,raw_fabe3087_4118_4ebf_ae00_523358904311,Alex Moderana,Alex Moderana,3,0,2014-03-08T13:00:00.0000000+00:00,7
a07158e7-b32f-4511-9f9b-5f75c5f7d6ae,Summer 2013/14,d25f3126-67a6-4cc1-991a-aabc8ba677c0,2c121b1e-d30d-4bc3-b8b4-f381a142dbd0,"NMCA - Bob Herman Shield - ""D"" Grade",ricky_singh,ricky_singh,Ricky Singh,Ricky Singh,1,0,2014-01-19T13:00:00.0000000+00:00,6
a07158e7-b32f-4511-9f9b-5f75c5f7d6ae,Summer 2013/14,d25f3126-67a6-4cc1-991a-aabc8ba677c0,2c121b1e-d30d-4bc3-b8b4-f381a142dbd0,"NMCA - Bob Herman Shield - ""D"" Grade",vinit_naidu,vinit_naidu,Vinit Naidu,Vinit Naidu,2,0,2014-03-08T13:00:00.0000000+00:00,4
a07158e7-b32f-4511-9f9b-5f75c5f7d6ae,Summer 2013/14,fc0e5cf4-f372-43cc-b984-c39f1d980ac1,db406f44-1823-4896-ba27-cf8a0254cca3,"NMCA - ""F"" Grade South - Torrens Shield",deepak_sharma,deepak_sharma,Deepak Sharma,Deepak Sharma,0,0,2014-03-08T13:00:00.0000000+00:00,5
a07158e7-b32f-4511-9f9b-5f75c5f7d6ae,Summer 2013/14,fc0e5cf4-f372-43cc-b984-c39f1d980ac1,db406f44-1823-4896-ba27-cf8a0254cca3,"NMCA - ""F"" Grade South - Torrens Shield",raw_0635ed32_022c_4f27_a368_73455e980c45,raw_0635ed32_022c_4f27_a368_73455e980c45,Lakkadi Reddy,Lakkadi Reddy,0,0,2013-12-14T13:00:00.0000000+00:00,3
a07158e7-b32f-4511-9f9b-5f75c5f7d6ae,Summer 2013/14,fc0e5cf4-f372-43cc-b984-c39f1d980ac1,db406f44-1823-4896-ba27-cf8a0254cca3,"NMCA - ""F"" Grade South - Torrens Shield",raw_0702405a_c36b_4bed_aa31_e2deb2af62b8,raw_0702405a_c36b_4bed_aa31_e2deb2af62b8,Princey Pereira,Princey Pereira,1,0,2014-02-22T13:00:00.0000000+00:00,2
a07158e7-b32f-4511-9f9b-5f75c5f7d6ae,Summer 2013/14,fc0e5cf4-f372-43cc-b984-c39f1d980ac1,db406f44-1823-4896-ba27-cf8a0254cca3,"NMCA - ""F"" Grade South - Torrens Shield",raw_13fe243d_49a0_4d92_b3e0_84ac18ed66eb,raw_13fe243d_49a0_4d92_b3e0_84ac18ed66eb,Jason Newcastle,Jason Newcastle,0,0,2014-03-08T13:00:00.0000000+00:00,5
a07158e7-b32f-4511-9f9b-5f75c5f7d6ae,Summer 2013/14,fc0e5cf4-f372-43cc-b984-c39f1d980ac1,db406f44-1823-4896-ba27-cf8a0254cca3,"NMCA - ""F"" Grade South - Torrens Shield",raw_1530c428_23fa_4851_9045_92aaa806b494,raw_1530c428_23fa_4851_9045_92aaa806b494,Vishal Pradhan,Vishal Pradhan,0,0,2014-01-25T13:00:00.0000000+00:00,1
a07158e7-b32f-4511-9f9b-5f75c5f7d6ae,Summer 2013/14,fc0e5cf4-f372-43cc-b984-c39f1d980ac1,db406f44-1823-4896-ba27-cf8a0254cca3,"NMCA - ""F"" Grade South - Torrens Shield",raw_1edf02b8_7d71_4aa7_93af_9ac8a9bceea4,raw_1edf02b8_7d71_4aa7_93af_9ac8a9bceea4,Major Singh,Major Singh,0,0,2013-11-02T13:00:00.0000000+00:00,2
a07158e7-b32f-4511-9f9b-5f75c5f7d6ae,Summer 2013/14,fc0e5cf4-f372-43cc-b984-c39f1d980ac1,db406f44-1823-4896-ba27-cf8a0254cca3,"NMCA - ""F"" Grade South - Torrens Shield",raw_232cc042_1e4c_423a_9190_e3432698c99d,raw_232cc042_1e4c_423a_9190_e3432698c99d,Reuben Sharan,Reuben Sharan,0,0,2013-11-02T13:00:00.0000000+00:00,1
a07158e7-b32f-4511-9f9b-5f75c5f7d6ae,Summer 2013/14,fc0e5cf4-f372-43cc-b984-c39f1d980ac1,db406f44-1823-4896-ba27-cf8a0254cca3,"NMCA - ""F"" Grade South - Torrens Shield",raw_38c119de_cb52_4461_a057_560972d54403,raw_38c119de_cb52_4461_a057_560972d54403,Abhilash Ayyala,Abhilash Ayyala,1,0,2014-03-08T13:00:00.0000000+00:00,10
a07158e7-b32f-4511-9f9b-5f75c5f7d6ae,Summer 2013/14,fc0e5cf4-f372-43cc-b984-c39f1d980ac1,db406f44-1823-4896-ba27-cf8a0254cca3,"NMCA - ""F"" Grade South - Torrens Shield",raw_47312d02_e750_4474_a21c_8afa89de677b,raw_47312d02_e750_4474_a21c_8afa89de677b,John Iosefo,John Iosefo,0,0,2014-02-08T13:00:00.0000000+00:00,1
a07158e7-b32f-4511-9f9b-5f75c5f7d6ae,Summer 2013/14,fc0e5cf4-f372-43cc-b984-c39f1d980ac1,db406f44-1823-4896-ba27-cf8a0254cca3,"NMCA - ""F"" Grade South - Torrens Shield",raw_4d819379_168a_47f3_ab77_496b6dcccc39,raw_4d819379_168a_47f3_ab77_496b6dcccc39,Nethula Kumar,Nethula Kumar,0,0,2014-02-08T13:00:00.0000000+00:00,6
a07158e7-b32f-4511-9f9b-5f75c5f7d6ae,Summer 2013/14,fc0e5cf4-f372-43cc-b984-c39f1d980ac1,db406f44-1823-4896-ba27-cf8a0254cca3,"NMCA - ""F"" Grade South - Torrens Shield",raw_6ac032e7_14cb_4216_b72a_2c62e98d5255,raw_6ac032e7_14cb_4216_b72a_2c62e98d5255,Sanjeeva Nandan,Sanjeeva Nandan,0,0,2013-12-14T13:00:00.0000000+00:00,1
a07158e7-b32f-4511-9f9b-5f75c5f7d6ae,Summer 2013/14,fc0e5cf4-f372-43cc-b984-c39f1d980ac1,db406f44-1823-4896-ba27-cf8a0254cca3,"NMCA - ""F"" Grade South - Torrens Shield",raw_6b74d336_b105_407c_b4ef_f68e2fba7862,raw_6b74d336_b105_407c_b4ef_f68e2fba7862,Damandeep Sehra,Damandeep Sehra,0,0,2014-03-08T13:00:00.0000000+00:00,3
a07158e7-b32f-4511-9f9b-5f75c5f7d6ae,Summer 2013/14,fc0e5cf4-f372-43cc-b984-c39f1d980ac1,db406f44-1823-4896-ba27-cf8a0254cca3,"NMCA - ""F"" Grade South - Torrens Shield",raw_6c56eade_47a8_4e9d_851b_89aadbb82387,raw_6c56eade_47a8_4e9d_851b_89aadbb82387,Pradeep Maadasu,Pradeep Maadasu,0,0,2014-01-25T13:00:00.0000000+00:00,1
a07158e7-b32f-4511-9f9b-5f75c5f7d6ae,Summer 2013/14,fc0e5cf4-f372-43cc-b984-c39f1d980ac1,db406f44-1823-4896-ba27-cf8a0254cca3,"NMCA - ""F"" Grade South - Torrens Shield",raw_7a9a4623_d31d_4b8b_a4f1_3fe2b3d4e06c,raw_7a9a4623_d31d_4b8b_a4f1_3fe2b3d4e06c,Jim Didaskalou,Jim Didaskalou,0,0,2014-01-18T13:00:00.0000000+00:00,1
a07158e7-b32f-4511-9f9b-5f75c5f7d6ae,Summer 2013/14,fc0e5cf4-f372-43cc-b984-c39f1d980ac1,db406f44-1823-4896-ba27-cf8a0254cca3,"NMCA - ""F"" Grade South - Torrens Shield",raw_9257a6d7_7887_43bf_a607_df0d79ee3da7,raw_9257a6d7_7887_43bf_a607_df0d79ee3da7,John Singh,John Singh,0,0,2013-12-14T13:00:00.0000000+00:00,3
a07158e7-b32f-4511-9f9b-5f75c5f7d6ae,Summer 2013/14,fc0e5cf4-f372-43cc-b984-c39f1d980ac1,db406f44-1823-4896-ba27-cf8a0254cca3,"NMCA - ""F"" Grade South - Torrens Shield",raw_aaf4ef5c_2b0e_4dfc_a22a_e562ae3c2e6c,raw_aaf4ef5c_2b0e_4dfc_a22a_e562ae3c2e6c,Bharath Bhavanashi,Bharath Bhavanashi,0,0,2014-03-08T13:00:00.0000000+00:00,8
a07158e7-b32f-4511-9f9b-5f75c5f7d6ae,Summer 2013/14,fc0e5cf4-f372-43cc-b984-c39f1d980ac1,db406f44-1823-4896-ba27-cf8a0254cca3,"NMCA - ""F"" Grade South - Torrens Shield",raw_ab033f7b_82e2_4044_b0cb_9024cf56db51,raw_ab033f7b_82e2_4044_b0cb_9024cf56db51,Reuel Sharan,Reuel Sharan,0,0,2013-10-26T13:00:00.0000000+00:00,1
a07158e7-b32f-4511-9f9b-5f75c5f7d6ae,Summer 2013/14,fc0e5cf4-f372-43cc-b984-c39f1d980ac1,db406f44-1823-4896-ba27-cf8a0254cca3,"NMCA - ""F"" Grade South - Torrens Shield",raw_af5e1e15_6636_4749_999c_51794cc920be,raw_af5e1e15_6636_4749_999c_51794cc920be,Aravind Chamala,Aravind Chamala,1,0,2014-02-22T13:00:00.0000000+00:00,2
a07158e7-b32f-4511-9f9b-5f75c5f7d6ae,Summer 2013/14,fc0e5cf4-f372-43cc-b984-c39f1d980ac1,db406f44-1823-4896-ba27-cf8a0254cca3,"NMCA - ""F"" Grade South - Torrens Shield",raw_cdd6ad40_6a0f_403e_aa42_5577322a8e5a,raw_cdd6ad40_6a0f_403e_aa42_5577322a8e5a,Venu Birlangi,Venu Birlangi,1,1,2014-01-18T13:00:00.0000000+00:00,4
a07158e7-b32f-4511-9f9b-5f75c5f7d6ae,Summer 2013/14,fc0e5cf4-f372-43cc-b984-c39f1d980ac1,db406f44-1823-4896-ba27-cf8a0254cca3,"NMCA - ""F"" Grade South - Torrens Shield",raw_d54fd47a_a7be_4332_8fb4_99d34a810429,raw_d54fd47a_a7be_4332_8fb4_99d34a810429,Kevin Joseph,Kevin Joseph,0,0,2014-02-22T13:00:00.0000000+00:00,1
a07158e7-b32f-4511-9f9b-5f75c5f7d6ae,Summer 2013/14,fc0e5cf4-f372-43cc-b984-c39f1d980ac1,db406f44-1823-4896-ba27-cf8a0254cca3,"NMCA - ""F"" Grade South - Torrens Shield",raw_e1114ad0_26da_490a_be5f_bdbb8d658e65,raw_e1114ad0_26da_490a_be5f_bdbb8d658e65,Lakshmi Kanth,Lakshmi Kanth,0,0,2014-03-08T13:00:00.0000000+00:00,4
a07158e7-b32f-4511-9f9b-5f75c5f7d6ae,Summer 2013/14,fc0e5cf4-f372-43cc-b984-c39f1d980ac1,db406f44-1823-4896-ba27-cf8a0254cca3,"NMCA - ""F"" Grade South - Torrens Shield",raw_f03e80c4_abf2_4463_8403_38611ffdb56a,raw_f03e80c4_abf2_4463_8403_38611ffdb56a,Elvin Espiritu,Elvin Espiritu,0,0,2013-11-16T13:00:00.0000000+00:00,2
a07158e7-b32f-4511-9f9b-5f75c5f7d6ae,Summer 2013/14,fc0e5cf4-f372-43cc-b984-c39f1d980ac1,db406f44-1823-4896-ba27-cf8a0254cca3,"NMCA - ""F"" Grade South - Torrens Shield",raw_f8a8f7e5_bac4_4049_9b66_c8d6be892040,raw_f8a8f7e5_bac4_4049_9b66_c8d6be892040,Bobby Malli,Bobby Malli,2,0,2014-03-08T13:00:00.0000000+00:00,2
a07158e7-b32f-4511-9f9b-5f75c5f7d6ae,Summer 2013/14,fc0e5cf4-f372-43cc-b984-c39f1d980ac1,db406f44-1823-4896-ba27-cf8a0254cca3,"NMCA - ""F"" Grade South - Torrens Shield",raw_fabe3087_4118_4ebf_ae00_523358904311,raw_fabe3087_4118_4ebf_ae00_523358904311,Alex Moderana,Alex Moderana,1,0,2014-02-22T13:00:00.0000000+00:00,2
a07158e7-b32f-4511-9f9b-5f75c5f7d6ae,Summer 2013/14,fc0e5cf4-f372-43cc-b984-c39f1d980ac1,db406f44-1823-4896-ba27-cf8a0254cca3,"NMCA - ""F"" Grade South - Torrens Shield",ricky_singh,ricky_singh,Ricky Singh,Ricky Singh,1,0,2014-03-08T13:00:00.0000000+00:00,4
a07158e7-b32f-4511-9f9b-5f75c5f7d6ae,Summer 2013/14,fc0e5cf4-f372-43cc-b984-c39f1d980ac1,db406f44-1823-4896-ba27-cf8a0254cca3,"NMCA - ""F"" Grade South - Torrens Shield",vinit_naidu,vinit_naidu,Vinit Naidu,Vinit Naidu,0,0,2014-02-22T13:00:00.0000000+00:00,1
a387270b-f2fd-4e48-9334-b7f9b59589a5,Summer 2020/21,2511a949-9015-4e6a-8b08-18abfeb7da69,90229983-4e26-4388-9a53-6bcd47f00e8d,NMCA - Robert Young - Designated One Day Comp.,damien_vikash,damien_vikash,Damien Vikash,Damien Vikash,0,0,2021-02-07T00:00:00.0000000+11:00,1
a387270b-f2fd-4e48-9334-b7f9b59589a5,Summer 2020/21,2511a949-9015-4e6a-8b08-18abfeb7da69,90229983-4e26-4388-9a53-6bcd47f00e8d,NMCA - Robert Young - Designated One Day Comp.,feroz_hassan,feroz_hassan,Feroz Hassan,Feroz Hassan,0,0,2021-02-28T00:00:00.0000000+11:00,5
a387270b-f2fd-4e48-9334-b7f9b59589a5,Summer 2020/21,2511a949-9015-4e6a-8b08-18abfeb7da69,90229983-4e26-4388-9a53-6bcd47f00e8d,NMCA - Robert Young - Designated One Day Comp.,praveen_lama,praveen_lama,Praveen Lama,Praveen Lama,1,0,2021-02-21T00:00:00.0000000+11:00,7
a387270b-f2fd-4e48-9334-b7f9b59589a5,Summer 2020/21,2511a949-9015-4e6a-8b08-18abfeb7da69,90229983-4e26-4388-9a53-6bcd47f00e8d,NMCA - Robert Young - Designated One Day Comp.,ravi_chowdary,ravi_chowdary,Ravi Chowdary,Ravi Chowdary,1,1,2021-02-28T00:00:00.0000000+11:00,8
a387270b-f2fd-4e48-9334-b7f9b59589a5,Summer 2020/21,2511a949-9015-4e6a-8b08-18abfeb7da69,90229983-4e26-4388-9a53-6bcd47f00e8d,NMCA - Robert Young - Designated One Day Comp.,raw_100b60f9_15ab_4d35_9626_be4212a5d0e2,raw_100b60f9_15ab_4d35_9626_be4212a5d0e2,Rama Suravajjula,Rama Suravajjula,0,0,2021-02-28T00:00:00.0000000+11:00,1
a387270b-f2fd-4e48-9334-b7f9b59589a5,Summer 2020/21,2511a949-9015-4e6a-8b08-18abfeb7da69,90229983-4e26-4388-9a53-6bcd47f00e8d,NMCA - Robert Young - Designated One Day Comp.,raw_133832e5_c9bf_493d_a799_6f560da6758b,raw_133832e5_c9bf_493d_a799_6f560da6758b,Amal Krishna,Amal Krishna,1,0,2021-02-28T00:00:00.0000000+11:00,9
a387270b-f2fd-4e48-9334-b7f9b59589a5,Summer 2020/21,2511a949-9015-4e6a-8b08-18abfeb7da69,90229983-4e26-4388-9a53-6bcd47f00e8d,NMCA - Robert Young - Designated One Day Comp.,raw_2c167bd3_c65c_4abd_8fa8_7351cfe9aa59,raw_2c167bd3_c65c_4abd_8fa8_7351cfe9aa59,Sajendra Shrestha,Sajendra Shrestha,0,0,2021-02-07T00:00:00.0000000+11:00,1
a387270b-f2fd-4e48-9334-b7f9b59589a5,Summer 2020/21,2511a949-9015-4e6a-8b08-18abfeb7da69,90229983-4e26-4388-9a53-6bcd47f00e8d,NMCA - Robert Young - Designated One Day Comp.,raw_41319ce2_d210_43f3_83ea_be2dee71ddea,raw_41319ce2_d210_43f3_83ea_be2dee71ddea,Haider Ali,Haider Ali,0,0,2020-12-13T00:00:00.0000000+11:00,4
a387270b-f2fd-4e48-9334-b7f9b59589a5,Summer 2020/21,2511a949-9015-4e6a-8b08-18abfeb7da69,90229983-4e26-4388-9a53-6bcd47f00e8d,NMCA - Robert Young - Designated One Day Comp.,raw_42163535_aadc_4c2c_853a_e472db8423a1,raw_42163535_aadc_4c2c_853a_e472db8423a1,Nick Lal,Nick Lal,0,0,2021-01-31T00:00:00.0000000+11:00,1
a387270b-f2fd-4e48-9334-b7f9b59589a5,Summer 2020/21,2511a949-9015-4e6a-8b08-18abfeb7da69,90229983-4e26-4388-9a53-6bcd47f00e8d,NMCA - Robert Young - Designated One Day Comp.,raw_811c797d_f2dc_4eeb_bfd0_3c2cd719c5ab,raw_811c797d_f2dc_4eeb_bfd0_3c2cd719c5ab,Dinesh Subedi,Dinesh Subedi,0,1,2020-12-06T00:00:00.0000000+11:00,1
a387270b-f2fd-4e48-9334-b7f9b59589a5,Summer 2020/21,2511a949-9015-4e6a-8b08-18abfeb7da69,90229983-4e26-4388-9a53-6bcd47f00e8d,NMCA - Robert Young - Designated One Day Comp.,raw_8557137e_8e9a_403f_a2e5_197066bc94b7,raw_8557137e_8e9a_403f_a2e5_197066bc94b7,Muhammad Abidi,Muhammad Abidi,0,0,2020-12-20T00:00:00.0000000+11:00,1
a387270b-f2fd-4e48-9334-b7f9b59589a5,Summer 2020/21,2511a949-9015-4e6a-8b08-18abfeb7da69,90229983-4e26-4388-9a53-6bcd47f00e8d,NMCA - Robert Young - Designated One Day Comp.,raw_a5f9b627_39ee_482d_9d0b_da17a0b19842,raw_a5f9b627_39ee_482d_9d0b_da17a0b19842,Chaitanya Raju,Chaitanya Raju,0,0,2021-02-28T00:00:00.0000000+11:00,8
a387270b-f2fd-4e48-9334-b7f9b59589a5,Summer 2020/21,2511a949-9015-4e6a-8b08-18abfeb7da69,90229983-4e26-4388-9a53-6bcd47f00e8d,NMCA - Robert Young - Designated One Day Comp.,raw_ae261d51_9af8_4123_b965_4adda74aafc6,raw_ae261d51_9af8_4123_b965_4adda74aafc6,Jacob Joseph,Jacob Joseph,0,0,2021-02-28T00:00:00.0000000+11:00,7
a387270b-f2fd-4e48-9334-b7f9b59589a5,Summer 2020/21,2511a949-9015-4e6a-8b08-18abfeb7da69,90229983-4e26-4388-9a53-6bcd47f00e8d,NMCA - Robert Young - Designated One Day Comp.,raw_b3b52283_bba3_41bc_8dea_fe249e5487b3,raw_b3b52283_bba3_41bc_8dea_fe249e5487b3,Arun Parvathyraj,Arun Parvathyraj,0,1,2021-02-21T00:00:00.0000000+11:00,7
a387270b-f2fd-4e48-9334-b7f9b59589a5,Summer 2020/21,2511a949-9015-4e6a-8b08-18abfeb7da69,90229983-4e26-4388-9a53-6bcd47f00e8d,NMCA - Robert Young - Designated One Day Comp.,raw_bd3267a9_62a4_4ef6_9c96_ca89ef724e76,raw_bd3267a9_62a4_4ef6_9c96_ca89ef724e76,Santhosh Kumar Chappidi,Santhosh Kumar Chappidi,0,0,2021-02-21T00:00:00.0000000+11:00,3
a387270b-f2fd-4e48-9334-b7f9b59589a5,Summer 2020/21,2511a949-9015-4e6a-8b08-18abfeb7da69,90229983-4e26-4388-9a53-6bcd47f00e8d,NMCA - Robert Young - Designated One Day Comp.,raw_de9355bb_27d0_4a45_a8b7_dc956d627dee,raw_de9355bb_27d0_4a45_a8b7_dc956d627dee,Lakshman Gundapaneni,Lakshman Gundapaneni,0,0,2020-12-06T00:00:00.0000000+11:00,2
a387270b-f2fd-4e48-9334-b7f9b59589a5,Summer 2020/21,2511a949-9015-4e6a-8b08-18abfeb7da69,90229983-4e26-4388-9a53-6bcd47f00e8d,NMCA - Robert Young - Designated One Day Comp.,raw_e8ba8e6a_f654_4def_9abd_a37b607a6223,raw_e8ba8e6a_f654_4def_9abd_a37b607a6223,Madhu Vadakkedath,Madhu Vadakkedath,0,0,2021-02-21T00:00:00.0000000+11:00,1
a387270b-f2fd-4e48-9334-b7f9b59589a5,Summer 2020/21,776c5584-87bf-4b96-a886-d480d6e4ab43,4e962e98-87b7-468a-b754-457199d76342,"NMCA - Les Kemp Shield - ""E"" Grade",balaji_viswanathan,balaji_viswanathan,Balaji Viswanathan,Balaji Viswanathan,0,1,2020-11-22T00:00:00.0000000+11:00,1
a387270b-f2fd-4e48-9334-b7f9b59589a5,Summer 2020/21,776c5584-87bf-4b96-a886-d480d6e4ab43,4e962e98-87b7-468a-b754-457199d76342,"NMCA - Les Kemp Shield - ""E"" Grade",jimmy_sharma,jimmy_sharma,Jimmy Sharma,Jimmy Sharma,1,0,2021-01-31T00:00:00.0000000+11:00,4
a387270b-f2fd-4e48-9334-b7f9b59589a5,Summer 2020/21,776c5584-87bf-4b96-a886-d480d6e4ab43,4e962e98-87b7-468a-b754-457199d76342,"NMCA - Les Kemp Shield - ""E"" Grade",kalpeshkumar_patel,kalpeshkumar_patel,Kalpeshkumar Patel,Kalpeshkumar Patel,0,0,2020-12-13T00:00:00.0000000+11:00,1
a387270b-f2fd-4e48-9334-b7f9b59589a5,Summer 2020/21,776c5584-87bf-4b96-a886-d480d6e4ab43,4e962e98-87b7-468a-b754-457199d76342,"NMCA - Les Kemp Shield - ""E"" Grade",predheesh_valayil_sivanandan,predheesh_valayil_sivanandan,Predheesh Valayil Sivanandan,Predheesh Valayil Sivanandan,0,0,2020-12-20T00:00:00.0000000+11:00,1
a387270b-f2fd-4e48-9334-b7f9b59589a5,Summer 2020/21,776c5584-87bf-4b96-a886-d480d6e4ab43,4e962e98-87b7-468a-b754-457199d76342,"NMCA - Les Kemp Shield - ""E"" Grade",raw_100b60f9_15ab_4d35_9626_be4212a5d0e2,raw_100b60f9_15ab_4d35_9626_be4212a5d0e2,Rama Suravajjula,Rama Suravajjula,0,0,2021-02-07T00:00:00.0000000+11:00,1
a387270b-f2fd-4e48-9334-b7f9b59589a5,Summer 2020/21,776c5584-87bf-4b96-a886-d480d6e4ab43,4e962e98-87b7-468a-b754-457199d76342,"NMCA - Les Kemp Shield - ""E"" Grade",raw_2c167bd3_c65c_4abd_8fa8_7351cfe9aa59,raw_2c167bd3_c65c_4abd_8fa8_7351cfe9aa59,Sajendra Shrestha,Sajendra Shrestha,2,0,2021-02-21T00:00:00.0000000+11:00,7
a387270b-f2fd-4e48-9334-b7f9b59589a5,Summer 2020/21,776c5584-87bf-4b96-a886-d480d6e4ab43,4e962e98-87b7-468a-b754-457199d76342,"NMCA - Les Kemp Shield - ""E"" Grade",raw_6dafae49_e951_4b24_a74a_d5d1ab49db67,raw_6dafae49_e951_4b24_a74a_d5d1ab49db67,Muhammad Nauman,Muhammad Nauman,0,0,2021-03-07T00:00:00.0000000+11:00,1
a387270b-f2fd-4e48-9334-b7f9b59589a5,Summer 2020/21,776c5584-87bf-4b96-a886-d480d6e4ab43,4e962e98-87b7-468a-b754-457199d76342,"NMCA - Les Kemp Shield - ""E"" Grade",raw_811c797d_f2dc_4eeb_bfd0_3c2cd719c5ab,raw_811c797d_f2dc_4eeb_bfd0_3c2cd719c5ab,Dinesh Subedi,Dinesh Subedi,0,0,2021-03-07T00:00:00.0000000+11:00,6
a387270b-f2fd-4e48-9334-b7f9b59589a5,Summer 2020/21,776c5584-87bf-4b96-a886-d480d6e4ab43,4e962e98-87b7-468a-b754-457199d76342,"NMCA - Les Kemp Shield - ""E"" Grade",raw_ab033f7b_82e2_4044_b0cb_9024cf56db51,raw_ab033f7b_82e2_4044_b0cb_9024cf56db51,Reuel Sharan,Reuel Sharan,0,0,2021-02-28T00:00:00.0000000+11:00,3
a387270b-f2fd-4e48-9334-b7f9b59589a5,Summer 2020/21,776c5584-87bf-4b96-a886-d480d6e4ab43,4e962e98-87b7-468a-b754-457199d76342,"NMCA - Les Kemp Shield - ""E"" Grade",raw_bacb745b_1109_4ffc_b4ce_f53bf8c269ce,raw_bacb745b_1109_4ffc_b4ce_f53bf8c269ce,Syed Shabbir,Syed Shabbir,1,0,2021-03-07T00:00:00.0000000+11:00,10
a387270b-f2fd-4e48-9334-b7f9b59589a5,Summer 2020/21,776c5584-87bf-4b96-a886-d480d6e4ab43,4e962e98-87b7-468a-b754-457199d76342,"NMCA - Les Kemp Shield - ""E"" Grade",raw_c9ba183a_666e_4bea_8b80_e056bea26ce6,raw_c9ba183a_666e_4bea_8b80_e056bea26ce6,Syed Hasan,Syed Hasan,0,0,2020-12-20T00:00:00.0000000+11:00,1
a387270b-f2fd-4e48-9334-b7f9b59589a5,Summer 2020/21,776c5584-87bf-4b96-a886-d480d6e4ab43,4e962e98-87b7-468a-b754-457199d76342,"NMCA - Les Kemp Shield - ""E"" Grade",raw_e8ba8e6a_f654_4def_9abd_a37b607a6223,raw_e8ba8e6a_f654_4def_9abd_a37b607a6223,Madhu Vadakkedath,Madhu Vadakkedath,0,0,2021-02-28T00:00:00.0000000+11:00,3
a387270b-f2fd-4e48-9334-b7f9b59589a5,Summer 2020/21,776c5584-87bf-4b96-a886-d480d6e4ab43,4e962e98-87b7-468a-b754-457199d76342,"NMCA - Les Kemp Shield - ""E"" Grade",raw_f4eec6b0_c7ff_4771_b4f1_8ea5865e1186,raw_f4eec6b0_c7ff_4771_b4f1_8ea5865e1186,Akshat Bodele,Akshat Bodele,0,0,2021-01-31T00:00:00.0000000+11:00,3
a387270b-f2fd-4e48-9334-b7f9b59589a5,Summer 2020/21,776c5584-87bf-4b96-a886-d480d6e4ab43,4e962e98-87b7-468a-b754-457199d76342,"NMCA - Les Kemp Shield - ""E"" Grade",sandeep_gill,sandeep_gill,Sandeep Gill,Sandeep Gill,2,0,2021-03-07T00:00:00.0000000+11:00,8
a387270b-f2fd-4e48-9334-b7f9b59589a5,Summer 2020/21,776c5584-87bf-4b96-a886-d480d6e4ab43,4e962e98-87b7-468a-b754-457199d76342,"NMCA - Les Kemp Shield - ""E"" Grade",shiv_ganachari,shiv_ganachari,Shiv Ganachari,Shiv Ganachari,0,0,2020-11-29T00:00:00.0000000+11:00,1
a387270b-f2fd-4e48-9334-b7f9b59589a5,Summer 2020/21,776c5584-87bf-4b96-a886-d480d6e4ab43,4e962e98-87b7-468a-b754-457199d76342,"NMCA - Les Kemp Shield - ""E"" Grade",shivnyl_naidu,shivnyl_naidu,Shivnyl Naidu,Shivnyl Naidu,0,0,2021-03-07T00:00:00.0000000+11:00,4
a387270b-f2fd-4e48-9334-b7f9b59589a5,Summer 2020/21,776c5584-87bf-4b96-a886-d480d6e4ab43,4e962e98-87b7-468a-b754-457199d76342,"NMCA - Les Kemp Shield - ""E"" Grade",shrikant_sharma,shrikant_sharma,Shrikant Sharma,Shrikant Sharma,0,0,2021-03-07T00:00:00.0000000+11:00,3
a387270b-f2fd-4e48-9334-b7f9b59589a5,Summer 2020/21,cc57dd1a-4110-4fef-95aa-44488831afe6,fd8d767c-1b7b-47a8-9f40-c29ed10a4c2d,NMCA - Jack Kelly Shield,balaji_viswanathan,balaji_viswanathan,Balaji Viswanathan,Balaji Viswanathan,4,3,2021-03-21T00:00:00.0000000+11:00,10
a387270b-f2fd-4e48-9334-b7f9b59589a5,Summer 2020/21,cc57dd1a-4110-4fef-95aa-44488831afe6,fd8d767c-1b7b-47a8-9f40-c29ed10a4c2d,NMCA - Jack Kelly Shield,jimmy_sharma,jimmy_sharma,Jimmy Sharma,Jimmy Sharma,0,0,2021-02-28T00:00:00.0000000+11:00,3
a387270b-f2fd-4e48-9334-b7f9b59589a5,Summer 2020/21,cc57dd1a-4110-4fef-95aa-44488831afe6,fd8d767c-1b7b-47a8-9f40-c29ed10a4c2d,NMCA - Jack Kelly Shield,kalpeshkumar_patel,kalpeshkumar_patel,Kalpeshkumar Patel,Kalpeshkumar Patel,0,0,2021-02-21T00:00:00.0000000+11:00,4
a387270b-f2fd-4e48-9334-b7f9b59589a5,Summer 2020/21,cc57dd1a-4110-4fef-95aa-44488831afe6,fd8d767c-1b7b-47a8-9f40-c29ed10a4c2d,NMCA - Jack Kelly Shield,nikhil_sawant,nikhil_sawant,Nikhil Sawant,Nikhil Sawant,2,0,2021-03-21T00:00:00.0000000+11:00,10
a387270b-f2fd-4e48-9334-b7f9b59589a5,Summer 2020/21,cc57dd1a-4110-4fef-95aa-44488831afe6,fd8d767c-1b7b-47a8-9f40-c29ed10a4c2d,NMCA - Jack Kelly Shield,raw_2c167bd3_c65c_4abd_8fa8_7351cfe9aa59,raw_2c167bd3_c65c_4abd_8fa8_7351cfe9aa59,Sajendra Shrestha,Sajendra Shrestha,0,0,2021-03-21T00:00:00.0000000+11:00,4
a387270b-f2fd-4e48-9334-b7f9b59589a5,Summer 2020/21,cc57dd1a-4110-4fef-95aa-44488831afe6,fd8d767c-1b7b-47a8-9f40-c29ed10a4c2d,NMCA - Jack Kelly Shield,raw_6dafae49_e951_4b24_a74a_d5d1ab49db67,raw_6dafae49_e951_4b24_a74a_d5d1ab49db67,Muhammad Nauman,Muhammad Nauman,3,0,2021-02-28T00:00:00.0000000+11:00,11
a387270b-f2fd-4e48-9334-b7f9b59589a5,Summer 2020/21,cc57dd1a-4110-4fef-95aa-44488831afe6,fd8d767c-1b7b-47a8-9f40-c29ed10a4c2d,NMCA - Jack Kelly Shield,raw_9a2bd07c_c882_4bdc_8ff5_3146f05c1d1c,raw_9a2bd07c_c882_4bdc_8ff5_3146f05c1d1c,Sandeep Reddy,Sandeep Reddy,0,1,2021-03-21T00:00:00.0000000+11:00,12
a387270b-f2fd-4e48-9334-b7f9b59589a5,Summer 2020/21,cc57dd1a-4110-4fef-95aa-44488831afe6,fd8d767c-1b7b-47a8-9f40-c29ed10a4c2d,NMCA - Jack Kelly Shield,raw_b0359b90_ca42_4a35_b0d1_46703899270f,raw_b0359b90_ca42_4a35_b0d1_46703899270f,Sai Krishna Buddaraju,Sai Krishna Buddaraju,1,0,2021-03-21T00:00:00.0000000+11:00,10
a387270b-f2fd-4e48-9334-b7f9b59589a5,Summer 2020/21,cc57dd1a-4110-4fef-95aa-44488831afe6,fd8d767c-1b7b-47a8-9f40-c29ed10a4c2d,NMCA - Jack Kelly Shield,raw_b3b52283_bba3_41bc_8dea_fe249e5487b3,raw_b3b52283_bba3_41bc_8dea_fe249e5487b3,Arun Parvathyraj,Arun Parvathyraj,0,0,2020-11-15T00:00:00.0000000+11:00,1
a387270b-f2fd-4e48-9334-b7f9b59589a5,Summer 2020/21,cc57dd1a-4110-4fef-95aa-44488831afe6,fd8d767c-1b7b-47a8-9f40-c29ed10a4c2d,NMCA - Jack Kelly Shield,raw_bd3267a9_62a4_4ef6_9c96_ca89ef724e76,raw_bd3267a9_62a4_4ef6_9c96_ca89ef724e76,Santhosh Kumar Chappidi,Santhosh Kumar Chappidi,0,0,2021-02-28T00:00:00.0000000+11:00,1
a387270b-f2fd-4e48-9334-b7f9b59589a5,Summer 2020/21,cc57dd1a-4110-4fef-95aa-44488831afe6,fd8d767c-1b7b-47a8-9f40-c29ed10a4c2d,NMCA - Jack Kelly Shield,raw_d7f93a87_6b05_4830_a524_41457fd00603,raw_d7f93a87_6b05_4830_a524_41457fd00603,Shaun Vikash,Shaun Vikash,2,0,2021-02-07T00:00:00.0000000+11:00,8
a387270b-f2fd-4e48-9334-b7f9b59589a5,Summer 2020/21,cc57dd1a-4110-4fef-95aa-44488831afe6,fd8d767c-1b7b-47a8-9f40-c29ed10a4c2d,NMCA - Jack Kelly Shield,sandeep_gill,sandeep_gill,Sandeep Gill,Sandeep Gill,0,0,2020-11-22T00:00:00.0000000+11:00,1
a387270b-f2fd-4e48-9334-b7f9b59589a5,Summer 2020/21,cc57dd1a-4110-4fef-95aa-44488831afe6,fd8d767c-1b7b-47a8-9f40-c29ed10a4c2d,NMCA - Jack Kelly Shield,vinit_naidu,vinit_naidu,Vinit Naidu,Vinit Naidu,0,0,2021-03-21T00:00:00.0000000+11:00,2
a826b403-b813-4318-9805-5bbe4cf7f238,Summer 2025/26,279aa49f-e6a9-4085-9db7-098edac9c90e,33a387a3-4ddd-4a66-9041-9d95772e9358,"05 - ""C"" Grade",ashish_sharma,ashish_sharma,Ashish Sharma,Ashish Sharma,0,0,2025-12-06T12:30:00.0000000+11:00,2
a826b403-b813-4318-9805-5bbe4cf7f238,Summer 2025/26,279aa49f-e6a9-4085-9db7-098edac9c90e,33a387a3-4ddd-4a66-9041-9d95772e9358,"05 - ""C"" Grade",feroz_hassan,feroz_hassan,Feroz Hassan,Feroz Hassan,0,0,2026-01-31T12:30:00.0000000+11:00,6
a826b403-b813-4318-9805-5bbe4cf7f238,Summer 2025/26,279aa49f-e6a9-4085-9db7-098edac9c90e,33a387a3-4ddd-4a66-9041-9d95772e9358,"05 - ""C"" Grade",mayur_mohan,mayur_mohan,Mayur Mohan,Mayur Mohan,0,0,2026-01-31T12:30:00.0000000+11:00,4
a826b403-b813-4318-9805-5bbe4cf7f238,Summer 2025/26,279aa49f-e6a9-4085-9db7-098edac9c90e,33a387a3-4ddd-4a66-9041-9d95772e9358,"05 - ""C"" Grade",predheesh_valayil_sivanandan,predheesh_valayil_sivanandan,Predheesh Valayil Sivanandan,Predheesh Valayil Sivanandan,0,0,2025-12-13T12:30:00.0000000+11:00,1
a826b403-b813-4318-9805-5bbe4cf7f238,Summer 2025/26,279aa49f-e6a9-4085-9db7-098edac9c90e,33a387a3-4ddd-4a66-9041-9d95772e9358,"05 - ""C"" Grade",ravi_chowdary,ravi_chowdary,Ravi Chowdary,Ravi Chowdary,0,0,2026-01-31T12:30:00.0000000+11:00,3
a826b403-b813-4318-9805-5bbe4cf7f238,Summer 2025/26,279aa49f-e6a9-4085-9db7-098edac9c90e,33a387a3-4ddd-4a66-9041-9d95772e9358,"05 - ""C"" Grade",raw_00000000_0000_0000_0000_000000000001,raw_00000000_0000_0000_0000_000000000001,********,********,0,0,2025-12-13T12:30:00.0000000+11:00,2
a826b403-b813-4318-9805-5bbe4cf7f238,Summer 2025/26,279aa49f-e6a9-4085-9db7-098edac9c90e,33a387a3-4ddd-4a66-9041-9d95772e9358,"05 - ""C"" Grade",raw_00000000_0000_0000_0000_000000000002,raw_00000000_0000_0000_0000_000000000002,********,********,0,0,2025-12-06T12:30:00.0000000+11:00,1
a826b403-b813-4318-9805-5bbe4cf7f238,Summer 2025/26,279aa49f-e6a9-4085-9db7-098edac9c90e,33a387a3-4ddd-4a66-9041-9d95772e9358,"05 - ""C"" Grade",raw_05220db1_794d_452c_b921_2eb60d032d21,raw_05220db1_794d_452c_b921_2eb60d032d21,Chinni Raja Ammela,Chinni Raja Ammela,0,0,2026-01-31T12:30:00.0000000+11:00,1
a826b403-b813-4318-9805-5bbe4cf7f238,Summer 2025/26,279aa49f-e6a9-4085-9db7-098edac9c90e,33a387a3-4ddd-4a66-9041-9d95772e9358,"05 - ""C"" Grade",raw_17d58ef7_cae1_444e_adba_71c74067872b,raw_17d58ef7_cae1_444e_adba_71c74067872b,Prasad Rahate,Prasad Rahate,1,0,2025-11-15T12:30:00.0000000+11:00,1
a826b403-b813-4318-9805-5bbe4cf7f238,Summer 2025/26,279aa49f-e6a9-4085-9db7-098edac9c90e,33a387a3-4ddd-4a66-9041-9d95772e9358,"05 - ""C"" Grade",raw_1876a444_275e_4ae9_92aa_1eebf5760833,raw_1876a444_275e_4ae9_92aa_1eebf5760833,Syedzainulla Abedin,Syedzainulla Abedin,0,0,2025-10-18T12:30:00.0000000+11:00,1
a826b403-b813-4318-9805-5bbe4cf7f238,Summer 2025/26,279aa49f-e6a9-4085-9db7-098edac9c90e,33a387a3-4ddd-4a66-9041-9d95772e9358,"05 - ""C"" Grade",raw_242a967d_4a20_4cc8_9a32_bf2121ad6d26,raw_242a967d_4a20_4cc8_9a32_bf2121ad6d26,Kunwardeep Bedi,Kunwardeep Bedi,0,0,2025-12-06T12:30:00.0000000+11:00,1
a826b403-b813-4318-9805-5bbe4cf7f238,Summer 2025/26,279aa49f-e6a9-4085-9db7-098edac9c90e,33a387a3-4ddd-4a66-9041-9d95772e9358,"05 - ""C"" Grade",raw_4c9e3082_4034_4e6d_9142_5a76549bd6be,raw_4c9e3082_4034_4e6d_9142_5a76549bd6be,Mohammed Adnanuddin,Mohammed Adnanuddin,0,0,2026-01-31T12:30:00.0000000+11:00,2
a826b403-b813-4318-9805-5bbe4cf7f238,Summer 2025/26,279aa49f-e6a9-4085-9db7-098edac9c90e,33a387a3-4ddd-4a66-9041-9d95772e9358,"05 - ""C"" Grade",raw_5575e7b8_ffb7_4ff9_bff5_aa8f31d21c5f,raw_5575e7b8_ffb7_4ff9_bff5_aa8f31d21c5f,Shubham Arora,Shubham Arora,0,0,2025-11-15T12:30:00.0000000+11:00,1
a826b403-b813-4318-9805-5bbe4cf7f238,Summer 2025/26,279aa49f-e6a9-4085-9db7-098edac9c90e,33a387a3-4ddd-4a66-9041-9d95772e9358,"05 - ""C"" Grade",raw_68ac86a9_b0a2_4dfe_9c94_f8e2d566269b,raw_68ac86a9_b0a2_4dfe_9c94_f8e2d566269b,Kavish Gambhir,Kavish Gambhir,0,0,2025-12-13T12:30:00.0000000+11:00,1
a826b403-b813-4318-9805-5bbe4cf7f238,Summer 2025/26,279aa49f-e6a9-4085-9db7-098edac9c90e,33a387a3-4ddd-4a66-9041-9d95772e9358,"05 - ""C"" Grade",raw_7512873c_b6b6_49fe_80ff_3733b5abd044,raw_7512873c_b6b6_49fe_80ff_3733b5abd044,Mohaneesh Pitre,Mohaneesh Pitre,0,0,2026-01-31T12:30:00.0000000+11:00,5
a826b403-b813-4318-9805-5bbe4cf7f238,Summer 2025/26,279aa49f-e6a9-4085-9db7-098edac9c90e,33a387a3-4ddd-4a66-9041-9d95772e9358,"05 - ""C"" Grade",raw_8a856bda_2a2c_416f_948f_f80829c83646,raw_8a856bda_2a2c_416f_948f_f80829c83646,Padmanabhan Srinivasan,Padmanabhan Srinivasan,1,0,2026-01-31T12:30:00.0000000+11:00,6
a826b403-b813-4318-9805-5bbe4cf7f238,Summer 2025/26,279aa49f-e6a9-4085-9db7-098edac9c90e,33a387a3-4ddd-4a66-9041-9d95772e9358,"05 - ""C"" Grade",raw_8d406a25_db4b_4b64_b592_84d73e3ad834,raw_8d406a25_db4b_4b64_b592_84d73e3ad834,Sainath Jamsandekar,Sainath Jamsandekar,0,0,2026-01-31T12:30:00.0000000+11:00,2
a826b403-b813-4318-9805-5bbe4cf7f238,Summer 2025/26,279aa49f-e6a9-4085-9db7-098edac9c90e,33a387a3-4ddd-4a66-9041-9d95772e9358,"05 - ""C"" Grade",raw_a0711994_f960_4c71_bea5_c9dd9f3edd83,raw_a0711994_f960_4c71_bea5_c9dd9f3edd83,Bikash Naik,Bikash Naik,0,0,2025-11-15T12:30:00.0000000+11:00,2
a826b403-b813-4318-9805-5bbe4cf7f238,Summer 2025/26,279aa49f-e6a9-4085-9db7-098edac9c90e,33a387a3-4ddd-4a66-9041-9d95772e9358,"05 - ""C"" Grade",raw_cefd9f7d_2787_4b4c_9a13_4e1d0d434ff8,raw_cefd9f7d_2787_4b4c_9a13_4e1d0d434ff8,Siddhesh Jitendrabhai Vadapalli,Siddhesh Jitendrabhai Vadapalli,0,0,2025-10-18T12:30:00.0000000+11:00,1
a826b403-b813-4318-9805-5bbe4cf7f238,Summer 2025/26,279aa49f-e6a9-4085-9db7-098edac9c90e,33a387a3-4ddd-4a66-9041-9d95772e9358,"05 - ""C"" Grade",shrikant_sharma,shrikant_sharma,Shrikant Sharma,Shrikant Sharma,0,0,2025-10-18T12:30:00.0000000+11:00,1
a826b403-b813-4318-9805-5bbe4cf7f238,Summer 2025/26,279aa49f-e6a9-4085-9db7-098edac9c90e,33a387a3-4ddd-4a66-9041-9d95772e9358,"05 - ""C"" Grade",wajhi_syed,wajhi_syed,Wajhi Syed,Wajhi Syed,0,0,2025-11-15T12:30:00.0000000+11:00,2
a826b403-b813-4318-9805-5bbe4cf7f238,Summer 2025/26,c3859c82-3451-460a-a8af-f55240f3fec9,a269e7f1-2dd7-41e1-aeaa-158faa6dfccd,"04 - ""B"" Grade",feroz_hassan,feroz_hassan,Feroz Hassan,Feroz Hassan,0,0,2025-10-11T12:30:00.0000000+11:00,1
a826b403-b813-4318-9805-5bbe4cf7f238,Summer 2025/26,c3859c82-3451-460a-a8af-f55240f3fec9,a269e7f1-2dd7-41e1-aeaa-158faa6dfccd,"04 - ""B"" Grade",nikhil_sawant,nikhil_sawant,Nikhil Sawant,Nikhil Sawant,0,0,2026-02-07T12:30:00.0000000+11:00,2
a826b403-b813-4318-9805-5bbe4cf7f238,Summer 2025/26,c3859c82-3451-460a-a8af-f55240f3fec9,a269e7f1-2dd7-41e1-aeaa-158faa6dfccd,"04 - ""B"" Grade",raw_0ceda279_1aad_42cd_a342_75c5faf3ad14,raw_0ceda279_1aad_42cd_a342_75c5faf3ad14,Vineeth Yamani,Vineeth Yamani,2,0,2026-01-17T12:30:00.0000000+11:00,4
a826b403-b813-4318-9805-5bbe4cf7f238,Summer 2025/26,c3859c82-3451-460a-a8af-f55240f3fec9,a269e7f1-2dd7-41e1-aeaa-158faa6dfccd,"04 - ""B"" Grade",raw_17d58ef7_cae1_444e_adba_71c74067872b,raw_17d58ef7_cae1_444e_adba_71c74067872b,Prasad Rahate,Prasad Rahate,1,0,2026-03-07T12:30:00.0000000+11:00,7
a826b403-b813-4318-9805-5bbe4cf7f238,Summer 2025/26,c3859c82-3451-460a-a8af-f55240f3fec9,a269e7f1-2dd7-41e1-aeaa-158faa6dfccd,"04 - ""B"" Grade",raw_232cc042_1e4c_423a_9190_e3432698c99d,raw_232cc042_1e4c_423a_9190_e3432698c99d,Reuben Sharan,Reuben Sharan,0,0,2025-12-13T12:30:00.0000000+11:00,1
a826b403-b813-4318-9805-5bbe4cf7f238,Summer 2025/26,c3859c82-3451-460a-a8af-f55240f3fec9,a269e7f1-2dd7-41e1-aeaa-158faa6dfccd,"04 - ""B"" Grade",raw_242a967d_4a20_4cc8_9a32_bf2121ad6d26,raw_242a967d_4a20_4cc8_9a32_bf2121ad6d26,Kunwardeep Bedi,Kunwardeep Bedi,0,0,2025-11-15T12:30:00.0000000+11:00,3
a826b403-b813-4318-9805-5bbe4cf7f238,Summer 2025/26,c3859c82-3451-460a-a8af-f55240f3fec9,a269e7f1-2dd7-41e1-aeaa-158faa6dfccd,"04 - ""B"" Grade",raw_400e4752_f236_4ca7_93e9_fd8ebee6735e,raw_400e4752_f236_4ca7_93e9_fd8ebee6735e,Siddhanth Chaurasiya,Siddhanth Chaurasiya,2,0,2026-03-14T12:30:00.0000000+11:00,7
a826b403-b813-4318-9805-5bbe4cf7f238,Summer 2025/26,c3859c82-3451-460a-a8af-f55240f3fec9,a269e7f1-2dd7-41e1-aeaa-158faa6dfccd,"04 - ""B"" Grade",raw_643f54d7_4a3b_4c87_bf4c_b5d277365b72,raw_643f54d7_4a3b_4c87_bf4c_b5d277365b72,Sohail Ahmed,Sohail Ahmed,0,1,2025-10-18T12:30:00.0000000+11:00,1
a826b403-b813-4318-9805-5bbe4cf7f238,Summer 2025/26,c3859c82-3451-460a-a8af-f55240f3fec9,a269e7f1-2dd7-41e1-aeaa-158faa6dfccd,"04 - ""B"" Grade",raw_68ac86a9_b0a2_4dfe_9c94_f8e2d566269b,raw_68ac86a9_b0a2_4dfe_9c94_f8e2d566269b,Kavish Gambhir,Kavish Gambhir,0,0,2025-10-18T12:30:00.0000000+11:00,2
a826b403-b813-4318-9805-5bbe4cf7f238,Summer 2025/26,c3859c82-3451-460a-a8af-f55240f3fec9,a269e7f1-2dd7-41e1-aeaa-158faa6dfccd,"04 - ""B"" Grade",raw_6b74d336_b105_407c_b4ef_f68e2fba7862,raw_6b74d336_b105_407c_b4ef_f68e2fba7862,Damandeep Sehra,Damandeep Sehra,0,0,2026-03-14T12:30:00.0000000+11:00,4
a826b403-b813-4318-9805-5bbe4cf7f238,Summer 2025/26,c3859c82-3451-460a-a8af-f55240f3fec9,a269e7f1-2dd7-41e1-aeaa-158faa6dfccd,"04 - ""B"" Grade",raw_71ca36a8_b853_449e_b7fd_ac601222e885,raw_71ca36a8_b853_449e_b7fd_ac601222e885,Kartik Nallepalli,Kartik Nallepalli,1,0,2026-03-14T12:30:00.0000000+11:00,7
a826b403-b813-4318-9805-5bbe4cf7f238,Summer 2025/26,c3859c82-3451-460a-a8af-f55240f3fec9,a269e7f1-2dd7-41e1-aeaa-158faa6dfccd,"04 - ""B"" Grade",raw_7512873c_b6b6_49fe_80ff_3733b5abd044,raw_7512873c_b6b6_49fe_80ff_3733b5abd044,Mohaneesh Pitre,Mohaneesh Pitre,0,0,2026-03-14T12:30:00.0000000+11:00,1
a826b403-b813-4318-9805-5bbe4cf7f238,Summer 2025/26,c3859c82-3451-460a-a8af-f55240f3fec9,a269e7f1-2dd7-41e1-aeaa-158faa6dfccd,"04 - ""B"" Grade",raw_a0711994_f960_4c71_bea5_c9dd9f3edd83,raw_a0711994_f960_4c71_bea5_c9dd9f3edd83,Bikash Naik,Bikash Naik,0,0,2025-10-11T12:30:00.0000000+11:00,1
a826b403-b813-4318-9805-5bbe4cf7f238,Summer 2025/26,c3859c82-3451-460a-a8af-f55240f3fec9,a269e7f1-2dd7-41e1-aeaa-158faa6dfccd,"04 - ""B"" Grade",raw_e76d9035_6b7f_48f7_8b69_e8b983e82080,raw_e76d9035_6b7f_48f7_8b69_e8b983e82080,Jayasuriya Sathiaseelan,Jayasuriya Sathiaseelan,2,0,2026-03-14T12:30:00.0000000+11:00,5
a826b403-b813-4318-9805-5bbe4cf7f238,Summer 2025/26,c3859c82-3451-460a-a8af-f55240f3fec9,a269e7f1-2dd7-41e1-aeaa-158faa6dfccd,"04 - ""B"" Grade",sandeep_gill,sandeep_gill,Sandeep Gill,Sandeep Gill,1,0,2026-03-14T12:30:00.0000000+11:00,7
a826b403-b813-4318-9805-5bbe4cf7f238,Summer 2025/26,c3859c82-3451-460a-a8af-f55240f3fec9,a269e7f1-2dd7-41e1-aeaa-158faa6dfccd,"04 - ""B"" Grade",shrikant_sharma,shrikant_sharma,Shrikant Sharma,Shrikant Sharma,2,0,2026-03-14T12:30:00.0000000+11:00,5
a826b403-b813-4318-9805-5bbe4cf7f238,Summer 2025/26,c3859c82-3451-460a-a8af-f55240f3fec9,a269e7f1-2dd7-41e1-aeaa-158faa6dfccd,"04 - ""B"" Grade",vishnu_para,vishnu_para,Vishnu Para,Vishnu Para,0,0,2026-03-07T12:30:00.0000000+11:00,1
a826b403-b813-4318-9805-5bbe4cf7f238,Summer 2025/26,c3859c82-3451-460a-a8af-f55240f3fec9,a269e7f1-2dd7-41e1-aeaa-158faa6dfccd,"04 - ""B"" Grade",wajhi_syed,wajhi_syed,Wajhi Syed,Wajhi Syed,0,0,2026-03-07T12:30:00.0000000+11:00,2
a826b403-b813-4318-9805-5bbe4cf7f238,Summer 2025/26,dbf37f51-e5af-454c-85da-840c3368e59d,36c6ec7d-6993-4402-8461-c355a5deade4,02 - Jack Quick Shield,danny_singh,danny_singh,Danny Singh,Danny Singh,0,0,2026-01-17T12:30:00.0000000+11:00,3
a826b403-b813-4318-9805-5bbe4cf7f238,Summer 2025/26,dbf37f51-e5af-454c-85da-840c3368e59d,36c6ec7d-6993-4402-8461-c355a5deade4,02 - Jack Quick Shield,janaka_wijayakoon,janaka_wijayakoon,Janaka Wijayakoon,Janaka Wijayakoon,0,0,2025-12-06T12:30:00.0000000+11:00,1
a826b403-b813-4318-9805-5bbe4cf7f238,Summer 2025/26,dbf37f51-e5af-454c-85da-840c3368e59d,36c6ec7d-6993-4402-8461-c355a5deade4,02 - Jack Quick Shield,jimmy_sharma,jimmy_sharma,Jimmy Sharma,Jimmy Sharma,1,0,2026-03-21T12:30:00.0000000+11:00,10
a826b403-b813-4318-9805-5bbe4cf7f238,Summer 2025/26,dbf37f51-e5af-454c-85da-840c3368e59d,36c6ec7d-6993-4402-8461-c355a5deade4,02 - Jack Quick Shield,kalpeshkumar_patel,kalpeshkumar_patel,Kalpeshkumar Patel,Kalpeshkumar Patel,0,0,2025-12-06T12:30:00.0000000+11:00,1
a826b403-b813-4318-9805-5bbe4cf7f238,Summer 2025/26,dbf37f51-e5af-454c-85da-840c3368e59d,36c6ec7d-6993-4402-8461-c355a5deade4,02 - Jack Quick Shield,kieran_bhan,kieran_bhan,Kieran Bhan,Kieran Bhan,0,1,2026-03-21T12:30:00.0000000+11:00,4
a826b403-b813-4318-9805-5bbe4cf7f238,Summer 2025/26,dbf37f51-e5af-454c-85da-840c3368e59d,36c6ec7d-6993-4402-8461-c355a5deade4,02 - Jack Quick Shield,predheesh_valayil_sivanandan,predheesh_valayil_sivanandan,Predheesh Valayil Sivanandan,Predheesh Valayil Sivanandan,1,0,2025-12-20T12:30:00.0000000+11:00,1
a826b403-b813-4318-9805-5bbe4cf7f238,Summer 2025/26,dbf37f51-e5af-454c-85da-840c3368e59d,36c6ec7d-6993-4402-8461-c355a5deade4,02 - Jack Quick Shield,raw_162cce2f_a5bb_451f_ab68_d7a037f018ee,raw_162cce2f_a5bb_451f_ab68_d7a037f018ee,Benjamin Frew,Benjamin Frew,0,0,2026-03-14T12:30:00.0000000+11:00,1
a826b403-b813-4318-9805-5bbe4cf7f238,Summer 2025/26,dbf37f51-e5af-454c-85da-840c3368e59d,36c6ec7d-6993-4402-8461-c355a5deade4,02 - Jack Quick Shield,raw_17d58ef7_cae1_444e_adba_71c74067872b,raw_17d58ef7_cae1_444e_adba_71c74067872b,Prasad Rahate,Prasad Rahate,0,0,2025-10-18T12:30:00.0000000+11:00,1
a826b403-b813-4318-9805-5bbe4cf7f238,Summer 2025/26,dbf37f51-e5af-454c-85da-840c3368e59d,36c6ec7d-6993-4402-8461-c355a5deade4,02 - Jack Quick Shield,raw_232cc042_1e4c_423a_9190_e3432698c99d,raw_232cc042_1e4c_423a_9190_e3432698c99d,Reuben Sharan,Reuben Sharan,0,0,2025-11-01T12:30:00.0000000+11:00,1
a826b403-b813-4318-9805-5bbe4cf7f238,Summer 2025/26,dbf37f51-e5af-454c-85da-840c3368e59d,36c6ec7d-6993-4402-8461-c355a5deade4,02 - Jack Quick Shield,raw_360868ba_5d2a_4f9f_9f3a_fff5756f3f85,raw_360868ba_5d2a_4f9f_9f3a_fff5756f3f85,Shandil Bhan,Shandil Bhan,0,0,2026-01-31T12:30:00.0000000+11:00,2
a826b403-b813-4318-9805-5bbe4cf7f238,Summer 2025/26,dbf37f51-e5af-454c-85da-840c3368e59d,36c6ec7d-6993-4402-8461-c355a5deade4,02 - Jack Quick Shield,raw_400e4752_f236_4ca7_93e9_fd8ebee6735e,raw_400e4752_f236_4ca7_93e9_fd8ebee6735e,Siddhanth Chaurasiya,Siddhanth Chaurasiya,0,0,2025-11-01T12:30:00.0000000+11:00,2
a826b403-b813-4318-9805-5bbe4cf7f238,Summer 2025/26,dbf37f51-e5af-454c-85da-840c3368e59d,36c6ec7d-6993-4402-8461-c355a5deade4,02 - Jack Quick Shield,raw_643f54d7_4a3b_4c87_bf4c_b5d277365b72,raw_643f54d7_4a3b_4c87_bf4c_b5d277365b72,Sohail Ahmed,Sohail Ahmed,1,0,2026-03-21T12:30:00.0000000+11:00,13
a826b403-b813-4318-9805-5bbe4cf7f238,Summer 2025/26,dbf37f51-e5af-454c-85da-840c3368e59d,36c6ec7d-6993-4402-8461-c355a5deade4,02 - Jack Quick Shield,raw_661bdd19_e67a_4978_a255_36e16789ab1f,raw_661bdd19_e67a_4978_a255_36e16789ab1f,Nitin Tanwar,Nitin Tanwar,0,0,2025-10-04T12:30:00.0000000+10:00,1
a826b403-b813-4318-9805-5bbe4cf7f238,Summer 2025/26,dbf37f51-e5af-454c-85da-840c3368e59d,36c6ec7d-6993-4402-8461-c355a5deade4,02 - Jack Quick Shield,raw_6b74d336_b105_407c_b4ef_f68e2fba7862,raw_6b74d336_b105_407c_b4ef_f68e2fba7862,Damandeep Sehra,Damandeep Sehra,0,0,2025-11-01T12:30:00.0000000+11:00,1
a826b403-b813-4318-9805-5bbe4cf7f238,Summer 2025/26,dbf37f51-e5af-454c-85da-840c3368e59d,36c6ec7d-6993-4402-8461-c355a5deade4,02 - Jack Quick Shield,raw_71ca36a8_b853_449e_b7fd_ac601222e885,raw_71ca36a8_b853_449e_b7fd_ac601222e885,Kartik Nallepalli,Kartik Nallepalli,0,0,2026-01-17T12:30:00.0000000+11:00,2
a826b403-b813-4318-9805-5bbe4cf7f238,Summer 2025/26,dbf37f51-e5af-454c-85da-840c3368e59d,36c6ec7d-6993-4402-8461-c355a5deade4,02 - Jack Quick Shield,raw_7512873c_b6b6_49fe_80ff_3733b5abd044,raw_7512873c_b6b6_49fe_80ff_3733b5abd044,Mohaneesh Pitre,Mohaneesh Pitre,0,0,2025-10-11T12:30:00.0000000+11:00,1
a826b403-b813-4318-9805-5bbe4cf7f238,Summer 2025/26,dbf37f51-e5af-454c-85da-840c3368e59d,36c6ec7d-6993-4402-8461-c355a5deade4,02 - Jack Quick Shield,raw_7b43011a_eb05_448f_93c9_644481721a69,raw_7b43011a_eb05_448f_93c9_644481721a69,Jude Mendiz,Jude Mendiz,1,0,2026-02-21T12:30:00.0000000+11:00,1
a826b403-b813-4318-9805-5bbe4cf7f238,Summer 2025/26,dbf37f51-e5af-454c-85da-840c3368e59d,36c6ec7d-6993-4402-8461-c355a5deade4,02 - Jack Quick Shield,raw_ab033f7b_82e2_4044_b0cb_9024cf56db51,raw_ab033f7b_82e2_4044_b0cb_9024cf56db51,Reuel Sharan,Reuel Sharan,0,0,2026-02-21T12:30:00.0000000+11:00,7
a826b403-b813-4318-9805-5bbe4cf7f238,Summer 2025/26,dbf37f51-e5af-454c-85da-840c3368e59d,36c6ec7d-6993-4402-8461-c355a5deade4,02 - Jack Quick Shield,raw_bd3267a9_62a4_4ef6_9c96_ca89ef724e76,raw_bd3267a9_62a4_4ef6_9c96_ca89ef724e76,Santhosh Kumar Chappidi,Santhosh Kumar Chappidi,2,1,2026-03-21T12:30:00.0000000+11:00,8
a826b403-b813-4318-9805-5bbe4cf7f238,Summer 2025/26,dbf37f51-e5af-454c-85da-840c3368e59d,36c6ec7d-6993-4402-8461-c355a5deade4,02 - Jack Quick Shield,raw_c3a31191_6c5e_438e_9288_354845031832,raw_c3a31191_6c5e_438e_9288_354845031832,Abcin Thomas,Abcin Thomas,0,0,2026-03-07T12:30:00.0000000+11:00,5
a826b403-b813-4318-9805-5bbe4cf7f238,Summer 2025/26,dbf37f51-e5af-454c-85da-840c3368e59d,36c6ec7d-6993-4402-8461-c355a5deade4,02 - Jack Quick Shield,raw_cefd9f7d_2787_4b4c_9a13_4e1d0d434ff8,raw_cefd9f7d_2787_4b4c_9a13_4e1d0d434ff8,Siddhesh Jitendrabhai Vadapalli,Siddhesh Jitendrabhai Vadapalli,0,0,2026-01-31T12:30:00.0000000+11:00,4
a826b403-b813-4318-9805-5bbe4cf7f238,Summer 2025/26,dbf37f51-e5af-454c-85da-840c3368e59d,36c6ec7d-6993-4402-8461-c355a5deade4,02 - Jack Quick Shield,raw_e5bc75aa_b94d_482e_b9f0_df9828edd3ff,raw_e5bc75aa_b94d_482e_b9f0_df9828edd3ff,Ved Patel,Ved Patel,0,0,2025-12-06T12:30:00.0000000+11:00,1
a826b403-b813-4318-9805-5bbe4cf7f238,Summer 2025/26,dbf37f51-e5af-454c-85da-840c3368e59d,36c6ec7d-6993-4402-8461-c355a5deade4,02 - Jack Quick Shield,raw_e76d9035_6b7f_48f7_8b69_e8b983e82080,raw_e76d9035_6b7f_48f7_8b69_e8b983e82080,Jayasuriya Sathiaseelan,Jayasuriya Sathiaseelan,0,0,2026-01-31T12:30:00.0000000+11:00,7
a826b403-b813-4318-9805-5bbe4cf7f238,Summer 2025/26,dbf37f51-e5af-454c-85da-840c3368e59d,36c6ec7d-6993-4402-8461-c355a5deade4,02 - Jack Quick Shield,raw_f4eec6b0_c7ff_4771_b4f1_8ea5865e1186,raw_f4eec6b0_c7ff_4771_b4f1_8ea5865e1186,Akshat Bodele,Akshat Bodele,0,0,2025-10-04T12:30:00.0000000+10:00,1
a826b403-b813-4318-9805-5bbe4cf7f238,Summer 2025/26,dbf37f51-e5af-454c-85da-840c3368e59d,36c6ec7d-6993-4402-8461-c355a5deade4,02 - Jack Quick Shield,sandeep_gill,sandeep_gill,Sandeep Gill,Sandeep Gill,0,0,2026-01-24T12:30:00.0000000+11:00,4
a826b403-b813-4318-9805-5bbe4cf7f238,Summer 2025/26,dbf37f51-e5af-454c-85da-840c3368e59d,36c6ec7d-6993-4402-8461-c355a5deade4,02 - Jack Quick Shield,shivnyl_naidu,shivnyl_naidu,Shivnyl Naidu,Shivnyl Naidu,1,1,2026-03-21T12:30:00.0000000+11:00,11
a826b403-b813-4318-9805-5bbe4cf7f238,Summer 2025/26,dbf37f51-e5af-454c-85da-840c3368e59d,36c6ec7d-6993-4402-8461-c355a5deade4,02 - Jack Quick Shield,vinit_naidu,vinit_naidu,Vinit Naidu,Vinit Naidu,2,1,2026-03-21T12:30:00.0000000+11:00,13
a826b403-b813-4318-9805-5bbe4cf7f238,Summer 2025/26,dbf37f51-e5af-454c-85da-840c3368e59d,36c6ec7d-6993-4402-8461-c355a5deade4,02 - Jack Quick Shield,vishnu_para,vishnu_para,Vishnu Para,Vishnu Para,0,1,2026-01-24T12:30:00.0000000+11:00,7
a826b403-b813-4318-9805-5bbe4cf7f238,Summer 2025/26,dbf37f51-e5af-454c-85da-840c3368e59d,36c6ec7d-6993-4402-8461-c355a5deade4,02 - Jack Quick Shield,wajhi_syed,wajhi_syed,Wajhi Syed,Wajhi Syed,0,0,2025-10-11T12:30:00.0000000+11:00,2
a826b403-b813-4318-9805-5bbe4cf7f238,Summer 2025/26,fa410898-8244-46e6-a9c6-d02e6dd1b8b5,c0420577-837e-46d9-80ed-79a16e4e67cb,01 - Jika Shield,balaji_viswanathan,balaji_viswanathan,Balaji Viswanathan,Balaji Viswanathan,2,0,2026-03-21T12:30:00.0000000+11:00,17
a826b403-b813-4318-9805-5bbe4cf7f238,Summer 2025/26,fa410898-8244-46e6-a9c6-d02e6dd1b8b5,c0420577-837e-46d9-80ed-79a16e4e67cb,01 - Jika Shield,baurel_d_mello,baurel_d_mello,Baurel D'Mello,Baurel D'Mello,2,1,2026-03-21T12:30:00.0000000+11:00,8
a826b403-b813-4318-9805-5bbe4cf7f238,Summer 2025/26,fa410898-8244-46e6-a9c6-d02e6dd1b8b5,c0420577-837e-46d9-80ed-79a16e4e67cb,01 - Jika Shield,jimmy_sharma,jimmy_sharma,Jimmy Sharma,Jimmy Sharma,0,0,2026-01-24T11:00:00.0000000+11:00,3
a826b403-b813-4318-9805-5bbe4cf7f238,Summer 2025/26,fa410898-8244-46e6-a9c6-d02e6dd1b8b5,c0420577-837e-46d9-80ed-79a16e4e67cb,01 - Jika Shield,kalpeshkumar_patel,kalpeshkumar_patel,Kalpeshkumar Patel,Kalpeshkumar Patel,0,0,2026-02-07T12:30:00.0000000+11:00,2
a826b403-b813-4318-9805-5bbe4cf7f238,Summer 2025/26,fa410898-8244-46e6-a9c6-d02e6dd1b8b5,c0420577-837e-46d9-80ed-79a16e4e67cb,01 - Jika Shield,kieran_bhan,kieran_bhan,Kieran Bhan,Kieran Bhan,0,1,2026-02-21T12:30:00.0000000+11:00,8
a826b403-b813-4318-9805-5bbe4cf7f238,Summer 2025/26,fa410898-8244-46e6-a9c6-d02e6dd1b8b5,c0420577-837e-46d9-80ed-79a16e4e67cb,01 - Jika Shield,nikhil_sawant,nikhil_sawant,Nikhil Sawant,Nikhil Sawant,1,0,2026-03-14T12:30:00.0000000+11:00,5
a826b403-b813-4318-9805-5bbe4cf7f238,Summer 2025/26,fa410898-8244-46e6-a9c6-d02e6dd1b8b5,c0420577-837e-46d9-80ed-79a16e4e67cb,01 - Jika Shield,predheesh_valayil_sivanandan,predheesh_valayil_sivanandan,Predheesh Valayil Sivanandan,Predheesh Valayil Sivanandan,0,0,2026-01-10T12:30:00.0000000+11:00,1
a826b403-b813-4318-9805-5bbe4cf7f238,Summer 2025/26,fa410898-8244-46e6-a9c6-d02e6dd1b8b5,c0420577-837e-46d9-80ed-79a16e4e67cb,01 - Jika Shield,raw_2c167bd3_c65c_4abd_8fa8_7351cfe9aa59,raw_2c167bd3_c65c_4abd_8fa8_7351cfe9aa59,Sajendra Shrestha,Sajendra Shrestha,1,0,2026-03-21T12:30:00.0000000+11:00,14
a826b403-b813-4318-9805-5bbe4cf7f238,Summer 2025/26,fa410898-8244-46e6-a9c6-d02e6dd1b8b5,c0420577-837e-46d9-80ed-79a16e4e67cb,01 - Jika Shield,raw_360868ba_5d2a_4f9f_9f3a_fff5756f3f85,raw_360868ba_5d2a_4f9f_9f3a_fff5756f3f85,Shandil Bhan,Shandil Bhan,0,0,2026-02-07T12:30:00.0000000+11:00,5
a826b403-b813-4318-9805-5bbe4cf7f238,Summer 2025/26,fa410898-8244-46e6-a9c6-d02e6dd1b8b5,c0420577-837e-46d9-80ed-79a16e4e67cb,01 - Jika Shield,raw_7b43011a_eb05_448f_93c9_644481721a69,raw_7b43011a_eb05_448f_93c9_644481721a69,Jude Mendiz,Jude Mendiz,1,0,2026-03-21T12:30:00.0000000+11:00,11
a826b403-b813-4318-9805-5bbe4cf7f238,Summer 2025/26,fa410898-8244-46e6-a9c6-d02e6dd1b8b5,c0420577-837e-46d9-80ed-79a16e4e67cb,01 - Jika Shield,raw_7cccf3c2_52d5_4dfc_91c8_9664f27ac72b,raw_7cccf3c2_52d5_4dfc_91c8_9664f27ac72b,Jai Bhan,Jai Bhan,0,0,2026-02-07T12:30:00.0000000+11:00,3
a826b403-b813-4318-9805-5bbe4cf7f238,Summer 2025/26,fa410898-8244-46e6-a9c6-d02e6dd1b8b5,c0420577-837e-46d9-80ed-79a16e4e67cb,01 - Jika Shield,raw_9070b54a_0677_4338_8bc3_bb7ca2aa65b8,raw_9070b54a_0677_4338_8bc3_bb7ca2aa65b8,Anurag Joshi,Anurag Joshi,0,0,2025-11-15T12:30:00.0000000+11:00,4
a826b403-b813-4318-9805-5bbe4cf7f238,Summer 2025/26,fa410898-8244-46e6-a9c6-d02e6dd1b8b5,c0420577-837e-46d9-80ed-79a16e4e67cb,01 - Jika Shield,raw_bd3267a9_62a4_4ef6_9c96_ca89ef724e76,raw_bd3267a9_62a4_4ef6_9c96_ca89ef724e76,Santhosh Kumar Chappidi,Santhosh Kumar Chappidi,1,0,2026-01-31T12:30:00.0000000+11:00,4
a826b403-b813-4318-9805-5bbe4cf7f238,Summer 2025/26,fa410898-8244-46e6-a9c6-d02e6dd1b8b5,c0420577-837e-46d9-80ed-79a16e4e67cb,01 - Jika Shield,raw_c3a31191_6c5e_438e_9288_354845031832,raw_c3a31191_6c5e_438e_9288_354845031832,Abcin Thomas,Abcin Thomas,0,0,2026-03-21T12:30:00.0000000+11:00,11
a826b403-b813-4318-9805-5bbe4cf7f238,Summer 2025/26,fa410898-8244-46e6-a9c6-d02e6dd1b8b5,c0420577-837e-46d9-80ed-79a16e4e67cb,01 - Jika Shield,raw_d36a9234_b2b2_44a0_9fa3_3e1527aa4b1c,raw_d36a9234_b2b2_44a0_9fa3_3e1527aa4b1c,Harish Kumar,Harish Kumar,0,0,2026-02-07T12:30:00.0000000+11:00,5
a826b403-b813-4318-9805-5bbe4cf7f238,Summer 2025/26,fa410898-8244-46e6-a9c6-d02e6dd1b8b5,c0420577-837e-46d9-80ed-79a16e4e67cb,01 - Jika Shield,raw_d7f93a87_6b05_4830_a524_41457fd00603,raw_d7f93a87_6b05_4830_a524_41457fd00603,Shaun Vikash,Shaun Vikash,3,1,2026-03-21T12:30:00.0000000+11:00,17
a826b403-b813-4318-9805-5bbe4cf7f238,Summer 2025/26,fa410898-8244-46e6-a9c6-d02e6dd1b8b5,c0420577-837e-46d9-80ed-79a16e4e67cb,01 - Jika Shield,raw_f4eec6b0_c7ff_4771_b4f1_8ea5865e1186,raw_f4eec6b0_c7ff_4771_b4f1_8ea5865e1186,Akshat Bodele,Akshat Bodele,0,0,2026-02-07T12:30:00.0000000+11:00,1
a9c25381-9a31-4bde-b3ff-4074ebed8044,Summer 2017/18,04153631-8985-45e5-87a9-ab8e10a932a5,cabeff0d-2b3c-44d1-86c2-72f62bed5185,"NMCA - Bob Herman Shield - ""D"" Grade",clint_fernandes,clint_fernandes,Clint Fernandes,Clint Fernandes,0,0,2017-11-12T13:00:00.0000000+00:00,1
a9c25381-9a31-4bde-b3ff-4074ebed8044,Summer 2017/18,04153631-8985-45e5-87a9-ab8e10a932a5,cabeff0d-2b3c-44d1-86c2-72f62bed5185,"NMCA - Bob Herman Shield - ""D"" Grade",deepak_sharma,deepak_sharma,Deepak Sharma,Deepak Sharma,0,0,2017-12-02T13:00:00.0000000+00:00,2
a9c25381-9a31-4bde-b3ff-4074ebed8044,Summer 2017/18,04153631-8985-45e5-87a9-ab8e10a932a5,cabeff0d-2b3c-44d1-86c2-72f62bed5185,"NMCA - Bob Herman Shield - ""D"" Grade",jimmy_sharma,jimmy_sharma,Jimmy Sharma,Jimmy Sharma,0,0,2017-11-18T13:00:00.0000000+00:00,4
a9c25381-9a31-4bde-b3ff-4074ebed8044,Summer 2017/18,04153631-8985-45e5-87a9-ab8e10a932a5,cabeff0d-2b3c-44d1-86c2-72f62bed5185,"NMCA - Bob Herman Shield - ""D"" Grade",raw_0e932e6a_4c90_4c46_8043_acedc1522af9,raw_0e932e6a_4c90_4c46_8043_acedc1522af9,Sajin Shrestha,Sajin Shrestha,0,0,2017-12-16T13:00:00.0000000+00:00,2
a9c25381-9a31-4bde-b3ff-4074ebed8044,Summer 2017/18,04153631-8985-45e5-87a9-ab8e10a932a5,cabeff0d-2b3c-44d1-86c2-72f62bed5185,"NMCA - Bob Herman Shield - ""D"" Grade",raw_13fe243d_49a0_4d92_b3e0_84ac18ed66eb,raw_13fe243d_49a0_4d92_b3e0_84ac18ed66eb,Jason Newcastle,Jason Newcastle,3,0,2018-02-24T13:00:00.0000000+00:00,9
a9c25381-9a31-4bde-b3ff-4074ebed8044,Summer 2017/18,04153631-8985-45e5-87a9-ab8e10a932a5,cabeff0d-2b3c-44d1-86c2-72f62bed5185,"NMCA - Bob Herman Shield - ""D"" Grade",raw_162cce2f_a5bb_451f_ab68_d7a037f018ee,raw_162cce2f_a5bb_451f_ab68_d7a037f018ee,Benjamin Frew,Benjamin Frew,0,0,2017-10-07T13:00:00.0000000+00:00,1
a9c25381-9a31-4bde-b3ff-4074ebed8044,Summer 2017/18,04153631-8985-45e5-87a9-ab8e10a932a5,cabeff0d-2b3c-44d1-86c2-72f62bed5185,"NMCA - Bob Herman Shield - ""D"" Grade",raw_22cf8387_0a70_4971_bb3a_99fe437ae5a3,raw_22cf8387_0a70_4971_bb3a_99fe437ae5a3,Raj Koppula,Raj Koppula,1,0,2017-12-16T13:00:00.0000000+00:00,8
a9c25381-9a31-4bde-b3ff-4074ebed8044,Summer 2017/18,04153631-8985-45e5-87a9-ab8e10a932a5,cabeff0d-2b3c-44d1-86c2-72f62bed5185,"NMCA - Bob Herman Shield - ""D"" Grade",raw_232cc042_1e4c_423a_9190_e3432698c99d,raw_232cc042_1e4c_423a_9190_e3432698c99d,Reuben Sharan,Reuben Sharan,0,0,2017-12-02T13:00:00.0000000+00:00,2
a9c25381-9a31-4bde-b3ff-4074ebed8044,Summer 2017/18,04153631-8985-45e5-87a9-ab8e10a932a5,cabeff0d-2b3c-44d1-86c2-72f62bed5185,"NMCA - Bob Herman Shield - ""D"" Grade",raw_25166f1f_6d57_48e5_a9c5_218afdb3fe70,raw_25166f1f_6d57_48e5_a9c5_218afdb3fe70,Rama Bashamoni,Rama Bashamoni,3,0,2018-02-24T13:00:00.0000000+00:00,5
a9c25381-9a31-4bde-b3ff-4074ebed8044,Summer 2017/18,04153631-8985-45e5-87a9-ab8e10a932a5,cabeff0d-2b3c-44d1-86c2-72f62bed5185,"NMCA - Bob Herman Shield - ""D"" Grade",raw_4cafb4f2_d8e4_4eff_981c_b3524ef8e2d1,raw_4cafb4f2_d8e4_4eff_981c_b3524ef8e2d1,Sagar Shrestha,Sagar Shrestha,1,0,2018-02-24T13:00:00.0000000+00:00,7
a9c25381-9a31-4bde-b3ff-4074ebed8044,Summer 2017/18,04153631-8985-45e5-87a9-ab8e10a932a5,cabeff0d-2b3c-44d1-86c2-72f62bed5185,"NMCA - Bob Herman Shield - ""D"" Grade",raw_5a5c2789_408d_4c21_9137_6cdd0961671b,raw_5a5c2789_408d_4c21_9137_6cdd0961671b,Krishna Kasiraju,Krishna Kasiraju,2,0,2018-02-24T13:00:00.0000000+00:00,10
a9c25381-9a31-4bde-b3ff-4074ebed8044,Summer 2017/18,04153631-8985-45e5-87a9-ab8e10a932a5,cabeff0d-2b3c-44d1-86c2-72f62bed5185,"NMCA - Bob Herman Shield - ""D"" Grade",raw_661bdd19_e67a_4978_a255_36e16789ab1f,raw_661bdd19_e67a_4978_a255_36e16789ab1f,Nitin Tanwar,Nitin Tanwar,0,0,2017-11-04T13:00:00.0000000+00:00,1
a9c25381-9a31-4bde-b3ff-4074ebed8044,Summer 2017/18,04153631-8985-45e5-87a9-ab8e10a932a5,cabeff0d-2b3c-44d1-86c2-72f62bed5185,"NMCA - Bob Herman Shield - ""D"" Grade",raw_6d1c1c11_865a_4040_8d68_11714f8a350b,raw_6d1c1c11_865a_4040_8d68_11714f8a350b,Renuka Yapa,Renuka Yapa,1,0,2018-01-13T13:00:00.0000000+00:00,5
a9c25381-9a31-4bde-b3ff-4074ebed8044,Summer 2017/18,04153631-8985-45e5-87a9-ab8e10a932a5,cabeff0d-2b3c-44d1-86c2-72f62bed5185,"NMCA - Bob Herman Shield - ""D"" Grade",raw_7f47871d_71d2_4c20_941e_b9b9b5164c8a,raw_7f47871d_71d2_4c20_941e_b9b9b5164c8a,Pratik Shah,Pratik Shah,0,0,2017-12-16T13:00:00.0000000+00:00,2
a9c25381-9a31-4bde-b3ff-4074ebed8044,Summer 2017/18,04153631-8985-45e5-87a9-ab8e10a932a5,cabeff0d-2b3c-44d1-86c2-72f62bed5185,"NMCA - Bob Herman Shield - ""D"" Grade",raw_9afec348_83dd_4631_a022_a981b7a860dd,raw_9afec348_83dd_4631_a022_a981b7a860dd,Aaron Dass,Aaron Dass,0,0,2018-02-10T13:00:00.0000000+00:00,4
a9c25381-9a31-4bde-b3ff-4074ebed8044,Summer 2017/18,04153631-8985-45e5-87a9-ab8e10a932a5,cabeff0d-2b3c-44d1-86c2-72f62bed5185,"NMCA - Bob Herman Shield - ""D"" Grade",raw_ab033f7b_82e2_4044_b0cb_9024cf56db51,raw_ab033f7b_82e2_4044_b0cb_9024cf56db51,Reuel Sharan,Reuel Sharan,1,0,2018-02-24T13:00:00.0000000+00:00,6
a9c25381-9a31-4bde-b3ff-4074ebed8044,Summer 2017/18,04153631-8985-45e5-87a9-ab8e10a932a5,cabeff0d-2b3c-44d1-86c2-72f62bed5185,"NMCA - Bob Herman Shield - ""D"" Grade",raw_acde3e88_4254_4b9a_88a6_2d5c1cdead57,raw_acde3e88_4254_4b9a_88a6_2d5c1cdead57,Jason Ferreira,Jason Ferreira,0,0,2017-12-16T13:00:00.0000000+00:00,2
a9c25381-9a31-4bde-b3ff-4074ebed8044,Summer 2017/18,04153631-8985-45e5-87a9-ab8e10a932a5,cabeff0d-2b3c-44d1-86c2-72f62bed5185,"NMCA - Bob Herman Shield - ""D"" Grade",raw_f8a8f7e5_bac4_4049_9b66_c8d6be892040,raw_f8a8f7e5_bac4_4049_9b66_c8d6be892040,Bobby Malli,Bobby Malli,0,0,2017-11-12T13:00:00.0000000+00:00,2
a9c25381-9a31-4bde-b3ff-4074ebed8044,Summer 2017/18,04153631-8985-45e5-87a9-ab8e10a932a5,cabeff0d-2b3c-44d1-86c2-72f62bed5185,"NMCA - Bob Herman Shield - ""D"" Grade",sandeep_gill,sandeep_gill,Sandeep Gill,Sandeep Gill,0,0,2018-02-24T13:00:00.0000000+00:00,7
a9c25381-9a31-4bde-b3ff-4074ebed8044,Summer 2017/18,04153631-8985-45e5-87a9-ab8e10a932a5,cabeff0d-2b3c-44d1-86c2-72f62bed5185,"NMCA - Bob Herman Shield - ""D"" Grade",shrikant_sharma,shrikant_sharma,Shrikant Sharma,Shrikant Sharma,0,0,2017-12-16T13:00:00.0000000+00:00,3
a9c25381-9a31-4bde-b3ff-4074ebed8044,Summer 2017/18,04153631-8985-45e5-87a9-ab8e10a932a5,cabeff0d-2b3c-44d1-86c2-72f62bed5185,"NMCA - Bob Herman Shield - ""D"" Grade",vinay_sharma,vinay_sharma,Vinay Sharma,Vinay Sharma,0,0,2017-10-21T13:00:00.0000000+00:00,1
a9c25381-9a31-4bde-b3ff-4074ebed8044,Summer 2017/18,04153631-8985-45e5-87a9-ab8e10a932a5,cabeff0d-2b3c-44d1-86c2-72f62bed5185,"NMCA - Bob Herman Shield - ""D"" Grade",vinit_naidu,vinit_naidu,Vinit Naidu,Vinit Naidu,0,0,2017-10-07T13:00:00.0000000+00:00,1
a9c25381-9a31-4bde-b3ff-4074ebed8044,Summer 2017/18,c6b8f618-554e-4476-baa8-0772ff601889,a38094c6-7399-471a-87df-9c7b6c9bb867,NMCA - Jack Kelly Shield,amresh_bhan,amresh_bhan,Amresh Bhan,Amresh Bhan,0,0,2017-10-07T13:00:00.0000000+00:00,1
a9c25381-9a31-4bde-b3ff-4074ebed8044,Summer 2017/18,c6b8f618-554e-4476-baa8-0772ff601889,a38094c6-7399-471a-87df-9c7b6c9bb867,NMCA - Jack Kelly Shield,damien_vikash,damien_vikash,Damien Vikash,Damien Vikash,3,1,2018-02-24T13:00:00.0000000+00:00,13
a9c25381-9a31-4bde-b3ff-4074ebed8044,Summer 2017/18,c6b8f618-554e-4476-baa8-0772ff601889,a38094c6-7399-471a-87df-9c7b6c9bb867,NMCA - Jack Kelly Shield,jimmy_sharma,jimmy_sharma,Jimmy Sharma,Jimmy Sharma,0,0,2018-02-10T13:00:00.0000000+00:00,7
a9c25381-9a31-4bde-b3ff-4074ebed8044,Summer 2017/18,c6b8f618-554e-4476-baa8-0772ff601889,a38094c6-7399-471a-87df-9c7b6c9bb867,NMCA - Jack Kelly Shield,nikhil_sawant,nikhil_sawant,Nikhil Sawant,Nikhil Sawant,1,0,2018-02-24T13:00:00.0000000+00:00,7
a9c25381-9a31-4bde-b3ff-4074ebed8044,Summer 2017/18,c6b8f618-554e-4476-baa8-0772ff601889,a38094c6-7399-471a-87df-9c7b6c9bb867,NMCA - Jack Kelly Shield,raw_360868ba_5d2a_4f9f_9f3a_fff5756f3f85,raw_360868ba_5d2a_4f9f_9f3a_fff5756f3f85,Shandil Bhan,Shandil Bhan,0,0,2018-02-10T13:00:00.0000000+00:00,6
a9c25381-9a31-4bde-b3ff-4074ebed8044,Summer 2017/18,c6b8f618-554e-4476-baa8-0772ff601889,a38094c6-7399-471a-87df-9c7b6c9bb867,NMCA - Jack Kelly Shield,raw_6d1c1c11_865a_4040_8d68_11714f8a350b,raw_6d1c1c11_865a_4040_8d68_11714f8a350b,Renuka Yapa,Renuka Yapa,0,0,2018-02-24T13:00:00.0000000+00:00,1
a9c25381-9a31-4bde-b3ff-4074ebed8044,Summer 2017/18,c6b8f618-554e-4476-baa8-0772ff601889,a38094c6-7399-471a-87df-9c7b6c9bb867,NMCA - Jack Kelly Shield,raw_7f47871d_71d2_4c20_941e_b9b9b5164c8a,raw_7f47871d_71d2_4c20_941e_b9b9b5164c8a,Pratik Shah,Pratik Shah,0,0,2017-10-07T13:00:00.0000000+00:00,1
a9c25381-9a31-4bde-b3ff-4074ebed8044,Summer 2017/18,c6b8f618-554e-4476-baa8-0772ff601889,a38094c6-7399-471a-87df-9c7b6c9bb867,NMCA - Jack Kelly Shield,raw_ab033f7b_82e2_4044_b0cb_9024cf56db51,raw_ab033f7b_82e2_4044_b0cb_9024cf56db51,Reuel Sharan,Reuel Sharan,0,0,2017-11-12T13:00:00.0000000+00:00,3
a9c25381-9a31-4bde-b3ff-4074ebed8044,Summer 2017/18,c6b8f618-554e-4476-baa8-0772ff601889,a38094c6-7399-471a-87df-9c7b6c9bb867,NMCA - Jack Kelly Shield,raw_d7f93a87_6b05_4830_a524_41457fd00603,raw_d7f93a87_6b05_4830_a524_41457fd00603,Shaun Vikash,Shaun Vikash,2,1,2018-02-24T13:00:00.0000000+00:00,13
a9c25381-9a31-4bde-b3ff-4074ebed8044,Summer 2017/18,c6b8f618-554e-4476-baa8-0772ff601889,a38094c6-7399-471a-87df-9c7b6c9bb867,NMCA - Jack Kelly Shield,shivnyl_naidu,shivnyl_naidu,Shivnyl Naidu,Shivnyl Naidu,5,0,2018-02-24T13:00:00.0000000+00:00,13
a9c25381-9a31-4bde-b3ff-4074ebed8044,Summer 2017/18,c6b8f618-554e-4476-baa8-0772ff601889,a38094c6-7399-471a-87df-9c7b6c9bb867,NMCA - Jack Kelly Shield,shrikant_sharma,shrikant_sharma,Shrikant Sharma,Shrikant Sharma,0,0,2017-11-12T13:00:00.0000000+00:00,1
a9c25381-9a31-4bde-b3ff-4074ebed8044,Summer 2017/18,c6b8f618-554e-4476-baa8-0772ff601889,a38094c6-7399-471a-87df-9c7b6c9bb867,NMCA - Jack Kelly Shield,vinit_naidu,vinit_naidu,Vinit Naidu,Vinit Naidu,0,0,2018-02-24T13:00:00.0000000+00:00,10
aad2a6fe-7bbd-4680-a386-01319b828522,Summer 2021/22,02abeb84-d2ec-4396-b417-973585e5d3eb,ba3b5c2c-1c46-4000-b920-fb9eda681ce6,"NMCA - Syd Sault Shield - ""F"" Grade",aravind_boddula,aravind_boddula,Aravind Boddula,Aravind Boddula,0,0,2022-01-30T00:00:00.0000000+11:00,6
aad2a6fe-7bbd-4680-a386-01319b828522,Summer 2021/22,02abeb84-d2ec-4396-b417-973585e5d3eb,ba3b5c2c-1c46-4000-b920-fb9eda681ce6,"NMCA - Syd Sault Shield - ""F"" Grade",ravi_chowdary,ravi_chowdary,Ravi Chowdary,Ravi Chowdary,1,0,2021-12-19T00:00:00.0000000+11:00,4
aad2a6fe-7bbd-4680-a386-01319b828522,Summer 2021/22,02abeb84-d2ec-4396-b417-973585e5d3eb,ba3b5c2c-1c46-4000-b920-fb9eda681ce6,"NMCA - Syd Sault Shield - ""F"" Grade",raw_0a978d26_0a70_4656_bf41_5515d8dff64d,raw_0a978d26_0a70_4656_bf41_5515d8dff64d,Sai Akhil Reddy Patil,Sai Akhil Reddy Patil,0,0,2022-01-30T00:00:00.0000000+11:00,2
aad2a6fe-7bbd-4680-a386-01319b828522,Summer 2021/22,02abeb84-d2ec-4396-b417-973585e5d3eb,ba3b5c2c-1c46-4000-b920-fb9eda681ce6,"NMCA - Syd Sault Shield - ""F"" Grade",raw_100b60f9_15ab_4d35_9626_be4212a5d0e2,raw_100b60f9_15ab_4d35_9626_be4212a5d0e2,Rama Suravajjula,Rama Suravajjula,2,0,2022-02-20T00:00:00.0000000+11:00,8
aad2a6fe-7bbd-4680-a386-01319b828522,Summer 2021/22,02abeb84-d2ec-4396-b417-973585e5d3eb,ba3b5c2c-1c46-4000-b920-fb9eda681ce6,"NMCA - Syd Sault Shield - ""F"" Grade",raw_133832e5_c9bf_493d_a799_6f560da6758b,raw_133832e5_c9bf_493d_a799_6f560da6758b,Amal Krishna,Amal Krishna,0,0,2021-11-21T00:00:00.0000000+11:00,1
aad2a6fe-7bbd-4680-a386-01319b828522,Summer 2021/22,02abeb84-d2ec-4396-b417-973585e5d3eb,ba3b5c2c-1c46-4000-b920-fb9eda681ce6,"NMCA - Syd Sault Shield - ""F"" Grade",raw_248d59b2_4390_4bdf_a379_7376c701d492,raw_248d59b2_4390_4bdf_a379_7376c701d492,Faisal Shahzad,Faisal Shahzad,0,0,2021-11-28T00:00:00.0000000+11:00,1
aad2a6fe-7bbd-4680-a386-01319b828522,Summer 2021/22,02abeb84-d2ec-4396-b417-973585e5d3eb,ba3b5c2c-1c46-4000-b920-fb9eda681ce6,"NMCA - Syd Sault Shield - ""F"" Grade",raw_318eb254_0f61_4906_a4da_9c88a2637ebe,raw_318eb254_0f61_4906_a4da_9c88a2637ebe,Sunil K Mekala,Sunil K Mekala,0,0,2022-01-30T00:00:00.0000000+11:00,4
aad2a6fe-7bbd-4680-a386-01319b828522,Summer 2021/22,02abeb84-d2ec-4396-b417-973585e5d3eb,ba3b5c2c-1c46-4000-b920-fb9eda681ce6,"NMCA - Syd Sault Shield - ""F"" Grade",raw_3dfa0dea_884b_4796_ad97_a36c652b3012,raw_3dfa0dea_884b_4796_ad97_a36c652b3012,Sravan Kumar Saka,Sravan Kumar Saka,0,0,2021-12-12T00:00:00.0000000+11:00,1
aad2a6fe-7bbd-4680-a386-01319b828522,Summer 2021/22,02abeb84-d2ec-4396-b417-973585e5d3eb,ba3b5c2c-1c46-4000-b920-fb9eda681ce6,"NMCA - Syd Sault Shield - ""F"" Grade",raw_400e4752_f236_4ca7_93e9_fd8ebee6735e,raw_400e4752_f236_4ca7_93e9_fd8ebee6735e,Siddhanth Chaurasiya,Siddhanth Chaurasiya,0,0,2022-02-20T00:00:00.0000000+11:00,2
aad2a6fe-7bbd-4680-a386-01319b828522,Summer 2021/22,02abeb84-d2ec-4396-b417-973585e5d3eb,ba3b5c2c-1c46-4000-b920-fb9eda681ce6,"NMCA - Syd Sault Shield - ""F"" Grade",raw_66a9b97d_dd6c_4803_97e6_522f47a07f27,raw_66a9b97d_dd6c_4803_97e6_522f47a07f27,Safi Alvi,Safi Alvi,0,0,2021-12-19T00:00:00.0000000+11:00,1
aad2a6fe-7bbd-4680-a386-01319b828522,Summer 2021/22,02abeb84-d2ec-4396-b417-973585e5d3eb,ba3b5c2c-1c46-4000-b920-fb9eda681ce6,"NMCA - Syd Sault Shield - ""F"" Grade",raw_77325247_b12f_4379_9e84_a874b7a1e1c1,raw_77325247_b12f_4379_9e84_a874b7a1e1c1,Lokesh Kumar,Lokesh Kumar,0,0,2022-01-30T00:00:00.0000000+11:00,1
aad2a6fe-7bbd-4680-a386-01319b828522,Summer 2021/22,02abeb84-d2ec-4396-b417-973585e5d3eb,ba3b5c2c-1c46-4000-b920-fb9eda681ce6,"NMCA - Syd Sault Shield - ""F"" Grade",raw_84f6c3cd_d9a6_4b30_a50b_a564ca4fbf0e,raw_84f6c3cd_d9a6_4b30_a50b_a564ca4fbf0e,Sravan Donthireddy,Sravan Donthireddy,0,0,2022-02-20T00:00:00.0000000+11:00,3
aad2a6fe-7bbd-4680-a386-01319b828522,Summer 2021/22,02abeb84-d2ec-4396-b417-973585e5d3eb,ba3b5c2c-1c46-4000-b920-fb9eda681ce6,"NMCA - Syd Sault Shield - ""F"" Grade",raw_9fbd0da7_c772_4b48_a8f5_e5d904ee091c,raw_9fbd0da7_c772_4b48_a8f5_e5d904ee091c,Syed Uddin,Syed Uddin,0,0,2021-12-19T00:00:00.0000000+11:00,3
aad2a6fe-7bbd-4680-a386-01319b828522,Summer 2021/22,02abeb84-d2ec-4396-b417-973585e5d3eb,ba3b5c2c-1c46-4000-b920-fb9eda681ce6,"NMCA - Syd Sault Shield - ""F"" Grade",raw_bd3267a9_62a4_4ef6_9c96_ca89ef724e76,raw_bd3267a9_62a4_4ef6_9c96_ca89ef724e76,Santhosh Kumar Chappidi,Santhosh Kumar Chappidi,0,0,2021-12-19T00:00:00.0000000+11:00,1
aad2a6fe-7bbd-4680-a386-01319b828522,Summer 2021/22,02abeb84-d2ec-4396-b417-973585e5d3eb,ba3b5c2c-1c46-4000-b920-fb9eda681ce6,"NMCA - Syd Sault Shield - ""F"" Grade",raw_c9e16142_3bba_44ab_8fad_4610a7f7f885,raw_c9e16142_3bba_44ab_8fad_4610a7f7f885,Suryakumar Patti,Suryakumar Patti,1,0,2022-01-30T00:00:00.0000000+11:00,4
aad2a6fe-7bbd-4680-a386-01319b828522,Summer 2021/22,02abeb84-d2ec-4396-b417-973585e5d3eb,ba3b5c2c-1c46-4000-b920-fb9eda681ce6,"NMCA - Syd Sault Shield - ""F"" Grade",raw_de9355bb_27d0_4a45_a8b7_dc956d627dee,raw_de9355bb_27d0_4a45_a8b7_dc956d627dee,Lakshman Gundapaneni,Lakshman Gundapaneni,0,1,2021-12-05T00:00:00.0000000+11:00,1
aad2a6fe-7bbd-4680-a386-01319b828522,Summer 2021/22,02abeb84-d2ec-4396-b417-973585e5d3eb,ba3b5c2c-1c46-4000-b920-fb9eda681ce6,"NMCA - Syd Sault Shield - ""F"" Grade",shiv_ganachari,shiv_ganachari,Shiv Ganachari,Shiv Ganachari,0,0,2022-02-20T00:00:00.0000000+11:00,1
aad2a6fe-7bbd-4680-a386-01319b828522,Summer 2021/22,02abeb84-d2ec-4396-b417-973585e5d3eb,ba3b5c2c-1c46-4000-b920-fb9eda681ce6,"NMCA - Syd Sault Shield - ""F"" Grade",shivnyl_naidu,shivnyl_naidu,Shivnyl Naidu,Shivnyl Naidu,0,0,2022-02-20T00:00:00.0000000+11:00,1
aad2a6fe-7bbd-4680-a386-01319b828522,Summer 2021/22,02abeb84-d2ec-4396-b417-973585e5d3eb,ba3b5c2c-1c46-4000-b920-fb9eda681ce6,"NMCA - Syd Sault Shield - ""F"" Grade",srikanth_para,srikanth_para,Srikanth Para,Srikanth Para,0,0,2021-12-19T00:00:00.0000000+11:00,1
aad2a6fe-7bbd-4680-a386-01319b828522,Summer 2021/22,02abeb84-d2ec-4396-b417-973585e5d3eb,ba3b5c2c-1c46-4000-b920-fb9eda681ce6,"NMCA - Syd Sault Shield - ""F"" Grade",vishnu_para,vishnu_para,Vishnu Para,Vishnu Para,1,0,2022-02-20T00:00:00.0000000+11:00,3
aad2a6fe-7bbd-4680-a386-01319b828522,Summer 2021/22,0b7c4566-30b6-4403-ab68-444f9194295d,e2e07aa5-b95d-41c1-9912-e6e474c74391,"NMCA - Les Kemp Shield - ""E"" Grade",aravind_boddula,aravind_boddula,Aravind Boddula,Aravind Boddula,0,0,2022-02-06T00:00:00.0000000+11:00,1
aad2a6fe-7bbd-4680-a386-01319b828522,Summer 2021/22,0b7c4566-30b6-4403-ab68-444f9194295d,e2e07aa5-b95d-41c1-9912-e6e474c74391,"NMCA - Les Kemp Shield - ""E"" Grade",feroz_hassan,feroz_hassan,Feroz Hassan,Feroz Hassan,0,0,2022-02-27T00:00:00.0000000+11:00,9
aad2a6fe-7bbd-4680-a386-01319b828522,Summer 2021/22,0b7c4566-30b6-4403-ab68-444f9194295d,e2e07aa5-b95d-41c1-9912-e6e474c74391,"NMCA - Les Kemp Shield - ""E"" Grade",nikhil_sawant,nikhil_sawant,Nikhil Sawant,Nikhil Sawant,0,0,2022-01-16T00:00:00.0000000+11:00,1
aad2a6fe-7bbd-4680-a386-01319b828522,Summer 2021/22,0b7c4566-30b6-4403-ab68-444f9194295d,e2e07aa5-b95d-41c1-9912-e6e474c74391,"NMCA - Les Kemp Shield - ""E"" Grade",ravi_chowdary,ravi_chowdary,Ravi Chowdary,Ravi Chowdary,2,0,2022-03-06T00:00:00.0000000+11:00,5
aad2a6fe-7bbd-4680-a386-01319b828522,Summer 2021/22,0b7c4566-30b6-4403-ab68-444f9194295d,e2e07aa5-b95d-41c1-9912-e6e474c74391,"NMCA - Les Kemp Shield - ""E"" Grade",raw_100b60f9_15ab_4d35_9626_be4212a5d0e2,raw_100b60f9_15ab_4d35_9626_be4212a5d0e2,Rama Suravajjula,Rama Suravajjula,1,0,2022-02-27T00:00:00.0000000+11:00,1
aad2a6fe-7bbd-4680-a386-01319b828522,Summer 2021/22,0b7c4566-30b6-4403-ab68-444f9194295d,e2e07aa5-b95d-41c1-9912-e6e474c74391,"NMCA - Les Kemp Shield - ""E"" Grade",raw_133832e5_c9bf_493d_a799_6f560da6758b,raw_133832e5_c9bf_493d_a799_6f560da6758b,Amal Krishna,Amal Krishna,3,0,2022-03-06T00:00:00.0000000+11:00,4
aad2a6fe-7bbd-4680-a386-01319b828522,Summer 2021/22,0b7c4566-30b6-4403-ab68-444f9194295d,e2e07aa5-b95d-41c1-9912-e6e474c74391,"NMCA - Les Kemp Shield - ""E"" Grade",raw_248d59b2_4390_4bdf_a379_7376c701d492,raw_248d59b2_4390_4bdf_a379_7376c701d492,Faisal Shahzad,Faisal Shahzad,1,0,2022-02-13T00:00:00.0000000+11:00,7
aad2a6fe-7bbd-4680-a386-01319b828522,Summer 2021/22,0b7c4566-30b6-4403-ab68-444f9194295d,e2e07aa5-b95d-41c1-9912-e6e474c74391,"NMCA - Les Kemp Shield - ""E"" Grade",raw_400e4752_f236_4ca7_93e9_fd8ebee6735e,raw_400e4752_f236_4ca7_93e9_fd8ebee6735e,Siddhanth Chaurasiya,Siddhanth Chaurasiya,0,0,2022-02-13T00:00:00.0000000+11:00,1
aad2a6fe-7bbd-4680-a386-01319b828522,Summer 2021/22,0b7c4566-30b6-4403-ab68-444f9194295d,e2e07aa5-b95d-41c1-9912-e6e474c74391,"NMCA - Les Kemp Shield - ""E"" Grade",raw_41319ce2_d210_43f3_83ea_be2dee71ddea,raw_41319ce2_d210_43f3_83ea_be2dee71ddea,Haider Ali,Haider Ali,0,0,2021-12-05T00:00:00.0000000+11:00,2
aad2a6fe-7bbd-4680-a386-01319b828522,Summer 2021/22,0b7c4566-30b6-4403-ab68-444f9194295d,e2e07aa5-b95d-41c1-9912-e6e474c74391,"NMCA - Les Kemp Shield - ""E"" Grade",raw_629bb3fb_e4ff_4845_99d5_3d72ea931f45,raw_629bb3fb_e4ff_4845_99d5_3d72ea931f45,Jassa Singh,Jassa Singh,0,0,2022-02-06T00:00:00.0000000+11:00,2
aad2a6fe-7bbd-4680-a386-01319b828522,Summer 2021/22,0b7c4566-30b6-4403-ab68-444f9194295d,e2e07aa5-b95d-41c1-9912-e6e474c74391,"NMCA - Les Kemp Shield - ""E"" Grade",raw_66a9b97d_dd6c_4803_97e6_522f47a07f27,raw_66a9b97d_dd6c_4803_97e6_522f47a07f27,Safi Alvi,Safi Alvi,0,0,2021-11-28T00:00:00.0000000+11:00,1
aad2a6fe-7bbd-4680-a386-01319b828522,Summer 2021/22,0b7c4566-30b6-4403-ab68-444f9194295d,e2e07aa5-b95d-41c1-9912-e6e474c74391,"NMCA - Les Kemp Shield - ""E"" Grade",raw_6b74d336_b105_407c_b4ef_f68e2fba7862,raw_6b74d336_b105_407c_b4ef_f68e2fba7862,Damandeep Sehra,Damandeep Sehra,0,0,2021-11-28T00:00:00.0000000+11:00,1
aad2a6fe-7bbd-4680-a386-01319b828522,Summer 2021/22,0b7c4566-30b6-4403-ab68-444f9194295d,e2e07aa5-b95d-41c1-9912-e6e474c74391,"NMCA - Les Kemp Shield - ""E"" Grade",raw_84f6c3cd_d9a6_4b30_a50b_a564ca4fbf0e,raw_84f6c3cd_d9a6_4b30_a50b_a564ca4fbf0e,Sravan Donthireddy,Sravan Donthireddy,0,0,2022-03-06T00:00:00.0000000+11:00,7
aad2a6fe-7bbd-4680-a386-01319b828522,Summer 2021/22,0b7c4566-30b6-4403-ab68-444f9194295d,e2e07aa5-b95d-41c1-9912-e6e474c74391,"NMCA - Les Kemp Shield - ""E"" Grade",raw_9fbd0da7_c772_4b48_a8f5_e5d904ee091c,raw_9fbd0da7_c772_4b48_a8f5_e5d904ee091c,Syed Uddin,Syed Uddin,1,0,2022-01-23T00:00:00.0000000+11:00,3
aad2a6fe-7bbd-4680-a386-01319b828522,Summer 2021/22,0b7c4566-30b6-4403-ab68-444f9194295d,e2e07aa5-b95d-41c1-9912-e6e474c74391,"NMCA - Les Kemp Shield - ""E"" Grade",raw_a5f9b627_39ee_482d_9d0b_da17a0b19842,raw_a5f9b627_39ee_482d_9d0b_da17a0b19842,Chaitanya Raju,Chaitanya Raju,0,0,2022-02-06T00:00:00.0000000+11:00,6
aad2a6fe-7bbd-4680-a386-01319b828522,Summer 2021/22,0b7c4566-30b6-4403-ab68-444f9194295d,e2e07aa5-b95d-41c1-9912-e6e474c74391,"NMCA - Les Kemp Shield - ""E"" Grade",raw_b3b52283_bba3_41bc_8dea_fe249e5487b3,raw_b3b52283_bba3_41bc_8dea_fe249e5487b3,Arun Parvathyraj,Arun Parvathyraj,0,0,2022-02-06T00:00:00.0000000+11:00,2
aad2a6fe-7bbd-4680-a386-01319b828522,Summer 2021/22,0b7c4566-30b6-4403-ab68-444f9194295d,e2e07aa5-b95d-41c1-9912-e6e474c74391,"NMCA - Les Kemp Shield - ""E"" Grade",raw_bacb745b_1109_4ffc_b4ce_f53bf8c269ce,raw_bacb745b_1109_4ffc_b4ce_f53bf8c269ce,Syed Shabbir,Syed Shabbir,0,0,2021-12-19T00:00:00.0000000+11:00,1
aad2a6fe-7bbd-4680-a386-01319b828522,Summer 2021/22,0b7c4566-30b6-4403-ab68-444f9194295d,e2e07aa5-b95d-41c1-9912-e6e474c74391,"NMCA - Les Kemp Shield - ""E"" Grade",raw_bd3267a9_62a4_4ef6_9c96_ca89ef724e76,raw_bd3267a9_62a4_4ef6_9c96_ca89ef724e76,Santhosh Kumar Chappidi,Santhosh Kumar Chappidi,0,0,2021-12-12T00:00:00.0000000+11:00,1
aad2a6fe-7bbd-4680-a386-01319b828522,Summer 2021/22,0b7c4566-30b6-4403-ab68-444f9194295d,e2e07aa5-b95d-41c1-9912-e6e474c74391,"NMCA - Les Kemp Shield - ""E"" Grade",raw_e8ba8e6a_f654_4def_9abd_a37b607a6223,raw_e8ba8e6a_f654_4def_9abd_a37b607a6223,Madhu Vadakkedath,Madhu Vadakkedath,0,0,2021-12-19T00:00:00.0000000+11:00,2
aad2a6fe-7bbd-4680-a386-01319b828522,Summer 2021/22,0b7c4566-30b6-4403-ab68-444f9194295d,e2e07aa5-b95d-41c1-9912-e6e474c74391,"NMCA - Les Kemp Shield - ""E"" Grade",raw_e8e09307_cdbd_4cdd_9a37_7e33f8fe0559,raw_e8e09307_cdbd_4cdd_9a37_7e33f8fe0559,Rizwan Mohammed,Rizwan Mohammed,0,0,2022-01-30T00:00:00.0000000+11:00,3
aad2a6fe-7bbd-4680-a386-01319b828522,Summer 2021/22,0b7c4566-30b6-4403-ab68-444f9194295d,e2e07aa5-b95d-41c1-9912-e6e474c74391,"NMCA - Les Kemp Shield - ""E"" Grade",shiv_ganachari,shiv_ganachari,Shiv Ganachari,Shiv Ganachari,0,0,2022-03-06T00:00:00.0000000+11:00,4
aad2a6fe-7bbd-4680-a386-01319b828522,Summer 2021/22,0b7c4566-30b6-4403-ab68-444f9194295d,e2e07aa5-b95d-41c1-9912-e6e474c74391,"NMCA - Les Kemp Shield - ""E"" Grade",srikanth_para,srikanth_para,Srikanth Para,Srikanth Para,0,0,2022-02-27T00:00:00.0000000+11:00,2
aad2a6fe-7bbd-4680-a386-01319b828522,Summer 2021/22,0b7c4566-30b6-4403-ab68-444f9194295d,e2e07aa5-b95d-41c1-9912-e6e474c74391,"NMCA - Les Kemp Shield - ""E"" Grade",vishnu_para,vishnu_para,Vishnu Para,Vishnu Para,0,0,2022-03-06T00:00:00.0000000+11:00,7
aad2a6fe-7bbd-4680-a386-01319b828522,Summer 2021/22,0b7c4566-30b6-4403-ab68-444f9194295d,e2e07aa5-b95d-41c1-9912-e6e474c74391,"NMCA - Les Kemp Shield - ""E"" Grade",wajhi_syed,wajhi_syed,Wajhi Syed,Wajhi Syed,0,1,2021-12-05T00:00:00.0000000+11:00,2
aad2a6fe-7bbd-4680-a386-01319b828522,Summer 2021/22,a76da229-e57f-4406-8595-d46d4942a242,9b56e8ff-f853-4164-afc7-478df928f984,NMCA - Jack Quick Shield,balaji_viswanathan,balaji_viswanathan,Balaji Viswanathan,Balaji Viswanathan,1,0,2022-02-06T00:00:00.0000000+11:00,7
aad2a6fe-7bbd-4680-a386-01319b828522,Summer 2021/22,a76da229-e57f-4406-8595-d46d4942a242,9b56e8ff-f853-4164-afc7-478df928f984,NMCA - Jack Quick Shield,baurel_d_mello,baurel_d_mello,Baurel D'Mello,Baurel D'Mello,2,0,2022-03-06T00:00:00.0000000+11:00,12
aad2a6fe-7bbd-4680-a386-01319b828522,Summer 2021/22,a76da229-e57f-4406-8595-d46d4942a242,9b56e8ff-f853-4164-afc7-478df928f984,NMCA - Jack Quick Shield,damien_vikash,damien_vikash,Damien Vikash,Damien Vikash,0,0,2022-03-06T00:00:00.0000000+11:00,6
aad2a6fe-7bbd-4680-a386-01319b828522,Summer 2021/22,a76da229-e57f-4406-8595-d46d4942a242,9b56e8ff-f853-4164-afc7-478df928f984,NMCA - Jack Quick Shield,gopi_krishna,gopi_krishna,Gopi Krishna,Gopi Krishna,0,0,2022-02-27T00:00:00.0000000+11:00,1
aad2a6fe-7bbd-4680-a386-01319b828522,Summer 2021/22,a76da229-e57f-4406-8595-d46d4942a242,9b56e8ff-f853-4164-afc7-478df928f984,NMCA - Jack Quick Shield,ibad_mohammed,ibad_mohammed,Ibad Mohammed,Ibad Mohammed,1,0,2022-02-27T00:00:00.0000000+11:00,6
aad2a6fe-7bbd-4680-a386-01319b828522,Summer 2021/22,a76da229-e57f-4406-8595-d46d4942a242,9b56e8ff-f853-4164-afc7-478df928f984,NMCA - Jack Quick Shield,nikhil_sawant,nikhil_sawant,Nikhil Sawant,Nikhil Sawant,1,1,2022-03-06T00:00:00.0000000+11:00,7
aad2a6fe-7bbd-4680-a386-01319b828522,Summer 2021/22,a76da229-e57f-4406-8595-d46d4942a242,9b56e8ff-f853-4164-afc7-478df928f984,NMCA - Jack Quick Shield,predheesh_valayil_sivanandan,predheesh_valayil_sivanandan,Predheesh Valayil Sivanandan,Predheesh Valayil Sivanandan,1,0,2022-01-16T00:00:00.0000000+11:00,4
aad2a6fe-7bbd-4680-a386-01319b828522,Summer 2021/22,a76da229-e57f-4406-8595-d46d4942a242,9b56e8ff-f853-4164-afc7-478df928f984,NMCA - Jack Quick Shield,raw_9a2bd07c_c882_4bdc_8ff5_3146f05c1d1c,raw_9a2bd07c_c882_4bdc_8ff5_3146f05c1d1c,Sandeep Reddy,Sandeep Reddy,1,0,2022-03-06T00:00:00.0000000+11:00,12
aad2a6fe-7bbd-4680-a386-01319b828522,Summer 2021/22,a76da229-e57f-4406-8595-d46d4942a242,9b56e8ff-f853-4164-afc7-478df928f984,NMCA - Jack Quick Shield,raw_9be2559a_8257_42a7_8653_f0a9c4cc4c0f,raw_9be2559a_8257_42a7_8653_f0a9c4cc4c0f,Lokesh Ravikumar,Lokesh Ravikumar,0,0,2022-01-30T00:00:00.0000000+11:00,4
aad2a6fe-7bbd-4680-a386-01319b828522,Summer 2021/22,a76da229-e57f-4406-8595-d46d4942a242,9b56e8ff-f853-4164-afc7-478df928f984,NMCA - Jack Quick Shield,raw_b0359b90_ca42_4a35_b0d1_46703899270f,raw_b0359b90_ca42_4a35_b0d1_46703899270f,Sai Krishna Buddaraju,Sai Krishna Buddaraju,3,0,2022-03-06T00:00:00.0000000+11:00,14
aad2a6fe-7bbd-4680-a386-01319b828522,Summer 2021/22,a76da229-e57f-4406-8595-d46d4942a242,9b56e8ff-f853-4164-afc7-478df928f984,NMCA - Jack Quick Shield,raw_bacb745b_1109_4ffc_b4ce_f53bf8c269ce,raw_bacb745b_1109_4ffc_b4ce_f53bf8c269ce,Syed Shabbir,Syed Shabbir,0,0,2022-01-09T00:00:00.0000000+11:00,2
aad2a6fe-7bbd-4680-a386-01319b828522,Summer 2021/22,a76da229-e57f-4406-8595-d46d4942a242,9b56e8ff-f853-4164-afc7-478df928f984,NMCA - Jack Quick Shield,raw_bd3267a9_62a4_4ef6_9c96_ca89ef724e76,raw_bd3267a9_62a4_4ef6_9c96_ca89ef724e76,Santhosh Kumar Chappidi,Santhosh Kumar Chappidi,0,0,2022-01-17T01:00:00.0000000+11:00,1
aad2a6fe-7bbd-4680-a386-01319b828522,Summer 2021/22,a76da229-e57f-4406-8595-d46d4942a242,9b56e8ff-f853-4164-afc7-478df928f984,NMCA - Jack Quick Shield,raw_d36a9234_b2b2_44a0_9fa3_3e1527aa4b1c,raw_d36a9234_b2b2_44a0_9fa3_3e1527aa4b1c,Harish Kumar,Harish Kumar,0,0,2022-02-27T00:00:00.0000000+11:00,1
aad2a6fe-7bbd-4680-a386-01319b828522,Summer 2021/22,a76da229-e57f-4406-8595-d46d4942a242,9b56e8ff-f853-4164-afc7-478df928f984,NMCA - Jack Quick Shield,raw_d7f93a87_6b05_4830_a524_41457fd00603,raw_d7f93a87_6b05_4830_a524_41457fd00603,Shaun Vikash,Shaun Vikash,2,0,2022-02-06T00:00:00.0000000+11:00,4
aad2a6fe-7bbd-4680-a386-01319b828522,Summer 2021/22,a76da229-e57f-4406-8595-d46d4942a242,9b56e8ff-f853-4164-afc7-478df928f984,NMCA - Jack Quick Shield,raw_e8ba8e6a_f654_4def_9abd_a37b607a6223,raw_e8ba8e6a_f654_4def_9abd_a37b607a6223,Madhu Vadakkedath,Madhu Vadakkedath,1,1,2022-02-20T00:00:00.0000000+11:00,5
aad2a6fe-7bbd-4680-a386-01319b828522,Summer 2021/22,a76da229-e57f-4406-8595-d46d4942a242,9b56e8ff-f853-4164-afc7-478df928f984,NMCA - Jack Quick Shield,raw_f4eec6b0_c7ff_4771_b4f1_8ea5865e1186,raw_f4eec6b0_c7ff_4771_b4f1_8ea5865e1186,Akshat Bodele,Akshat Bodele,0,0,2022-01-17T01:00:00.0000000+11:00,1
aad2a6fe-7bbd-4680-a386-01319b828522,Summer 2021/22,a76da229-e57f-4406-8595-d46d4942a242,9b56e8ff-f853-4164-afc7-478df928f984,NMCA - Jack Quick Shield,srikanth_para,srikanth_para,Srikanth Para,Srikanth Para,0,0,2021-11-21T00:00:00.0000000+11:00,1
aad2a6fe-7bbd-4680-a386-01319b828522,Summer 2021/22,a76da229-e57f-4406-8595-d46d4942a242,9b56e8ff-f853-4164-afc7-478df928f984,NMCA - Jack Quick Shield,vinit_naidu,vinit_naidu,Vinit Naidu,Vinit Naidu,2,0,2022-03-06T00:00:00.0000000+11:00,7
aad2a6fe-7bbd-4680-a386-01319b828522,Summer 2021/22,c589fd39-b7ef-4d8a-a6ae-644b717b337c,028d9d87-fe2c-4df1-980f-1dc263c0e6b2,"NMCA - Bob Herman Shield - ""D"" Grade",aravind_boddula,aravind_boddula,Aravind Boddula,Aravind Boddula,1,0,2022-01-09T00:00:00.0000000+11:00,1
aad2a6fe-7bbd-4680-a386-01319b828522,Summer 2021/22,c589fd39-b7ef-4d8a-a6ae-644b717b337c,028d9d87-fe2c-4df1-980f-1dc263c0e6b2,"NMCA - Bob Herman Shield - ""D"" Grade",balaji_viswanathan,balaji_viswanathan,Balaji Viswanathan,Balaji Viswanathan,0,0,2022-01-23T00:00:00.0000000+11:00,1
aad2a6fe-7bbd-4680-a386-01319b828522,Summer 2021/22,c589fd39-b7ef-4d8a-a6ae-644b717b337c,028d9d87-fe2c-4df1-980f-1dc263c0e6b2,"NMCA - Bob Herman Shield - ""D"" Grade",damien_vikash,damien_vikash,Damien Vikash,Damien Vikash,1,0,2021-11-28T00:00:00.0000000+11:00,2
aad2a6fe-7bbd-4680-a386-01319b828522,Summer 2021/22,c589fd39-b7ef-4d8a-a6ae-644b717b337c,028d9d87-fe2c-4df1-980f-1dc263c0e6b2,"NMCA - Bob Herman Shield - ""D"" Grade",danny_singh,danny_singh,Danny Singh,Danny Singh,1,0,2022-02-27T00:00:00.0000000+11:00,4
aad2a6fe-7bbd-4680-a386-01319b828522,Summer 2021/22,c589fd39-b7ef-4d8a-a6ae-644b717b337c,028d9d87-fe2c-4df1-980f-1dc263c0e6b2,"NMCA - Bob Herman Shield - ""D"" Grade",gopi_krishna,gopi_krishna,Gopi Krishna,Gopi Krishna,0,0,2022-01-09T00:00:00.0000000+11:00,1
aad2a6fe-7bbd-4680-a386-01319b828522,Summer 2021/22,c589fd39-b7ef-4d8a-a6ae-644b717b337c,028d9d87-fe2c-4df1-980f-1dc263c0e6b2,"NMCA - Bob Herman Shield - ""D"" Grade",predheesh_valayil_sivanandan,predheesh_valayil_sivanandan,Predheesh Valayil Sivanandan,Predheesh Valayil Sivanandan,0,0,2022-02-27T00:00:00.0000000+11:00,3
aad2a6fe-7bbd-4680-a386-01319b828522,Summer 2021/22,c589fd39-b7ef-4d8a-a6ae-644b717b337c,028d9d87-fe2c-4df1-980f-1dc263c0e6b2,"NMCA - Bob Herman Shield - ""D"" Grade",ravi_chowdary,ravi_chowdary,Ravi Chowdary,Ravi Chowdary,0,0,2022-01-30T00:00:00.0000000+11:00,2
aad2a6fe-7bbd-4680-a386-01319b828522,Summer 2021/22,c589fd39-b7ef-4d8a-a6ae-644b717b337c,028d9d87-fe2c-4df1-980f-1dc263c0e6b2,"NMCA - Bob Herman Shield - ""D"" Grade",raw_133832e5_c9bf_493d_a799_6f560da6758b,raw_133832e5_c9bf_493d_a799_6f560da6758b,Amal Krishna,Amal Krishna,4,0,2022-02-27T00:00:00.0000000+11:00,6
aad2a6fe-7bbd-4680-a386-01319b828522,Summer 2021/22,c589fd39-b7ef-4d8a-a6ae-644b717b337c,028d9d87-fe2c-4df1-980f-1dc263c0e6b2,"NMCA - Bob Herman Shield - ""D"" Grade",raw_162cce2f_a5bb_451f_ab68_d7a037f018ee,raw_162cce2f_a5bb_451f_ab68_d7a037f018ee,Benjamin Frew,Benjamin Frew,0,0,2022-02-13T00:00:00.0000000+11:00,3
aad2a6fe-7bbd-4680-a386-01319b828522,Summer 2021/22,c589fd39-b7ef-4d8a-a6ae-644b717b337c,028d9d87-fe2c-4df1-980f-1dc263c0e6b2,"NMCA - Bob Herman Shield - ""D"" Grade",raw_248d59b2_4390_4bdf_a379_7376c701d492,raw_248d59b2_4390_4bdf_a379_7376c701d492,Faisal Shahzad,Faisal Shahzad,0,0,2022-01-09T00:00:00.0000000+11:00,1
aad2a6fe-7bbd-4680-a386-01319b828522,Summer 2021/22,c589fd39-b7ef-4d8a-a6ae-644b717b337c,028d9d87-fe2c-4df1-980f-1dc263c0e6b2,"NMCA - Bob Herman Shield - ""D"" Grade",raw_318eb254_0f61_4906_a4da_9c88a2637ebe,raw_318eb254_0f61_4906_a4da_9c88a2637ebe,Sunil K Mekala,Sunil K Mekala,0,0,2022-01-09T00:00:00.0000000+11:00,1
aad2a6fe-7bbd-4680-a386-01319b828522,Summer 2021/22,c589fd39-b7ef-4d8a-a6ae-644b717b337c,028d9d87-fe2c-4df1-980f-1dc263c0e6b2,"NMCA - Bob Herman Shield - ""D"" Grade",raw_6dafae49_e951_4b24_a74a_d5d1ab49db67,raw_6dafae49_e951_4b24_a74a_d5d1ab49db67,Muhammad Nauman,Muhammad Nauman,0,0,2021-12-12T00:00:00.0000000+11:00,4
aad2a6fe-7bbd-4680-a386-01319b828522,Summer 2021/22,c589fd39-b7ef-4d8a-a6ae-644b717b337c,028d9d87-fe2c-4df1-980f-1dc263c0e6b2,"NMCA - Bob Herman Shield - ""D"" Grade",raw_9a2bd07c_c882_4bdc_8ff5_3146f05c1d1c,raw_9a2bd07c_c882_4bdc_8ff5_3146f05c1d1c,Sandeep Reddy,Sandeep Reddy,0,0,2021-11-21T00:00:00.0000000+11:00,1
aad2a6fe-7bbd-4680-a386-01319b828522,Summer 2021/22,c589fd39-b7ef-4d8a-a6ae-644b717b337c,028d9d87-fe2c-4df1-980f-1dc263c0e6b2,"NMCA - Bob Herman Shield - ""D"" Grade",raw_bacb745b_1109_4ffc_b4ce_f53bf8c269ce,raw_bacb745b_1109_4ffc_b4ce_f53bf8c269ce,Syed Shabbir,Syed Shabbir,0,0,2022-02-27T00:00:00.0000000+11:00,8
aad2a6fe-7bbd-4680-a386-01319b828522,Summer 2021/22,c589fd39-b7ef-4d8a-a6ae-644b717b337c,028d9d87-fe2c-4df1-980f-1dc263c0e6b2,"NMCA - Bob Herman Shield - ""D"" Grade",raw_bd3267a9_62a4_4ef6_9c96_ca89ef724e76,raw_bd3267a9_62a4_4ef6_9c96_ca89ef724e76,Santhosh Kumar Chappidi,Santhosh Kumar Chappidi,2,0,2022-02-13T00:00:00.0000000+11:00,7
aad2a6fe-7bbd-4680-a386-01319b828522,Summer 2021/22,c589fd39-b7ef-4d8a-a6ae-644b717b337c,028d9d87-fe2c-4df1-980f-1dc263c0e6b2,"NMCA - Bob Herman Shield - ""D"" Grade",raw_e8ba8e6a_f654_4def_9abd_a37b607a6223,raw_e8ba8e6a_f654_4def_9abd_a37b607a6223,Madhu Vadakkedath,Madhu Vadakkedath,1,0,2022-02-27T00:00:00.0000000+11:00,7
aad2a6fe-7bbd-4680-a386-01319b828522,Summer 2021/22,c589fd39-b7ef-4d8a-a6ae-644b717b337c,028d9d87-fe2c-4df1-980f-1dc263c0e6b2,"NMCA - Bob Herman Shield - ""D"" Grade",raw_f4eec6b0_c7ff_4771_b4f1_8ea5865e1186,raw_f4eec6b0_c7ff_4771_b4f1_8ea5865e1186,Akshat Bodele,Akshat Bodele,1,0,2022-01-30T00:00:00.0000000+11:00,5
aad2a6fe-7bbd-4680-a386-01319b828522,Summer 2021/22,c589fd39-b7ef-4d8a-a6ae-644b717b337c,028d9d87-fe2c-4df1-980f-1dc263c0e6b2,"NMCA - Bob Herman Shield - ""D"" Grade",sandeep_gill,sandeep_gill,Sandeep Gill,Sandeep Gill,0,0,2022-01-23T00:00:00.0000000+11:00,1
aad2a6fe-7bbd-4680-a386-01319b828522,Summer 2021/22,c589fd39-b7ef-4d8a-a6ae-644b717b337c,028d9d87-fe2c-4df1-980f-1dc263c0e6b2,"NMCA - Bob Herman Shield - ""D"" Grade",shivnyl_naidu,shivnyl_naidu,Shivnyl Naidu,Shivnyl Naidu,0,0,2022-02-27T00:00:00.0000000+11:00,5
aad2a6fe-7bbd-4680-a386-01319b828522,Summer 2021/22,c589fd39-b7ef-4d8a-a6ae-644b717b337c,028d9d87-fe2c-4df1-980f-1dc263c0e6b2,"NMCA - Bob Herman Shield - ""D"" Grade",srikanth_para,srikanth_para,Srikanth Para,Srikanth Para,0,0,2022-02-13T00:00:00.0000000+11:00,6
aaf17d1d-d108-45ab-9c9f-7dcbe99d33f1,Summer 2012/13,1b9583ee-7b07-4fa2-9ee8-07ce8ba4ed2a,2aa24bfc-4ea3-4190-87cd-e6a4cade5e41,NMCA - Robert Young - Designated One Day Comp.,baurel_d_mello,baurel_d_mello,Baurel D'Mello,Baurel D'Mello,0,0,2013-02-02T13:00:00.0000000+00:00,2
aaf17d1d-d108-45ab-9c9f-7dcbe99d33f1,Summer 2012/13,1b9583ee-7b07-4fa2-9ee8-07ce8ba4ed2a,2aa24bfc-4ea3-4190-87cd-e6a4cade5e41,NMCA - Robert Young - Designated One Day Comp.,clint_fernandes,clint_fernandes,Clint Fernandes,Clint Fernandes,0,0,2013-02-02T13:00:00.0000000+00:00,1
aaf17d1d-d108-45ab-9c9f-7dcbe99d33f1,Summer 2012/13,1b9583ee-7b07-4fa2-9ee8-07ce8ba4ed2a,2aa24bfc-4ea3-4190-87cd-e6a4cade5e41,NMCA - Robert Young - Designated One Day Comp.,deepak_sharma,deepak_sharma,Deepak Sharma,Deepak Sharma,1,0,2013-03-02T13:00:00.0000000+00:00,6
aaf17d1d-d108-45ab-9c9f-7dcbe99d33f1,Summer 2012/13,1b9583ee-7b07-4fa2-9ee8-07ce8ba4ed2a,2aa24bfc-4ea3-4190-87cd-e6a4cade5e41,NMCA - Robert Young - Designated One Day Comp.,feroz_hassan,feroz_hassan,Feroz Hassan,Feroz Hassan,0,0,2013-03-02T13:00:00.0000000+00:00,4
aaf17d1d-d108-45ab-9c9f-7dcbe99d33f1,Summer 2012/13,1b9583ee-7b07-4fa2-9ee8-07ce8ba4ed2a,2aa24bfc-4ea3-4190-87cd-e6a4cade5e41,NMCA - Robert Young - Designated One Day Comp.,raw_0702405a_c36b_4bed_aa31_e2deb2af62b8,raw_0702405a_c36b_4bed_aa31_e2deb2af62b8,Princey Pereira,Princey Pereira,0,0,2012-10-27T13:00:00.0000000+00:00,1
aaf17d1d-d108-45ab-9c9f-7dcbe99d33f1,Summer 2012/13,1b9583ee-7b07-4fa2-9ee8-07ce8ba4ed2a,2aa24bfc-4ea3-4190-87cd-e6a4cade5e41,NMCA - Robert Young - Designated One Day Comp.,raw_1edf02b8_7d71_4aa7_93af_9ac8a9bceea4,raw_1edf02b8_7d71_4aa7_93af_9ac8a9bceea4,Major Singh,Major Singh,0,0,2012-12-08T13:00:00.0000000+00:00,1
aaf17d1d-d108-45ab-9c9f-7dcbe99d33f1,Summer 2012/13,1b9583ee-7b07-4fa2-9ee8-07ce8ba4ed2a,2aa24bfc-4ea3-4190-87cd-e6a4cade5e41,NMCA - Robert Young - Designated One Day Comp.,raw_232cc042_1e4c_423a_9190_e3432698c99d,raw_232cc042_1e4c_423a_9190_e3432698c99d,Reuben Sharan,Reuben Sharan,0,0,2013-02-16T13:00:00.0000000+00:00,2
aaf17d1d-d108-45ab-9c9f-7dcbe99d33f1,Summer 2012/13,1b9583ee-7b07-4fa2-9ee8-07ce8ba4ed2a,2aa24bfc-4ea3-4190-87cd-e6a4cade5e41,NMCA - Robert Young - Designated One Day Comp.,raw_388a6330_8191_49aa_a0d7_b3edb66b2b48,raw_388a6330_8191_49aa_a0d7_b3edb66b2b48,John Konsol,John Konsol,0,0,2012-10-27T13:00:00.0000000+00:00,1
aaf17d1d-d108-45ab-9c9f-7dcbe99d33f1,Summer 2012/13,1b9583ee-7b07-4fa2-9ee8-07ce8ba4ed2a,2aa24bfc-4ea3-4190-87cd-e6a4cade5e41,NMCA - Robert Young - Designated One Day Comp.,raw_42163535_aadc_4c2c_853a_e472db8423a1,raw_42163535_aadc_4c2c_853a_e472db8423a1,Nick Lal,Nick Lal,0,0,2012-11-17T13:00:00.0000000+00:00,1
aaf17d1d-d108-45ab-9c9f-7dcbe99d33f1,Summer 2012/13,1b9583ee-7b07-4fa2-9ee8-07ce8ba4ed2a,2aa24bfc-4ea3-4190-87cd-e6a4cade5e41,NMCA - Robert Young - Designated One Day Comp.,raw_4df23ec6_b95a_4683_9e5a_58a272a1cb17,raw_4df23ec6_b95a_4683_9e5a_58a272a1cb17,Shalen Nand,Shalen Nand,0,0,2012-12-22T13:00:00.0000000+00:00,1
aaf17d1d-d108-45ab-9c9f-7dcbe99d33f1,Summer 2012/13,1b9583ee-7b07-4fa2-9ee8-07ce8ba4ed2a,2aa24bfc-4ea3-4190-87cd-e6a4cade5e41,NMCA - Robert Young - Designated One Day Comp.,raw_5facd281_8177_4867_a50d_0a76896435d5,raw_5facd281_8177_4867_a50d_0a76896435d5,Shawn Warfe,Shawn Warfe,0,0,2013-03-02T13:00:00.0000000+00:00,6
aaf17d1d-d108-45ab-9c9f-7dcbe99d33f1,Summer 2012/13,1b9583ee-7b07-4fa2-9ee8-07ce8ba4ed2a,2aa24bfc-4ea3-4190-87cd-e6a4cade5e41,NMCA - Robert Young - Designated One Day Comp.,raw_72198299_b5dc_4e2e_992e_4bd3e8f60c03,raw_72198299_b5dc_4e2e_992e_4bd3e8f60c03,Ajay Maharia,Ajay Maharia,0,0,2012-12-22T13:00:00.0000000+00:00,2
aaf17d1d-d108-45ab-9c9f-7dcbe99d33f1,Summer 2012/13,1b9583ee-7b07-4fa2-9ee8-07ce8ba4ed2a,2aa24bfc-4ea3-4190-87cd-e6a4cade5e41,NMCA - Robert Young - Designated One Day Comp.,raw_739364b3_855b_4915_a172_af834ca51be8,raw_739364b3_855b_4915_a172_af834ca51be8,Dennis Subramaniam,Dennis Subramaniam,1,0,2012-11-17T13:00:00.0000000+00:00,1
aaf17d1d-d108-45ab-9c9f-7dcbe99d33f1,Summer 2012/13,1b9583ee-7b07-4fa2-9ee8-07ce8ba4ed2a,2aa24bfc-4ea3-4190-87cd-e6a4cade5e41,NMCA - Robert Young - Designated One Day Comp.,raw_8217d829_22d7_43e5_b059_c1ca038dadc7,raw_8217d829_22d7_43e5_b059_c1ca038dadc7,Loxly Mather,Loxly Mather,1,0,2012-11-17T13:00:00.0000000+00:00,1
aaf17d1d-d108-45ab-9c9f-7dcbe99d33f1,Summer 2012/13,1b9583ee-7b07-4fa2-9ee8-07ce8ba4ed2a,2aa24bfc-4ea3-4190-87cd-e6a4cade5e41,NMCA - Robert Young - Designated One Day Comp.,raw_9257a6d7_7887_43bf_a607_df0d79ee3da7,raw_9257a6d7_7887_43bf_a607_df0d79ee3da7,John Singh,John Singh,0,0,2013-02-16T13:00:00.0000000+00:00,2
aaf17d1d-d108-45ab-9c9f-7dcbe99d33f1,Summer 2012/13,1b9583ee-7b07-4fa2-9ee8-07ce8ba4ed2a,2aa24bfc-4ea3-4190-87cd-e6a4cade5e41,NMCA - Robert Young - Designated One Day Comp.,raw_a3f8bf93_1d57_473e_bb35_97df876496dc,raw_a3f8bf93_1d57_473e_bb35_97df876496dc,Krishnakant Patel,Krishnakant Patel,0,0,2012-11-17T13:00:00.0000000+00:00,1
aaf17d1d-d108-45ab-9c9f-7dcbe99d33f1,Summer 2012/13,1b9583ee-7b07-4fa2-9ee8-07ce8ba4ed2a,2aa24bfc-4ea3-4190-87cd-e6a4cade5e41,NMCA - Robert Young - Designated One Day Comp.,raw_af5e1e15_6636_4749_999c_51794cc920be,raw_af5e1e15_6636_4749_999c_51794cc920be,Aravind Chamala,Aravind Chamala,0,0,2013-03-02T13:00:00.0000000+00:00,6
aaf17d1d-d108-45ab-9c9f-7dcbe99d33f1,Summer 2012/13,1b9583ee-7b07-4fa2-9ee8-07ce8ba4ed2a,2aa24bfc-4ea3-4190-87cd-e6a4cade5e41,NMCA - Robert Young - Designated One Day Comp.,raw_b2ce94d8_f288_4fc1_a397_030e5a3ff80c,raw_b2ce94d8_f288_4fc1_a397_030e5a3ff80c,Hiral Shah,Hiral Shah,0,0,2013-02-23T13:00:00.0000000+00:00,1
aaf17d1d-d108-45ab-9c9f-7dcbe99d33f1,Summer 2012/13,1b9583ee-7b07-4fa2-9ee8-07ce8ba4ed2a,2aa24bfc-4ea3-4190-87cd-e6a4cade5e41,NMCA - Robert Young - Designated One Day Comp.,raw_cdd6ad40_6a0f_403e_aa42_5577322a8e5a,raw_cdd6ad40_6a0f_403e_aa42_5577322a8e5a,Venu Birlangi,Venu Birlangi,0,0,2013-03-02T13:00:00.0000000+00:00,7
aaf17d1d-d108-45ab-9c9f-7dcbe99d33f1,Summer 2012/13,1b9583ee-7b07-4fa2-9ee8-07ce8ba4ed2a,2aa24bfc-4ea3-4190-87cd-e6a4cade5e41,NMCA - Robert Young - Designated One Day Comp.,raw_d7f93a87_6b05_4830_a524_41457fd00603,raw_d7f93a87_6b05_4830_a524_41457fd00603,Shaun Vikash,Shaun Vikash,0,0,2013-02-16T13:00:00.0000000+00:00,1
aaf17d1d-d108-45ab-9c9f-7dcbe99d33f1,Summer 2012/13,1b9583ee-7b07-4fa2-9ee8-07ce8ba4ed2a,2aa24bfc-4ea3-4190-87cd-e6a4cade5e41,NMCA - Robert Young - Designated One Day Comp.,raw_f8a8f7e5_bac4_4049_9b66_c8d6be892040,raw_f8a8f7e5_bac4_4049_9b66_c8d6be892040,Bobby Malli,Bobby Malli,0,0,2012-12-22T13:00:00.0000000+00:00,2
aaf17d1d-d108-45ab-9c9f-7dcbe99d33f1,Summer 2012/13,1b9583ee-7b07-4fa2-9ee8-07ce8ba4ed2a,2aa24bfc-4ea3-4190-87cd-e6a4cade5e41,NMCA - Robert Young - Designated One Day Comp.,raw_fabe3087_4118_4ebf_ae00_523358904311,raw_fabe3087_4118_4ebf_ae00_523358904311,Alex Moderana,Alex Moderana,0,0,2013-03-02T13:00:00.0000000+00:00,4
aaf17d1d-d108-45ab-9c9f-7dcbe99d33f1,Summer 2012/13,1b9583ee-7b07-4fa2-9ee8-07ce8ba4ed2a,2aa24bfc-4ea3-4190-87cd-e6a4cade5e41,NMCA - Robert Young - Designated One Day Comp.,raw_fbc39ff3_4eb5_4c8a_9f47_759665fe85e8,raw_fbc39ff3_4eb5_4c8a_9f47_759665fe85e8,Demuni Isuru Mendis,Demuni Isuru Mendis,0,0,2013-02-23T13:00:00.0000000+00:00,5
aaf17d1d-d108-45ab-9c9f-7dcbe99d33f1,Summer 2012/13,5d90b22b-d622-4193-af99-b9ad3ae8e1e2,606a6aaa-378e-448c-8e69-a4538742d960,NMCA - Jack Quick Shield,damien_vikash,damien_vikash,Damien Vikash,Damien Vikash,2,3,2013-02-23T13:00:00.0000000+00:00,13
aaf17d1d-d108-45ab-9c9f-7dcbe99d33f1,Summer 2012/13,5d90b22b-d622-4193-af99-b9ad3ae8e1e2,606a6aaa-378e-448c-8e69-a4538742d960,NMCA - Jack Quick Shield,kalpeshkumar_patel,kalpeshkumar_patel,Kalpeshkumar Patel,Kalpeshkumar Patel,0,0,2012-11-10T13:00:00.0000000+00:00,1
aaf17d1d-d108-45ab-9c9f-7dcbe99d33f1,Summer 2012/13,5d90b22b-d622-4193-af99-b9ad3ae8e1e2,606a6aaa-378e-448c-8e69-a4538742d960,NMCA - Jack Quick Shield,raw_0702405a_c36b_4bed_aa31_e2deb2af62b8,raw_0702405a_c36b_4bed_aa31_e2deb2af62b8,Princey Pereira,Princey Pereira,1,0,2013-01-20T13:00:00.0000000+00:00,5
aaf17d1d-d108-45ab-9c9f-7dcbe99d33f1,Summer 2012/13,5d90b22b-d622-4193-af99-b9ad3ae8e1e2,606a6aaa-378e-448c-8e69-a4538742d960,NMCA - Jack Quick Shield,raw_162cce2f_a5bb_451f_ab68_d7a037f018ee,raw_162cce2f_a5bb_451f_ab68_d7a037f018ee,Benjamin Frew,Benjamin Frew,0,0,2012-11-10T13:00:00.0000000+00:00,1
aaf17d1d-d108-45ab-9c9f-7dcbe99d33f1,Summer 2012/13,5d90b22b-d622-4193-af99-b9ad3ae8e1e2,606a6aaa-378e-448c-8e69-a4538742d960,NMCA - Jack Quick Shield,raw_22881360_c7c1_4e3e_9265_eee8b8aa191e,raw_22881360_c7c1_4e3e_9265_eee8b8aa191e,Jaymin Patel,Jaymin Patel,0,0,2013-01-20T13:00:00.0000000+00:00,6
aaf17d1d-d108-45ab-9c9f-7dcbe99d33f1,Summer 2012/13,5d90b22b-d622-4193-af99-b9ad3ae8e1e2,606a6aaa-378e-448c-8e69-a4538742d960,NMCA - Jack Quick Shield,raw_360868ba_5d2a_4f9f_9f3a_fff5756f3f85,raw_360868ba_5d2a_4f9f_9f3a_fff5756f3f85,Shandil Bhan,Shandil Bhan,0,0,2013-02-23T13:00:00.0000000+00:00,7
aaf17d1d-d108-45ab-9c9f-7dcbe99d33f1,Summer 2012/13,5d90b22b-d622-4193-af99-b9ad3ae8e1e2,606a6aaa-378e-448c-8e69-a4538742d960,NMCA - Jack Quick Shield,raw_739364b3_855b_4915_a172_af834ca51be8,raw_739364b3_855b_4915_a172_af834ca51be8,Dennis Subramaniam,Dennis Subramaniam,1,0,2013-02-09T13:00:00.0000000+00:00,12
aaf17d1d-d108-45ab-9c9f-7dcbe99d33f1,Summer 2012/13,5d90b22b-d622-4193-af99-b9ad3ae8e1e2,606a6aaa-378e-448c-8e69-a4538742d960,NMCA - Jack Quick Shield,raw_7a9a4623_d31d_4b8b_a4f1_3fe2b3d4e06c,raw_7a9a4623_d31d_4b8b_a4f1_3fe2b3d4e06c,Jim Didaskalou,Jim Didaskalou,0,0,2012-11-10T13:00:00.0000000+00:00,1
aaf17d1d-d108-45ab-9c9f-7dcbe99d33f1,Summer 2012/13,5d90b22b-d622-4193-af99-b9ad3ae8e1e2,606a6aaa-378e-448c-8e69-a4538742d960,NMCA - Jack Quick Shield,raw_9fd2a404_b670_4f95_a13c_401b88a6c37e,raw_9fd2a404_b670_4f95_a13c_401b88a6c37e,Vikash Chand,Vikash Chand,1,0,2013-02-23T13:00:00.0000000+00:00,12
aaf17d1d-d108-45ab-9c9f-7dcbe99d33f1,Summer 2012/13,5d90b22b-d622-4193-af99-b9ad3ae8e1e2,606a6aaa-378e-448c-8e69-a4538742d960,NMCA - Jack Quick Shield,raw_d7f93a87_6b05_4830_a524_41457fd00603,raw_d7f93a87_6b05_4830_a524_41457fd00603,Shaun Vikash,Shaun Vikash,0,0,2012-11-03T13:00:00.0000000+00:00,4
aaf17d1d-d108-45ab-9c9f-7dcbe99d33f1,Summer 2012/13,5d90b22b-d622-4193-af99-b9ad3ae8e1e2,606a6aaa-378e-448c-8e69-a4538742d960,NMCA - Jack Quick Shield,raw_fabe3087_4118_4ebf_ae00_523358904311,raw_fabe3087_4118_4ebf_ae00_523358904311,Alex Moderana,Alex Moderana,0,0,2013-01-19T13:00:00.0000000+00:00,1
aaf17d1d-d108-45ab-9c9f-7dcbe99d33f1,Summer 2012/13,5d90b22b-d622-4193-af99-b9ad3ae8e1e2,606a6aaa-378e-448c-8e69-a4538742d960,NMCA - Jack Quick Shield,shivnyl_naidu,shivnyl_naidu,Shivnyl Naidu,Shivnyl Naidu,0,1,2013-02-23T13:00:00.0000000+00:00,8
aaf17d1d-d108-45ab-9c9f-7dcbe99d33f1,Summer 2012/13,5d90b22b-d622-4193-af99-b9ad3ae8e1e2,606a6aaa-378e-448c-8e69-a4538742d960,NMCA - Jack Quick Shield,vinay_sharma,vinay_sharma,Vinay Sharma,Vinay Sharma,0,0,2012-11-10T13:00:00.0000000+00:00,1
aaf17d1d-d108-45ab-9c9f-7dcbe99d33f1,Summer 2012/13,5d90b22b-d622-4193-af99-b9ad3ae8e1e2,606a6aaa-378e-448c-8e69-a4538742d960,NMCA - Jack Quick Shield,vinit_naidu,vinit_naidu,Vinit Naidu,Vinit Naidu,1,1,2013-02-23T13:00:00.0000000+00:00,12
aaf17d1d-d108-45ab-9c9f-7dcbe99d33f1,Summer 2012/13,b089fc84-1192-4e79-8800-67fc90bcafca,3cb1b0dd-cc3b-408a-82ec-1a6591c6f882,"NMCA - Les Horne Shield - ""C"" Grade",amresh_bhan,amresh_bhan,Amresh Bhan,Amresh Bhan,0,0,2013-02-23T13:00:00.0000000+00:00,6
aaf17d1d-d108-45ab-9c9f-7dcbe99d33f1,Summer 2012/13,b089fc84-1192-4e79-8800-67fc90bcafca,3cb1b0dd-cc3b-408a-82ec-1a6591c6f882,"NMCA - Les Horne Shield - ""C"" Grade",baurel_d_mello,baurel_d_mello,Baurel D'Mello,Baurel D'Mello,0,0,2013-02-23T13:00:00.0000000+00:00,5
aaf17d1d-d108-45ab-9c9f-7dcbe99d33f1,Summer 2012/13,b089fc84-1192-4e79-8800-67fc90bcafca,3cb1b0dd-cc3b-408a-82ec-1a6591c6f882,"NMCA - Les Horne Shield - ""C"" Grade",clint_fernandes,clint_fernandes,Clint Fernandes,Clint Fernandes,0,0,2013-01-20T13:00:00.0000000+00:00,3
aaf17d1d-d108-45ab-9c9f-7dcbe99d33f1,Summer 2012/13,b089fc84-1192-4e79-8800-67fc90bcafca,3cb1b0dd-cc3b-408a-82ec-1a6591c6f882,"NMCA - Les Horne Shield - ""C"" Grade",danny_singh,danny_singh,Danny Singh,Danny Singh,0,0,2012-11-10T13:00:00.0000000+00:00,1
aaf17d1d-d108-45ab-9c9f-7dcbe99d33f1,Summer 2012/13,b089fc84-1192-4e79-8800-67fc90bcafca,3cb1b0dd-cc3b-408a-82ec-1a6591c6f882,"NMCA - Les Horne Shield - ""C"" Grade",deepak_sharma,deepak_sharma,Deepak Sharma,Deepak Sharma,0,0,2012-11-03T13:00:00.0000000+00:00,1
aaf17d1d-d108-45ab-9c9f-7dcbe99d33f1,Summer 2012/13,b089fc84-1192-4e79-8800-67fc90bcafca,3cb1b0dd-cc3b-408a-82ec-1a6591c6f882,"NMCA - Les Horne Shield - ""C"" Grade",feroz_hassan,feroz_hassan,Feroz Hassan,Feroz Hassan,0,0,2013-01-19T13:00:00.0000000+00:00,7
aaf17d1d-d108-45ab-9c9f-7dcbe99d33f1,Summer 2012/13,b089fc84-1192-4e79-8800-67fc90bcafca,3cb1b0dd-cc3b-408a-82ec-1a6591c6f882,"NMCA - Les Horne Shield - ""C"" Grade",raw_02d91c00_a449_48ec_a770_37b96a0948f8,raw_02d91c00_a449_48ec_a770_37b96a0948f8,Pramen Nand,Pramen Nand,0,0,2013-01-20T13:00:00.0000000+00:00,1
aaf17d1d-d108-45ab-9c9f-7dcbe99d33f1,Summer 2012/13,b089fc84-1192-4e79-8800-67fc90bcafca,3cb1b0dd-cc3b-408a-82ec-1a6591c6f882,"NMCA - Les Horne Shield - ""C"" Grade",raw_0702405a_c36b_4bed_aa31_e2deb2af62b8,raw_0702405a_c36b_4bed_aa31_e2deb2af62b8,Princey Pereira,Princey Pereira,0,0,2013-02-23T13:00:00.0000000+00:00,4
aaf17d1d-d108-45ab-9c9f-7dcbe99d33f1,Summer 2012/13,b089fc84-1192-4e79-8800-67fc90bcafca,3cb1b0dd-cc3b-408a-82ec-1a6591c6f882,"NMCA - Les Horne Shield - ""C"" Grade",raw_162cce2f_a5bb_451f_ab68_d7a037f018ee,raw_162cce2f_a5bb_451f_ab68_d7a037f018ee,Benjamin Frew,Benjamin Frew,0,0,2013-01-12T13:00:00.0000000+00:00,1
aaf17d1d-d108-45ab-9c9f-7dcbe99d33f1,Summer 2012/13,b089fc84-1192-4e79-8800-67fc90bcafca,3cb1b0dd-cc3b-408a-82ec-1a6591c6f882,"NMCA - Les Horne Shield - ""C"" Grade",raw_22881360_c7c1_4e3e_9265_eee8b8aa191e,raw_22881360_c7c1_4e3e_9265_eee8b8aa191e,Jaymin Patel,Jaymin Patel,0,0,2013-02-23T13:00:00.0000000+00:00,2
aaf17d1d-d108-45ab-9c9f-7dcbe99d33f1,Summer 2012/13,b089fc84-1192-4e79-8800-67fc90bcafca,3cb1b0dd-cc3b-408a-82ec-1a6591c6f882,"NMCA - Les Horne Shield - ""C"" Grade",raw_360868ba_5d2a_4f9f_9f3a_fff5756f3f85,raw_360868ba_5d2a_4f9f_9f3a_fff5756f3f85,Shandil Bhan,Shandil Bhan,0,0,2012-11-17T13:00:00.0000000+00:00,1
aaf17d1d-d108-45ab-9c9f-7dcbe99d33f1,Summer 2012/13,b089fc84-1192-4e79-8800-67fc90bcafca,3cb1b0dd-cc3b-408a-82ec-1a6591c6f882,"NMCA - Les Horne Shield - ""C"" Grade",raw_42163535_aadc_4c2c_853a_e472db8423a1,raw_42163535_aadc_4c2c_853a_e472db8423a1,Nick Lal,Nick Lal,0,0,2012-11-03T13:00:00.0000000+00:00,1
aaf17d1d-d108-45ab-9c9f-7dcbe99d33f1,Summer 2012/13,b089fc84-1192-4e79-8800-67fc90bcafca,3cb1b0dd-cc3b-408a-82ec-1a6591c6f882,"NMCA - Les Horne Shield - ""C"" Grade",raw_4df23ec6_b95a_4683_9e5a_58a272a1cb17,raw_4df23ec6_b95a_4683_9e5a_58a272a1cb17,Shalen Nand,Shalen Nand,0,1,2013-02-23T13:00:00.0000000+00:00,2
aaf17d1d-d108-45ab-9c9f-7dcbe99d33f1,Summer 2012/13,b089fc84-1192-4e79-8800-67fc90bcafca,3cb1b0dd-cc3b-408a-82ec-1a6591c6f882,"NMCA - Les Horne Shield - ""C"" Grade",raw_5facd281_8177_4867_a50d_0a76896435d5,raw_5facd281_8177_4867_a50d_0a76896435d5,Shawn Warfe,Shawn Warfe,0,0,2012-12-15T13:00:00.0000000+00:00,2
aaf17d1d-d108-45ab-9c9f-7dcbe99d33f1,Summer 2012/13,b089fc84-1192-4e79-8800-67fc90bcafca,3cb1b0dd-cc3b-408a-82ec-1a6591c6f882,"NMCA - Les Horne Shield - ""C"" Grade",raw_6b74d336_b105_407c_b4ef_f68e2fba7862,raw_6b74d336_b105_407c_b4ef_f68e2fba7862,Damandeep Sehra,Damandeep Sehra,1,1,2013-01-19T13:00:00.0000000+00:00,10
aaf17d1d-d108-45ab-9c9f-7dcbe99d33f1,Summer 2012/13,b089fc84-1192-4e79-8800-67fc90bcafca,3cb1b0dd-cc3b-408a-82ec-1a6591c6f882,"NMCA - Les Horne Shield - ""C"" Grade",raw_7f47871d_71d2_4c20_941e_b9b9b5164c8a,raw_7f47871d_71d2_4c20_941e_b9b9b5164c8a,Pratik Shah,Pratik Shah,0,0,2013-02-23T13:00:00.0000000+00:00,3
aaf17d1d-d108-45ab-9c9f-7dcbe99d33f1,Summer 2012/13,b089fc84-1192-4e79-8800-67fc90bcafca,3cb1b0dd-cc3b-408a-82ec-1a6591c6f882,"NMCA - Les Horne Shield - ""C"" Grade",raw_8217d829_22d7_43e5_b059_c1ca038dadc7,raw_8217d829_22d7_43e5_b059_c1ca038dadc7,Loxly Mather,Loxly Mather,0,0,2013-01-26T13:00:00.0000000+00:00,2
aaf17d1d-d108-45ab-9c9f-7dcbe99d33f1,Summer 2012/13,b089fc84-1192-4e79-8800-67fc90bcafca,3cb1b0dd-cc3b-408a-82ec-1a6591c6f882,"NMCA - Les Horne Shield - ""C"" Grade",raw_9fd2a404_b670_4f95_a13c_401b88a6c37e,raw_9fd2a404_b670_4f95_a13c_401b88a6c37e,Vikash Chand,Vikash Chand,0,0,2012-10-06T13:00:00.0000000+00:00,1
aaf17d1d-d108-45ab-9c9f-7dcbe99d33f1,Summer 2012/13,b089fc84-1192-4e79-8800-67fc90bcafca,3cb1b0dd-cc3b-408a-82ec-1a6591c6f882,"NMCA - Les Horne Shield - ""C"" Grade",raw_ab033f7b_82e2_4044_b0cb_9024cf56db51,raw_ab033f7b_82e2_4044_b0cb_9024cf56db51,Reuel Sharan,Reuel Sharan,0,0,2012-12-15T13:00:00.0000000+00:00,2
aaf17d1d-d108-45ab-9c9f-7dcbe99d33f1,Summer 2012/13,b089fc84-1192-4e79-8800-67fc90bcafca,3cb1b0dd-cc3b-408a-82ec-1a6591c6f882,"NMCA - Les Horne Shield - ""C"" Grade",raw_af5e1e15_6636_4749_999c_51794cc920be,raw_af5e1e15_6636_4749_999c_51794cc920be,Aravind Chamala,Aravind Chamala,0,0,2012-10-20T13:00:00.0000000+00:00,3
aaf17d1d-d108-45ab-9c9f-7dcbe99d33f1,Summer 2012/13,b089fc84-1192-4e79-8800-67fc90bcafca,3cb1b0dd-cc3b-408a-82ec-1a6591c6f882,"NMCA - Les Horne Shield - ""C"" Grade",raw_b46fff94_51db_41d1_a07b_121289188b77,raw_b46fff94_51db_41d1_a07b_121289188b77,Abdulnaazir Kizhakkekara Kunjumohammea,Abdulnaazir Kizhakkekara Kunjumohammea,0,0,2012-12-15T13:00:00.0000000+00:00,4
aaf17d1d-d108-45ab-9c9f-7dcbe99d33f1,Summer 2012/13,b089fc84-1192-4e79-8800-67fc90bcafca,3cb1b0dd-cc3b-408a-82ec-1a6591c6f882,"NMCA - Les Horne Shield - ""C"" Grade",raw_cdd6ad40_6a0f_403e_aa42_5577322a8e5a,raw_cdd6ad40_6a0f_403e_aa42_5577322a8e5a,Venu Birlangi,Venu Birlangi,1,0,2012-11-10T13:00:00.0000000+00:00,2
aaf17d1d-d108-45ab-9c9f-7dcbe99d33f1,Summer 2012/13,b089fc84-1192-4e79-8800-67fc90bcafca,3cb1b0dd-cc3b-408a-82ec-1a6591c6f882,"NMCA - Les Horne Shield - ""C"" Grade",raw_d7f93a87_6b05_4830_a524_41457fd00603,raw_d7f93a87_6b05_4830_a524_41457fd00603,Shaun Vikash,Shaun Vikash,2,1,2013-02-23T13:00:00.0000000+00:00,8
aaf17d1d-d108-45ab-9c9f-7dcbe99d33f1,Summer 2012/13,b089fc84-1192-4e79-8800-67fc90bcafca,3cb1b0dd-cc3b-408a-82ec-1a6591c6f882,"NMCA - Les Horne Shield - ""C"" Grade",raw_f8a8f7e5_bac4_4049_9b66_c8d6be892040,raw_f8a8f7e5_bac4_4049_9b66_c8d6be892040,Bobby Malli,Bobby Malli,0,0,2013-02-23T13:00:00.0000000+00:00,8
aaf17d1d-d108-45ab-9c9f-7dcbe99d33f1,Summer 2012/13,b089fc84-1192-4e79-8800-67fc90bcafca,3cb1b0dd-cc3b-408a-82ec-1a6591c6f882,"NMCA - Les Horne Shield - ""C"" Grade",raw_fabe3087_4118_4ebf_ae00_523358904311,raw_fabe3087_4118_4ebf_ae00_523358904311,Alex Moderana,Alex Moderana,0,0,2013-01-26T13:00:00.0000000+00:00,3
aaf17d1d-d108-45ab-9c9f-7dcbe99d33f1,Summer 2012/13,b089fc84-1192-4e79-8800-67fc90bcafca,3cb1b0dd-cc3b-408a-82ec-1a6591c6f882,"NMCA - Les Horne Shield - ""C"" Grade",raw_fbc39ff3_4eb5_4c8a_9f47_759665fe85e8,raw_fbc39ff3_4eb5_4c8a_9f47_759665fe85e8,Demuni Isuru Mendis,Demuni Isuru Mendis,0,0,2013-01-12T13:00:00.0000000+00:00,5
aaf17d1d-d108-45ab-9c9f-7dcbe99d33f1,Summer 2012/13,b089fc84-1192-4e79-8800-67fc90bcafca,3cb1b0dd-cc3b-408a-82ec-1a6591c6f882,"NMCA - Les Horne Shield - ""C"" Grade",ricky_singh,ricky_singh,Ricky Singh,Ricky Singh,1,0,2013-02-23T13:00:00.0000000+00:00,6
aaf17d1d-d108-45ab-9c9f-7dcbe99d33f1,Summer 2012/13,b089fc84-1192-4e79-8800-67fc90bcafca,3cb1b0dd-cc3b-408a-82ec-1a6591c6f882,"NMCA - Les Horne Shield - ""C"" Grade",shivnyl_naidu,shivnyl_naidu,Shivnyl Naidu,Shivnyl Naidu,1,0,2013-01-26T13:00:00.0000000+00:00,4
b1454afb-68a7-46c3-b05c-4b3fe68077cb,Winter 2022,0f6faac6-137a-432c-9790-8ac47d1393b3,65c25b0b-16f0-4b59-a1a2-f0df99f80000,North Division - Bhatia Shield,aravind_boddula,aravind_boddula,Aravind Boddula,Aravind Boddula,0,0,2022-07-16T22:00:00.0000000+10:00,1
b1454afb-68a7-46c3-b05c-4b3fe68077cb,Winter 2022,0f6faac6-137a-432c-9790-8ac47d1393b3,65c25b0b-16f0-4b59-a1a2-f0df99f80000,North Division - Bhatia Shield,danny_singh,danny_singh,Danny Singh,Danny Singh,0,0,2022-07-16T22:00:00.0000000+10:00,1
b1454afb-68a7-46c3-b05c-4b3fe68077cb,Winter 2022,0f6faac6-137a-432c-9790-8ac47d1393b3,65c25b0b-16f0-4b59-a1a2-f0df99f80000,North Division - Bhatia Shield,gopi_krishna,gopi_krishna,Gopi Krishna,Gopi Krishna,0,0,2022-06-04T22:00:00.0000000+10:00,1
b1454afb-68a7-46c3-b05c-4b3fe68077cb,Winter 2022,0f6faac6-137a-432c-9790-8ac47d1393b3,65c25b0b-16f0-4b59-a1a2-f0df99f80000,North Division - Bhatia Shield,ibad_mohammed,ibad_mohammed,Ibad Mohammed,Ibad Mohammed,0,0,2022-06-18T22:00:00.0000000+10:00,3
b1454afb-68a7-46c3-b05c-4b3fe68077cb,Winter 2022,0f6faac6-137a-432c-9790-8ac47d1393b3,65c25b0b-16f0-4b59-a1a2-f0df99f80000,North Division - Bhatia Shield,ravi_chowdary,ravi_chowdary,Ravi Chowdary,Ravi Chowdary,0,0,2022-06-18T22:00:00.0000000+10:00,4
b1454afb-68a7-46c3-b05c-4b3fe68077cb,Winter 2022,0f6faac6-137a-432c-9790-8ac47d1393b3,65c25b0b-16f0-4b59-a1a2-f0df99f80000,North Division - Bhatia Shield,raw_133832e5_c9bf_493d_a799_6f560da6758b,raw_133832e5_c9bf_493d_a799_6f560da6758b,Amal Krishna,Amal Krishna,0,0,2022-05-21T22:00:00.0000000+10:00,1
b1454afb-68a7-46c3-b05c-4b3fe68077cb,Winter 2022,0f6faac6-137a-432c-9790-8ac47d1393b3,65c25b0b-16f0-4b59-a1a2-f0df99f80000,North Division - Bhatia Shield,raw_166ce4cc_438c_4e07_bcd8_075a5fb4a2df,raw_166ce4cc_438c_4e07_bcd8_075a5fb4a2df,Ramanjeneya Chereddy,Ramanjeneya Chereddy,0,0,2022-07-02T22:00:00.0000000+10:00,1
b1454afb-68a7-46c3-b05c-4b3fe68077cb,Winter 2022,0f6faac6-137a-432c-9790-8ac47d1393b3,65c25b0b-16f0-4b59-a1a2-f0df99f80000,North Division - Bhatia Shield,raw_318eb254_0f61_4906_a4da_9c88a2637ebe,raw_318eb254_0f61_4906_a4da_9c88a2637ebe,Sunil K Mekala,Sunil K Mekala,0,0,2022-04-30T22:00:00.0000000+10:00,1
b1454afb-68a7-46c3-b05c-4b3fe68077cb,Winter 2022,0f6faac6-137a-432c-9790-8ac47d1393b3,65c25b0b-16f0-4b59-a1a2-f0df99f80000,North Division - Bhatia Shield,raw_37a453a0_8ccc_4ff3_967a_cd860cf209a6,raw_37a453a0_8ccc_4ff3_967a_cd860cf209a6,Mohammed Reza,Mohammed Reza,0,0,2022-06-04T22:00:00.0000000+10:00,2
b1454afb-68a7-46c3-b05c-4b3fe68077cb,Winter 2022,0f6faac6-137a-432c-9790-8ac47d1393b3,65c25b0b-16f0-4b59-a1a2-f0df99f80000,North Division - Bhatia Shield,raw_84f6c3cd_d9a6_4b30_a50b_a564ca4fbf0e,raw_84f6c3cd_d9a6_4b30_a50b_a564ca4fbf0e,Sravan Donthireddy,Sravan Donthireddy,0,0,2022-07-16T22:00:00.0000000+10:00,1
b1454afb-68a7-46c3-b05c-4b3fe68077cb,Winter 2022,0f6faac6-137a-432c-9790-8ac47d1393b3,65c25b0b-16f0-4b59-a1a2-f0df99f80000,North Division - Bhatia Shield,raw_91287ad7_5a8a_4681_998d_e6858a1a06c0,raw_91287ad7_5a8a_4681_998d_e6858a1a06c0,Muhammad Ziyad Khan,Muhammad Ziyad Khan,0,0,2022-06-18T22:00:00.0000000+10:00,1
b1454afb-68a7-46c3-b05c-4b3fe68077cb,Winter 2022,0f6faac6-137a-432c-9790-8ac47d1393b3,65c25b0b-16f0-4b59-a1a2-f0df99f80000,North Division - Bhatia Shield,raw_9a2bd07c_c882_4bdc_8ff5_3146f05c1d1c,raw_9a2bd07c_c882_4bdc_8ff5_3146f05c1d1c,Sandeep Reddy,Sandeep Reddy,0,0,2022-07-02T22:00:00.0000000+10:00,3
b1454afb-68a7-46c3-b05c-4b3fe68077cb,Winter 2022,0f6faac6-137a-432c-9790-8ac47d1393b3,65c25b0b-16f0-4b59-a1a2-f0df99f80000,North Division - Bhatia Shield,raw_a71fb709_fed1_4051_a1e3_c93cb9f4884d,raw_a71fb709_fed1_4051_a1e3_c93cb9f4884d,Gagandip Singh,Gagandip Singh,0,0,2022-05-21T22:00:00.0000000+10:00,1
b1454afb-68a7-46c3-b05c-4b3fe68077cb,Winter 2022,0f6faac6-137a-432c-9790-8ac47d1393b3,65c25b0b-16f0-4b59-a1a2-f0df99f80000,North Division - Bhatia Shield,raw_ad232d2b_5be6_4a32_8395_e7c46f5fa8f5,raw_ad232d2b_5be6_4a32_8395_e7c46f5fa8f5,Shivanta De Silva,Shivanta De Silva,0,0,2022-06-04T22:00:00.0000000+10:00,1
b1454afb-68a7-46c3-b05c-4b3fe68077cb,Winter 2022,0f6faac6-137a-432c-9790-8ac47d1393b3,65c25b0b-16f0-4b59-a1a2-f0df99f80000,North Division - Bhatia Shield,raw_b0359b90_ca42_4a35_b0d1_46703899270f,raw_b0359b90_ca42_4a35_b0d1_46703899270f,Sai Krishna Buddaraju,Sai Krishna Buddaraju,1,0,2022-07-16T22:00:00.0000000+10:00,6
b1454afb-68a7-46c3-b05c-4b3fe68077cb,Winter 2022,0f6faac6-137a-432c-9790-8ac47d1393b3,65c25b0b-16f0-4b59-a1a2-f0df99f80000,North Division - Bhatia Shield,raw_bacb745b_1109_4ffc_b4ce_f53bf8c269ce,raw_bacb745b_1109_4ffc_b4ce_f53bf8c269ce,Syed Shabbir,Syed Shabbir,0,0,2022-06-18T22:00:00.0000000+10:00,6
b1454afb-68a7-46c3-b05c-4b3fe68077cb,Winter 2022,0f6faac6-137a-432c-9790-8ac47d1393b3,65c25b0b-16f0-4b59-a1a2-f0df99f80000,North Division - Bhatia Shield,raw_bd3267a9_62a4_4ef6_9c96_ca89ef724e76,raw_bd3267a9_62a4_4ef6_9c96_ca89ef724e76,Santhosh Kumar Chappidi,Santhosh Kumar Chappidi,1,0,2022-07-02T22:00:00.0000000+10:00,7
b1454afb-68a7-46c3-b05c-4b3fe68077cb,Winter 2022,0f6faac6-137a-432c-9790-8ac47d1393b3,65c25b0b-16f0-4b59-a1a2-f0df99f80000,North Division - Bhatia Shield,raw_d36a9234_b2b2_44a0_9fa3_3e1527aa4b1c,raw_d36a9234_b2b2_44a0_9fa3_3e1527aa4b1c,Harish Kumar,Harish Kumar,0,0,2022-07-02T22:00:00.0000000+10:00,2
b1454afb-68a7-46c3-b05c-4b3fe68077cb,Winter 2022,0f6faac6-137a-432c-9790-8ac47d1393b3,65c25b0b-16f0-4b59-a1a2-f0df99f80000,North Division - Bhatia Shield,raw_f4eec6b0_c7ff_4771_b4f1_8ea5865e1186,raw_f4eec6b0_c7ff_4771_b4f1_8ea5865e1186,Akshat Bodele,Akshat Bodele,0,0,2022-07-16T22:00:00.0000000+10:00,2
b1454afb-68a7-46c3-b05c-4b3fe68077cb,Winter 2022,0f6faac6-137a-432c-9790-8ac47d1393b3,65c25b0b-16f0-4b59-a1a2-f0df99f80000,North Division - Bhatia Shield,srikanth_para,srikanth_para,Srikanth Para,Srikanth Para,0,0,2022-07-16T22:00:00.0000000+10:00,2
b1454afb-68a7-46c3-b05c-4b3fe68077cb,Winter 2022,0f6faac6-137a-432c-9790-8ac47d1393b3,65c25b0b-16f0-4b59-a1a2-f0df99f80000,North Division - Bhatia Shield,vishnu_para,vishnu_para,Vishnu Para,Vishnu Para,1,0,2022-07-16T22:00:00.0000000+10:00,4
b1454afb-68a7-46c3-b05c-4b3fe68077cb,Winter 2022,daf208a1-3cc1-4a9a-896a-cd7d9b0c82c4,3485fe76-f200-4a2c-aa3e-dd0e039d849b,North Division - SUNDAY,ibad_mohammed,ibad_mohammed,Ibad Mohammed,Ibad Mohammed,0,0,2022-06-05T22:00:00.0000000+10:00,2
b1454afb-68a7-46c3-b05c-4b3fe68077cb,Winter 2022,daf208a1-3cc1-4a9a-896a-cd7d9b0c82c4,3485fe76-f200-4a2c-aa3e-dd0e039d849b,North Division - SUNDAY,predheesh_valayil_sivanandan,predheesh_valayil_sivanandan,Predheesh Valayil Sivanandan,Predheesh Valayil Sivanandan,0,0,2022-05-01T22:00:00.0000000+10:00,1
b1454afb-68a7-46c3-b05c-4b3fe68077cb,Winter 2022,daf208a1-3cc1-4a9a-896a-cd7d9b0c82c4,3485fe76-f200-4a2c-aa3e-dd0e039d849b,North Division - SUNDAY,ravi_chowdary,ravi_chowdary,Ravi Chowdary,Ravi Chowdary,0,0,2022-06-19T22:00:00.0000000+10:00,2
b1454afb-68a7-46c3-b05c-4b3fe68077cb,Winter 2022,daf208a1-3cc1-4a9a-896a-cd7d9b0c82c4,3485fe76-f200-4a2c-aa3e-dd0e039d849b,North Division - SUNDAY,raw_0ceda279_1aad_42cd_a342_75c5faf3ad14,raw_0ceda279_1aad_42cd_a342_75c5faf3ad14,Vineeth Yamani,Vineeth Yamani,0,0,2022-07-03T22:00:00.0000000+10:00,2
b1454afb-68a7-46c3-b05c-4b3fe68077cb,Winter 2022,daf208a1-3cc1-4a9a-896a-cd7d9b0c82c4,3485fe76-f200-4a2c-aa3e-dd0e039d849b,North Division - SUNDAY,raw_133832e5_c9bf_493d_a799_6f560da6758b,raw_133832e5_c9bf_493d_a799_6f560da6758b,Amal Krishna,Amal Krishna,0,0,2022-06-19T22:00:00.0000000+10:00,3
b1454afb-68a7-46c3-b05c-4b3fe68077cb,Winter 2022,daf208a1-3cc1-4a9a-896a-cd7d9b0c82c4,3485fe76-f200-4a2c-aa3e-dd0e039d849b,North Division - SUNDAY,raw_84f6c3cd_d9a6_4b30_a50b_a564ca4fbf0e,raw_84f6c3cd_d9a6_4b30_a50b_a564ca4fbf0e,Sravan Donthireddy,Sravan Donthireddy,0,0,2022-05-22T22:00:00.0000000+10:00,2
b1454afb-68a7-46c3-b05c-4b3fe68077cb,Winter 2022,daf208a1-3cc1-4a9a-896a-cd7d9b0c82c4,3485fe76-f200-4a2c-aa3e-dd0e039d849b,North Division - SUNDAY,raw_8557137e_8e9a_403f_a2e5_197066bc94b7,raw_8557137e_8e9a_403f_a2e5_197066bc94b7,Muhammad Abidi,Muhammad Abidi,0,0,2022-05-08T22:00:00.0000000+10:00,1
b1454afb-68a7-46c3-b05c-4b3fe68077cb,Winter 2022,daf208a1-3cc1-4a9a-896a-cd7d9b0c82c4,3485fe76-f200-4a2c-aa3e-dd0e039d849b,North Division - SUNDAY,raw_9a2bd07c_c882_4bdc_8ff5_3146f05c1d1c,raw_9a2bd07c_c882_4bdc_8ff5_3146f05c1d1c,Sandeep Reddy,Sandeep Reddy,0,1,2022-06-19T22:00:00.0000000+10:00,2
b1454afb-68a7-46c3-b05c-4b3fe68077cb,Winter 2022,daf208a1-3cc1-4a9a-896a-cd7d9b0c82c4,3485fe76-f200-4a2c-aa3e-dd0e039d849b,North Division - SUNDAY,raw_b0359b90_ca42_4a35_b0d1_46703899270f,raw_b0359b90_ca42_4a35_b0d1_46703899270f,Sai Krishna Buddaraju,Sai Krishna Buddaraju,1,0,2022-07-03T22:00:00.0000000+10:00,5
b1454afb-68a7-46c3-b05c-4b3fe68077cb,Winter 2022,daf208a1-3cc1-4a9a-896a-cd7d9b0c82c4,3485fe76-f200-4a2c-aa3e-dd0e039d849b,North Division - SUNDAY,raw_bacb745b_1109_4ffc_b4ce_f53bf8c269ce,raw_bacb745b_1109_4ffc_b4ce_f53bf8c269ce,Syed Shabbir,Syed Shabbir,0,0,2022-05-01T22:00:00.0000000+10:00,1
b1454afb-68a7-46c3-b05c-4b3fe68077cb,Winter 2022,daf208a1-3cc1-4a9a-896a-cd7d9b0c82c4,3485fe76-f200-4a2c-aa3e-dd0e039d849b,North Division - SUNDAY,raw_bd3267a9_62a4_4ef6_9c96_ca89ef724e76,raw_bd3267a9_62a4_4ef6_9c96_ca89ef724e76,Santhosh Kumar Chappidi,Santhosh Kumar Chappidi,1,0,2022-06-19T22:00:00.0000000+10:00,6
b1454afb-68a7-46c3-b05c-4b3fe68077cb,Winter 2022,daf208a1-3cc1-4a9a-896a-cd7d9b0c82c4,3485fe76-f200-4a2c-aa3e-dd0e039d849b,North Division - SUNDAY,raw_d36a9234_b2b2_44a0_9fa3_3e1527aa4b1c,raw_d36a9234_b2b2_44a0_9fa3_3e1527aa4b1c,Harish Kumar,Harish Kumar,0,0,2022-07-03T22:00:00.0000000+10:00,2
b1454afb-68a7-46c3-b05c-4b3fe68077cb,Winter 2022,daf208a1-3cc1-4a9a-896a-cd7d9b0c82c4,3485fe76-f200-4a2c-aa3e-dd0e039d849b,North Division - SUNDAY,raw_f4eec6b0_c7ff_4771_b4f1_8ea5865e1186,raw_f4eec6b0_c7ff_4771_b4f1_8ea5865e1186,Akshat Bodele,Akshat Bodele,0,0,2022-07-03T22:00:00.0000000+10:00,2
b1454afb-68a7-46c3-b05c-4b3fe68077cb,Winter 2022,daf208a1-3cc1-4a9a-896a-cd7d9b0c82c4,3485fe76-f200-4a2c-aa3e-dd0e039d849b,North Division - SUNDAY,srikanth_para,srikanth_para,Srikanth Para,Srikanth Para,0,0,2022-07-03T22:00:00.0000000+10:00,4
b1454afb-68a7-46c3-b05c-4b3fe68077cb,Winter 2022,daf208a1-3cc1-4a9a-896a-cd7d9b0c82c4,3485fe76-f200-4a2c-aa3e-dd0e039d849b,North Division - SUNDAY,vishnu_para,vishnu_para,Vishnu Para,Vishnu Para,0,0,2022-07-03T22:00:00.0000000+10:00,6
b1454afb-68a7-46c3-b05c-4b3fe68077cb,Winter 2022,daf208a1-3cc1-4a9a-896a-cd7d9b0c82c4,3485fe76-f200-4a2c-aa3e-dd0e039d849b,North Division - SUNDAY,wajhi_syed,wajhi_syed,Wajhi Syed,Wajhi Syed,0,0,2022-06-19T22:00:00.0000000+10:00,4
b41aad11-0719-4499-ae34-fa95731e582b,Summer 2010/11,14af6ded-2c0f-49b5-9cf2-d694abc355cd,183b698e-f435-4bbe-9913-47df66ea0880,NMCA - Jack Kelly Shield,amresh_bhan,amresh_bhan,Amresh Bhan,Amresh Bhan,1,0,2011-03-05T13:00:00.0000000+00:00,7
b41aad11-0719-4499-ae34-fa95731e582b,Summer 2010/11,14af6ded-2c0f-49b5-9cf2-d694abc355cd,183b698e-f435-4bbe-9913-47df66ea0880,NMCA - Jack Kelly Shield,clint_fernandes,clint_fernandes,Clint Fernandes,Clint Fernandes,0,0,2011-03-05T13:00:00.0000000+00:00,12
b41aad11-0719-4499-ae34-fa95731e582b,Summer 2010/11,14af6ded-2c0f-49b5-9cf2-d694abc355cd,183b698e-f435-4bbe-9913-47df66ea0880,NMCA - Jack Kelly Shield,damien_vikash,damien_vikash,Damien Vikash,Damien Vikash,1,0,2011-03-05T13:00:00.0000000+00:00,14
b41aad11-0719-4499-ae34-fa95731e582b,Summer 2010/11,14af6ded-2c0f-49b5-9cf2-d694abc355cd,183b698e-f435-4bbe-9913-47df66ea0880,NMCA - Jack Kelly Shield,danny_singh,danny_singh,Danny Singh,Danny Singh,1,0,2010-12-11T13:00:00.0000000+00:00,1
b41aad11-0719-4499-ae34-fa95731e582b,Summer 2010/11,14af6ded-2c0f-49b5-9cf2-d694abc355cd,183b698e-f435-4bbe-9913-47df66ea0880,NMCA - Jack Kelly Shield,raw_22881360_c7c1_4e3e_9265_eee8b8aa191e,raw_22881360_c7c1_4e3e_9265_eee8b8aa191e,Jaymin Patel,Jaymin Patel,2,0,2011-01-15T13:00:00.0000000+00:00,8
b41aad11-0719-4499-ae34-fa95731e582b,Summer 2010/11,14af6ded-2c0f-49b5-9cf2-d694abc355cd,183b698e-f435-4bbe-9913-47df66ea0880,NMCA - Jack Kelly Shield,raw_360868ba_5d2a_4f9f_9f3a_fff5756f3f85,raw_360868ba_5d2a_4f9f_9f3a_fff5756f3f85,Shandil Bhan,Shandil Bhan,1,0,2011-02-19T13:00:00.0000000+00:00,3
b41aad11-0719-4499-ae34-fa95731e582b,Summer 2010/11,14af6ded-2c0f-49b5-9cf2-d694abc355cd,183b698e-f435-4bbe-9913-47df66ea0880,NMCA - Jack Kelly Shield,raw_6b74d336_b105_407c_b4ef_f68e2fba7862,raw_6b74d336_b105_407c_b4ef_f68e2fba7862,Damandeep Sehra,Damandeep Sehra,0,0,2010-10-16T13:00:00.0000000+00:00,1
b41aad11-0719-4499-ae34-fa95731e582b,Summer 2010/11,14af6ded-2c0f-49b5-9cf2-d694abc355cd,183b698e-f435-4bbe-9913-47df66ea0880,NMCA - Jack Kelly Shield,raw_7dca5758_5687_4ef9_975b_6a594740bbd0,raw_7dca5758_5687_4ef9_975b_6a594740bbd0,Syamjith Harikumar,Syamjith Harikumar,2,1,2011-03-05T13:00:00.0000000+00:00,12
b41aad11-0719-4499-ae34-fa95731e582b,Summer 2010/11,14af6ded-2c0f-49b5-9cf2-d694abc355cd,183b698e-f435-4bbe-9913-47df66ea0880,NMCA - Jack Kelly Shield,raw_cc529a55_0667_4a60_8b3d_eb93bcc9454f,raw_cc529a55_0667_4a60_8b3d_eb93bcc9454f,Shivinder Kanwar,Shivinder Kanwar,0,0,2010-10-09T13:00:00.0000000+00:00,1
b41aad11-0719-4499-ae34-fa95731e582b,Summer 2010/11,14af6ded-2c0f-49b5-9cf2-d694abc355cd,183b698e-f435-4bbe-9913-47df66ea0880,NMCA - Jack Kelly Shield,raw_f8a8f7e5_bac4_4049_9b66_c8d6be892040,raw_f8a8f7e5_bac4_4049_9b66_c8d6be892040,Bobby Malli,Bobby Malli,0,0,2011-02-19T13:00:00.0000000+00:00,1
b41aad11-0719-4499-ae34-fa95731e582b,Summer 2010/11,14af6ded-2c0f-49b5-9cf2-d694abc355cd,183b698e-f435-4bbe-9913-47df66ea0880,NMCA - Jack Kelly Shield,raw_fabe3087_4118_4ebf_ae00_523358904311,raw_fabe3087_4118_4ebf_ae00_523358904311,Alex Moderana,Alex Moderana,0,0,2011-01-22T13:00:00.0000000+00:00,3
b41aad11-0719-4499-ae34-fa95731e582b,Summer 2010/11,14af6ded-2c0f-49b5-9cf2-d694abc355cd,183b698e-f435-4bbe-9913-47df66ea0880,NMCA - Jack Kelly Shield,shivnyl_naidu,shivnyl_naidu,Shivnyl Naidu,Shivnyl Naidu,2,0,2011-03-05T13:00:00.0000000+00:00,7
b41aad11-0719-4499-ae34-fa95731e582b,Summer 2010/11,14af6ded-2c0f-49b5-9cf2-d694abc355cd,183b698e-f435-4bbe-9913-47df66ea0880,NMCA - Jack Kelly Shield,vinit_naidu,vinit_naidu,Vinit Naidu,Vinit Naidu,5,0,2011-03-05T13:00:00.0000000+00:00,14
b41aad11-0719-4499-ae34-fa95731e582b,Summer 2010/11,d684d957-2c63-45cd-a7db-c4bae056e42f,1b571775-d1ea-4528-b453-43e66e3e6314,"NMCA - ""F"" Grade North - Manion Shield",deepak_sharma,deepak_sharma,Deepak Sharma,Deepak Sharma,0,0,2010-11-13T13:30:00.0000000+00:00,1
b41aad11-0719-4499-ae34-fa95731e582b,Summer 2010/11,d684d957-2c63-45cd-a7db-c4bae056e42f,1b571775-d1ea-4528-b453-43e66e3e6314,"NMCA - ""F"" Grade North - Manion Shield",feroz_hassan,feroz_hassan,Feroz Hassan,Feroz Hassan,0,0,2011-02-19T13:30:00.0000000+00:00,8
b41aad11-0719-4499-ae34-fa95731e582b,Summer 2010/11,d684d957-2c63-45cd-a7db-c4bae056e42f,1b571775-d1ea-4528-b453-43e66e3e6314,"NMCA - ""F"" Grade North - Manion Shield",raw_0cdd441c_191e_40f2_b083_b7245b6125b6,raw_0cdd441c_191e_40f2_b083_b7245b6125b6,Ankur Verma,Ankur Verma,0,0,2011-01-08T13:00:00.0000000+00:00,2
b41aad11-0719-4499-ae34-fa95731e582b,Summer 2010/11,d684d957-2c63-45cd-a7db-c4bae056e42f,1b571775-d1ea-4528-b453-43e66e3e6314,"NMCA - ""F"" Grade North - Manion Shield",raw_13fe243d_49a0_4d92_b3e0_84ac18ed66eb,raw_13fe243d_49a0_4d92_b3e0_84ac18ed66eb,Jason Newcastle,Jason Newcastle,0,0,2011-03-05T13:30:00.0000000+00:00,2
b41aad11-0719-4499-ae34-fa95731e582b,Summer 2010/11,d684d957-2c63-45cd-a7db-c4bae056e42f,1b571775-d1ea-4528-b453-43e66e3e6314,"NMCA - ""F"" Grade North - Manion Shield",raw_2d5b94dc_0c07_4b92_9e30_9cd1935b48de,raw_2d5b94dc_0c07_4b92_9e30_9cd1935b48de,Patrick Singh,Patrick Singh,0,0,2011-03-05T13:30:00.0000000+00:00,3
b41aad11-0719-4499-ae34-fa95731e582b,Summer 2010/11,d684d957-2c63-45cd-a7db-c4bae056e42f,1b571775-d1ea-4528-b453-43e66e3e6314,"NMCA - ""F"" Grade North - Manion Shield",raw_37976f0c_ac20_4501_a129_855f84be20bb,raw_37976f0c_ac20_4501_a129_855f84be20bb,Wesley Machado,Wesley Machado,1,0,2011-02-19T13:30:00.0000000+00:00,3
b41aad11-0719-4499-ae34-fa95731e582b,Summer 2010/11,d684d957-2c63-45cd-a7db-c4bae056e42f,1b571775-d1ea-4528-b453-43e66e3e6314,"NMCA - ""F"" Grade North - Manion Shield",raw_388a6330_8191_49aa_a0d7_b3edb66b2b48,raw_388a6330_8191_49aa_a0d7_b3edb66b2b48,John Konsol,John Konsol,0,0,2010-12-11T13:30:00.0000000+00:00,2
b41aad11-0719-4499-ae34-fa95731e582b,Summer 2010/11,d684d957-2c63-45cd-a7db-c4bae056e42f,1b571775-d1ea-4528-b453-43e66e3e6314,"NMCA - ""F"" Grade North - Manion Shield",raw_67fee031_4f69_495f_8c96_7e7410350b17,raw_67fee031_4f69_495f_8c96_7e7410350b17,Gaurav Chauhan,Gaurav Chauhan,0,0,2011-02-19T13:30:00.0000000+00:00,3
b41aad11-0719-4499-ae34-fa95731e582b,Summer 2010/11,d684d957-2c63-45cd-a7db-c4bae056e42f,1b571775-d1ea-4528-b453-43e66e3e6314,"NMCA - ""F"" Grade North - Manion Shield",raw_6ac032e7_14cb_4216_b72a_2c62e98d5255,raw_6ac032e7_14cb_4216_b72a_2c62e98d5255,Sanjeeva Nandan,Sanjeeva Nandan,0,0,2010-12-11T13:30:00.0000000+00:00,1
b41aad11-0719-4499-ae34-fa95731e582b,Summer 2010/11,d684d957-2c63-45cd-a7db-c4bae056e42f,1b571775-d1ea-4528-b453-43e66e3e6314,"NMCA - ""F"" Grade North - Manion Shield",raw_6b74d336_b105_407c_b4ef_f68e2fba7862,raw_6b74d336_b105_407c_b4ef_f68e2fba7862,Damandeep Sehra,Damandeep Sehra,0,0,2011-01-15T13:00:00.0000000+00:00,1
b41aad11-0719-4499-ae34-fa95731e582b,Summer 2010/11,d684d957-2c63-45cd-a7db-c4bae056e42f,1b571775-d1ea-4528-b453-43e66e3e6314,"NMCA - ""F"" Grade North - Manion Shield",raw_6f08a796_12f5_40ca_b2dd_a2416dcd927d,raw_6f08a796_12f5_40ca_b2dd_a2416dcd927d,Arnaud Hurdoyal,Arnaud Hurdoyal,0,0,2011-02-19T13:30:00.0000000+00:00,4
b41aad11-0719-4499-ae34-fa95731e582b,Summer 2010/11,d684d957-2c63-45cd-a7db-c4bae056e42f,1b571775-d1ea-4528-b453-43e66e3e6314,"NMCA - ""F"" Grade North - Manion Shield",raw_7dca5758_5687_4ef9_975b_6a594740bbd0,raw_7dca5758_5687_4ef9_975b_6a594740bbd0,Syamjith Harikumar,Syamjith Harikumar,0,0,2011-02-19T13:30:00.0000000+00:00,1
b41aad11-0719-4499-ae34-fa95731e582b,Summer 2010/11,d684d957-2c63-45cd-a7db-c4bae056e42f,1b571775-d1ea-4528-b453-43e66e3e6314,"NMCA - ""F"" Grade North - Manion Shield",raw_7f47871d_71d2_4c20_941e_b9b9b5164c8a,raw_7f47871d_71d2_4c20_941e_b9b9b5164c8a,Pratik Shah,Pratik Shah,0,0,2011-01-15T13:00:00.0000000+00:00,1
b41aad11-0719-4499-ae34-fa95731e582b,Summer 2010/11,d684d957-2c63-45cd-a7db-c4bae056e42f,1b571775-d1ea-4528-b453-43e66e3e6314,"NMCA - ""F"" Grade North - Manion Shield",raw_91c05e56_a891_4811_bdc5_2ef55d8f0d4c,raw_91c05e56_a891_4811_bdc5_2ef55d8f0d4c,Rahul Lalji,Rahul Lalji,0,0,2011-03-05T13:30:00.0000000+00:00,4
b41aad11-0719-4499-ae34-fa95731e582b,Summer 2010/11,d684d957-2c63-45cd-a7db-c4bae056e42f,1b571775-d1ea-4528-b453-43e66e3e6314,"NMCA - ""F"" Grade North - Manion Shield",raw_9257a6d7_7887_43bf_a607_df0d79ee3da7,raw_9257a6d7_7887_43bf_a607_df0d79ee3da7,John Singh,John Singh,1,1,2011-03-05T13:30:00.0000000+00:00,9
b41aad11-0719-4499-ae34-fa95731e582b,Summer 2010/11,d684d957-2c63-45cd-a7db-c4bae056e42f,1b571775-d1ea-4528-b453-43e66e3e6314,"NMCA - ""F"" Grade North - Manion Shield",raw_9fd2a404_b670_4f95_a13c_401b88a6c37e,raw_9fd2a404_b670_4f95_a13c_401b88a6c37e,Vikash Chand,Vikash Chand,1,0,2011-01-15T13:00:00.0000000+00:00,4
b41aad11-0719-4499-ae34-fa95731e582b,Summer 2010/11,d684d957-2c63-45cd-a7db-c4bae056e42f,1b571775-d1ea-4528-b453-43e66e3e6314,"NMCA - ""F"" Grade North - Manion Shield",raw_c4f4680b_de05_43e8_b4b7_31d28cd72c73,raw_c4f4680b_de05_43e8_b4b7_31d28cd72c73,Saurabh Malhotra,Saurabh Malhotra,0,0,2011-02-19T13:30:00.0000000+00:00,3
b41aad11-0719-4499-ae34-fa95731e582b,Summer 2010/11,d684d957-2c63-45cd-a7db-c4bae056e42f,1b571775-d1ea-4528-b453-43e66e3e6314,"NMCA - ""F"" Grade North - Manion Shield",raw_cdd6ad40_6a0f_403e_aa42_5577322a8e5a,raw_cdd6ad40_6a0f_403e_aa42_5577322a8e5a,Venu Birlangi,Venu Birlangi,0,0,2011-02-19T13:30:00.0000000+00:00,6
b41aad11-0719-4499-ae34-fa95731e582b,Summer 2010/11,d684d957-2c63-45cd-a7db-c4bae056e42f,1b571775-d1ea-4528-b453-43e66e3e6314,"NMCA - ""F"" Grade North - Manion Shield",raw_d7f93a87_6b05_4830_a524_41457fd00603,raw_d7f93a87_6b05_4830_a524_41457fd00603,Shaun Vikash,Shaun Vikash,0,0,2010-10-16T13:30:00.0000000+00:00,1
b41aad11-0719-4499-ae34-fa95731e582b,Summer 2010/11,d684d957-2c63-45cd-a7db-c4bae056e42f,1b571775-d1ea-4528-b453-43e66e3e6314,"NMCA - ""F"" Grade North - Manion Shield",raw_ddc71440_bb45_4ba1_a67e_7c23a1abf1f2,raw_ddc71440_bb45_4ba1_a67e_7c23a1abf1f2,Mandeep Singh,Mandeep Singh,0,0,2011-03-05T13:30:00.0000000+00:00,4
b41aad11-0719-4499-ae34-fa95731e582b,Summer 2010/11,d684d957-2c63-45cd-a7db-c4bae056e42f,1b571775-d1ea-4528-b453-43e66e3e6314,"NMCA - ""F"" Grade North - Manion Shield",raw_f03e80c4_abf2_4463_8403_38611ffdb56a,raw_f03e80c4_abf2_4463_8403_38611ffdb56a,Elvin Espiritu,Elvin Espiritu,0,0,2011-02-19T13:30:00.0000000+00:00,1
b41aad11-0719-4499-ae34-fa95731e582b,Summer 2010/11,d684d957-2c63-45cd-a7db-c4bae056e42f,1b571775-d1ea-4528-b453-43e66e3e6314,"NMCA - ""F"" Grade North - Manion Shield",raw_f890cd8c_d051_4bbc_ba37_2a191313b902,raw_f890cd8c_d051_4bbc_ba37_2a191313b902,Jasdeed Dhillon,Jasdeed Dhillon,0,0,2010-10-09T13:00:00.0000000+00:00,1
b41aad11-0719-4499-ae34-fa95731e582b,Summer 2010/11,d684d957-2c63-45cd-a7db-c4bae056e42f,1b571775-d1ea-4528-b453-43e66e3e6314,"NMCA - ""F"" Grade North - Manion Shield",raw_f8a8f7e5_bac4_4049_9b66_c8d6be892040,raw_f8a8f7e5_bac4_4049_9b66_c8d6be892040,Bobby Malli,Bobby Malli,0,0,2010-10-30T13:00:00.0000000+00:00,3
b41aad11-0719-4499-ae34-fa95731e582b,Summer 2010/11,d684d957-2c63-45cd-a7db-c4bae056e42f,1b571775-d1ea-4528-b453-43e66e3e6314,"NMCA - ""F"" Grade North - Manion Shield",ricky_singh,ricky_singh,Ricky Singh,Ricky Singh,0,0,2011-02-05T13:30:00.0000000+00:00,4
b41aad11-0719-4499-ae34-fa95731e582b,Summer 2010/11,d684d957-2c63-45cd-a7db-c4bae056e42f,1b571775-d1ea-4528-b453-43e66e3e6314,"NMCA - ""F"" Grade North - Manion Shield",sandeep_gill,sandeep_gill,Sandeep Gill,Sandeep Gill,0,0,2010-11-06T13:00:00.0000000+00:00,1
b41aad11-0719-4499-ae34-fa95731e582b,Summer 2010/11,e40f37b8-74c1-4812-a2e3-2b3921e0efa2,1c7591ca-f1d0-4c10-8d67-9799d6be6220,"NMCA - Bob Herman Shield - ""D"" Grade",amresh_bhan,amresh_bhan,Amresh Bhan,Amresh Bhan,1,0,2011-02-19T13:00:00.0000000+00:00,1
b41aad11-0719-4499-ae34-fa95731e582b,Summer 2010/11,e40f37b8-74c1-4812-a2e3-2b3921e0efa2,1c7591ca-f1d0-4c10-8d67-9799d6be6220,"NMCA - Bob Herman Shield - ""D"" Grade",clint_fernandes,clint_fernandes,Clint Fernandes,Clint Fernandes,0,0,2011-01-22T13:00:00.0000000+00:00,1
b41aad11-0719-4499-ae34-fa95731e582b,Summer 2010/11,e40f37b8-74c1-4812-a2e3-2b3921e0efa2,1c7591ca-f1d0-4c10-8d67-9799d6be6220,"NMCA - Bob Herman Shield - ""D"" Grade",damien_vikash,damien_vikash,Damien Vikash,Damien Vikash,0,0,2010-11-13T13:00:00.0000000+00:00,1
b41aad11-0719-4499-ae34-fa95731e582b,Summer 2010/11,e40f37b8-74c1-4812-a2e3-2b3921e0efa2,1c7591ca-f1d0-4c10-8d67-9799d6be6220,"NMCA - Bob Herman Shield - ""D"" Grade",deepak_sharma,deepak_sharma,Deepak Sharma,Deepak Sharma,0,0,2011-02-05T13:00:00.0000000+00:00,1
b41aad11-0719-4499-ae34-fa95731e582b,Summer 2010/11,e40f37b8-74c1-4812-a2e3-2b3921e0efa2,1c7591ca-f1d0-4c10-8d67-9799d6be6220,"NMCA - Bob Herman Shield - ""D"" Grade",feroz_hassan,feroz_hassan,Feroz Hassan,Feroz Hassan,0,0,2011-01-22T13:00:00.0000000+00:00,3
b41aad11-0719-4499-ae34-fa95731e582b,Summer 2010/11,e40f37b8-74c1-4812-a2e3-2b3921e0efa2,1c7591ca-f1d0-4c10-8d67-9799d6be6220,"NMCA - Bob Herman Shield - ""D"" Grade",raw_0702405a_c36b_4bed_aa31_e2deb2af62b8,raw_0702405a_c36b_4bed_aa31_e2deb2af62b8,Princey Pereira,Princey Pereira,0,0,2011-02-19T13:00:00.0000000+00:00,1
b41aad11-0719-4499-ae34-fa95731e582b,Summer 2010/11,e40f37b8-74c1-4812-a2e3-2b3921e0efa2,1c7591ca-f1d0-4c10-8d67-9799d6be6220,"NMCA - Bob Herman Shield - ""D"" Grade",raw_162cce2f_a5bb_451f_ab68_d7a037f018ee,raw_162cce2f_a5bb_451f_ab68_d7a037f018ee,Benjamin Frew,Benjamin Frew,0,0,2011-02-19T13:00:00.0000000+00:00,1
b41aad11-0719-4499-ae34-fa95731e582b,Summer 2010/11,e40f37b8-74c1-4812-a2e3-2b3921e0efa2,1c7591ca-f1d0-4c10-8d67-9799d6be6220,"NMCA - Bob Herman Shield - ""D"" Grade",raw_22881360_c7c1_4e3e_9265_eee8b8aa191e,raw_22881360_c7c1_4e3e_9265_eee8b8aa191e,Jaymin Patel,Jaymin Patel,0,0,2011-03-05T13:00:00.0000000+00:00,2
b41aad11-0719-4499-ae34-fa95731e582b,Summer 2010/11,e40f37b8-74c1-4812-a2e3-2b3921e0efa2,1c7591ca-f1d0-4c10-8d67-9799d6be6220,"NMCA - Bob Herman Shield - ""D"" Grade",raw_360868ba_5d2a_4f9f_9f3a_fff5756f3f85,raw_360868ba_5d2a_4f9f_9f3a_fff5756f3f85,Shandil Bhan,Shandil Bhan,0,0,2011-01-08T13:00:00.0000000+00:00,1
b41aad11-0719-4499-ae34-fa95731e582b,Summer 2010/11,e40f37b8-74c1-4812-a2e3-2b3921e0efa2,1c7591ca-f1d0-4c10-8d67-9799d6be6220,"NMCA - Bob Herman Shield - ""D"" Grade",raw_37976f0c_ac20_4501_a129_855f84be20bb,raw_37976f0c_ac20_4501_a129_855f84be20bb,Wesley Machado,Wesley Machado,2,2,2011-03-12T13:00:00.0000000+00:00,10
b41aad11-0719-4499-ae34-fa95731e582b,Summer 2010/11,e40f37b8-74c1-4812-a2e3-2b3921e0efa2,1c7591ca-f1d0-4c10-8d67-9799d6be6220,"NMCA - Bob Herman Shield - ""D"" Grade",raw_388a6330_8191_49aa_a0d7_b3edb66b2b48,raw_388a6330_8191_49aa_a0d7_b3edb66b2b48,John Konsol,John Konsol,0,0,2010-10-09T13:00:00.0000000+00:00,1
b41aad11-0719-4499-ae34-fa95731e582b,Summer 2010/11,e40f37b8-74c1-4812-a2e3-2b3921e0efa2,1c7591ca-f1d0-4c10-8d67-9799d6be6220,"NMCA - Bob Herman Shield - ""D"" Grade",raw_4df23ec6_b95a_4683_9e5a_58a272a1cb17,raw_4df23ec6_b95a_4683_9e5a_58a272a1cb17,Shalen Nand,Shalen Nand,0,0,2011-02-19T13:00:00.0000000+00:00,1
b41aad11-0719-4499-ae34-fa95731e582b,Summer 2010/11,e40f37b8-74c1-4812-a2e3-2b3921e0efa2,1c7591ca-f1d0-4c10-8d67-9799d6be6220,"NMCA - Bob Herman Shield - ""D"" Grade",raw_57da414a_a0dc_4606_a71b_042c8350e06d,raw_57da414a_a0dc_4606_a71b_042c8350e06d,Jashwal Singh,Jashwal Singh,0,0,2010-10-09T13:00:00.0000000+00:00,1
b41aad11-0719-4499-ae34-fa95731e582b,Summer 2010/11,e40f37b8-74c1-4812-a2e3-2b3921e0efa2,1c7591ca-f1d0-4c10-8d67-9799d6be6220,"NMCA - Bob Herman Shield - ""D"" Grade",raw_6b74d336_b105_407c_b4ef_f68e2fba7862,raw_6b74d336_b105_407c_b4ef_f68e2fba7862,Damandeep Sehra,Damandeep Sehra,1,0,2011-03-05T13:00:00.0000000+00:00,6
b41aad11-0719-4499-ae34-fa95731e582b,Summer 2010/11,e40f37b8-74c1-4812-a2e3-2b3921e0efa2,1c7591ca-f1d0-4c10-8d67-9799d6be6220,"NMCA - Bob Herman Shield - ""D"" Grade",raw_91c05e56_a891_4811_bdc5_2ef55d8f0d4c,raw_91c05e56_a891_4811_bdc5_2ef55d8f0d4c,Rahul Lalji,Rahul Lalji,0,0,2011-02-05T13:00:00.0000000+00:00,1
b41aad11-0719-4499-ae34-fa95731e582b,Summer 2010/11,e40f37b8-74c1-4812-a2e3-2b3921e0efa2,1c7591ca-f1d0-4c10-8d67-9799d6be6220,"NMCA - Bob Herman Shield - ""D"" Grade",raw_9fd2a404_b670_4f95_a13c_401b88a6c37e,raw_9fd2a404_b670_4f95_a13c_401b88a6c37e,Vikash Chand,Vikash Chand,0,0,2011-03-12T13:00:00.0000000+00:00,3
b41aad11-0719-4499-ae34-fa95731e582b,Summer 2010/11,e40f37b8-74c1-4812-a2e3-2b3921e0efa2,1c7591ca-f1d0-4c10-8d67-9799d6be6220,"NMCA - Bob Herman Shield - ""D"" Grade",raw_ab033f7b_82e2_4044_b0cb_9024cf56db51,raw_ab033f7b_82e2_4044_b0cb_9024cf56db51,Reuel Sharan,Reuel Sharan,0,0,2011-02-05T13:00:00.0000000+00:00,1
b41aad11-0719-4499-ae34-fa95731e582b,Summer 2010/11,e40f37b8-74c1-4812-a2e3-2b3921e0efa2,1c7591ca-f1d0-4c10-8d67-9799d6be6220,"NMCA - Bob Herman Shield - ""D"" Grade",raw_cdd6ad40_6a0f_403e_aa42_5577322a8e5a,raw_cdd6ad40_6a0f_403e_aa42_5577322a8e5a,Venu Birlangi,Venu Birlangi,1,0,2011-01-22T13:00:00.0000000+00:00,4
b41aad11-0719-4499-ae34-fa95731e582b,Summer 2010/11,e40f37b8-74c1-4812-a2e3-2b3921e0efa2,1c7591ca-f1d0-4c10-8d67-9799d6be6220,"NMCA - Bob Herman Shield - ""D"" Grade",raw_d67ae9a7_e7b3_4b34_bd0f_f97332545d18,raw_d67ae9a7_e7b3_4b34_bd0f_f97332545d18,Damandeep Singh,Damandeep Singh,0,0,2011-03-12T13:00:00.0000000+00:00,2
b41aad11-0719-4499-ae34-fa95731e582b,Summer 2010/11,e40f37b8-74c1-4812-a2e3-2b3921e0efa2,1c7591ca-f1d0-4c10-8d67-9799d6be6220,"NMCA - Bob Herman Shield - ""D"" Grade",raw_d7f93a87_6b05_4830_a524_41457fd00603,raw_d7f93a87_6b05_4830_a524_41457fd00603,Shaun Vikash,Shaun Vikash,3,2,2011-03-12T13:00:00.0000000+00:00,12
b41aad11-0719-4499-ae34-fa95731e582b,Summer 2010/11,e40f37b8-74c1-4812-a2e3-2b3921e0efa2,1c7591ca-f1d0-4c10-8d67-9799d6be6220,"NMCA - Bob Herman Shield - ""D"" Grade",raw_f03e80c4_abf2_4463_8403_38611ffdb56a,raw_f03e80c4_abf2_4463_8403_38611ffdb56a,Elvin Espiritu,Elvin Espiritu,0,0,2011-02-05T13:00:00.0000000+00:00,2
b41aad11-0719-4499-ae34-fa95731e582b,Summer 2010/11,e40f37b8-74c1-4812-a2e3-2b3921e0efa2,1c7591ca-f1d0-4c10-8d67-9799d6be6220,"NMCA - Bob Herman Shield - ""D"" Grade",raw_f8a8f7e5_bac4_4049_9b66_c8d6be892040,raw_f8a8f7e5_bac4_4049_9b66_c8d6be892040,Bobby Malli,Bobby Malli,1,0,2011-03-12T13:00:00.0000000+00:00,8
b41aad11-0719-4499-ae34-fa95731e582b,Summer 2010/11,e40f37b8-74c1-4812-a2e3-2b3921e0efa2,1c7591ca-f1d0-4c10-8d67-9799d6be6220,"NMCA - Bob Herman Shield - ""D"" Grade",raw_fabe3087_4118_4ebf_ae00_523358904311,raw_fabe3087_4118_4ebf_ae00_523358904311,Alex Moderana,Alex Moderana,0,1,2011-02-05T13:00:00.0000000+00:00,5
b41aad11-0719-4499-ae34-fa95731e582b,Summer 2010/11,e40f37b8-74c1-4812-a2e3-2b3921e0efa2,1c7591ca-f1d0-4c10-8d67-9799d6be6220,"NMCA - Bob Herman Shield - ""D"" Grade",ricky_singh,ricky_singh,Ricky Singh,Ricky Singh,0,0,2010-11-07T13:00:00.0000000+00:00,1
b41aad11-0719-4499-ae34-fa95731e582b,Summer 2010/11,e40f37b8-74c1-4812-a2e3-2b3921e0efa2,1c7591ca-f1d0-4c10-8d67-9799d6be6220,"NMCA - Bob Herman Shield - ""D"" Grade",shivnyl_naidu,shivnyl_naidu,Shivnyl Naidu,Shivnyl Naidu,1,0,2010-11-06T13:00:00.0000000+00:00,1
c097ba1c-ea65-4a1e-8945-ffe9f22c576a,Summer 2015/16,1b37a05a-db8e-4bb7-8609-6dff56ea52cb,424e92b0-dbcf-4ff3-8494-d632188529a1,NMCA - Jack Kelly Shield,baurel_d_mello,baurel_d_mello,Baurel D'Mello,Baurel D'Mello,2,0,2016-03-12T13:00:00.0000000+00:00,11
c097ba1c-ea65-4a1e-8945-ffe9f22c576a,Summer 2015/16,1b37a05a-db8e-4bb7-8609-6dff56ea52cb,424e92b0-dbcf-4ff3-8494-d632188529a1,NMCA - Jack Kelly Shield,damien_vikash,damien_vikash,Damien Vikash,Damien Vikash,1,0,2016-03-12T13:00:00.0000000+00:00,15
c097ba1c-ea65-4a1e-8945-ffe9f22c576a,Summer 2015/16,1b37a05a-db8e-4bb7-8609-6dff56ea52cb,424e92b0-dbcf-4ff3-8494-d632188529a1,NMCA - Jack Kelly Shield,raw_25166f1f_6d57_48e5_a9c5_218afdb3fe70,raw_25166f1f_6d57_48e5_a9c5_218afdb3fe70,Rama Bashamoni,Rama Bashamoni,2,0,2016-03-12T13:00:00.0000000+00:00,7
c097ba1c-ea65-4a1e-8945-ffe9f22c576a,Summer 2015/16,1b37a05a-db8e-4bb7-8609-6dff56ea52cb,424e92b0-dbcf-4ff3-8494-d632188529a1,NMCA - Jack Kelly Shield,raw_2c167bd3_c65c_4abd_8fa8_7351cfe9aa59,raw_2c167bd3_c65c_4abd_8fa8_7351cfe9aa59,Sajendra Shrestha,Sajendra Shrestha,0,0,2016-02-06T13:00:00.0000000+00:00,3
c097ba1c-ea65-4a1e-8945-ffe9f22c576a,Summer 2015/16,1b37a05a-db8e-4bb7-8609-6dff56ea52cb,424e92b0-dbcf-4ff3-8494-d632188529a1,NMCA - Jack Kelly Shield,raw_360868ba_5d2a_4f9f_9f3a_fff5756f3f85,raw_360868ba_5d2a_4f9f_9f3a_fff5756f3f85,Shandil Bhan,Shandil Bhan,0,0,2016-01-09T13:00:00.0000000+00:00,1
c097ba1c-ea65-4a1e-8945-ffe9f22c576a,Summer 2015/16,1b37a05a-db8e-4bb7-8609-6dff56ea52cb,424e92b0-dbcf-4ff3-8494-d632188529a1,NMCA - Jack Kelly Shield,raw_661bdd19_e67a_4978_a255_36e16789ab1f,raw_661bdd19_e67a_4978_a255_36e16789ab1f,Nitin Tanwar,Nitin Tanwar,0,0,2016-03-05T13:00:00.0000000+00:00,1
c097ba1c-ea65-4a1e-8945-ffe9f22c576a,Summer 2015/16,1b37a05a-db8e-4bb7-8609-6dff56ea52cb,424e92b0-dbcf-4ff3-8494-d632188529a1,NMCA - Jack Kelly Shield,raw_97055023_9a2c_4f89_aa56_c8083a09f48f,raw_97055023_9a2c_4f89_aa56_c8083a09f48f,Suraj Thapa,Suraj Thapa,5,0,2016-03-12T13:00:00.0000000+00:00,15
c097ba1c-ea65-4a1e-8945-ffe9f22c576a,Summer 2015/16,1b37a05a-db8e-4bb7-8609-6dff56ea52cb,424e92b0-dbcf-4ff3-8494-d632188529a1,NMCA - Jack Kelly Shield,raw_d7f93a87_6b05_4830_a524_41457fd00603,raw_d7f93a87_6b05_4830_a524_41457fd00603,Shaun Vikash,Shaun Vikash,1,0,2016-01-17T13:00:00.0000000+00:00,10
c097ba1c-ea65-4a1e-8945-ffe9f22c576a,Summer 2015/16,1b37a05a-db8e-4bb7-8609-6dff56ea52cb,424e92b0-dbcf-4ff3-8494-d632188529a1,NMCA - Jack Kelly Shield,raw_f8a8f7e5_bac4_4049_9b66_c8d6be892040,raw_f8a8f7e5_bac4_4049_9b66_c8d6be892040,Bobby Malli,Bobby Malli,1,0,2016-03-05T13:00:00.0000000+00:00,4
c097ba1c-ea65-4a1e-8945-ffe9f22c576a,Summer 2015/16,1b37a05a-db8e-4bb7-8609-6dff56ea52cb,424e92b0-dbcf-4ff3-8494-d632188529a1,NMCA - Jack Kelly Shield,vinit_naidu,vinit_naidu,Vinit Naidu,Vinit Naidu,4,1,2016-03-12T13:00:00.0000000+00:00,13
c097ba1c-ea65-4a1e-8945-ffe9f22c576a,Summer 2015/16,755efc74-d324-4680-b15f-1d460a5b0478,3c94a629-0e74-4a5a-90e5-5d9cc228d7c3,"NMCA - Bob Herman Shield - ""D"" Grade",amresh_bhan,amresh_bhan,Amresh Bhan,Amresh Bhan,4,1,2016-03-05T13:00:00.0000000+00:00,11
c097ba1c-ea65-4a1e-8945-ffe9f22c576a,Summer 2015/16,755efc74-d324-4680-b15f-1d460a5b0478,3c94a629-0e74-4a5a-90e5-5d9cc228d7c3,"NMCA - Bob Herman Shield - ""D"" Grade",baurel_d_mello,baurel_d_mello,Baurel D'Mello,Baurel D'Mello,0,0,2016-01-23T13:00:00.0000000+00:00,1
c097ba1c-ea65-4a1e-8945-ffe9f22c576a,Summer 2015/16,755efc74-d324-4680-b15f-1d460a5b0478,3c94a629-0e74-4a5a-90e5-5d9cc228d7c3,"NMCA - Bob Herman Shield - ""D"" Grade",deepak_sharma,deepak_sharma,Deepak Sharma,Deepak Sharma,0,0,2015-10-17T13:00:00.0000000+00:00,1
c097ba1c-ea65-4a1e-8945-ffe9f22c576a,Summer 2015/16,755efc74-d324-4680-b15f-1d460a5b0478,3c94a629-0e74-4a5a-90e5-5d9cc228d7c3,"NMCA - Bob Herman Shield - ""D"" Grade",feroz_hassan,feroz_hassan,Feroz Hassan,Feroz Hassan,0,0,2016-01-17T13:00:00.0000000+00:00,1
c097ba1c-ea65-4a1e-8945-ffe9f22c576a,Summer 2015/16,755efc74-d324-4680-b15f-1d460a5b0478,3c94a629-0e74-4a5a-90e5-5d9cc228d7c3,"NMCA - Bob Herman Shield - ""D"" Grade",raw_25166f1f_6d57_48e5_a9c5_218afdb3fe70,raw_25166f1f_6d57_48e5_a9c5_218afdb3fe70,Rama Bashamoni,Rama Bashamoni,0,1,2015-11-28T13:00:00.0000000+00:00,4
c097ba1c-ea65-4a1e-8945-ffe9f22c576a,Summer 2015/16,755efc74-d324-4680-b15f-1d460a5b0478,3c94a629-0e74-4a5a-90e5-5d9cc228d7c3,"NMCA - Bob Herman Shield - ""D"" Grade",raw_2c167bd3_c65c_4abd_8fa8_7351cfe9aa59,raw_2c167bd3_c65c_4abd_8fa8_7351cfe9aa59,Sajendra Shrestha,Sajendra Shrestha,2,2,2016-03-05T13:00:00.0000000+00:00,10
c097ba1c-ea65-4a1e-8945-ffe9f22c576a,Summer 2015/16,755efc74-d324-4680-b15f-1d460a5b0478,3c94a629-0e74-4a5a-90e5-5d9cc228d7c3,"NMCA - Bob Herman Shield - ""D"" Grade",raw_2ee505cf_252f_4d88_ab27_fc2494182936,raw_2ee505cf_252f_4d88_ab27_fc2494182936,Utsav Parajuli,Utsav Parajuli,0,0,2015-11-14T13:00:00.0000000+00:00,2
c097ba1c-ea65-4a1e-8945-ffe9f22c576a,Summer 2015/16,755efc74-d324-4680-b15f-1d460a5b0478,3c94a629-0e74-4a5a-90e5-5d9cc228d7c3,"NMCA - Bob Herman Shield - ""D"" Grade",raw_4df23ec6_b95a_4683_9e5a_58a272a1cb17,raw_4df23ec6_b95a_4683_9e5a_58a272a1cb17,Shalen Nand,Shalen Nand,0,0,2016-03-05T13:00:00.0000000+00:00,2
c097ba1c-ea65-4a1e-8945-ffe9f22c576a,Summer 2015/16,755efc74-d324-4680-b15f-1d460a5b0478,3c94a629-0e74-4a5a-90e5-5d9cc228d7c3,"NMCA - Bob Herman Shield - ""D"" Grade",raw_5a5c2789_408d_4c21_9137_6cdd0961671b,raw_5a5c2789_408d_4c21_9137_6cdd0961671b,Krishna Kasiraju,Krishna Kasiraju,0,0,2016-01-16T13:00:00.0000000+00:00,1
c097ba1c-ea65-4a1e-8945-ffe9f22c576a,Summer 2015/16,755efc74-d324-4680-b15f-1d460a5b0478,3c94a629-0e74-4a5a-90e5-5d9cc228d7c3,"NMCA - Bob Herman Shield - ""D"" Grade",raw_5bb5ba70_d7c7_4e21_a6ca_b6e111b4f1e4,raw_5bb5ba70_d7c7_4e21_a6ca_b6e111b4f1e4,Nabin Shrestha,Nabin Shrestha,0,0,2016-01-17T13:00:00.0000000+00:00,1
c097ba1c-ea65-4a1e-8945-ffe9f22c576a,Summer 2015/16,755efc74-d324-4680-b15f-1d460a5b0478,3c94a629-0e74-4a5a-90e5-5d9cc228d7c3,"NMCA - Bob Herman Shield - ""D"" Grade",raw_7f47871d_71d2_4c20_941e_b9b9b5164c8a,raw_7f47871d_71d2_4c20_941e_b9b9b5164c8a,Pratik Shah,Pratik Shah,0,0,2016-02-20T13:00:00.0000000+00:00,7
c097ba1c-ea65-4a1e-8945-ffe9f22c576a,Summer 2015/16,755efc74-d324-4680-b15f-1d460a5b0478,3c94a629-0e74-4a5a-90e5-5d9cc228d7c3,"NMCA - Bob Herman Shield - ""D"" Grade",raw_9fd2a404_b670_4f95_a13c_401b88a6c37e,raw_9fd2a404_b670_4f95_a13c_401b88a6c37e,Vikash Chand,Vikash Chand,0,0,2016-01-17T13:00:00.0000000+00:00,1
c097ba1c-ea65-4a1e-8945-ffe9f22c576a,Summer 2015/16,755efc74-d324-4680-b15f-1d460a5b0478,3c94a629-0e74-4a5a-90e5-5d9cc228d7c3,"NMCA - Bob Herman Shield - ""D"" Grade",raw_aaf4ef5c_2b0e_4dfc_a22a_e562ae3c2e6c,raw_aaf4ef5c_2b0e_4dfc_a22a_e562ae3c2e6c,Bharath Bhavanashi,Bharath Bhavanashi,0,0,2016-01-09T13:00:00.0000000+00:00,2
c097ba1c-ea65-4a1e-8945-ffe9f22c576a,Summer 2015/16,755efc74-d324-4680-b15f-1d460a5b0478,3c94a629-0e74-4a5a-90e5-5d9cc228d7c3,"NMCA - Bob Herman Shield - ""D"" Grade",raw_cdd6ad40_6a0f_403e_aa42_5577322a8e5a,raw_cdd6ad40_6a0f_403e_aa42_5577322a8e5a,Venu Birlangi,Venu Birlangi,0,0,2015-10-17T13:00:00.0000000+00:00,1
c097ba1c-ea65-4a1e-8945-ffe9f22c576a,Summer 2015/16,755efc74-d324-4680-b15f-1d460a5b0478,3c94a629-0e74-4a5a-90e5-5d9cc228d7c3,"NMCA - Bob Herman Shield - ""D"" Grade",raw_cf23e6e4_a7c2_46f7_a84f_832ed7cf6c77,raw_cf23e6e4_a7c2_46f7_a84f_832ed7cf6c77,Andrew Mackenzie,Andrew Mackenzie,0,0,2016-03-05T13:00:00.0000000+00:00,2
c097ba1c-ea65-4a1e-8945-ffe9f22c576a,Summer 2015/16,755efc74-d324-4680-b15f-1d460a5b0478,3c94a629-0e74-4a5a-90e5-5d9cc228d7c3,"NMCA - Bob Herman Shield - ""D"" Grade",raw_d7f93a87_6b05_4830_a524_41457fd00603,raw_d7f93a87_6b05_4830_a524_41457fd00603,Shaun Vikash,Shaun Vikash,2,1,2016-03-05T13:00:00.0000000+00:00,4
c097ba1c-ea65-4a1e-8945-ffe9f22c576a,Summer 2015/16,755efc74-d324-4680-b15f-1d460a5b0478,3c94a629-0e74-4a5a-90e5-5d9cc228d7c3,"NMCA - Bob Herman Shield - ""D"" Grade",raw_f8a8f7e5_bac4_4049_9b66_c8d6be892040,raw_f8a8f7e5_bac4_4049_9b66_c8d6be892040,Bobby Malli,Bobby Malli,0,0,2016-02-20T13:00:00.0000000+00:00,4
c097ba1c-ea65-4a1e-8945-ffe9f22c576a,Summer 2015/16,755efc74-d324-4680-b15f-1d460a5b0478,3c94a629-0e74-4a5a-90e5-5d9cc228d7c3,"NMCA - Bob Herman Shield - ""D"" Grade",raw_fabe3087_4118_4ebf_ae00_523358904311,raw_fabe3087_4118_4ebf_ae00_523358904311,Alex Moderana,Alex Moderana,0,0,2016-01-17T13:00:00.0000000+00:00,1
c097ba1c-ea65-4a1e-8945-ffe9f22c576a,Summer 2015/16,755efc74-d324-4680-b15f-1d460a5b0478,3c94a629-0e74-4a5a-90e5-5d9cc228d7c3,"NMCA - Bob Herman Shield - ""D"" Grade",raw_fd75c1ad_d904_4c40_869f_4fd4e9416321,raw_fd75c1ad_d904_4c40_869f_4fd4e9416321,Raj Nand,Raj Nand,0,0,2016-01-16T13:00:00.0000000+00:00,1
c097ba1c-ea65-4a1e-8945-ffe9f22c576a,Summer 2015/16,755efc74-d324-4680-b15f-1d460a5b0478,3c94a629-0e74-4a5a-90e5-5d9cc228d7c3,"NMCA - Bob Herman Shield - ""D"" Grade",sandeep_gill,sandeep_gill,Sandeep Gill,Sandeep Gill,0,0,2016-02-06T13:00:00.0000000+00:00,9
c097ba1c-ea65-4a1e-8945-ffe9f22c576a,Summer 2015/16,755efc74-d324-4680-b15f-1d460a5b0478,3c94a629-0e74-4a5a-90e5-5d9cc228d7c3,"NMCA - Bob Herman Shield - ""D"" Grade",shivnyl_naidu,shivnyl_naidu,Shivnyl Naidu,Shivnyl Naidu,5,0,2016-02-20T13:00:00.0000000+00:00,12
c097ba1c-ea65-4a1e-8945-ffe9f22c576a,Summer 2015/16,998f500c-4303-401c-9b18-9f297c2718ca,b1bc5f79-7f0a-43bb-8622-3d884e9c736f,"NMCA - ""F"" Grade South - Torrens Shield",clint_fernandes,clint_fernandes,Clint Fernandes,Clint Fernandes,2,0,2016-01-23T13:00:00.0000000+00:00,2
c097ba1c-ea65-4a1e-8945-ffe9f22c576a,Summer 2015/16,998f500c-4303-401c-9b18-9f297c2718ca,b1bc5f79-7f0a-43bb-8622-3d884e9c736f,"NMCA - ""F"" Grade South - Torrens Shield",deepak_sharma,deepak_sharma,Deepak Sharma,Deepak Sharma,0,0,2016-02-20T13:00:00.0000000+00:00,7
c097ba1c-ea65-4a1e-8945-ffe9f22c576a,Summer 2015/16,998f500c-4303-401c-9b18-9f297c2718ca,b1bc5f79-7f0a-43bb-8622-3d884e9c736f,"NMCA - ""F"" Grade South - Torrens Shield",raw_13fe243d_49a0_4d92_b3e0_84ac18ed66eb,raw_13fe243d_49a0_4d92_b3e0_84ac18ed66eb,Jason Newcastle,Jason Newcastle,0,0,2015-11-28T13:00:00.0000000+00:00,2
c097ba1c-ea65-4a1e-8945-ffe9f22c576a,Summer 2015/16,998f500c-4303-401c-9b18-9f297c2718ca,b1bc5f79-7f0a-43bb-8622-3d884e9c736f,"NMCA - ""F"" Grade South - Torrens Shield",raw_22cf8387_0a70_4971_bb3a_99fe437ae5a3,raw_22cf8387_0a70_4971_bb3a_99fe437ae5a3,Raj Koppula,Raj Koppula,0,1,2016-02-20T13:00:00.0000000+00:00,4
c097ba1c-ea65-4a1e-8945-ffe9f22c576a,Summer 2015/16,998f500c-4303-401c-9b18-9f297c2718ca,b1bc5f79-7f0a-43bb-8622-3d884e9c736f,"NMCA - ""F"" Grade South - Torrens Shield",raw_2c167bd3_c65c_4abd_8fa8_7351cfe9aa59,raw_2c167bd3_c65c_4abd_8fa8_7351cfe9aa59,Sajendra Shrestha,Sajendra Shrestha,1,0,2016-01-23T13:00:00.0000000+00:00,1
c097ba1c-ea65-4a1e-8945-ffe9f22c576a,Summer 2015/16,998f500c-4303-401c-9b18-9f297c2718ca,b1bc5f79-7f0a-43bb-8622-3d884e9c736f,"NMCA - ""F"" Grade South - Torrens Shield",raw_38c119de_cb52_4461_a057_560972d54403,raw_38c119de_cb52_4461_a057_560972d54403,Abhilash Ayyala,Abhilash Ayyala,0,0,2015-11-07T13:00:00.0000000+00:00,2
c097ba1c-ea65-4a1e-8945-ffe9f22c576a,Summer 2015/16,998f500c-4303-401c-9b18-9f297c2718ca,b1bc5f79-7f0a-43bb-8622-3d884e9c736f,"NMCA - ""F"" Grade South - Torrens Shield",raw_445deb25_4f5e_4ebb_9bf1_02fa0cf8b30c,raw_445deb25_4f5e_4ebb_9bf1_02fa0cf8b30c,Cameron Harper,Cameron Harper,0,0,2016-02-06T13:00:00.0000000+00:00,1
c097ba1c-ea65-4a1e-8945-ffe9f22c576a,Summer 2015/16,998f500c-4303-401c-9b18-9f297c2718ca,b1bc5f79-7f0a-43bb-8622-3d884e9c736f,"NMCA - ""F"" Grade South - Torrens Shield",raw_4b29ba47_2bde_4fda_b98a_a0d6213c78cf,raw_4b29ba47_2bde_4fda_b98a_a0d6213c78cf,Chris Bradford,Chris Bradford,0,0,2016-01-23T13:00:00.0000000+00:00,2
c097ba1c-ea65-4a1e-8945-ffe9f22c576a,Summer 2015/16,998f500c-4303-401c-9b18-9f297c2718ca,b1bc5f79-7f0a-43bb-8622-3d884e9c736f,"NMCA - ""F"" Grade South - Torrens Shield",raw_4df23ec6_b95a_4683_9e5a_58a272a1cb17,raw_4df23ec6_b95a_4683_9e5a_58a272a1cb17,Shalen Nand,Shalen Nand,1,0,2016-02-20T13:00:00.0000000+00:00,7
c097ba1c-ea65-4a1e-8945-ffe9f22c576a,Summer 2015/16,998f500c-4303-401c-9b18-9f297c2718ca,b1bc5f79-7f0a-43bb-8622-3d884e9c736f,"NMCA - ""F"" Grade South - Torrens Shield",raw_5a5c2789_408d_4c21_9137_6cdd0961671b,raw_5a5c2789_408d_4c21_9137_6cdd0961671b,Krishna Kasiraju,Krishna Kasiraju,0,0,2016-02-20T13:00:00.0000000+00:00,5
c097ba1c-ea65-4a1e-8945-ffe9f22c576a,Summer 2015/16,998f500c-4303-401c-9b18-9f297c2718ca,b1bc5f79-7f0a-43bb-8622-3d884e9c736f,"NMCA - ""F"" Grade South - Torrens Shield",raw_91c05e56_a891_4811_bdc5_2ef55d8f0d4c,raw_91c05e56_a891_4811_bdc5_2ef55d8f0d4c,Rahul Lalji,Rahul Lalji,0,0,2015-12-12T13:00:00.0000000+00:00,1
c097ba1c-ea65-4a1e-8945-ffe9f22c576a,Summer 2015/16,998f500c-4303-401c-9b18-9f297c2718ca,b1bc5f79-7f0a-43bb-8622-3d884e9c736f,"NMCA - ""F"" Grade South - Torrens Shield",raw_95e0e5af_99b5_48af_8dde_d8880e42461f,raw_95e0e5af_99b5_48af_8dde_d8880e42461f,Atish Dahal,Atish Dahal,0,0,2015-11-14T13:00:00.0000000+00:00,2
c097ba1c-ea65-4a1e-8945-ffe9f22c576a,Summer 2015/16,998f500c-4303-401c-9b18-9f297c2718ca,b1bc5f79-7f0a-43bb-8622-3d884e9c736f,"NMCA - ""F"" Grade South - Torrens Shield",raw_cdd6ad40_6a0f_403e_aa42_5577322a8e5a,raw_cdd6ad40_6a0f_403e_aa42_5577322a8e5a,Venu Birlangi,Venu Birlangi,0,0,2015-11-07T13:00:00.0000000+00:00,1
c097ba1c-ea65-4a1e-8945-ffe9f22c576a,Summer 2015/16,998f500c-4303-401c-9b18-9f297c2718ca,b1bc5f79-7f0a-43bb-8622-3d884e9c736f,"NMCA - ""F"" Grade South - Torrens Shield",raw_cf23e6e4_a7c2_46f7_a84f_832ed7cf6c77,raw_cf23e6e4_a7c2_46f7_a84f_832ed7cf6c77,Andrew Mackenzie,Andrew Mackenzie,0,0,2015-12-12T13:00:00.0000000+00:00,2
c097ba1c-ea65-4a1e-8945-ffe9f22c576a,Summer 2015/16,998f500c-4303-401c-9b18-9f297c2718ca,b1bc5f79-7f0a-43bb-8622-3d884e9c736f,"NMCA - ""F"" Grade South - Torrens Shield",raw_de19d0c1_2e5d_4016_aabd_10c243431cab,raw_de19d0c1_2e5d_4016_aabd_10c243431cab,Jack Harper,Jack Harper,0,0,2016-02-20T13:00:00.0000000+00:00,5
c097ba1c-ea65-4a1e-8945-ffe9f22c576a,Summer 2015/16,998f500c-4303-401c-9b18-9f297c2718ca,b1bc5f79-7f0a-43bb-8622-3d884e9c736f,"NMCA - ""F"" Grade South - Torrens Shield",raw_f03e80c4_abf2_4463_8403_38611ffdb56a,raw_f03e80c4_abf2_4463_8403_38611ffdb56a,Elvin Espiritu,Elvin Espiritu,0,0,2015-10-24T13:00:00.0000000+00:00,1
c097ba1c-ea65-4a1e-8945-ffe9f22c576a,Summer 2015/16,998f500c-4303-401c-9b18-9f297c2718ca,b1bc5f79-7f0a-43bb-8622-3d884e9c736f,"NMCA - ""F"" Grade South - Torrens Shield",raw_fabe3087_4118_4ebf_ae00_523358904311,raw_fabe3087_4118_4ebf_ae00_523358904311,Alex Moderana,Alex Moderana,0,0,2015-10-24T13:00:00.0000000+00:00,1
c097ba1c-ea65-4a1e-8945-ffe9f22c576a,Summer 2015/16,998f500c-4303-401c-9b18-9f297c2718ca,b1bc5f79-7f0a-43bb-8622-3d884e9c736f,"NMCA - ""F"" Grade South - Torrens Shield",raw_fd75c1ad_d904_4c40_869f_4fd4e9416321,raw_fd75c1ad_d904_4c40_869f_4fd4e9416321,Raj Nand,Raj Nand,0,0,2016-02-20T13:00:00.0000000+00:00,7
c097ba1c-ea65-4a1e-8945-ffe9f22c576a,Summer 2015/16,998f500c-4303-401c-9b18-9f297c2718ca,b1bc5f79-7f0a-43bb-8622-3d884e9c736f,"NMCA - ""F"" Grade South - Torrens Shield",ricky_singh,ricky_singh,Ricky Singh,Ricky Singh,0,0,2016-02-20T13:00:00.0000000+00:00,3
c097ba1c-ea65-4a1e-8945-ffe9f22c576a,Summer 2015/16,998f500c-4303-401c-9b18-9f297c2718ca,b1bc5f79-7f0a-43bb-8622-3d884e9c736f,"NMCA - ""F"" Grade South - Torrens Shield",sandeep_gill,sandeep_gill,Sandeep Gill,Sandeep Gill,0,0,2015-10-24T13:00:00.0000000+00:00,1
c097ba1c-ea65-4a1e-8945-ffe9f22c576a,Summer 2015/16,998f500c-4303-401c-9b18-9f297c2718ca,b1bc5f79-7f0a-43bb-8622-3d884e9c736f,"NMCA - ""F"" Grade South - Torrens Shield",shivnyl_naidu,shivnyl_naidu,Shivnyl Naidu,Shivnyl Naidu,0,0,2015-10-24T13:00:00.0000000+00:00,1
d1b386aa-ac78-4fb4-a434-94b03b69808a,Summer 2009/10,03354497-78de-472f-96e3-5b5418311630,c7ccb0ed-20cf-47b6-820d-5375e699e288,NMCA - Jack Kelly Shield,amresh_bhan,amresh_bhan,Amresh Bhan,Amresh Bhan,2,1,2010-02-06T13:00:00.0000000+00:00,5
d1b386aa-ac78-4fb4-a434-94b03b69808a,Summer 2009/10,03354497-78de-472f-96e3-5b5418311630,c7ccb0ed-20cf-47b6-820d-5375e699e288,NMCA - Jack Kelly Shield,clint_fernandes,clint_fernandes,Clint Fernandes,Clint Fernandes,2,0,2010-02-20T13:00:00.0000000+00:00,8
d1b386aa-ac78-4fb4-a434-94b03b69808a,Summer 2009/10,03354497-78de-472f-96e3-5b5418311630,c7ccb0ed-20cf-47b6-820d-5375e699e288,NMCA - Jack Kelly Shield,damien_vikash,damien_vikash,Damien Vikash,Damien Vikash,5,0,2010-02-20T13:00:00.0000000+00:00,10
d1b386aa-ac78-4fb4-a434-94b03b69808a,Summer 2009/10,03354497-78de-472f-96e3-5b5418311630,c7ccb0ed-20cf-47b6-820d-5375e699e288,NMCA - Jack Kelly Shield,danny_singh,danny_singh,Danny Singh,Danny Singh,0,0,2009-11-08T13:00:00.0000000+00:00,1
d1b386aa-ac78-4fb4-a434-94b03b69808a,Summer 2009/10,03354497-78de-472f-96e3-5b5418311630,c7ccb0ed-20cf-47b6-820d-5375e699e288,NMCA - Jack Kelly Shield,raw_06c998b6_9053_4f4f_b1e1_7e89a1c4cb09,raw_06c998b6_9053_4f4f_b1e1_7e89a1c4cb09,Vighnesh Vayaboury,Vighnesh Vayaboury,0,0,2010-01-09T13:00:00.0000000+00:00,4
d1b386aa-ac78-4fb4-a434-94b03b69808a,Summer 2009/10,03354497-78de-472f-96e3-5b5418311630,c7ccb0ed-20cf-47b6-820d-5375e699e288,NMCA - Jack Kelly Shield,raw_162cce2f_a5bb_451f_ab68_d7a037f018ee,raw_162cce2f_a5bb_451f_ab68_d7a037f018ee,Benjamin Frew,Benjamin Frew,0,0,2009-11-08T13:00:00.0000000+00:00,1
d1b386aa-ac78-4fb4-a434-94b03b69808a,Summer 2009/10,03354497-78de-472f-96e3-5b5418311630,c7ccb0ed-20cf-47b6-820d-5375e699e288,NMCA - Jack Kelly Shield,raw_360868ba_5d2a_4f9f_9f3a_fff5756f3f85,raw_360868ba_5d2a_4f9f_9f3a_fff5756f3f85,Shandil Bhan,Shandil Bhan,2,0,2010-01-16T13:00:00.0000000+00:00,2
d1b386aa-ac78-4fb4-a434-94b03b69808a,Summer 2009/10,03354497-78de-472f-96e3-5b5418311630,c7ccb0ed-20cf-47b6-820d-5375e699e288,NMCA - Jack Kelly Shield,raw_42a7570e_9c61_418d_b68a_cdd2e816c3eb,raw_42a7570e_9c61_418d_b68a_cdd2e816c3eb,Ankur Dogra,Ankur Dogra,1,0,2010-02-20T13:00:00.0000000+00:00,5
d1b386aa-ac78-4fb4-a434-94b03b69808a,Summer 2009/10,03354497-78de-472f-96e3-5b5418311630,c7ccb0ed-20cf-47b6-820d-5375e699e288,NMCA - Jack Kelly Shield,raw_4df23ec6_b95a_4683_9e5a_58a272a1cb17,raw_4df23ec6_b95a_4683_9e5a_58a272a1cb17,Shalen Nand,Shalen Nand,2,0,2009-11-07T13:00:00.0000000+00:00,2
d1b386aa-ac78-4fb4-a434-94b03b69808a,Summer 2009/10,03354497-78de-472f-96e3-5b5418311630,c7ccb0ed-20cf-47b6-820d-5375e699e288,NMCA - Jack Kelly Shield,raw_6ac032e7_14cb_4216_b72a_2c62e98d5255,raw_6ac032e7_14cb_4216_b72a_2c62e98d5255,Sanjeeva Nandan,Sanjeeva Nandan,0,0,2009-10-31T13:00:00.0000000+00:00,1
d1b386aa-ac78-4fb4-a434-94b03b69808a,Summer 2009/10,03354497-78de-472f-96e3-5b5418311630,c7ccb0ed-20cf-47b6-820d-5375e699e288,NMCA - Jack Kelly Shield,raw_6b74d336_b105_407c_b4ef_f68e2fba7862,raw_6b74d336_b105_407c_b4ef_f68e2fba7862,Damandeep Sehra,Damandeep Sehra,0,0,2010-01-16T13:00:00.0000000+00:00,6
d1b386aa-ac78-4fb4-a434-94b03b69808a,Summer 2009/10,03354497-78de-472f-96e3-5b5418311630,c7ccb0ed-20cf-47b6-820d-5375e699e288,NMCA - Jack Kelly Shield,raw_75b794ea_e102_491c_8135_150f55e19aec,raw_75b794ea_e102_491c_8135_150f55e19aec,Nakul Kedar,Nakul Kedar,0,0,2010-01-16T13:00:00.0000000+00:00,1
d1b386aa-ac78-4fb4-a434-94b03b69808a,Summer 2009/10,03354497-78de-472f-96e3-5b5418311630,c7ccb0ed-20cf-47b6-820d-5375e699e288,NMCA - Jack Kelly Shield,raw_7dca5758_5687_4ef9_975b_6a594740bbd0,raw_7dca5758_5687_4ef9_975b_6a594740bbd0,Syamjith Harikumar,Syamjith Harikumar,2,0,2010-02-20T13:00:00.0000000+00:00,8
d1b386aa-ac78-4fb4-a434-94b03b69808a,Summer 2009/10,03354497-78de-472f-96e3-5b5418311630,c7ccb0ed-20cf-47b6-820d-5375e699e288,NMCA - Jack Kelly Shield,raw_9fd2a404_b670_4f95_a13c_401b88a6c37e,raw_9fd2a404_b670_4f95_a13c_401b88a6c37e,Vikash Chand,Vikash Chand,0,0,2009-11-14T13:00:00.0000000+00:00,1
d1b386aa-ac78-4fb4-a434-94b03b69808a,Summer 2009/10,03354497-78de-472f-96e3-5b5418311630,c7ccb0ed-20cf-47b6-820d-5375e699e288,NMCA - Jack Kelly Shield,raw_d67ae9a7_e7b3_4b34_bd0f_f97332545d18,raw_d67ae9a7_e7b3_4b34_bd0f_f97332545d18,Damandeep Singh,Damandeep Singh,0,0,2009-11-14T13:00:00.0000000+00:00,1
d1b386aa-ac78-4fb4-a434-94b03b69808a,Summer 2009/10,03354497-78de-472f-96e3-5b5418311630,c7ccb0ed-20cf-47b6-820d-5375e699e288,NMCA - Jack Kelly Shield,raw_d7f93a87_6b05_4830_a524_41457fd00603,raw_d7f93a87_6b05_4830_a524_41457fd00603,Shaun Vikash,Shaun Vikash,0,0,2010-01-23T13:00:00.0000000+00:00,5
d1b386aa-ac78-4fb4-a434-94b03b69808a,Summer 2009/10,03354497-78de-472f-96e3-5b5418311630,c7ccb0ed-20cf-47b6-820d-5375e699e288,NMCA - Jack Kelly Shield,raw_fabe3087_4118_4ebf_ae00_523358904311,raw_fabe3087_4118_4ebf_ae00_523358904311,Alex Moderana,Alex Moderana,0,0,2009-11-08T13:00:00.0000000+00:00,1
d1b386aa-ac78-4fb4-a434-94b03b69808a,Summer 2009/10,03354497-78de-472f-96e3-5b5418311630,c7ccb0ed-20cf-47b6-820d-5375e699e288,NMCA - Jack Kelly Shield,shivnyl_naidu,shivnyl_naidu,Shivnyl Naidu,Shivnyl Naidu,2,0,2010-02-06T13:00:00.0000000+00:00,7
d1b386aa-ac78-4fb4-a434-94b03b69808a,Summer 2009/10,4ce532a0-40c7-445e-85a2-cee1808aa5c3,2131636b-397a-445e-8da7-984ba4133a5b,"NMCA - ""F"" Grade South - Torrens Shield",ashish_sharma,ashish_sharma,Ashish Sharma,Ashish Sharma,0,0,2009-11-07T13:00:00.0000000+00:00,2
d1b386aa-ac78-4fb4-a434-94b03b69808a,Summer 2009/10,4ce532a0-40c7-445e-85a2-cee1808aa5c3,2131636b-397a-445e-8da7-984ba4133a5b,"NMCA - ""F"" Grade South - Torrens Shield",danny_singh,danny_singh,Danny Singh,Danny Singh,0,0,2009-12-12T13:00:00.0000000+00:00,2
d1b386aa-ac78-4fb4-a434-94b03b69808a,Summer 2009/10,4ce532a0-40c7-445e-85a2-cee1808aa5c3,2131636b-397a-445e-8da7-984ba4133a5b,"NMCA - ""F"" Grade South - Torrens Shield",deepak_sharma,deepak_sharma,Deepak Sharma,Deepak Sharma,0,0,2010-01-30T13:00:00.0000000+00:00,2
d1b386aa-ac78-4fb4-a434-94b03b69808a,Summer 2009/10,4ce532a0-40c7-445e-85a2-cee1808aa5c3,2131636b-397a-445e-8da7-984ba4133a5b,"NMCA - ""F"" Grade South - Torrens Shield",raw_03b785c2_d2f1_4fcb_bc11_9eff509e801e,raw_03b785c2_d2f1_4fcb_bc11_9eff509e801e,Pranesh Nair,Pranesh Nair,0,0,2009-11-07T13:00:00.0000000+00:00,2
d1b386aa-ac78-4fb4-a434-94b03b69808a,Summer 2009/10,4ce532a0-40c7-445e-85a2-cee1808aa5c3,2131636b-397a-445e-8da7-984ba4133a5b,"NMCA - ""F"" Grade South - Torrens Shield",raw_06c998b6_9053_4f4f_b1e1_7e89a1c4cb09,raw_06c998b6_9053_4f4f_b1e1_7e89a1c4cb09,Vighnesh Vayaboury,Vighnesh Vayaboury,0,0,2009-12-12T13:00:00.0000000+00:00,1
d1b386aa-ac78-4fb4-a434-94b03b69808a,Summer 2009/10,4ce532a0-40c7-445e-85a2-cee1808aa5c3,2131636b-397a-445e-8da7-984ba4133a5b,"NMCA - ""F"" Grade South - Torrens Shield",raw_162cce2f_a5bb_451f_ab68_d7a037f018ee,raw_162cce2f_a5bb_451f_ab68_d7a037f018ee,Benjamin Frew,Benjamin Frew,0,0,2010-01-30T13:00:00.0000000+00:00,2
d1b386aa-ac78-4fb4-a434-94b03b69808a,Summer 2009/10,4ce532a0-40c7-445e-85a2-cee1808aa5c3,2131636b-397a-445e-8da7-984ba4133a5b,"NMCA - ""F"" Grade South - Torrens Shield",raw_2d5b94dc_0c07_4b92_9e30_9cd1935b48de,raw_2d5b94dc_0c07_4b92_9e30_9cd1935b48de,Patrick Singh,Patrick Singh,0,0,2009-10-31T13:00:00.0000000+00:00,1
d1b386aa-ac78-4fb4-a434-94b03b69808a,Summer 2009/10,4ce532a0-40c7-445e-85a2-cee1808aa5c3,2131636b-397a-445e-8da7-984ba4133a5b,"NMCA - ""F"" Grade South - Torrens Shield",raw_37976f0c_ac20_4501_a129_855f84be20bb,raw_37976f0c_ac20_4501_a129_855f84be20bb,Wesley Machado,Wesley Machado,5,1,2010-03-13T13:30:00.0000000+00:00,10
d1b386aa-ac78-4fb4-a434-94b03b69808a,Summer 2009/10,4ce532a0-40c7-445e-85a2-cee1808aa5c3,2131636b-397a-445e-8da7-984ba4133a5b,"NMCA - ""F"" Grade South - Torrens Shield",raw_388a6330_8191_49aa_a0d7_b3edb66b2b48,raw_388a6330_8191_49aa_a0d7_b3edb66b2b48,John Konsol,John Konsol,2,0,2010-03-13T13:30:00.0000000+00:00,9
d1b386aa-ac78-4fb4-a434-94b03b69808a,Summer 2009/10,4ce532a0-40c7-445e-85a2-cee1808aa5c3,2131636b-397a-445e-8da7-984ba4133a5b,"NMCA - ""F"" Grade South - Torrens Shield",raw_6512f313_7ff9_415b_8be6_152e7c92b366,raw_6512f313_7ff9_415b_8be6_152e7c92b366,Brad Arnott,Brad Arnott,0,0,2009-11-28T13:30:00.0000000+00:00,2
d1b386aa-ac78-4fb4-a434-94b03b69808a,Summer 2009/10,4ce532a0-40c7-445e-85a2-cee1808aa5c3,2131636b-397a-445e-8da7-984ba4133a5b,"NMCA - ""F"" Grade South - Torrens Shield",raw_67fee031_4f69_495f_8c96_7e7410350b17,raw_67fee031_4f69_495f_8c96_7e7410350b17,Gaurav Chauhan,Gaurav Chauhan,0,0,2010-01-23T13:00:00.0000000+00:00,2
d1b386aa-ac78-4fb4-a434-94b03b69808a,Summer 2009/10,4ce532a0-40c7-445e-85a2-cee1808aa5c3,2131636b-397a-445e-8da7-984ba4133a5b,"NMCA - ""F"" Grade South - Torrens Shield",raw_6f08a796_12f5_40ca_b2dd_a2416dcd927d,raw_6f08a796_12f5_40ca_b2dd_a2416dcd927d,Arnaud Hurdoyal,Arnaud Hurdoyal,0,0,2009-12-12T13:00:00.0000000+00:00,4
d1b386aa-ac78-4fb4-a434-94b03b69808a,Summer 2009/10,4ce532a0-40c7-445e-85a2-cee1808aa5c3,2131636b-397a-445e-8da7-984ba4133a5b,"NMCA - ""F"" Grade South - Torrens Shield",raw_91c05e56_a891_4811_bdc5_2ef55d8f0d4c,raw_91c05e56_a891_4811_bdc5_2ef55d8f0d4c,Rahul Lalji,Rahul Lalji,0,0,2010-02-20T13:30:00.0000000+00:00,1
d1b386aa-ac78-4fb4-a434-94b03b69808a,Summer 2009/10,4ce532a0-40c7-445e-85a2-cee1808aa5c3,2131636b-397a-445e-8da7-984ba4133a5b,"NMCA - ""F"" Grade South - Torrens Shield",raw_9257a6d7_7887_43bf_a607_df0d79ee3da7,raw_9257a6d7_7887_43bf_a607_df0d79ee3da7,John Singh,John Singh,1,0,2010-03-13T13:30:00.0000000+00:00,10
d1b386aa-ac78-4fb4-a434-94b03b69808a,Summer 2009/10,4ce532a0-40c7-445e-85a2-cee1808aa5c3,2131636b-397a-445e-8da7-984ba4133a5b,"NMCA - ""F"" Grade South - Torrens Shield",raw_97832fc9_67c1_4b6f_af3b_3ff4b701953a,raw_97832fc9_67c1_4b6f_af3b_3ff4b701953a,Kodkara Perera,Kodkara Perera,1,0,2010-03-13T13:30:00.0000000+00:00,4
d1b386aa-ac78-4fb4-a434-94b03b69808a,Summer 2009/10,4ce532a0-40c7-445e-85a2-cee1808aa5c3,2131636b-397a-445e-8da7-984ba4133a5b,"NMCA - ""F"" Grade South - Torrens Shield",raw_cada42ba_0b29_4d11_b573_60e5f8a4a643,raw_cada42ba_0b29_4d11_b573_60e5f8a4a643,Cameron Nall,Cameron Nall,1,0,2010-01-30T13:00:00.0000000+00:00,6
d1b386aa-ac78-4fb4-a434-94b03b69808a,Summer 2009/10,4ce532a0-40c7-445e-85a2-cee1808aa5c3,2131636b-397a-445e-8da7-984ba4133a5b,"NMCA - ""F"" Grade South - Torrens Shield",raw_cdd6ad40_6a0f_403e_aa42_5577322a8e5a,raw_cdd6ad40_6a0f_403e_aa42_5577322a8e5a,Venu Birlangi,Venu Birlangi,0,0,2010-03-13T13:30:00.0000000+00:00,4
d1b386aa-ac78-4fb4-a434-94b03b69808a,Summer 2009/10,4ce532a0-40c7-445e-85a2-cee1808aa5c3,2131636b-397a-445e-8da7-984ba4133a5b,"NMCA - ""F"" Grade South - Torrens Shield",raw_f8a8f7e5_bac4_4049_9b66_c8d6be892040,raw_f8a8f7e5_bac4_4049_9b66_c8d6be892040,Bobby Malli,Bobby Malli,0,0,2010-02-06T13:30:00.0000000+00:00,5
d1b386aa-ac78-4fb4-a434-94b03b69808a,Summer 2009/10,4ce532a0-40c7-445e-85a2-cee1808aa5c3,2131636b-397a-445e-8da7-984ba4133a5b,"NMCA - ""F"" Grade South - Torrens Shield",vinay_sharma,vinay_sharma,Vinay Sharma,Vinay Sharma,0,0,2010-02-20T13:30:00.0000000+00:00,6
d1b386aa-ac78-4fb4-a434-94b03b69808a,Summer 2009/10,4ce532a0-40c7-445e-85a2-cee1808aa5c3,2131636b-397a-445e-8da7-984ba4133a5b,"NMCA - ""F"" Grade South - Torrens Shield",vinit_naidu,vinit_naidu,Vinit Naidu,Vinit Naidu,0,0,2009-11-14T13:30:00.0000000+00:00,1
d1b386aa-ac78-4fb4-a434-94b03b69808a,Summer 2009/10,f111aa0f-2d12-4496-9c44-75a984908231,7827168b-228e-469a-904d-731a9f25c744,"NMCA - Bob Herman Shield - ""D"" Grade",danny_singh,danny_singh,Danny Singh,Danny Singh,0,0,2010-01-23T13:00:00.0000000+00:00,1
d1b386aa-ac78-4fb4-a434-94b03b69808a,Summer 2009/10,f111aa0f-2d12-4496-9c44-75a984908231,7827168b-228e-469a-904d-731a9f25c744,"NMCA - Bob Herman Shield - ""D"" Grade",feroz_hassan,feroz_hassan,Feroz Hassan,Feroz Hassan,1,0,2010-03-13T13:00:00.0000000+00:00,12
d1b386aa-ac78-4fb4-a434-94b03b69808a,Summer 2009/10,f111aa0f-2d12-4496-9c44-75a984908231,7827168b-228e-469a-904d-731a9f25c744,"NMCA - Bob Herman Shield - ""D"" Grade",raw_02d91c00_a449_48ec_a770_37b96a0948f8,raw_02d91c00_a449_48ec_a770_37b96a0948f8,Pramen Nand,Pramen Nand,0,0,2009-11-08T13:00:00.0000000+00:00,1
d1b386aa-ac78-4fb4-a434-94b03b69808a,Summer 2009/10,f111aa0f-2d12-4496-9c44-75a984908231,7827168b-228e-469a-904d-731a9f25c744,"NMCA - Bob Herman Shield - ""D"" Grade",raw_37976f0c_ac20_4501_a129_855f84be20bb,raw_37976f0c_ac20_4501_a129_855f84be20bb,Wesley Machado,Wesley Machado,0,0,2010-01-16T13:00:00.0000000+00:00,2
d1b386aa-ac78-4fb4-a434-94b03b69808a,Summer 2009/10,f111aa0f-2d12-4496-9c44-75a984908231,7827168b-228e-469a-904d-731a9f25c744,"NMCA - Bob Herman Shield - ""D"" Grade",raw_42a7570e_9c61_418d_b68a_cdd2e816c3eb,raw_42a7570e_9c61_418d_b68a_cdd2e816c3eb,Ankur Dogra,Ankur Dogra,2,0,2010-02-06T13:00:00.0000000+00:00,3
d1b386aa-ac78-4fb4-a434-94b03b69808a,Summer 2009/10,f111aa0f-2d12-4496-9c44-75a984908231,7827168b-228e-469a-904d-731a9f25c744,"NMCA - Bob Herman Shield - ""D"" Grade",raw_4df23ec6_b95a_4683_9e5a_58a272a1cb17,raw_4df23ec6_b95a_4683_9e5a_58a272a1cb17,Shalen Nand,Shalen Nand,0,0,2009-11-08T13:00:00.0000000+00:00,2
d1b386aa-ac78-4fb4-a434-94b03b69808a,Summer 2009/10,f111aa0f-2d12-4496-9c44-75a984908231,7827168b-228e-469a-904d-731a9f25c744,"NMCA - Bob Herman Shield - ""D"" Grade",raw_6ac032e7_14cb_4216_b72a_2c62e98d5255,raw_6ac032e7_14cb_4216_b72a_2c62e98d5255,Sanjeeva Nandan,Sanjeeva Nandan,0,0,2010-03-13T13:00:00.0000000+00:00,7
d1b386aa-ac78-4fb4-a434-94b03b69808a,Summer 2009/10,f111aa0f-2d12-4496-9c44-75a984908231,7827168b-228e-469a-904d-731a9f25c744,"NMCA - Bob Herman Shield - ""D"" Grade",raw_6f08a796_12f5_40ca_b2dd_a2416dcd927d,raw_6f08a796_12f5_40ca_b2dd_a2416dcd927d,Arnaud Hurdoyal,Arnaud Hurdoyal,0,0,2010-01-23T13:00:00.0000000+00:00,1
d1b386aa-ac78-4fb4-a434-94b03b69808a,Summer 2009/10,f111aa0f-2d12-4496-9c44-75a984908231,7827168b-228e-469a-904d-731a9f25c744,"NMCA - Bob Herman Shield - ""D"" Grade",raw_75b794ea_e102_491c_8135_150f55e19aec,raw_75b794ea_e102_491c_8135_150f55e19aec,Nakul Kedar,Nakul Kedar,0,0,2010-03-13T13:00:00.0000000+00:00,5
d1b386aa-ac78-4fb4-a434-94b03b69808a,Summer 2009/10,f111aa0f-2d12-4496-9c44-75a984908231,7827168b-228e-469a-904d-731a9f25c744,"NMCA - Bob Herman Shield - ""D"" Grade",raw_7dca5758_5687_4ef9_975b_6a594740bbd0,raw_7dca5758_5687_4ef9_975b_6a594740bbd0,Syamjith Harikumar,Syamjith Harikumar,0,0,2010-02-06T13:00:00.0000000+00:00,1
d1b386aa-ac78-4fb4-a434-94b03b69808a,Summer 2009/10,f111aa0f-2d12-4496-9c44-75a984908231,7827168b-228e-469a-904d-731a9f25c744,"NMCA - Bob Herman Shield - ""D"" Grade",raw_ab033f7b_82e2_4044_b0cb_9024cf56db51,raw_ab033f7b_82e2_4044_b0cb_9024cf56db51,Reuel Sharan,Reuel Sharan,0,0,2009-11-14T13:00:00.0000000+00:00,1
d1b386aa-ac78-4fb4-a434-94b03b69808a,Summer 2009/10,f111aa0f-2d12-4496-9c44-75a984908231,7827168b-228e-469a-904d-731a9f25c744,"NMCA - Bob Herman Shield - ""D"" Grade",raw_ce0e1c35_27aa_43a4_aedd_7abda8b6c646,raw_ce0e1c35_27aa_43a4_aedd_7abda8b6c646,Nesith Weerasinghe,Nesith Weerasinghe,0,0,2009-11-28T13:00:00.0000000+00:00,6
d1b386aa-ac78-4fb4-a434-94b03b69808a,Summer 2009/10,f111aa0f-2d12-4496-9c44-75a984908231,7827168b-228e-469a-904d-731a9f25c744,"NMCA - Bob Herman Shield - ""D"" Grade",raw_d67ae9a7_e7b3_4b34_bd0f_f97332545d18,raw_d67ae9a7_e7b3_4b34_bd0f_f97332545d18,Damandeep Singh,Damandeep Singh,0,0,2010-03-13T13:00:00.0000000+00:00,5
d1b386aa-ac78-4fb4-a434-94b03b69808a,Summer 2009/10,f111aa0f-2d12-4496-9c44-75a984908231,7827168b-228e-469a-904d-731a9f25c744,"NMCA - Bob Herman Shield - ""D"" Grade",raw_d7f93a87_6b05_4830_a524_41457fd00603,raw_d7f93a87_6b05_4830_a524_41457fd00603,Shaun Vikash,Shaun Vikash,2,1,2010-03-13T13:00:00.0000000+00:00,6
d1b386aa-ac78-4fb4-a434-94b03b69808a,Summer 2009/10,f111aa0f-2d12-4496-9c44-75a984908231,7827168b-228e-469a-904d-731a9f25c744,"NMCA - Bob Herman Shield - ""D"" Grade",raw_f03e80c4_abf2_4463_8403_38611ffdb56a,raw_f03e80c4_abf2_4463_8403_38611ffdb56a,Elvin Espiritu,Elvin Espiritu,0,0,2010-02-20T13:00:00.0000000+00:00,7
d1b386aa-ac78-4fb4-a434-94b03b69808a,Summer 2009/10,f111aa0f-2d12-4496-9c44-75a984908231,7827168b-228e-469a-904d-731a9f25c744,"NMCA - Bob Herman Shield - ""D"" Grade",raw_f3e16258_3c18_40b7_86ca_3981e1e65f89,raw_f3e16258_3c18_40b7_86ca_3981e1e65f89,Arwinder Singh,Arwinder Singh,0,0,2009-11-28T13:00:00.0000000+00:00,2
d1b386aa-ac78-4fb4-a434-94b03b69808a,Summer 2009/10,f111aa0f-2d12-4496-9c44-75a984908231,7827168b-228e-469a-904d-731a9f25c744,"NMCA - Bob Herman Shield - ""D"" Grade",raw_f8a8f7e5_bac4_4049_9b66_c8d6be892040,raw_f8a8f7e5_bac4_4049_9b66_c8d6be892040,Bobby Malli,Bobby Malli,0,0,2010-01-09T13:00:00.0000000+00:00,1
d1b386aa-ac78-4fb4-a434-94b03b69808a,Summer 2009/10,f111aa0f-2d12-4496-9c44-75a984908231,7827168b-228e-469a-904d-731a9f25c744,"NMCA - Bob Herman Shield - ""D"" Grade",raw_fabe3087_4118_4ebf_ae00_523358904311,raw_fabe3087_4118_4ebf_ae00_523358904311,Alex Moderana,Alex Moderana,1,0,2010-02-20T13:00:00.0000000+00:00,9
d1b386aa-ac78-4fb4-a434-94b03b69808a,Summer 2009/10,f111aa0f-2d12-4496-9c44-75a984908231,7827168b-228e-469a-904d-731a9f25c744,"NMCA - Bob Herman Shield - ""D"" Grade",ricky_singh,ricky_singh,Ricky Singh,Ricky Singh,0,0,2010-02-20T13:00:00.0000000+00:00,5
d1b386aa-ac78-4fb4-a434-94b03b69808a,Summer 2009/10,f111aa0f-2d12-4496-9c44-75a984908231,7827168b-228e-469a-904d-731a9f25c744,"NMCA - Bob Herman Shield - ""D"" Grade",shivnyl_naidu,shivnyl_naidu,Shivnyl Naidu,Shivnyl Naidu,0,0,2009-10-31T13:00:00.0000000+00:00,3
d1b386aa-ac78-4fb4-a434-94b03b69808a,Summer 2009/10,f111aa0f-2d12-4496-9c44-75a984908231,7827168b-228e-469a-904d-731a9f25c744,"NMCA - Bob Herman Shield - ""D"" Grade",vinit_naidu,vinit_naidu,Vinit Naidu,Vinit Naidu,3,4,2010-03-13T13:00:00.0000000+00:00,13
d5fcf197-b63b-4b8c-92a6-6925538ba1ac,Winter 2019,23d5187b-f9ca-48c1-945c-99bdd3ebe657,0be03d8c-563f-4dc0-b15c-c3875392fd77,North Division,danny_singh,danny_singh,Danny Singh,Danny Singh,0,0,2019-08-03T22:00:00.0000000+10:00,1
d5fcf197-b63b-4b8c-92a6-6925538ba1ac,Winter 2019,23d5187b-f9ca-48c1-945c-99bdd3ebe657,0be03d8c-563f-4dc0-b15c-c3875392fd77,North Division,raw_133832e5_c9bf_493d_a799_6f560da6758b,raw_133832e5_c9bf_493d_a799_6f560da6758b,Amal Krishna,Amal Krishna,0,0,2019-05-25T22:00:00.0000000+10:00,1
d5fcf197-b63b-4b8c-92a6-6925538ba1ac,Winter 2019,23d5187b-f9ca-48c1-945c-99bdd3ebe657,0be03d8c-563f-4dc0-b15c-c3875392fd77,North Division,raw_163a2c4b_364c_4368_bd71_865b4a7306bb,raw_163a2c4b_364c_4368_bd71_865b4a7306bb,Sanjog Dahal,Sanjog Dahal,0,0,2019-05-04T22:00:00.0000000+10:00,1
d5fcf197-b63b-4b8c-92a6-6925538ba1ac,Winter 2019,23d5187b-f9ca-48c1-945c-99bdd3ebe657,0be03d8c-563f-4dc0-b15c-c3875392fd77,North Division,raw_1c60b130_e509_44a4_95f1_ef59b99e2ad7,raw_1c60b130_e509_44a4_95f1_ef59b99e2ad7,Kiran Kandel,Kiran Kandel,1,0,2019-08-17T21:00:00.0000000+10:00,4
d5fcf197-b63b-4b8c-92a6-6925538ba1ac,Winter 2019,23d5187b-f9ca-48c1-945c-99bdd3ebe657,0be03d8c-563f-4dc0-b15c-c3875392fd77,North Division,raw_2be4b5e3_4337_4630_bc06_454213e892e5,raw_2be4b5e3_4337_4630_bc06_454213e892e5,Sarfaraz Ahmed,Sarfaraz Ahmed,1,0,2019-08-17T21:00:00.0000000+10:00,5
d5fcf197-b63b-4b8c-92a6-6925538ba1ac,Winter 2019,23d5187b-f9ca-48c1-945c-99bdd3ebe657,0be03d8c-563f-4dc0-b15c-c3875392fd77,North Division,raw_2c167bd3_c65c_4abd_8fa8_7351cfe9aa59,raw_2c167bd3_c65c_4abd_8fa8_7351cfe9aa59,Sajendra Shrestha,Sajendra Shrestha,3,0,2019-08-17T21:00:00.0000000+10:00,10
d5fcf197-b63b-4b8c-92a6-6925538ba1ac,Winter 2019,23d5187b-f9ca-48c1-945c-99bdd3ebe657,0be03d8c-563f-4dc0-b15c-c3875392fd77,North Division,raw_55057811_2f39_45d7_a777_7d7dd6ee753d,raw_55057811_2f39_45d7_a777_7d7dd6ee753d,Hamza Ali,Hamza Ali,2,0,2019-07-20T22:00:00.0000000+10:00,5
d5fcf197-b63b-4b8c-92a6-6925538ba1ac,Winter 2019,23d5187b-f9ca-48c1-945c-99bdd3ebe657,0be03d8c-563f-4dc0-b15c-c3875392fd77,North Division,raw_6dafae49_e951_4b24_a74a_d5d1ab49db67,raw_6dafae49_e951_4b24_a74a_d5d1ab49db67,Muhammad Nauman,Muhammad Nauman,0,0,2019-06-15T22:00:00.0000000+10:00,2
d5fcf197-b63b-4b8c-92a6-6925538ba1ac,Winter 2019,23d5187b-f9ca-48c1-945c-99bdd3ebe657,0be03d8c-563f-4dc0-b15c-c3875392fd77,North Division,raw_93b99afb_b378_4b26_bf91_be1e2a0a995d,raw_93b99afb_b378_4b26_bf91_be1e2a0a995d,Pukar Bhandari,Pukar Bhandari,0,0,2019-08-17T21:00:00.0000000+10:00,8
d5fcf197-b63b-4b8c-92a6-6925538ba1ac,Winter 2019,23d5187b-f9ca-48c1-945c-99bdd3ebe657,0be03d8c-563f-4dc0-b15c-c3875392fd77,North Division,raw_97055023_9a2c_4f89_aa56_c8083a09f48f,raw_97055023_9a2c_4f89_aa56_c8083a09f48f,Suraj Thapa,Suraj Thapa,2,0,2019-08-17T21:00:00.0000000+10:00,9
d5fcf197-b63b-4b8c-92a6-6925538ba1ac,Winter 2019,23d5187b-f9ca-48c1-945c-99bdd3ebe657,0be03d8c-563f-4dc0-b15c-c3875392fd77,North Division,raw_b0359b90_ca42_4a35_b0d1_46703899270f,raw_b0359b90_ca42_4a35_b0d1_46703899270f,Sai Krishna Buddaraju,Sai Krishna Buddaraju,1,0,2019-08-17T21:00:00.0000000+10:00,9
d5fcf197-b63b-4b8c-92a6-6925538ba1ac,Winter 2019,23d5187b-f9ca-48c1-945c-99bdd3ebe657,0be03d8c-563f-4dc0-b15c-c3875392fd77,North Division,raw_bacb745b_1109_4ffc_b4ce_f53bf8c269ce,raw_bacb745b_1109_4ffc_b4ce_f53bf8c269ce,Syed Shabbir,Syed Shabbir,1,0,2019-08-03T22:00:00.0000000+10:00,7
d5fcf197-b63b-4b8c-92a6-6925538ba1ac,Winter 2019,23d5187b-f9ca-48c1-945c-99bdd3ebe657,0be03d8c-563f-4dc0-b15c-c3875392fd77,North Division,raw_f4637a59_f96c_4cc2_853a_ff2bd9fb5afc,raw_f4637a59_f96c_4cc2_853a_ff2bd9fb5afc,Rashim Kandel,Rashim Kandel,0,0,2019-08-03T22:00:00.0000000+10:00,1
d5fcf197-b63b-4b8c-92a6-6925538ba1ac,Winter 2019,23d5187b-f9ca-48c1-945c-99bdd3ebe657,0be03d8c-563f-4dc0-b15c-c3875392fd77,North Division,shiv_ganachari,shiv_ganachari,Shiv Ganachari,Shiv Ganachari,0,0,2019-08-03T22:00:00.0000000+10:00,1
e9b37153-9187-4dad-b04d-cf5fa01ccb8e,Summer 2006/07,27c330a8-3123-48fb-9e6d-c9765756d1e2,017f6040-8f42-47e7-b3d6-9dbd42617abc,"NMCA - Les Horne Shield - ""C"" Grade",amresh_bhan,amresh_bhan,Amresh Bhan,Amresh Bhan,2,1,2007-02-24T13:30:00.0000000+00:00,7
e9b37153-9187-4dad-b04d-cf5fa01ccb8e,Summer 2006/07,27c330a8-3123-48fb-9e6d-c9765756d1e2,017f6040-8f42-47e7-b3d6-9dbd42617abc,"NMCA - Les Horne Shield - ""C"" Grade",clint_fernandes,clint_fernandes,Clint Fernandes,Clint Fernandes,1,1,2007-02-24T13:30:00.0000000+00:00,6
e9b37153-9187-4dad-b04d-cf5fa01ccb8e,Summer 2006/07,27c330a8-3123-48fb-9e6d-c9765756d1e2,017f6040-8f42-47e7-b3d6-9dbd42617abc,"NMCA - Les Horne Shield - ""C"" Grade",feroz_hassan,feroz_hassan,Feroz Hassan,Feroz Hassan,1,0,2006-10-28T13:00:00.0000000+00:00,4
e9b37153-9187-4dad-b04d-cf5fa01ccb8e,Summer 2006/07,27c330a8-3123-48fb-9e6d-c9765756d1e2,017f6040-8f42-47e7-b3d6-9dbd42617abc,"NMCA - Les Horne Shield - ""C"" Grade",raw_02d91c00_a449_48ec_a770_37b96a0948f8,raw_02d91c00_a449_48ec_a770_37b96a0948f8,Pramen Nand,Pramen Nand,1,0,2007-02-24T13:30:00.0000000+00:00,1
e9b37153-9187-4dad-b04d-cf5fa01ccb8e,Summer 2006/07,27c330a8-3123-48fb-9e6d-c9765756d1e2,017f6040-8f42-47e7-b3d6-9dbd42617abc,"NMCA - Les Horne Shield - ""C"" Grade",raw_162cce2f_a5bb_451f_ab68_d7a037f018ee,raw_162cce2f_a5bb_451f_ab68_d7a037f018ee,Benjamin Frew,Benjamin Frew,1,0,2007-02-24T13:30:00.0000000+00:00,7
e9b37153-9187-4dad-b04d-cf5fa01ccb8e,Summer 2006/07,27c330a8-3123-48fb-9e6d-c9765756d1e2,017f6040-8f42-47e7-b3d6-9dbd42617abc,"NMCA - Les Horne Shield - ""C"" Grade",raw_360868ba_5d2a_4f9f_9f3a_fff5756f3f85,raw_360868ba_5d2a_4f9f_9f3a_fff5756f3f85,Shandil Bhan,Shandil Bhan,0,0,2007-01-27T13:30:00.0000000+00:00,5
e9b37153-9187-4dad-b04d-cf5fa01ccb8e,Summer 2006/07,27c330a8-3123-48fb-9e6d-c9765756d1e2,017f6040-8f42-47e7-b3d6-9dbd42617abc,"NMCA - Les Horne Shield - ""C"" Grade",raw_4df23ec6_b95a_4683_9e5a_58a272a1cb17,raw_4df23ec6_b95a_4683_9e5a_58a272a1cb17,Shalen Nand,Shalen Nand,0,0,2007-02-24T13:30:00.0000000+00:00,3
e9b37153-9187-4dad-b04d-cf5fa01ccb8e,Summer 2006/07,27c330a8-3123-48fb-9e6d-c9765756d1e2,017f6040-8f42-47e7-b3d6-9dbd42617abc,"NMCA - Les Horne Shield - ""C"" Grade",raw_6ac032e7_14cb_4216_b72a_2c62e98d5255,raw_6ac032e7_14cb_4216_b72a_2c62e98d5255,Sanjeeva Nandan,Sanjeeva Nandan,0,0,2006-10-28T13:00:00.0000000+00:00,3
e9b37153-9187-4dad-b04d-cf5fa01ccb8e,Summer 2006/07,27c330a8-3123-48fb-9e6d-c9765756d1e2,017f6040-8f42-47e7-b3d6-9dbd42617abc,"NMCA - Les Horne Shield - ""C"" Grade",sanjay_ct,sanjay_ct,Sanjay Ct,Sanjay Ct,0,0,2006-10-22T12:30:00.0000000+00:00,2
e9b37153-9187-4dad-b04d-cf5fa01ccb8e,Summer 2006/07,27c330a8-3123-48fb-9e6d-c9765756d1e2,017f6040-8f42-47e7-b3d6-9dbd42617abc,"NMCA - Les Horne Shield - ""C"" Grade",vinit_naidu,vinit_naidu,Vinit Naidu,Vinit Naidu,0,0,2007-02-24T13:30:00.0000000+00:00,5
e9b37153-9187-4dad-b04d-cf5fa01ccb8e,Summer 2006/07,b10282de-c888-4d66-8b91-1aba5a505598,fceb50db-7556-45fb-b41c-ced06967afc5,"NMCA - ""F"" Grade North - Manion Shield",ashish_sharma,ashish_sharma,Ashish Sharma,Ashish Sharma,1,0,2006-11-11T13:30:00.0000000+00:00,4
e9b37153-9187-4dad-b04d-cf5fa01ccb8e,Summer 2006/07,b10282de-c888-4d66-8b91-1aba5a505598,fceb50db-7556-45fb-b41c-ced06967afc5,"NMCA - ""F"" Grade North - Manion Shield",deepak_sharma,deepak_sharma,Deepak Sharma,Deepak Sharma,0,0,2007-02-10T13:30:00.0000000+00:00,11
e9b37153-9187-4dad-b04d-cf5fa01ccb8e,Summer 2006/07,b10282de-c888-4d66-8b91-1aba5a505598,fceb50db-7556-45fb-b41c-ced06967afc5,"NMCA - ""F"" Grade North - Manion Shield",feroz_hassan,feroz_hassan,Feroz Hassan,Feroz Hassan,1,0,2007-02-24T13:30:00.0000000+00:00,8
e9b37153-9187-4dad-b04d-cf5fa01ccb8e,Summer 2006/07,b10282de-c888-4d66-8b91-1aba5a505598,fceb50db-7556-45fb-b41c-ced06967afc5,"NMCA - ""F"" Grade North - Manion Shield",raw_0cef65b1_105f_4f25_8577_808d207df3c6,raw_0cef65b1_105f_4f25_8577_808d207df3c6,Ashveen Kumar,Ashveen Kumar,0,0,2006-11-11T13:30:00.0000000+00:00,1
e9b37153-9187-4dad-b04d-cf5fa01ccb8e,Summer 2006/07,b10282de-c888-4d66-8b91-1aba5a505598,fceb50db-7556-45fb-b41c-ced06967afc5,"NMCA - ""F"" Grade North - Manion Shield",raw_0e4804fa_beb1_4233_aa1d_5f5c438b2c34,raw_0e4804fa_beb1_4233_aa1d_5f5c438b2c34,Colin Ellerton,Colin Ellerton,0,0,2007-02-24T13:30:00.0000000+00:00,7
e9b37153-9187-4dad-b04d-cf5fa01ccb8e,Summer 2006/07,b10282de-c888-4d66-8b91-1aba5a505598,fceb50db-7556-45fb-b41c-ced06967afc5,"NMCA - ""F"" Grade North - Manion Shield",raw_232cc042_1e4c_423a_9190_e3432698c99d,raw_232cc042_1e4c_423a_9190_e3432698c99d,Reuben Sharan,Reuben Sharan,0,0,2006-10-21T12:30:00.0000000+00:00,1
e9b37153-9187-4dad-b04d-cf5fa01ccb8e,Summer 2006/07,b10282de-c888-4d66-8b91-1aba5a505598,fceb50db-7556-45fb-b41c-ced06967afc5,"NMCA - ""F"" Grade North - Manion Shield",raw_360868ba_5d2a_4f9f_9f3a_fff5756f3f85,raw_360868ba_5d2a_4f9f_9f3a_fff5756f3f85,Shandil Bhan,Shandil Bhan,0,0,2007-02-24T13:30:00.0000000+00:00,1
e9b37153-9187-4dad-b04d-cf5fa01ccb8e,Summer 2006/07,b10282de-c888-4d66-8b91-1aba5a505598,fceb50db-7556-45fb-b41c-ced06967afc5,"NMCA - ""F"" Grade North - Manion Shield",raw_47312d02_e750_4474_a21c_8afa89de677b,raw_47312d02_e750_4474_a21c_8afa89de677b,John Iosefo,John Iosefo,0,0,2006-11-25T13:30:00.0000000+00:00,1
e9b37153-9187-4dad-b04d-cf5fa01ccb8e,Summer 2006/07,b10282de-c888-4d66-8b91-1aba5a505598,fceb50db-7556-45fb-b41c-ced06967afc5,"NMCA - ""F"" Grade North - Manion Shield",raw_4df23ec6_b95a_4683_9e5a_58a272a1cb17,raw_4df23ec6_b95a_4683_9e5a_58a272a1cb17,Shalen Nand,Shalen Nand,1,0,2006-12-09T13:30:00.0000000+00:00,1
e9b37153-9187-4dad-b04d-cf5fa01ccb8e,Summer 2006/07,b10282de-c888-4d66-8b91-1aba5a505598,fceb50db-7556-45fb-b41c-ced06967afc5,"NMCA - ""F"" Grade North - Manion Shield",raw_67fee031_4f69_495f_8c96_7e7410350b17,raw_67fee031_4f69_495f_8c96_7e7410350b17,Gaurav Chauhan,Gaurav Chauhan,0,0,2006-11-25T13:30:00.0000000+00:00,1
e9b37153-9187-4dad-b04d-cf5fa01ccb8e,Summer 2006/07,b10282de-c888-4d66-8b91-1aba5a505598,fceb50db-7556-45fb-b41c-ced06967afc5,"NMCA - ""F"" Grade North - Manion Shield",raw_6ac032e7_14cb_4216_b72a_2c62e98d5255,raw_6ac032e7_14cb_4216_b72a_2c62e98d5255,Sanjeeva Nandan,Sanjeeva Nandan,0,0,2007-02-24T13:30:00.0000000+00:00,3
e9b37153-9187-4dad-b04d-cf5fa01ccb8e,Summer 2006/07,b10282de-c888-4d66-8b91-1aba5a505598,fceb50db-7556-45fb-b41c-ced06967afc5,"NMCA - ""F"" Grade North - Manion Shield",raw_6b74d336_b105_407c_b4ef_f68e2fba7862,raw_6b74d336_b105_407c_b4ef_f68e2fba7862,Damandeep Sehra,Damandeep Sehra,1,0,2007-02-24T13:30:00.0000000+00:00,10
e9b37153-9187-4dad-b04d-cf5fa01ccb8e,Summer 2006/07,b10282de-c888-4d66-8b91-1aba5a505598,fceb50db-7556-45fb-b41c-ced06967afc5,"NMCA - ""F"" Grade North - Manion Shield",raw_6ef71daf_6cad_4dc0_b015_98867864722f,raw_6ef71daf_6cad_4dc0_b015_98867864722f,Rahul Naidu,Rahul Naidu,0,0,2006-11-11T13:30:00.0000000+00:00,1
e9b37153-9187-4dad-b04d-cf5fa01ccb8e,Summer 2006/07,b10282de-c888-4d66-8b91-1aba5a505598,fceb50db-7556-45fb-b41c-ced06967afc5,"NMCA - ""F"" Grade North - Manion Shield",raw_91c05e56_a891_4811_bdc5_2ef55d8f0d4c,raw_91c05e56_a891_4811_bdc5_2ef55d8f0d4c,Rahul Lalji,Rahul Lalji,0,0,2007-01-20T13:00:00.0000000+00:00,2
e9b37153-9187-4dad-b04d-cf5fa01ccb8e,Summer 2006/07,b10282de-c888-4d66-8b91-1aba5a505598,fceb50db-7556-45fb-b41c-ced06967afc5,"NMCA - ""F"" Grade North - Manion Shield",raw_9303a6a9_446e_436c_8989_b91bd8785e57,raw_9303a6a9_446e_436c_8989_b91bd8785e57,Daniel Lucas,Daniel Lucas,0,0,2007-01-27T13:30:00.0000000+00:00,4
e9b37153-9187-4dad-b04d-cf5fa01ccb8e,Summer 2006/07,b10282de-c888-4d66-8b91-1aba5a505598,fceb50db-7556-45fb-b41c-ced06967afc5,"NMCA - ""F"" Grade North - Manion Shield",raw_ab033f7b_82e2_4044_b0cb_9024cf56db51,raw_ab033f7b_82e2_4044_b0cb_9024cf56db51,Reuel Sharan,Reuel Sharan,0,0,2007-01-27T13:30:00.0000000+00:00,1
e9b37153-9187-4dad-b04d-cf5fa01ccb8e,Summer 2006/07,b10282de-c888-4d66-8b91-1aba5a505598,fceb50db-7556-45fb-b41c-ced06967afc5,"NMCA - ""F"" Grade North - Manion Shield",raw_d3a86d56_84b7_4eb2_946e_46dc86ee434f,raw_d3a86d56_84b7_4eb2_946e_46dc86ee434f,Raaj Chandra,Raaj Chandra,0,0,2006-11-11T13:30:00.0000000+00:00,1
e9b37153-9187-4dad-b04d-cf5fa01ccb8e,Summer 2006/07,b10282de-c888-4d66-8b91-1aba5a505598,fceb50db-7556-45fb-b41c-ced06967afc5,"NMCA - ""F"" Grade North - Manion Shield",raw_d7f93a87_6b05_4830_a524_41457fd00603,raw_d7f93a87_6b05_4830_a524_41457fd00603,Shaun Vikash,Shaun Vikash,2,0,2007-02-24T13:30:00.0000000+00:00,11
e9b37153-9187-4dad-b04d-cf5fa01ccb8e,Summer 2006/07,b10282de-c888-4d66-8b91-1aba5a505598,fceb50db-7556-45fb-b41c-ced06967afc5,"NMCA - ""F"" Grade North - Manion Shield",raw_d93d9572_f64c_4329_8a88_e444a63ab573,raw_d93d9572_f64c_4329_8a88_e444a63ab573,Mohan Mayur,Mohan Mayur,0,0,2006-11-11T13:30:00.0000000+00:00,1
e9b37153-9187-4dad-b04d-cf5fa01ccb8e,Summer 2006/07,b10282de-c888-4d66-8b91-1aba5a505598,fceb50db-7556-45fb-b41c-ced06967afc5,"NMCA - ""F"" Grade North - Manion Shield",raw_e6a98753_41b1_4aeb_b725_2f895b22754b,raw_e6a98753_41b1_4aeb_b725_2f895b22754b,Raja Parekh,Raja Parekh,1,0,2007-02-24T13:30:00.0000000+00:00,6
e9b37153-9187-4dad-b04d-cf5fa01ccb8e,Summer 2006/07,b10282de-c888-4d66-8b91-1aba5a505598,fceb50db-7556-45fb-b41c-ced06967afc5,"NMCA - ""F"" Grade North - Manion Shield",raw_eb84c407_ee59_4e5e_b741_a52269c7cc4f,raw_eb84c407_ee59_4e5e_b741_a52269c7cc4f,Praneesh Sundar,Praneesh Sundar,0,1,2006-11-11T13:30:00.0000000+00:00,1
e9b37153-9187-4dad-b04d-cf5fa01ccb8e,Summer 2006/07,b10282de-c888-4d66-8b91-1aba5a505598,fceb50db-7556-45fb-b41c-ced06967afc5,"NMCA - ""F"" Grade North - Manion Shield",raw_fabe3087_4118_4ebf_ae00_523358904311,raw_fabe3087_4118_4ebf_ae00_523358904311,Alex Moderana,Alex Moderana,1,0,2007-02-24T13:30:00.0000000+00:00,5
e9b37153-9187-4dad-b04d-cf5fa01ccb8e,Summer 2006/07,b10282de-c888-4d66-8b91-1aba5a505598,fceb50db-7556-45fb-b41c-ced06967afc5,"NMCA - ""F"" Grade North - Manion Shield",ricky_singh,ricky_singh,Ricky Singh,Ricky Singh,0,0,2007-02-10T13:30:00.0000000+00:00,10
e9b37153-9187-4dad-b04d-cf5fa01ccb8e,Summer 2006/07,b10282de-c888-4d66-8b91-1aba5a505598,fceb50db-7556-45fb-b41c-ced06967afc5,"NMCA - ""F"" Grade North - Manion Shield",vinay_sharma,vinay_sharma,Vinay Sharma,Vinay Sharma,0,0,2006-11-25T13:30:00.0000000+00:00,1
e9b37153-9187-4dad-b04d-cf5fa01ccb8e,Summer 2006/07,b10282de-c888-4d66-8b91-1aba5a505598,fceb50db-7556-45fb-b41c-ced06967afc5,"NMCA - ""F"" Grade North - Manion Shield",vinit_naidu,vinit_naidu,Vinit Naidu,Vinit Naidu,2,0,2006-12-09T13:30:00.0000000+00:00,2
eec02606-f589-43b3-9d5a-40c3db29b323,Summer 2011/12,58ebbead-b878-4a06-9ef2-371fa03f22ae,2c8169ce-0a23-49bc-80d6-6bd5cb5ee98c,NMCA - Jack Kelly Shield,amresh_bhan,amresh_bhan,Amresh Bhan,Amresh Bhan,0,0,2011-10-15T13:00:00.0000000+00:00,2
eec02606-f589-43b3-9d5a-40c3db29b323,Summer 2011/12,58ebbead-b878-4a06-9ef2-371fa03f22ae,2c8169ce-0a23-49bc-80d6-6bd5cb5ee98c,NMCA - Jack Kelly Shield,damien_vikash,damien_vikash,Damien Vikash,Damien Vikash,6,2,2012-02-18T13:00:00.0000000+00:00,14
eec02606-f589-43b3-9d5a-40c3db29b323,Summer 2011/12,58ebbead-b878-4a06-9ef2-371fa03f22ae,2c8169ce-0a23-49bc-80d6-6bd5cb5ee98c,NMCA - Jack Kelly Shield,danny_singh,danny_singh,Danny Singh,Danny Singh,0,0,2012-01-21T13:00:00.0000000+00:00,2
eec02606-f589-43b3-9d5a-40c3db29b323,Summer 2011/12,58ebbead-b878-4a06-9ef2-371fa03f22ae,2c8169ce-0a23-49bc-80d6-6bd5cb5ee98c,NMCA - Jack Kelly Shield,raw_02d91c00_a449_48ec_a770_37b96a0948f8,raw_02d91c00_a449_48ec_a770_37b96a0948f8,Pramen Nand,Pramen Nand,0,0,2011-10-08T13:00:00.0000000+00:00,1
eec02606-f589-43b3-9d5a-40c3db29b323,Summer 2011/12,58ebbead-b878-4a06-9ef2-371fa03f22ae,2c8169ce-0a23-49bc-80d6-6bd5cb5ee98c,NMCA - Jack Kelly Shield,raw_162cce2f_a5bb_451f_ab68_d7a037f018ee,raw_162cce2f_a5bb_451f_ab68_d7a037f018ee,Benjamin Frew,Benjamin Frew,0,0,2011-10-08T13:00:00.0000000+00:00,1
eec02606-f589-43b3-9d5a-40c3db29b323,Summer 2011/12,58ebbead-b878-4a06-9ef2-371fa03f22ae,2c8169ce-0a23-49bc-80d6-6bd5cb5ee98c,NMCA - Jack Kelly Shield,raw_22881360_c7c1_4e3e_9265_eee8b8aa191e,raw_22881360_c7c1_4e3e_9265_eee8b8aa191e,Jaymin Patel,Jaymin Patel,0,0,2012-02-18T13:00:00.0000000+00:00,10
eec02606-f589-43b3-9d5a-40c3db29b323,Summer 2011/12,58ebbead-b878-4a06-9ef2-371fa03f22ae,2c8169ce-0a23-49bc-80d6-6bd5cb5ee98c,NMCA - Jack Kelly Shield,raw_360868ba_5d2a_4f9f_9f3a_fff5756f3f85,raw_360868ba_5d2a_4f9f_9f3a_fff5756f3f85,Shandil Bhan,Shandil Bhan,0,0,2011-10-08T13:00:00.0000000+00:00,1
eec02606-f589-43b3-9d5a-40c3db29b323,Summer 2011/12,58ebbead-b878-4a06-9ef2-371fa03f22ae,2c8169ce-0a23-49bc-80d6-6bd5cb5ee98c,NMCA - Jack Kelly Shield,raw_37976f0c_ac20_4501_a129_855f84be20bb,raw_37976f0c_ac20_4501_a129_855f84be20bb,Wesley Machado,Wesley Machado,0,0,2011-11-12T13:00:00.0000000+00:00,1
eec02606-f589-43b3-9d5a-40c3db29b323,Summer 2011/12,58ebbead-b878-4a06-9ef2-371fa03f22ae,2c8169ce-0a23-49bc-80d6-6bd5cb5ee98c,NMCA - Jack Kelly Shield,raw_6b74d336_b105_407c_b4ef_f68e2fba7862,raw_6b74d336_b105_407c_b4ef_f68e2fba7862,Damandeep Sehra,Damandeep Sehra,0,0,2011-11-06T13:00:00.0000000+00:00,3
eec02606-f589-43b3-9d5a-40c3db29b323,Summer 2011/12,58ebbead-b878-4a06-9ef2-371fa03f22ae,2c8169ce-0a23-49bc-80d6-6bd5cb5ee98c,NMCA - Jack Kelly Shield,raw_7f47871d_71d2_4c20_941e_b9b9b5164c8a,raw_7f47871d_71d2_4c20_941e_b9b9b5164c8a,Pratik Shah,Pratik Shah,0,0,2011-11-05T13:00:00.0000000+00:00,1
eec02606-f589-43b3-9d5a-40c3db29b323,Summer 2011/12,58ebbead-b878-4a06-9ef2-371fa03f22ae,2c8169ce-0a23-49bc-80d6-6bd5cb5ee98c,NMCA - Jack Kelly Shield,raw_9fd2a404_b670_4f95_a13c_401b88a6c37e,raw_9fd2a404_b670_4f95_a13c_401b88a6c37e,Vikash Chand,Vikash Chand,2,0,2012-02-18T13:00:00.0000000+00:00,6
eec02606-f589-43b3-9d5a-40c3db29b323,Summer 2011/12,58ebbead-b878-4a06-9ef2-371fa03f22ae,2c8169ce-0a23-49bc-80d6-6bd5cb5ee98c,NMCA - Jack Kelly Shield,raw_cdd6ad40_6a0f_403e_aa42_5577322a8e5a,raw_cdd6ad40_6a0f_403e_aa42_5577322a8e5a,Venu Birlangi,Venu Birlangi,0,1,2011-11-05T13:00:00.0000000+00:00,2
eec02606-f589-43b3-9d5a-40c3db29b323,Summer 2011/12,58ebbead-b878-4a06-9ef2-371fa03f22ae,2c8169ce-0a23-49bc-80d6-6bd5cb5ee98c,NMCA - Jack Kelly Shield,raw_d7f93a87_6b05_4830_a524_41457fd00603,raw_d7f93a87_6b05_4830_a524_41457fd00603,Shaun Vikash,Shaun Vikash,2,0,2012-02-18T13:00:00.0000000+00:00,14
eec02606-f589-43b3-9d5a-40c3db29b323,Summer 2011/12,58ebbead-b878-4a06-9ef2-371fa03f22ae,2c8169ce-0a23-49bc-80d6-6bd5cb5ee98c,NMCA - Jack Kelly Shield,shivnyl_naidu,shivnyl_naidu,Shivnyl Naidu,Shivnyl Naidu,1,0,2012-02-18T13:00:00.0000000+00:00,12
eec02606-f589-43b3-9d5a-40c3db29b323,Summer 2011/12,58ebbead-b878-4a06-9ef2-371fa03f22ae,2c8169ce-0a23-49bc-80d6-6bd5cb5ee98c,NMCA - Jack Kelly Shield,vinit_naidu,vinit_naidu,Vinit Naidu,Vinit Naidu,2,0,2012-02-18T13:00:00.0000000+00:00,14
eec02606-f589-43b3-9d5a-40c3db29b323,Summer 2011/12,c6b9d5ce-7599-4af7-b0c9-f5f455d42c5e,2623f360-2f4f-48e7-9fc9-ed881ccba2b8,"NMCA - Bob Herman Shield - ""D"" Grade",amresh_bhan,amresh_bhan,Amresh Bhan,Amresh Bhan,0,1,2012-02-18T13:00:00.0000000+00:00,2
eec02606-f589-43b3-9d5a-40c3db29b323,Summer 2011/12,c6b9d5ce-7599-4af7-b0c9-f5f455d42c5e,2623f360-2f4f-48e7-9fc9-ed881ccba2b8,"NMCA - Bob Herman Shield - ""D"" Grade",deepak_sharma,deepak_sharma,Deepak Sharma,Deepak Sharma,0,0,2011-11-05T13:00:00.0000000+00:00,3
eec02606-f589-43b3-9d5a-40c3db29b323,Summer 2011/12,c6b9d5ce-7599-4af7-b0c9-f5f455d42c5e,2623f360-2f4f-48e7-9fc9-ed881ccba2b8,"NMCA - Bob Herman Shield - ""D"" Grade",feroz_hassan,feroz_hassan,Feroz Hassan,Feroz Hassan,0,0,2012-01-15T13:00:00.0000000+00:00,1
eec02606-f589-43b3-9d5a-40c3db29b323,Summer 2011/12,c6b9d5ce-7599-4af7-b0c9-f5f455d42c5e,2623f360-2f4f-48e7-9fc9-ed881ccba2b8,"NMCA - Bob Herman Shield - ""D"" Grade",raw_0702405a_c36b_4bed_aa31_e2deb2af62b8,raw_0702405a_c36b_4bed_aa31_e2deb2af62b8,Princey Pereira,Princey Pereira,0,0,2012-03-10T13:00:00.0000000+00:00,3
eec02606-f589-43b3-9d5a-40c3db29b323,Summer 2011/12,c6b9d5ce-7599-4af7-b0c9-f5f455d42c5e,2623f360-2f4f-48e7-9fc9-ed881ccba2b8,"NMCA - Bob Herman Shield - ""D"" Grade",raw_162cce2f_a5bb_451f_ab68_d7a037f018ee,raw_162cce2f_a5bb_451f_ab68_d7a037f018ee,Benjamin Frew,Benjamin Frew,0,0,2011-12-10T13:00:00.0000000+00:00,1
eec02606-f589-43b3-9d5a-40c3db29b323,Summer 2011/12,c6b9d5ce-7599-4af7-b0c9-f5f455d42c5e,2623f360-2f4f-48e7-9fc9-ed881ccba2b8,"NMCA - Bob Herman Shield - ""D"" Grade",raw_360868ba_5d2a_4f9f_9f3a_fff5756f3f85,raw_360868ba_5d2a_4f9f_9f3a_fff5756f3f85,Shandil Bhan,Shandil Bhan,1,0,2012-01-15T13:00:00.0000000+00:00,1
eec02606-f589-43b3-9d5a-40c3db29b323,Summer 2011/12,c6b9d5ce-7599-4af7-b0c9-f5f455d42c5e,2623f360-2f4f-48e7-9fc9-ed881ccba2b8,"NMCA - Bob Herman Shield - ""D"" Grade",raw_37976f0c_ac20_4501_a129_855f84be20bb,raw_37976f0c_ac20_4501_a129_855f84be20bb,Wesley Machado,Wesley Machado,2,0,2011-11-05T13:00:00.0000000+00:00,4
eec02606-f589-43b3-9d5a-40c3db29b323,Summer 2011/12,c6b9d5ce-7599-4af7-b0c9-f5f455d42c5e,2623f360-2f4f-48e7-9fc9-ed881ccba2b8,"NMCA - Bob Herman Shield - ""D"" Grade",raw_4df23ec6_b95a_4683_9e5a_58a272a1cb17,raw_4df23ec6_b95a_4683_9e5a_58a272a1cb17,Shalen Nand,Shalen Nand,0,0,2012-02-18T13:00:00.0000000+00:00,5
eec02606-f589-43b3-9d5a-40c3db29b323,Summer 2011/12,c6b9d5ce-7599-4af7-b0c9-f5f455d42c5e,2623f360-2f4f-48e7-9fc9-ed881ccba2b8,"NMCA - Bob Herman Shield - ""D"" Grade",raw_6b74d336_b105_407c_b4ef_f68e2fba7862,raw_6b74d336_b105_407c_b4ef_f68e2fba7862,Damandeep Sehra,Damandeep Sehra,0,1,2012-01-15T13:00:00.0000000+00:00,5
eec02606-f589-43b3-9d5a-40c3db29b323,Summer 2011/12,c6b9d5ce-7599-4af7-b0c9-f5f455d42c5e,2623f360-2f4f-48e7-9fc9-ed881ccba2b8,"NMCA - Bob Herman Shield - ""D"" Grade",raw_6f08a796_12f5_40ca_b2dd_a2416dcd927d,raw_6f08a796_12f5_40ca_b2dd_a2416dcd927d,Arnaud Hurdoyal,Arnaud Hurdoyal,0,0,2011-10-29T13:00:00.0000000+00:00,1
eec02606-f589-43b3-9d5a-40c3db29b323,Summer 2011/12,c6b9d5ce-7599-4af7-b0c9-f5f455d42c5e,2623f360-2f4f-48e7-9fc9-ed881ccba2b8,"NMCA - Bob Herman Shield - ""D"" Grade",raw_7a9a4623_d31d_4b8b_a4f1_3fe2b3d4e06c,raw_7a9a4623_d31d_4b8b_a4f1_3fe2b3d4e06c,Jim Didaskalou,Jim Didaskalou,0,0,2011-10-15T13:00:00.0000000+00:00,1
eec02606-f589-43b3-9d5a-40c3db29b323,Summer 2011/12,c6b9d5ce-7599-4af7-b0c9-f5f455d42c5e,2623f360-2f4f-48e7-9fc9-ed881ccba2b8,"NMCA - Bob Herman Shield - ""D"" Grade",raw_7f47871d_71d2_4c20_941e_b9b9b5164c8a,raw_7f47871d_71d2_4c20_941e_b9b9b5164c8a,Pratik Shah,Pratik Shah,0,0,2012-02-18T13:00:00.0000000+00:00,5
eec02606-f589-43b3-9d5a-40c3db29b323,Summer 2011/12,c6b9d5ce-7599-4af7-b0c9-f5f455d42c5e,2623f360-2f4f-48e7-9fc9-ed881ccba2b8,"NMCA - Bob Herman Shield - ""D"" Grade",raw_91c05e56_a891_4811_bdc5_2ef55d8f0d4c,raw_91c05e56_a891_4811_bdc5_2ef55d8f0d4c,Rahul Lalji,Rahul Lalji,0,0,2011-11-05T13:00:00.0000000+00:00,2
eec02606-f589-43b3-9d5a-40c3db29b323,Summer 2011/12,c6b9d5ce-7599-4af7-b0c9-f5f455d42c5e,2623f360-2f4f-48e7-9fc9-ed881ccba2b8,"NMCA - Bob Herman Shield - ""D"" Grade",raw_9257a6d7_7887_43bf_a607_df0d79ee3da7,raw_9257a6d7_7887_43bf_a607_df0d79ee3da7,John Singh,John Singh,0,0,2012-02-18T13:00:00.0000000+00:00,4
eec02606-f589-43b3-9d5a-40c3db29b323,Summer 2011/12,c6b9d5ce-7599-4af7-b0c9-f5f455d42c5e,2623f360-2f4f-48e7-9fc9-ed881ccba2b8,"NMCA - Bob Herman Shield - ""D"" Grade",raw_9fd2a404_b670_4f95_a13c_401b88a6c37e,raw_9fd2a404_b670_4f95_a13c_401b88a6c37e,Vikash Chand,Vikash Chand,1,2,2012-03-10T13:00:00.0000000+00:00,7
eec02606-f589-43b3-9d5a-40c3db29b323,Summer 2011/12,c6b9d5ce-7599-4af7-b0c9-f5f455d42c5e,2623f360-2f4f-48e7-9fc9-ed881ccba2b8,"NMCA - Bob Herman Shield - ""D"" Grade",raw_ab033f7b_82e2_4044_b0cb_9024cf56db51,raw_ab033f7b_82e2_4044_b0cb_9024cf56db51,Reuel Sharan,Reuel Sharan,0,0,2011-11-05T13:00:00.0000000+00:00,2
eec02606-f589-43b3-9d5a-40c3db29b323,Summer 2011/12,c6b9d5ce-7599-4af7-b0c9-f5f455d42c5e,2623f360-2f4f-48e7-9fc9-ed881ccba2b8,"NMCA - Bob Herman Shield - ""D"" Grade",raw_b0261f54_4054_4b6c_be19_e15f291a2209,raw_b0261f54_4054_4b6c_be19_e15f291a2209,Jigar Patel,Jigar Patel,0,0,2012-01-07T13:00:00.0000000+00:00,1
eec02606-f589-43b3-9d5a-40c3db29b323,Summer 2011/12,c6b9d5ce-7599-4af7-b0c9-f5f455d42c5e,2623f360-2f4f-48e7-9fc9-ed881ccba2b8,"NMCA - Bob Herman Shield - ""D"" Grade",raw_cdd6ad40_6a0f_403e_aa42_5577322a8e5a,raw_cdd6ad40_6a0f_403e_aa42_5577322a8e5a,Venu Birlangi,Venu Birlangi,2,0,2012-03-10T13:00:00.0000000+00:00,10
eec02606-f589-43b3-9d5a-40c3db29b323,Summer 2011/12,c6b9d5ce-7599-4af7-b0c9-f5f455d42c5e,2623f360-2f4f-48e7-9fc9-ed881ccba2b8,"NMCA - Bob Herman Shield - ""D"" Grade",raw_e6a98753_41b1_4aeb_b725_2f895b22754b,raw_e6a98753_41b1_4aeb_b725_2f895b22754b,Raja Parekh,Raja Parekh,0,0,2012-01-15T13:00:00.0000000+00:00,1
eec02606-f589-43b3-9d5a-40c3db29b323,Summer 2011/12,c6b9d5ce-7599-4af7-b0c9-f5f455d42c5e,2623f360-2f4f-48e7-9fc9-ed881ccba2b8,"NMCA - Bob Herman Shield - ""D"" Grade",raw_f03e80c4_abf2_4463_8403_38611ffdb56a,raw_f03e80c4_abf2_4463_8403_38611ffdb56a,Elvin Espiritu,Elvin Espiritu,0,0,2011-11-05T13:00:00.0000000+00:00,2
eec02606-f589-43b3-9d5a-40c3db29b323,Summer 2011/12,c6b9d5ce-7599-4af7-b0c9-f5f455d42c5e,2623f360-2f4f-48e7-9fc9-ed881ccba2b8,"NMCA - Bob Herman Shield - ""D"" Grade",raw_f8a8f7e5_bac4_4049_9b66_c8d6be892040,raw_f8a8f7e5_bac4_4049_9b66_c8d6be892040,Bobby Malli,Bobby Malli,1,0,2012-03-10T13:00:00.0000000+00:00,5
eec02606-f589-43b3-9d5a-40c3db29b323,Summer 2011/12,c6b9d5ce-7599-4af7-b0c9-f5f455d42c5e,2623f360-2f4f-48e7-9fc9-ed881ccba2b8,"NMCA - Bob Herman Shield - ""D"" Grade",raw_fabe3087_4118_4ebf_ae00_523358904311,raw_fabe3087_4118_4ebf_ae00_523358904311,Alex Moderana,Alex Moderana,0,0,2012-03-10T13:00:00.0000000+00:00,11
eec02606-f589-43b3-9d5a-40c3db29b323,Summer 2011/12,c6b9d5ce-7599-4af7-b0c9-f5f455d42c5e,2623f360-2f4f-48e7-9fc9-ed881ccba2b8,"NMCA - Bob Herman Shield - ""D"" Grade",ricky_singh,ricky_singh,Ricky Singh,Ricky Singh,0,0,2011-10-29T13:00:00.0000000+00:00,2
f7567eab-6090-4cf2-b14f-2874ae98667f,Summer 2014/15,82d9bd2f-6619-4544-bcd1-f9a30177d457,b5601268-b8ae-46dc-ba7e-5d67a6082468,"NMCA - Syd Sault Shield - ""F"" Grade",amresh_bhan,amresh_bhan,Amresh Bhan,Amresh Bhan,0,1,2015-02-21T13:00:00.0000000+00:00,4
f7567eab-6090-4cf2-b14f-2874ae98667f,Summer 2014/15,82d9bd2f-6619-4544-bcd1-f9a30177d457,b5601268-b8ae-46dc-ba7e-5d67a6082468,"NMCA - Syd Sault Shield - ""F"" Grade",baurel_d_mello,baurel_d_mello,Baurel D'Mello,Baurel D'Mello,0,1,2015-01-10T13:00:00.0000000+00:00,3
f7567eab-6090-4cf2-b14f-2874ae98667f,Summer 2014/15,82d9bd2f-6619-4544-bcd1-f9a30177d457,b5601268-b8ae-46dc-ba7e-5d67a6082468,"NMCA - Syd Sault Shield - ""F"" Grade",deepak_sharma,deepak_sharma,Deepak Sharma,Deepak Sharma,0,0,2015-01-17T13:00:00.0000000+00:00,4
f7567eab-6090-4cf2-b14f-2874ae98667f,Summer 2014/15,82d9bd2f-6619-4544-bcd1-f9a30177d457,b5601268-b8ae-46dc-ba7e-5d67a6082468,"NMCA - Syd Sault Shield - ""F"" Grade",feroz_hassan,feroz_hassan,Feroz Hassan,Feroz Hassan,0,0,2014-11-08T13:00:00.0000000+00:00,1
f7567eab-6090-4cf2-b14f-2874ae98667f,Summer 2014/15,82d9bd2f-6619-4544-bcd1-f9a30177d457,b5601268-b8ae-46dc-ba7e-5d67a6082468,"NMCA - Syd Sault Shield - ""F"" Grade",raw_4df23ec6_b95a_4683_9e5a_58a272a1cb17,raw_4df23ec6_b95a_4683_9e5a_58a272a1cb17,Shalen Nand,Shalen Nand,0,0,2015-02-21T13:00:00.0000000+00:00,2
f7567eab-6090-4cf2-b14f-2874ae98667f,Summer 2014/15,82d9bd2f-6619-4544-bcd1-f9a30177d457,b5601268-b8ae-46dc-ba7e-5d67a6082468,"NMCA - Syd Sault Shield - ""F"" Grade",raw_6ac032e7_14cb_4216_b72a_2c62e98d5255,raw_6ac032e7_14cb_4216_b72a_2c62e98d5255,Sanjeeva Nandan,Sanjeeva Nandan,0,0,2014-11-15T13:00:00.0000000+00:00,2
f7567eab-6090-4cf2-b14f-2874ae98667f,Summer 2014/15,82d9bd2f-6619-4544-bcd1-f9a30177d457,b5601268-b8ae-46dc-ba7e-5d67a6082468,"NMCA - Syd Sault Shield - ""F"" Grade",raw_6b74d336_b105_407c_b4ef_f68e2fba7862,raw_6b74d336_b105_407c_b4ef_f68e2fba7862,Damandeep Sehra,Damandeep Sehra,0,0,2014-12-13T13:00:00.0000000+00:00,3
f7567eab-6090-4cf2-b14f-2874ae98667f,Summer 2014/15,82d9bd2f-6619-4544-bcd1-f9a30177d457,b5601268-b8ae-46dc-ba7e-5d67a6082468,"NMCA - Syd Sault Shield - ""F"" Grade",raw_7f47871d_71d2_4c20_941e_b9b9b5164c8a,raw_7f47871d_71d2_4c20_941e_b9b9b5164c8a,Pratik Shah,Pratik Shah,0,0,2015-02-07T13:00:00.0000000+00:00,4
f7567eab-6090-4cf2-b14f-2874ae98667f,Summer 2014/15,82d9bd2f-6619-4544-bcd1-f9a30177d457,b5601268-b8ae-46dc-ba7e-5d67a6082468,"NMCA - Syd Sault Shield - ""F"" Grade",raw_8217d829_22d7_43e5_b059_c1ca038dadc7,raw_8217d829_22d7_43e5_b059_c1ca038dadc7,Loxly Mather,Loxly Mather,0,0,2015-02-21T13:00:00.0000000+00:00,8
f7567eab-6090-4cf2-b14f-2874ae98667f,Summer 2014/15,82d9bd2f-6619-4544-bcd1-f9a30177d457,b5601268-b8ae-46dc-ba7e-5d67a6082468,"NMCA - Syd Sault Shield - ""F"" Grade",raw_aaf4ef5c_2b0e_4dfc_a22a_e562ae3c2e6c,raw_aaf4ef5c_2b0e_4dfc_a22a_e562ae3c2e6c,Bharath Bhavanashi,Bharath Bhavanashi,1,0,2015-02-07T13:00:00.0000000+00:00,7
f7567eab-6090-4cf2-b14f-2874ae98667f,Summer 2014/15,82d9bd2f-6619-4544-bcd1-f9a30177d457,b5601268-b8ae-46dc-ba7e-5d67a6082468,"NMCA - Syd Sault Shield - ""F"" Grade",raw_af5e1e15_6636_4749_999c_51794cc920be,raw_af5e1e15_6636_4749_999c_51794cc920be,Aravind Chamala,Aravind Chamala,2,0,2015-02-21T13:00:00.0000000+00:00,13
f7567eab-6090-4cf2-b14f-2874ae98667f,Summer 2014/15,82d9bd2f-6619-4544-bcd1-f9a30177d457,b5601268-b8ae-46dc-ba7e-5d67a6082468,"NMCA - Syd Sault Shield - ""F"" Grade",raw_cdd6ad40_6a0f_403e_aa42_5577322a8e5a,raw_cdd6ad40_6a0f_403e_aa42_5577322a8e5a,Venu Birlangi,Venu Birlangi,0,0,2015-01-17T13:00:00.0000000+00:00,5
f7567eab-6090-4cf2-b14f-2874ae98667f,Summer 2014/15,82d9bd2f-6619-4544-bcd1-f9a30177d457,b5601268-b8ae-46dc-ba7e-5d67a6082468,"NMCA - Syd Sault Shield - ""F"" Grade",raw_cf23e6e4_a7c2_46f7_a84f_832ed7cf6c77,raw_cf23e6e4_a7c2_46f7_a84f_832ed7cf6c77,Andrew Mackenzie,Andrew Mackenzie,0,0,2015-01-24T13:00:00.0000000+00:00,6
f7567eab-6090-4cf2-b14f-2874ae98667f,Summer 2014/15,82d9bd2f-6619-4544-bcd1-f9a30177d457,b5601268-b8ae-46dc-ba7e-5d67a6082468,"NMCA - Syd Sault Shield - ""F"" Grade",raw_d54fd47a_a7be_4332_8fb4_99d34a810429,raw_d54fd47a_a7be_4332_8fb4_99d34a810429,Kevin Joseph,Kevin Joseph,0,0,2015-02-07T13:00:00.0000000+00:00,1
f7567eab-6090-4cf2-b14f-2874ae98667f,Summer 2014/15,82d9bd2f-6619-4544-bcd1-f9a30177d457,b5601268-b8ae-46dc-ba7e-5d67a6082468,"NMCA - Syd Sault Shield - ""F"" Grade",raw_d834fa6d_2737_4439_9eac_96c349c0a963,raw_d834fa6d_2737_4439_9eac_96c349c0a963,Pranav Ravi,Pranav Ravi,0,0,2014-11-08T13:00:00.0000000+00:00,5
f7567eab-6090-4cf2-b14f-2874ae98667f,Summer 2014/15,82d9bd2f-6619-4544-bcd1-f9a30177d457,b5601268-b8ae-46dc-ba7e-5d67a6082468,"NMCA - Syd Sault Shield - ""F"" Grade",raw_fabe3087_4118_4ebf_ae00_523358904311,raw_fabe3087_4118_4ebf_ae00_523358904311,Alex Moderana,Alex Moderana,0,0,2015-02-07T13:00:00.0000000+00:00,5
f7567eab-6090-4cf2-b14f-2874ae98667f,Summer 2014/15,82d9bd2f-6619-4544-bcd1-f9a30177d457,b5601268-b8ae-46dc-ba7e-5d67a6082468,"NMCA - Syd Sault Shield - ""F"" Grade",ricky_singh,ricky_singh,Ricky Singh,Ricky Singh,0,0,2014-11-29T13:00:00.0000000+00:00,1
f7567eab-6090-4cf2-b14f-2874ae98667f,Summer 2014/15,82d9bd2f-6619-4544-bcd1-f9a30177d457,b5601268-b8ae-46dc-ba7e-5d67a6082468,"NMCA - Syd Sault Shield - ""F"" Grade",shivnyl_naidu,shivnyl_naidu,Shivnyl Naidu,Shivnyl Naidu,2,0,2015-02-21T13:00:00.0000000+00:00,14
f7567eab-6090-4cf2-b14f-2874ae98667f,Summer 2014/15,95f15121-6bf5-4a08-8bf0-6ea9ebabf84f,9a8bea8a-ac1c-4e0f-a4a3-fba807e41821,"NMCA - Les Kemp Shield - ""E"" Grade",baurel_d_mello,baurel_d_mello,Baurel D'Mello,Baurel D'Mello,2,2,2015-03-14T13:00:00.0000000+00:00,8
f7567eab-6090-4cf2-b14f-2874ae98667f,Summer 2014/15,95f15121-6bf5-4a08-8bf0-6ea9ebabf84f,9a8bea8a-ac1c-4e0f-a4a3-fba807e41821,"NMCA - Les Kemp Shield - ""E"" Grade",damien_vikash,damien_vikash,Damien Vikash,Damien Vikash,5,0,2015-03-14T13:00:00.0000000+00:00,16
f7567eab-6090-4cf2-b14f-2874ae98667f,Summer 2014/15,95f15121-6bf5-4a08-8bf0-6ea9ebabf84f,9a8bea8a-ac1c-4e0f-a4a3-fba807e41821,"NMCA - Les Kemp Shield - ""E"" Grade",kalpeshkumar_patel,kalpeshkumar_patel,Kalpeshkumar Patel,Kalpeshkumar Patel,0,0,2014-10-11T13:00:00.0000000+00:00,1
f7567eab-6090-4cf2-b14f-2874ae98667f,Summer 2014/15,95f15121-6bf5-4a08-8bf0-6ea9ebabf84f,9a8bea8a-ac1c-4e0f-a4a3-fba807e41821,"NMCA - Les Kemp Shield - ""E"" Grade",raw_360868ba_5d2a_4f9f_9f3a_fff5756f3f85,raw_360868ba_5d2a_4f9f_9f3a_fff5756f3f85,Shandil Bhan,Shandil Bhan,0,0,2015-01-24T13:00:00.0000000+00:00,5
f7567eab-6090-4cf2-b14f-2874ae98667f,Summer 2014/15,95f15121-6bf5-4a08-8bf0-6ea9ebabf84f,9a8bea8a-ac1c-4e0f-a4a3-fba807e41821,"NMCA - Les Kemp Shield - ""E"" Grade",raw_4df23ec6_b95a_4683_9e5a_58a272a1cb17,raw_4df23ec6_b95a_4683_9e5a_58a272a1cb17,Shalen Nand,Shalen Nand,0,1,2014-11-15T13:00:00.0000000+00:00,7
f7567eab-6090-4cf2-b14f-2874ae98667f,Summer 2014/15,95f15121-6bf5-4a08-8bf0-6ea9ebabf84f,9a8bea8a-ac1c-4e0f-a4a3-fba807e41821,"NMCA - Les Kemp Shield - ""E"" Grade",raw_8217d829_22d7_43e5_b059_c1ca038dadc7,raw_8217d829_22d7_43e5_b059_c1ca038dadc7,Loxly Mather,Loxly Mather,0,0,2014-10-12T13:00:00.0000000+00:00,1
f7567eab-6090-4cf2-b14f-2874ae98667f,Summer 2014/15,95f15121-6bf5-4a08-8bf0-6ea9ebabf84f,9a8bea8a-ac1c-4e0f-a4a3-fba807e41821,"NMCA - Les Kemp Shield - ""E"" Grade",raw_aaf4ef5c_2b0e_4dfc_a22a_e562ae3c2e6c,raw_aaf4ef5c_2b0e_4dfc_a22a_e562ae3c2e6c,Bharath Bhavanashi,Bharath Bhavanashi,0,0,2015-03-07T13:00:00.0000000+00:00,7
f7567eab-6090-4cf2-b14f-2874ae98667f,Summer 2014/15,95f15121-6bf5-4a08-8bf0-6ea9ebabf84f,9a8bea8a-ac1c-4e0f-a4a3-fba807e41821,"NMCA - Les Kemp Shield - ""E"" Grade",raw_ab033f7b_82e2_4044_b0cb_9024cf56db51,raw_ab033f7b_82e2_4044_b0cb_9024cf56db51,Reuel Sharan,Reuel Sharan,0,0,2014-11-01T13:00:00.0000000+00:00,1
f7567eab-6090-4cf2-b14f-2874ae98667f,Summer 2014/15,95f15121-6bf5-4a08-8bf0-6ea9ebabf84f,9a8bea8a-ac1c-4e0f-a4a3-fba807e41821,"NMCA - Les Kemp Shield - ""E"" Grade",raw_af5e1e15_6636_4749_999c_51794cc920be,raw_af5e1e15_6636_4749_999c_51794cc920be,Aravind Chamala,Aravind Chamala,0,0,2014-11-08T13:00:00.0000000+00:00,1
f7567eab-6090-4cf2-b14f-2874ae98667f,Summer 2014/15,95f15121-6bf5-4a08-8bf0-6ea9ebabf84f,9a8bea8a-ac1c-4e0f-a4a3-fba807e41821,"NMCA - Les Kemp Shield - ""E"" Grade",raw_d7f93a87_6b05_4830_a524_41457fd00603,raw_d7f93a87_6b05_4830_a524_41457fd00603,Shaun Vikash,Shaun Vikash,5,0,2015-03-14T13:00:00.0000000+00:00,16
f7567eab-6090-4cf2-b14f-2874ae98667f,Summer 2014/15,95f15121-6bf5-4a08-8bf0-6ea9ebabf84f,9a8bea8a-ac1c-4e0f-a4a3-fba807e41821,"NMCA - Les Kemp Shield - ""E"" Grade",raw_f8a8f7e5_bac4_4049_9b66_c8d6be892040,raw_f8a8f7e5_bac4_4049_9b66_c8d6be892040,Bobby Malli,Bobby Malli,1,0,2015-02-07T13:00:00.0000000+00:00,8
f7567eab-6090-4cf2-b14f-2874ae98667f,Summer 2014/15,95f15121-6bf5-4a08-8bf0-6ea9ebabf84f,9a8bea8a-ac1c-4e0f-a4a3-fba807e41821,"NMCA - Les Kemp Shield - ""E"" Grade",vinit_naidu,vinit_naidu,Vinit Naidu,Vinit Naidu,6,2,2015-03-14T13:00:00.0000000+00:00,13
f8ebef3a-ba2d-48c4-95f8-0b13d067e817,Summer 2023/24,0b5a071a-2606-48b0-ba8c-40b13e9f4f1f,79ed54b2-a85f-4335-adec-993f2e69c45d,02 - Jack Quick Shield,baurel_d_mello,baurel_d_mello,Baurel D'Mello,Baurel D'Mello,5,1,2024-03-16T13:00:00.0000000+11:00,13
f8ebef3a-ba2d-48c4-95f8-0b13d067e817,Summer 2023/24,0b5a071a-2606-48b0-ba8c-40b13e9f4f1f,79ed54b2-a85f-4335-adec-993f2e69c45d,02 - Jack Quick Shield,damien_vikash,damien_vikash,Damien Vikash,Damien Vikash,0,0,2024-01-06T13:00:00.0000000+11:00,1
f8ebef3a-ba2d-48c4-95f8-0b13d067e817,Summer 2023/24,0b5a071a-2606-48b0-ba8c-40b13e9f4f1f,79ed54b2-a85f-4335-adec-993f2e69c45d,02 - Jack Quick Shield,gopi_krishna,gopi_krishna,Gopi Krishna,Gopi Krishna,0,0,2023-10-14T13:00:00.0000000+11:00,2
f8ebef3a-ba2d-48c4-95f8-0b13d067e817,Summer 2023/24,0b5a071a-2606-48b0-ba8c-40b13e9f4f1f,79ed54b2-a85f-4335-adec-993f2e69c45d,02 - Jack Quick Shield,jimmy_sharma,jimmy_sharma,Jimmy Sharma,Jimmy Sharma,0,0,2024-03-16T13:00:00.0000000+11:00,15
f8ebef3a-ba2d-48c4-95f8-0b13d067e817,Summer 2023/24,0b5a071a-2606-48b0-ba8c-40b13e9f4f1f,79ed54b2-a85f-4335-adec-993f2e69c45d,02 - Jack Quick Shield,kalpeshkumar_patel,kalpeshkumar_patel,Kalpeshkumar Patel,Kalpeshkumar Patel,0,0,2024-01-27T13:00:00.0000000+11:00,5
f8ebef3a-ba2d-48c4-95f8-0b13d067e817,Summer 2023/24,0b5a071a-2606-48b0-ba8c-40b13e9f4f1f,79ed54b2-a85f-4335-adec-993f2e69c45d,02 - Jack Quick Shield,raw_2c167bd3_c65c_4abd_8fa8_7351cfe9aa59,raw_2c167bd3_c65c_4abd_8fa8_7351cfe9aa59,Sajendra Shrestha,Sajendra Shrestha,0,1,2024-03-16T13:00:00.0000000+11:00,13
f8ebef3a-ba2d-48c4-95f8-0b13d067e817,Summer 2023/24,0b5a071a-2606-48b0-ba8c-40b13e9f4f1f,79ed54b2-a85f-4335-adec-993f2e69c45d,02 - Jack Quick Shield,raw_360868ba_5d2a_4f9f_9f3a_fff5756f3f85,raw_360868ba_5d2a_4f9f_9f3a_fff5756f3f85,Shandil Bhan,Shandil Bhan,2,0,2024-03-16T13:00:00.0000000+11:00,11
f8ebef3a-ba2d-48c4-95f8-0b13d067e817,Summer 2023/24,0b5a071a-2606-48b0-ba8c-40b13e9f4f1f,79ed54b2-a85f-4335-adec-993f2e69c45d,02 - Jack Quick Shield,raw_71ef9dbf_3692_4288_94d6_3030623bea83,raw_71ef9dbf_3692_4288_94d6_3030623bea83,Muhammad Anas Mukhtar,Muhammad Anas Mukhtar,0,0,2023-11-18T13:00:00.0000000+11:00,2
f8ebef3a-ba2d-48c4-95f8-0b13d067e817,Summer 2023/24,0b5a071a-2606-48b0-ba8c-40b13e9f4f1f,79ed54b2-a85f-4335-adec-993f2e69c45d,02 - Jack Quick Shield,raw_7b43011a_eb05_448f_93c9_644481721a69,raw_7b43011a_eb05_448f_93c9_644481721a69,Jude Mendiz,Jude Mendiz,1,0,2024-03-16T13:00:00.0000000+11:00,10
f8ebef3a-ba2d-48c4-95f8-0b13d067e817,Summer 2023/24,0b5a071a-2606-48b0-ba8c-40b13e9f4f1f,79ed54b2-a85f-4335-adec-993f2e69c45d,02 - Jack Quick Shield,raw_7cccf3c2_52d5_4dfc_91c8_9664f27ac72b,raw_7cccf3c2_52d5_4dfc_91c8_9664f27ac72b,Jai Bhan,Jai Bhan,0,0,2024-03-16T13:00:00.0000000+11:00,12
f8ebef3a-ba2d-48c4-95f8-0b13d067e817,Summer 2023/24,0b5a071a-2606-48b0-ba8c-40b13e9f4f1f,79ed54b2-a85f-4335-adec-993f2e69c45d,02 - Jack Quick Shield,raw_ab033f7b_82e2_4044_b0cb_9024cf56db51,raw_ab033f7b_82e2_4044_b0cb_9024cf56db51,Reuel Sharan,Reuel Sharan,0,0,2024-03-16T13:00:00.0000000+11:00,2
f8ebef3a-ba2d-48c4-95f8-0b13d067e817,Summer 2023/24,0b5a071a-2606-48b0-ba8c-40b13e9f4f1f,79ed54b2-a85f-4335-adec-993f2e69c45d,02 - Jack Quick Shield,raw_bd3267a9_62a4_4ef6_9c96_ca89ef724e76,raw_bd3267a9_62a4_4ef6_9c96_ca89ef724e76,Santhosh Kumar Chappidi,Santhosh Kumar Chappidi,0,0,2024-03-16T13:00:00.0000000+11:00,13
f8ebef3a-ba2d-48c4-95f8-0b13d067e817,Summer 2023/24,0b5a071a-2606-48b0-ba8c-40b13e9f4f1f,79ed54b2-a85f-4335-adec-993f2e69c45d,02 - Jack Quick Shield,raw_d7f93a87_6b05_4830_a524_41457fd00603,raw_d7f93a87_6b05_4830_a524_41457fd00603,Shaun Vikash,Shaun Vikash,3,0,2024-03-16T13:00:00.0000000+11:00,14
f8ebef3a-ba2d-48c4-95f8-0b13d067e817,Summer 2023/24,0b5a071a-2606-48b0-ba8c-40b13e9f4f1f,79ed54b2-a85f-4335-adec-993f2e69c45d,02 - Jack Quick Shield,raw_f4eec6b0_c7ff_4771_b4f1_8ea5865e1186,raw_f4eec6b0_c7ff_4771_b4f1_8ea5865e1186,Akshat Bodele,Akshat Bodele,0,0,2024-03-16T13:00:00.0000000+11:00,11
f8ebef3a-ba2d-48c4-95f8-0b13d067e817,Summer 2023/24,0b5a071a-2606-48b0-ba8c-40b13e9f4f1f,79ed54b2-a85f-4335-adec-993f2e69c45d,02 - Jack Quick Shield,sandeep_gill,sandeep_gill,Sandeep Gill,Sandeep Gill,0,0,2023-12-16T13:00:00.0000000+11:00,2
f8ebef3a-ba2d-48c4-95f8-0b13d067e817,Summer 2023/24,0b5a071a-2606-48b0-ba8c-40b13e9f4f1f,79ed54b2-a85f-4335-adec-993f2e69c45d,02 - Jack Quick Shield,srikanth_para,srikanth_para,Srikanth Para,Srikanth Para,0,0,2024-01-27T13:00:00.0000000+11:00,10
f8ebef3a-ba2d-48c4-95f8-0b13d067e817,Summer 2023/24,0b5a071a-2606-48b0-ba8c-40b13e9f4f1f,79ed54b2-a85f-4335-adec-993f2e69c45d,02 - Jack Quick Shield,vinay_sharma,vinay_sharma,Vinay Sharma,Vinay Sharma,0,0,2024-01-27T13:00:00.0000000+11:00,1
f8ebef3a-ba2d-48c4-95f8-0b13d067e817,Summer 2023/24,780a8939-3979-44a8-a31b-b675e2dc33c5,4e2e525d-4ba4-4a35-9e22-3fbca5132593,"04 - ""B"" Grade",aravind_boddula,aravind_boddula,Aravind Boddula,Aravind Boddula,1,1,2024-02-10T13:00:00.0000000+11:00,9
f8ebef3a-ba2d-48c4-95f8-0b13d067e817,Summer 2023/24,780a8939-3979-44a8-a31b-b675e2dc33c5,4e2e525d-4ba4-4a35-9e22-3fbca5132593,"04 - ""B"" Grade",balaji_viswanathan,balaji_viswanathan,Balaji Viswanathan,Balaji Viswanathan,0,0,2023-11-11T13:00:00.0000000+11:00,3
f8ebef3a-ba2d-48c4-95f8-0b13d067e817,Summer 2023/24,780a8939-3979-44a8-a31b-b675e2dc33c5,4e2e525d-4ba4-4a35-9e22-3fbca5132593,"04 - ""B"" Grade",danny_singh,danny_singh,Danny Singh,Danny Singh,0,0,2024-02-10T13:00:00.0000000+11:00,6
f8ebef3a-ba2d-48c4-95f8-0b13d067e817,Summer 2023/24,780a8939-3979-44a8-a31b-b675e2dc33c5,4e2e525d-4ba4-4a35-9e22-3fbca5132593,"04 - ""B"" Grade",feroz_hassan,feroz_hassan,Feroz Hassan,Feroz Hassan,0,0,2024-01-27T13:00:00.0000000+11:00,1
f8ebef3a-ba2d-48c4-95f8-0b13d067e817,Summer 2023/24,780a8939-3979-44a8-a31b-b675e2dc33c5,4e2e525d-4ba4-4a35-9e22-3fbca5132593,"04 - ""B"" Grade",ibad_mohammed,ibad_mohammed,Ibad Mohammed,Ibad Mohammed,0,0,2024-02-24T13:00:00.0000000+11:00,5
f8ebef3a-ba2d-48c4-95f8-0b13d067e817,Summer 2023/24,780a8939-3979-44a8-a31b-b675e2dc33c5,4e2e525d-4ba4-4a35-9e22-3fbca5132593,"04 - ""B"" Grade",predheesh_valayil_sivanandan,predheesh_valayil_sivanandan,Predheesh Valayil Sivanandan,Predheesh Valayil Sivanandan,0,0,2024-02-24T13:00:00.0000000+11:00,5
f8ebef3a-ba2d-48c4-95f8-0b13d067e817,Summer 2023/24,780a8939-3979-44a8-a31b-b675e2dc33c5,4e2e525d-4ba4-4a35-9e22-3fbca5132593,"04 - ""B"" Grade",ravi_chowdary,ravi_chowdary,Ravi Chowdary,Ravi Chowdary,0,0,2024-01-27T13:00:00.0000000+11:00,4
f8ebef3a-ba2d-48c4-95f8-0b13d067e817,Summer 2023/24,780a8939-3979-44a8-a31b-b675e2dc33c5,4e2e525d-4ba4-4a35-9e22-3fbca5132593,"04 - ""B"" Grade",raw_162cce2f_a5bb_451f_ab68_d7a037f018ee,raw_162cce2f_a5bb_451f_ab68_d7a037f018ee,Benjamin Frew,Benjamin Frew,0,0,2024-02-10T13:00:00.0000000+11:00,2
f8ebef3a-ba2d-48c4-95f8-0b13d067e817,Summer 2023/24,780a8939-3979-44a8-a31b-b675e2dc33c5,4e2e525d-4ba4-4a35-9e22-3fbca5132593,"04 - ""B"" Grade",raw_3d9fa6ce_5eda_431f_bd3c_dd553676da9a,raw_3d9fa6ce_5eda_431f_bd3c_dd553676da9a,Bikesh Shrestha,Bikesh Shrestha,0,0,2024-01-06T13:00:00.0000000+11:00,1
f8ebef3a-ba2d-48c4-95f8-0b13d067e817,Summer 2023/24,780a8939-3979-44a8-a31b-b675e2dc33c5,4e2e525d-4ba4-4a35-9e22-3fbca5132593,"04 - ""B"" Grade",raw_5bb5ba70_d7c7_4e21_a6ca_b6e111b4f1e4,raw_5bb5ba70_d7c7_4e21_a6ca_b6e111b4f1e4,Nabin Shrestha,Nabin Shrestha,0,0,2023-11-04T13:00:00.0000000+11:00,1
f8ebef3a-ba2d-48c4-95f8-0b13d067e817,Summer 2023/24,780a8939-3979-44a8-a31b-b675e2dc33c5,4e2e525d-4ba4-4a35-9e22-3fbca5132593,"04 - ""B"" Grade",raw_661bdd19_e67a_4978_a255_36e16789ab1f,raw_661bdd19_e67a_4978_a255_36e16789ab1f,Nitin Tanwar,Nitin Tanwar,0,0,2024-02-24T13:00:00.0000000+11:00,1
f8ebef3a-ba2d-48c4-95f8-0b13d067e817,Summer 2023/24,780a8939-3979-44a8-a31b-b675e2dc33c5,4e2e525d-4ba4-4a35-9e22-3fbca5132593,"04 - ""B"" Grade",raw_6b74d336_b105_407c_b4ef_f68e2fba7862,raw_6b74d336_b105_407c_b4ef_f68e2fba7862,Damandeep Sehra,Damandeep Sehra,0,0,2023-11-18T13:00:00.0000000+11:00,1
f8ebef3a-ba2d-48c4-95f8-0b13d067e817,Summer 2023/24,780a8939-3979-44a8-a31b-b675e2dc33c5,4e2e525d-4ba4-4a35-9e22-3fbca5132593,"04 - ""B"" Grade",raw_71ef9dbf_3692_4288_94d6_3030623bea83,raw_71ef9dbf_3692_4288_94d6_3030623bea83,Muhammad Anas Mukhtar,Muhammad Anas Mukhtar,0,0,2024-02-24T13:00:00.0000000+11:00,1
f8ebef3a-ba2d-48c4-95f8-0b13d067e817,Summer 2023/24,780a8939-3979-44a8-a31b-b675e2dc33c5,4e2e525d-4ba4-4a35-9e22-3fbca5132593,"04 - ""B"" Grade",raw_ab033f7b_82e2_4044_b0cb_9024cf56db51,raw_ab033f7b_82e2_4044_b0cb_9024cf56db51,Reuel Sharan,Reuel Sharan,0,0,2023-12-16T13:00:00.0000000+11:00,2
f8ebef3a-ba2d-48c4-95f8-0b13d067e817,Summer 2023/24,780a8939-3979-44a8-a31b-b675e2dc33c5,4e2e525d-4ba4-4a35-9e22-3fbca5132593,"04 - ""B"" Grade",raw_ac94098c_ddf6_45b6_aec2_27c97ec99aed,raw_ac94098c_ddf6_45b6_aec2_27c97ec99aed,Ajith Kumar Vaddevolu,Ajith Kumar Vaddevolu,0,0,2024-01-06T13:00:00.0000000+11:00,2
f8ebef3a-ba2d-48c4-95f8-0b13d067e817,Summer 2023/24,780a8939-3979-44a8-a31b-b675e2dc33c5,4e2e525d-4ba4-4a35-9e22-3fbca5132593,"04 - ""B"" Grade",raw_bacb745b_1109_4ffc_b4ce_f53bf8c269ce,raw_bacb745b_1109_4ffc_b4ce_f53bf8c269ce,Syed Shabbir,Syed Shabbir,2,0,2024-02-10T13:00:00.0000000+11:00,9
f8ebef3a-ba2d-48c4-95f8-0b13d067e817,Summer 2023/24,780a8939-3979-44a8-a31b-b675e2dc33c5,4e2e525d-4ba4-4a35-9e22-3fbca5132593,"04 - ""B"" Grade",raw_bd3267a9_62a4_4ef6_9c96_ca89ef724e76,raw_bd3267a9_62a4_4ef6_9c96_ca89ef724e76,Santhosh Kumar Chappidi,Santhosh Kumar Chappidi,0,0,2023-10-14T13:00:00.0000000+11:00,2
f8ebef3a-ba2d-48c4-95f8-0b13d067e817,Summer 2023/24,780a8939-3979-44a8-a31b-b675e2dc33c5,4e2e525d-4ba4-4a35-9e22-3fbca5132593,"04 - ""B"" Grade",raw_ccb3384b_2674_455d_a9fa_e52ac4bd07a3,raw_ccb3384b_2674_455d_a9fa_e52ac4bd07a3,Bishal K C,Bishal K C,1,0,2024-02-24T13:00:00.0000000+11:00,1
f8ebef3a-ba2d-48c4-95f8-0b13d067e817,Summer 2023/24,780a8939-3979-44a8-a31b-b675e2dc33c5,4e2e525d-4ba4-4a35-9e22-3fbca5132593,"04 - ""B"" Grade",raw_cefd9f7d_2787_4b4c_9a13_4e1d0d434ff8,raw_cefd9f7d_2787_4b4c_9a13_4e1d0d434ff8,Siddhesh Jitendrabhai Vadapalli,Siddhesh Jitendrabhai Vadapalli,0,0,2023-12-16T13:00:00.0000000+11:00,2
f8ebef3a-ba2d-48c4-95f8-0b13d067e817,Summer 2023/24,780a8939-3979-44a8-a31b-b675e2dc33c5,4e2e525d-4ba4-4a35-9e22-3fbca5132593,"04 - ""B"" Grade",raw_e8759141_4095_4f8d_8992_14915c242fac,raw_e8759141_4095_4f8d_8992_14915c242fac,Arogya Dutta Bhattarai,Arogya Dutta Bhattarai,0,0,2024-01-06T13:00:00.0000000+11:00,2
f8ebef3a-ba2d-48c4-95f8-0b13d067e817,Summer 2023/24,780a8939-3979-44a8-a31b-b675e2dc33c5,4e2e525d-4ba4-4a35-9e22-3fbca5132593,"04 - ""B"" Grade",saleem_shafqat,saleem_shafqat,Saleem Shafqat,Saleem Shafqat,0,0,2023-11-11T13:00:00.0000000+11:00,1
f8ebef3a-ba2d-48c4-95f8-0b13d067e817,Summer 2023/24,780a8939-3979-44a8-a31b-b675e2dc33c5,4e2e525d-4ba4-4a35-9e22-3fbca5132593,"04 - ""B"" Grade",sandeep_gill,sandeep_gill,Sandeep Gill,Sandeep Gill,1,0,2023-11-18T13:00:00.0000000+11:00,4
f8ebef3a-ba2d-48c4-95f8-0b13d067e817,Summer 2023/24,780a8939-3979-44a8-a31b-b675e2dc33c5,4e2e525d-4ba4-4a35-9e22-3fbca5132593,"04 - ""B"" Grade",shivnyl_naidu,shivnyl_naidu,Shivnyl Naidu,Shivnyl Naidu,0,0,2024-02-24T13:00:00.0000000+11:00,7
f8ebef3a-ba2d-48c4-95f8-0b13d067e817,Summer 2023/24,780a8939-3979-44a8-a31b-b675e2dc33c5,4e2e525d-4ba4-4a35-9e22-3fbca5132593,"04 - ""B"" Grade",vijay_sandepudi,vijay_sandepudi,Vijay Sandepudi,Vijay Sandepudi,0,0,2024-01-06T13:00:00.0000000+11:00,2
f8ebef3a-ba2d-48c4-95f8-0b13d067e817,Summer 2023/24,780a8939-3979-44a8-a31b-b675e2dc33c5,4e2e525d-4ba4-4a35-9e22-3fbca5132593,"04 - ""B"" Grade",vinay_sharma,vinay_sharma,Vinay Sharma,Vinay Sharma,0,0,2024-02-24T13:00:00.0000000+11:00,2
f8ebef3a-ba2d-48c4-95f8-0b13d067e817,Summer 2023/24,780a8939-3979-44a8-a31b-b675e2dc33c5,4e2e525d-4ba4-4a35-9e22-3fbca5132593,"04 - ""B"" Grade",vishnu_para,vishnu_para,Vishnu Para,Vishnu Para,0,0,2024-02-24T13:00:00.0000000+11:00,2
f8ebef3a-ba2d-48c4-95f8-0b13d067e817,Summer 2023/24,780a8939-3979-44a8-a31b-b675e2dc33c5,4e2e525d-4ba4-4a35-9e22-3fbca5132593,"04 - ""B"" Grade",wajhi_syed,wajhi_syed,Wajhi Syed,Wajhi Syed,0,0,2024-01-27T13:00:00.0000000+11:00,1
f8ebef3a-ba2d-48c4-95f8-0b13d067e817,Summer 2023/24,793ed24c-47cf-40c0-9010-eceaa3f401df,808f246f-0a0d-4f81-bdd8-67babf98339f,"05 - ""C"" Grade",aravind_boddula,aravind_boddula,Aravind Boddula,Aravind Boddula,0,0,2024-01-13T13:00:00.0000000+11:00,1
f8ebef3a-ba2d-48c4-95f8-0b13d067e817,Summer 2023/24,793ed24c-47cf-40c0-9010-eceaa3f401df,808f246f-0a0d-4f81-bdd8-67babf98339f,"05 - ""C"" Grade",clint_fernandes,clint_fernandes,Clint Fernandes,Clint Fernandes,0,0,2023-12-16T13:00:00.0000000+11:00,1
f8ebef3a-ba2d-48c4-95f8-0b13d067e817,Summer 2023/24,793ed24c-47cf-40c0-9010-eceaa3f401df,808f246f-0a0d-4f81-bdd8-67babf98339f,"05 - ""C"" Grade",deepak_sharma,deepak_sharma,Deepak Sharma,Deepak Sharma,0,0,2024-01-27T13:00:00.0000000+11:00,1
f8ebef3a-ba2d-48c4-95f8-0b13d067e817,Summer 2023/24,793ed24c-47cf-40c0-9010-eceaa3f401df,808f246f-0a0d-4f81-bdd8-67babf98339f,"05 - ""C"" Grade",feroz_hassan,feroz_hassan,Feroz Hassan,Feroz Hassan,0,0,2023-11-04T13:00:00.0000000+11:00,2
f8ebef3a-ba2d-48c4-95f8-0b13d067e817,Summer 2023/24,793ed24c-47cf-40c0-9010-eceaa3f401df,808f246f-0a0d-4f81-bdd8-67babf98339f,"05 - ""C"" Grade",gopi_krishna,gopi_krishna,Gopi Krishna,Gopi Krishna,0,0,2024-02-10T13:00:00.0000000+11:00,2
f8ebef3a-ba2d-48c4-95f8-0b13d067e817,Summer 2023/24,793ed24c-47cf-40c0-9010-eceaa3f401df,808f246f-0a0d-4f81-bdd8-67babf98339f,"05 - ""C"" Grade",kalpeshkumar_patel,kalpeshkumar_patel,Kalpeshkumar Patel,Kalpeshkumar Patel,0,1,2024-01-13T13:00:00.0000000+11:00,1
f8ebef3a-ba2d-48c4-95f8-0b13d067e817,Summer 2023/24,793ed24c-47cf-40c0-9010-eceaa3f401df,808f246f-0a0d-4f81-bdd8-67babf98339f,"05 - ""C"" Grade",kieran_bhan,kieran_bhan,Kieran Bhan,Kieran Bhan,0,0,2024-02-10T13:00:00.0000000+11:00,4
f8ebef3a-ba2d-48c4-95f8-0b13d067e817,Summer 2023/24,793ed24c-47cf-40c0-9010-eceaa3f401df,808f246f-0a0d-4f81-bdd8-67babf98339f,"05 - ""C"" Grade",nikhil_sawant,nikhil_sawant,Nikhil Sawant,Nikhil Sawant,0,0,2023-10-14T13:00:00.0000000+11:00,1
f8ebef3a-ba2d-48c4-95f8-0b13d067e817,Summer 2023/24,793ed24c-47cf-40c0-9010-eceaa3f401df,808f246f-0a0d-4f81-bdd8-67babf98339f,"05 - ""C"" Grade",phanindra_padigella,phanindra_padigella,Phanindra Padigella,Phanindra Padigella,0,0,2023-10-21T13:00:00.0000000+11:00,1
f8ebef3a-ba2d-48c4-95f8-0b13d067e817,Summer 2023/24,793ed24c-47cf-40c0-9010-eceaa3f401df,808f246f-0a0d-4f81-bdd8-67babf98339f,"05 - ""C"" Grade",praveen_lama,praveen_lama,Praveen Lama,Praveen Lama,1,0,2023-11-18T13:00:00.0000000+11:00,3
f8ebef3a-ba2d-48c4-95f8-0b13d067e817,Summer 2023/24,793ed24c-47cf-40c0-9010-eceaa3f401df,808f246f-0a0d-4f81-bdd8-67babf98339f,"05 - ""C"" Grade",ravi_chowdary,ravi_chowdary,Ravi Chowdary,Ravi Chowdary,0,0,2024-02-10T13:00:00.0000000+11:00,6
f8ebef3a-ba2d-48c4-95f8-0b13d067e817,Summer 2023/24,793ed24c-47cf-40c0-9010-eceaa3f401df,808f246f-0a0d-4f81-bdd8-67babf98339f,"05 - ""C"" Grade",raw_01556a25_58bb_4ace_b8fb_875251244e84,raw_01556a25_58bb_4ace_b8fb_875251244e84,Rajarajan Parthipan,Rajarajan Parthipan,0,0,2024-01-27T13:00:00.0000000+11:00,3
f8ebef3a-ba2d-48c4-95f8-0b13d067e817,Summer 2023/24,793ed24c-47cf-40c0-9010-eceaa3f401df,808f246f-0a0d-4f81-bdd8-67babf98339f,"05 - ""C"" Grade",raw_0ceda279_1aad_42cd_a342_75c5faf3ad14,raw_0ceda279_1aad_42cd_a342_75c5faf3ad14,Vineeth Yamani,Vineeth Yamani,1,0,2024-02-10T13:00:00.0000000+11:00,10
f8ebef3a-ba2d-48c4-95f8-0b13d067e817,Summer 2023/24,793ed24c-47cf-40c0-9010-eceaa3f401df,808f246f-0a0d-4f81-bdd8-67babf98339f,"05 - ""C"" Grade",raw_100b60f9_15ab_4d35_9626_be4212a5d0e2,raw_100b60f9_15ab_4d35_9626_be4212a5d0e2,Rama Suravajjula,Rama Suravajjula,0,0,2024-01-13T13:00:00.0000000+11:00,5
f8ebef3a-ba2d-48c4-95f8-0b13d067e817,Summer 2023/24,793ed24c-47cf-40c0-9010-eceaa3f401df,808f246f-0a0d-4f81-bdd8-67babf98339f,"05 - ""C"" Grade",raw_162cce2f_a5bb_451f_ab68_d7a037f018ee,raw_162cce2f_a5bb_451f_ab68_d7a037f018ee,Benjamin Frew,Benjamin Frew,0,0,2023-11-11T13:00:00.0000000+11:00,1
f8ebef3a-ba2d-48c4-95f8-0b13d067e817,Summer 2023/24,793ed24c-47cf-40c0-9010-eceaa3f401df,808f246f-0a0d-4f81-bdd8-67babf98339f,"05 - ""C"" Grade",raw_17d58ef7_cae1_444e_adba_71c74067872b,raw_17d58ef7_cae1_444e_adba_71c74067872b,Prasad Rahate,Prasad Rahate,0,0,2023-11-04T13:00:00.0000000+11:00,1
f8ebef3a-ba2d-48c4-95f8-0b13d067e817,Summer 2023/24,793ed24c-47cf-40c0-9010-eceaa3f401df,808f246f-0a0d-4f81-bdd8-67babf98339f,"05 - ""C"" Grade",raw_3d9fa6ce_5eda_431f_bd3c_dd553676da9a,raw_3d9fa6ce_5eda_431f_bd3c_dd553676da9a,Bikesh Shrestha,Bikesh Shrestha,0,0,2024-02-10T13:00:00.0000000+11:00,1
f8ebef3a-ba2d-48c4-95f8-0b13d067e817,Summer 2023/24,793ed24c-47cf-40c0-9010-eceaa3f401df,808f246f-0a0d-4f81-bdd8-67babf98339f,"05 - ""C"" Grade",raw_400e4752_f236_4ca7_93e9_fd8ebee6735e,raw_400e4752_f236_4ca7_93e9_fd8ebee6735e,Siddhanth Chaurasiya,Siddhanth Chaurasiya,1,0,2023-11-04T13:00:00.0000000+11:00,1
f8ebef3a-ba2d-48c4-95f8-0b13d067e817,Summer 2023/24,793ed24c-47cf-40c0-9010-eceaa3f401df,808f246f-0a0d-4f81-bdd8-67babf98339f,"05 - ""C"" Grade",raw_661bdd19_e67a_4978_a255_36e16789ab1f,raw_661bdd19_e67a_4978_a255_36e16789ab1f,Nitin Tanwar,Nitin Tanwar,0,0,2023-10-14T13:00:00.0000000+11:00,1
f8ebef3a-ba2d-48c4-95f8-0b13d067e817,Summer 2023/24,793ed24c-47cf-40c0-9010-eceaa3f401df,808f246f-0a0d-4f81-bdd8-67babf98339f,"05 - ""C"" Grade",raw_7c6d53e3_6a85_43ef_81ae_907aa37b1946,raw_7c6d53e3_6a85_43ef_81ae_907aa37b1946,Mehdi Abidi,Mehdi Abidi,1,0,2023-11-18T13:00:00.0000000+11:00,2
f8ebef3a-ba2d-48c4-95f8-0b13d067e817,Summer 2023/24,793ed24c-47cf-40c0-9010-eceaa3f401df,808f246f-0a0d-4f81-bdd8-67babf98339f,"05 - ""C"" Grade",raw_8a856bda_2a2c_416f_948f_f80829c83646,raw_8a856bda_2a2c_416f_948f_f80829c83646,Padmanabhan Srinivasan,Padmanabhan Srinivasan,0,0,2024-01-06T13:00:00.0000000+11:00,1
f8ebef3a-ba2d-48c4-95f8-0b13d067e817,Summer 2023/24,793ed24c-47cf-40c0-9010-eceaa3f401df,808f246f-0a0d-4f81-bdd8-67babf98339f,"05 - ""C"" Grade",raw_ac94098c_ddf6_45b6_aec2_27c97ec99aed,raw_ac94098c_ddf6_45b6_aec2_27c97ec99aed,Ajith Kumar Vaddevolu,Ajith Kumar Vaddevolu,0,0,2024-01-13T13:00:00.0000000+11:00,5
f8ebef3a-ba2d-48c4-95f8-0b13d067e817,Summer 2023/24,793ed24c-47cf-40c0-9010-eceaa3f401df,808f246f-0a0d-4f81-bdd8-67babf98339f,"05 - ""C"" Grade",raw_ae261d51_9af8_4123_b965_4adda74aafc6,raw_ae261d51_9af8_4123_b965_4adda74aafc6,Jacob Joseph,Jacob Joseph,0,0,2024-01-27T13:00:00.0000000+11:00,1
f8ebef3a-ba2d-48c4-95f8-0b13d067e817,Summer 2023/24,793ed24c-47cf-40c0-9010-eceaa3f401df,808f246f-0a0d-4f81-bdd8-67babf98339f,"05 - ""C"" Grade",raw_c3a31191_6c5e_438e_9288_354845031832,raw_c3a31191_6c5e_438e_9288_354845031832,Abcin Thomas,Abcin Thomas,0,0,2024-01-06T13:00:00.0000000+11:00,3
f8ebef3a-ba2d-48c4-95f8-0b13d067e817,Summer 2023/24,793ed24c-47cf-40c0-9010-eceaa3f401df,808f246f-0a0d-4f81-bdd8-67babf98339f,"05 - ""C"" Grade",raw_ccb3384b_2674_455d_a9fa_e52ac4bd07a3,raw_ccb3384b_2674_455d_a9fa_e52ac4bd07a3,Bishal K C,Bishal K C,1,0,2024-02-10T13:00:00.0000000+11:00,6
f8ebef3a-ba2d-48c4-95f8-0b13d067e817,Summer 2023/24,793ed24c-47cf-40c0-9010-eceaa3f401df,808f246f-0a0d-4f81-bdd8-67babf98339f,"05 - ""C"" Grade",raw_decfd911_91b6_4187_9189_228e700a5f3e,raw_decfd911_91b6_4187_9189_228e700a5f3e,Ramesh Dhanasekaran,Ramesh Dhanasekaran,0,0,2024-02-10T13:00:00.0000000+11:00,3
f8ebef3a-ba2d-48c4-95f8-0b13d067e817,Summer 2023/24,793ed24c-47cf-40c0-9010-eceaa3f401df,808f246f-0a0d-4f81-bdd8-67babf98339f,"05 - ""C"" Grade",raw_e8759141_4095_4f8d_8992_14915c242fac,raw_e8759141_4095_4f8d_8992_14915c242fac,Arogya Dutta Bhattarai,Arogya Dutta Bhattarai,0,0,2023-11-18T13:00:00.0000000+11:00,2
f8ebef3a-ba2d-48c4-95f8-0b13d067e817,Summer 2023/24,793ed24c-47cf-40c0-9010-eceaa3f401df,808f246f-0a0d-4f81-bdd8-67babf98339f,"05 - ""C"" Grade",raw_e8ba8e6a_f654_4def_9abd_a37b607a6223,raw_e8ba8e6a_f654_4def_9abd_a37b607a6223,Madhu Vadakkedath,Madhu Vadakkedath,0,0,2023-12-16T13:00:00.0000000+11:00,2
f8ebef3a-ba2d-48c4-95f8-0b13d067e817,Summer 2023/24,793ed24c-47cf-40c0-9010-eceaa3f401df,808f246f-0a0d-4f81-bdd8-67babf98339f,"05 - ""C"" Grade",raw_f6dd9552_fbc5_4490_ac27_b50ff948f8f5,raw_f6dd9552_fbc5_4490_ac27_b50ff948f8f5,Priyanshu Tomar,Priyanshu Tomar,0,0,2024-01-27T13:00:00.0000000+11:00,1
f8ebef3a-ba2d-48c4-95f8-0b13d067e817,Summer 2023/24,793ed24c-47cf-40c0-9010-eceaa3f401df,808f246f-0a0d-4f81-bdd8-67babf98339f,"05 - ""C"" Grade",raw_f70da7a3_d303_4ef0_8b35_ec6f69e0685a,raw_f70da7a3_d303_4ef0_8b35_ec6f69e0685a,Bibek Neupane,Bibek Neupane,0,0,2023-12-16T13:00:00.0000000+11:00,2
f8ebef3a-ba2d-48c4-95f8-0b13d067e817,Summer 2023/24,793ed24c-47cf-40c0-9010-eceaa3f401df,808f246f-0a0d-4f81-bdd8-67babf98339f,"05 - ""C"" Grade",raw_fa1b6803_3b25_4211_b5aa_d1ea9168d018,raw_fa1b6803_3b25_4211_b5aa_d1ea9168d018,Aryan Datta,Aryan Datta,0,0,2024-01-06T13:00:00.0000000+11:00,2
f8ebef3a-ba2d-48c4-95f8-0b13d067e817,Summer 2023/24,793ed24c-47cf-40c0-9010-eceaa3f401df,808f246f-0a0d-4f81-bdd8-67babf98339f,"05 - ""C"" Grade",shiv_ganachari,shiv_ganachari,Shiv Ganachari,Shiv Ganachari,0,0,2023-10-21T13:00:00.0000000+11:00,1
f8ebef3a-ba2d-48c4-95f8-0b13d067e817,Summer 2023/24,793ed24c-47cf-40c0-9010-eceaa3f401df,808f246f-0a0d-4f81-bdd8-67babf98339f,"05 - ""C"" Grade",vijay_sandepudi,vijay_sandepudi,Vijay Sandepudi,Vijay Sandepudi,0,0,2024-01-13T13:00:00.0000000+11:00,4
f8ebef3a-ba2d-48c4-95f8-0b13d067e817,Summer 2023/24,793ed24c-47cf-40c0-9010-eceaa3f401df,808f246f-0a0d-4f81-bdd8-67babf98339f,"05 - ""C"" Grade",vinay_sharma,vinay_sharma,Vinay Sharma,Vinay Sharma,0,0,2024-01-13T13:00:00.0000000+11:00,2
f8ebef3a-ba2d-48c4-95f8-0b13d067e817,Summer 2023/24,793ed24c-47cf-40c0-9010-eceaa3f401df,808f246f-0a0d-4f81-bdd8-67babf98339f,"05 - ""C"" Grade",vishnu_para,vishnu_para,Vishnu Para,Vishnu Para,0,0,2024-02-10T13:00:00.0000000+11:00,6
f8ebef3a-ba2d-48c4-95f8-0b13d067e817,Summer 2023/24,793ed24c-47cf-40c0-9010-eceaa3f401df,808f246f-0a0d-4f81-bdd8-67babf98339f,"05 - ""C"" Grade",wajhi_syed,wajhi_syed,Wajhi Syed,Wajhi Syed,0,0,2024-02-10T13:00:00.0000000+11:00,3
f8ebef3a-ba2d-48c4-95f8-0b13d067e817,Summer 2023/24,87ba489f-620c-4dad-9a0e-f9d8d7d3a449,12ac33af-31f2-4231-a075-c7e1e2d779fe,08 - Robert Young DODC,amresh_bhan,amresh_bhan,Amresh Bhan,Amresh Bhan,0,0,2024-02-03T13:00:00.0000000+11:00,1
f8ebef3a-ba2d-48c4-95f8-0b13d067e817,Summer 2023/24,87ba489f-620c-4dad-9a0e-f9d8d7d3a449,12ac33af-31f2-4231-a075-c7e1e2d779fe,08 - Robert Young DODC,damien_vikash,damien_vikash,Damien Vikash,Damien Vikash,0,0,2024-02-17T13:00:00.0000000+11:00,3
f8ebef3a-ba2d-48c4-95f8-0b13d067e817,Summer 2023/24,87ba489f-620c-4dad-9a0e-f9d8d7d3a449,12ac33af-31f2-4231-a075-c7e1e2d779fe,08 - Robert Young DODC,deepak_sharma,deepak_sharma,Deepak Sharma,Deepak Sharma,0,0,2023-11-25T13:00:00.0000000+11:00,2
f8ebef3a-ba2d-48c4-95f8-0b13d067e817,Summer 2023/24,87ba489f-620c-4dad-9a0e-f9d8d7d3a449,12ac33af-31f2-4231-a075-c7e1e2d779fe,08 - Robert Young DODC,feroz_hassan,feroz_hassan,Feroz Hassan,Feroz Hassan,2,0,2024-02-24T13:00:00.0000000+11:00,7
f8ebef3a-ba2d-48c4-95f8-0b13d067e817,Summer 2023/24,87ba489f-620c-4dad-9a0e-f9d8d7d3a449,12ac33af-31f2-4231-a075-c7e1e2d779fe,08 - Robert Young DODC,kieran_bhan,kieran_bhan,Kieran Bhan,Kieran Bhan,1,0,2024-02-24T13:00:00.0000000+11:00,3
f8ebef3a-ba2d-48c4-95f8-0b13d067e817,Summer 2023/24,87ba489f-620c-4dad-9a0e-f9d8d7d3a449,12ac33af-31f2-4231-a075-c7e1e2d779fe,08 - Robert Young DODC,ravi_chowdary,ravi_chowdary,Ravi Chowdary,Ravi Chowdary,0,0,2024-02-24T13:00:00.0000000+11:00,1
f8ebef3a-ba2d-48c4-95f8-0b13d067e817,Summer 2023/24,87ba489f-620c-4dad-9a0e-f9d8d7d3a449,12ac33af-31f2-4231-a075-c7e1e2d779fe,08 - Robert Young DODC,raw_01556a25_58bb_4ace_b8fb_875251244e84,raw_01556a25_58bb_4ace_b8fb_875251244e84,Rajarajan Parthipan,Rajarajan Parthipan,0,0,2024-02-10T13:00:00.0000000+11:00,2
f8ebef3a-ba2d-48c4-95f8-0b13d067e817,Summer 2023/24,87ba489f-620c-4dad-9a0e-f9d8d7d3a449,12ac33af-31f2-4231-a075-c7e1e2d779fe,08 - Robert Young DODC,raw_0ceda279_1aad_42cd_a342_75c5faf3ad14,raw_0ceda279_1aad_42cd_a342_75c5faf3ad14,Vineeth Yamani,Vineeth Yamani,0,0,2024-02-24T13:00:00.0000000+11:00,1
f8ebef3a-ba2d-48c4-95f8-0b13d067e817,Summer 2023/24,87ba489f-620c-4dad-9a0e-f9d8d7d3a449,12ac33af-31f2-4231-a075-c7e1e2d779fe,08 - Robert Young DODC,raw_17d58ef7_cae1_444e_adba_71c74067872b,raw_17d58ef7_cae1_444e_adba_71c74067872b,Prasad Rahate,Prasad Rahate,3,0,2024-02-24T13:00:00.0000000+11:00,7
f8ebef3a-ba2d-48c4-95f8-0b13d067e817,Summer 2023/24,87ba489f-620c-4dad-9a0e-f9d8d7d3a449,12ac33af-31f2-4231-a075-c7e1e2d779fe,08 - Robert Young DODC,raw_232cc042_1e4c_423a_9190_e3432698c99d,raw_232cc042_1e4c_423a_9190_e3432698c99d,Reuben Sharan,Reuben Sharan,0,0,2024-02-24T13:00:00.0000000+11:00,2
f8ebef3a-ba2d-48c4-95f8-0b13d067e817,Summer 2023/24,87ba489f-620c-4dad-9a0e-f9d8d7d3a449,12ac33af-31f2-4231-a075-c7e1e2d779fe,08 - Robert Young DODC,raw_400e4752_f236_4ca7_93e9_fd8ebee6735e,raw_400e4752_f236_4ca7_93e9_fd8ebee6735e,Siddhanth Chaurasiya,Siddhanth Chaurasiya,0,0,2024-02-24T13:00:00.0000000+11:00,10
f8ebef3a-ba2d-48c4-95f8-0b13d067e817,Summer 2023/24,87ba489f-620c-4dad-9a0e-f9d8d7d3a449,12ac33af-31f2-4231-a075-c7e1e2d779fe,08 - Robert Young DODC,raw_5bb5ba70_d7c7_4e21_a6ca_b6e111b4f1e4,raw_5bb5ba70_d7c7_4e21_a6ca_b6e111b4f1e4,Nabin Shrestha,Nabin Shrestha,0,0,2023-11-25T13:00:00.0000000+11:00,2
f8ebef3a-ba2d-48c4-95f8-0b13d067e817,Summer 2023/24,87ba489f-620c-4dad-9a0e-f9d8d7d3a449,12ac33af-31f2-4231-a075-c7e1e2d779fe,08 - Robert Young DODC,raw_7512873c_b6b6_49fe_80ff_3733b5abd044,raw_7512873c_b6b6_49fe_80ff_3733b5abd044,Mohaneesh Pitre,Mohaneesh Pitre,0,0,2024-02-10T13:00:00.0000000+11:00,6
f8ebef3a-ba2d-48c4-95f8-0b13d067e817,Summer 2023/24,87ba489f-620c-4dad-9a0e-f9d8d7d3a449,12ac33af-31f2-4231-a075-c7e1e2d779fe,08 - Robert Young DODC,raw_7c6d53e3_6a85_43ef_81ae_907aa37b1946,raw_7c6d53e3_6a85_43ef_81ae_907aa37b1946,Mehdi Abidi,Mehdi Abidi,0,0,2023-10-28T13:00:00.0000000+11:00,2
f8ebef3a-ba2d-48c4-95f8-0b13d067e817,Summer 2023/24,87ba489f-620c-4dad-9a0e-f9d8d7d3a449,12ac33af-31f2-4231-a075-c7e1e2d779fe,08 - Robert Young DODC,raw_7cccf3c2_52d5_4dfc_91c8_9664f27ac72b,raw_7cccf3c2_52d5_4dfc_91c8_9664f27ac72b,Jai Bhan,Jai Bhan,0,0,2024-02-03T13:00:00.0000000+11:00,1
f8ebef3a-ba2d-48c4-95f8-0b13d067e817,Summer 2023/24,87ba489f-620c-4dad-9a0e-f9d8d7d3a449,12ac33af-31f2-4231-a075-c7e1e2d779fe,08 - Robert Young DODC,raw_8a856bda_2a2c_416f_948f_f80829c83646,raw_8a856bda_2a2c_416f_948f_f80829c83646,Padmanabhan Srinivasan,Padmanabhan Srinivasan,0,0,2024-02-17T13:00:00.0000000+11:00,4
f8ebef3a-ba2d-48c4-95f8-0b13d067e817,Summer 2023/24,87ba489f-620c-4dad-9a0e-f9d8d7d3a449,12ac33af-31f2-4231-a075-c7e1e2d779fe,08 - Robert Young DODC,raw_8cc72ac1_93ab_43ad_a24f_fdcbf14da6a2,raw_8cc72ac1_93ab_43ad_a24f_fdcbf14da6a2,Kiran Tomy,Kiran Tomy,0,0,2024-02-17T13:00:00.0000000+11:00,5
f8ebef3a-ba2d-48c4-95f8-0b13d067e817,Summer 2023/24,87ba489f-620c-4dad-9a0e-f9d8d7d3a449,12ac33af-31f2-4231-a075-c7e1e2d779fe,08 - Robert Young DODC,raw_a0711994_f960_4c71_bea5_c9dd9f3edd83,raw_a0711994_f960_4c71_bea5_c9dd9f3edd83,Bikash Naik,Bikash Naik,0,0,2024-02-03T13:00:00.0000000+11:00,1
f8ebef3a-ba2d-48c4-95f8-0b13d067e817,Summer 2023/24,87ba489f-620c-4dad-9a0e-f9d8d7d3a449,12ac33af-31f2-4231-a075-c7e1e2d779fe,08 - Robert Young DODC,raw_ae261d51_9af8_4123_b965_4adda74aafc6,raw_ae261d51_9af8_4123_b965_4adda74aafc6,Jacob Joseph,Jacob Joseph,0,0,2024-02-17T13:00:00.0000000+11:00,9
f8ebef3a-ba2d-48c4-95f8-0b13d067e817,Summer 2023/24,87ba489f-620c-4dad-9a0e-f9d8d7d3a449,12ac33af-31f2-4231-a075-c7e1e2d779fe,08 - Robert Young DODC,raw_c3a31191_6c5e_438e_9288_354845031832,raw_c3a31191_6c5e_438e_9288_354845031832,Abcin Thomas,Abcin Thomas,0,0,2024-02-24T13:00:00.0000000+11:00,9
f8ebef3a-ba2d-48c4-95f8-0b13d067e817,Summer 2023/24,87ba489f-620c-4dad-9a0e-f9d8d7d3a449,12ac33af-31f2-4231-a075-c7e1e2d779fe,08 - Robert Young DODC,raw_cefd9f7d_2787_4b4c_9a13_4e1d0d434ff8,raw_cefd9f7d_2787_4b4c_9a13_4e1d0d434ff8,Siddhesh Jitendrabhai Vadapalli,Siddhesh Jitendrabhai Vadapalli,0,0,2024-01-13T13:00:00.0000000+11:00,1
f8ebef3a-ba2d-48c4-95f8-0b13d067e817,Summer 2023/24,87ba489f-620c-4dad-9a0e-f9d8d7d3a449,12ac33af-31f2-4231-a075-c7e1e2d779fe,08 - Robert Young DODC,raw_decfd911_91b6_4187_9189_228e700a5f3e,raw_decfd911_91b6_4187_9189_228e700a5f3e,Ramesh Dhanasekaran,Ramesh Dhanasekaran,0,0,2024-02-24T13:00:00.0000000+11:00,6
f8ebef3a-ba2d-48c4-95f8-0b13d067e817,Summer 2023/24,87ba489f-620c-4dad-9a0e-f9d8d7d3a449,12ac33af-31f2-4231-a075-c7e1e2d779fe,08 - Robert Young DODC,raw_f8d8264c_82d2_45e3_b23b_345d1938b09d,raw_f8d8264c_82d2_45e3_b23b_345d1938b09d,Luca Villella,Luca Villella,0,0,2024-02-03T13:00:00.0000000+11:00,1
f8ebef3a-ba2d-48c4-95f8-0b13d067e817,Summer 2023/24,87ba489f-620c-4dad-9a0e-f9d8d7d3a449,12ac33af-31f2-4231-a075-c7e1e2d779fe,08 - Robert Young DODC,raw_fa1b6803_3b25_4211_b5aa_d1ea9168d018,raw_fa1b6803_3b25_4211_b5aa_d1ea9168d018,Aryan Datta,Aryan Datta,0,0,2024-02-03T13:00:00.0000000+11:00,4
f8ebef3a-ba2d-48c4-95f8-0b13d067e817,Summer 2023/24,87ba489f-620c-4dad-9a0e-f9d8d7d3a449,12ac33af-31f2-4231-a075-c7e1e2d779fe,08 - Robert Young DODC,vinay_kumar_reddy_kontham,vinay_kumar_reddy_kontham,Vinay Kumar Reddy Kontham,Vinay Kumar Reddy Kontham,0,0,2023-10-21T13:00:00.0000000+11:00,1
f8ebef3a-ba2d-48c4-95f8-0b13d067e817,Summer 2023/24,87ba489f-620c-4dad-9a0e-f9d8d7d3a449,12ac33af-31f2-4231-a075-c7e1e2d779fe,08 - Robert Young DODC,vinay_sharma,vinay_sharma,Vinay Sharma,Vinay Sharma,0,0,2023-12-16T13:00:00.0000000+11:00,1
f8ebef3a-ba2d-48c4-95f8-0b13d067e817,Summer 2023/24,87ba489f-620c-4dad-9a0e-f9d8d7d3a449,12ac33af-31f2-4231-a075-c7e1e2d779fe,08 - Robert Young DODC,wajhi_syed,wajhi_syed,Wajhi Syed,Wajhi Syed,0,0,2024-01-20T13:00:00.0000000+11:00,2
fc1465b6-3c80-4b82-9759-680a784168c2,Summer 2024/25,169e6e9b-e3e4-43f2-b997-91160ba0c3e1,99826f7f-b534-4593-b6c0-80da5d258f6a,08 - Robert Young DODC,deepak_sharma,deepak_sharma,Deepak Sharma,Deepak Sharma,0,0,2024-12-07T12:30:00.0000000+11:00,3
fc1465b6-3c80-4b82-9759-680a784168c2,Summer 2024/25,169e6e9b-e3e4-43f2-b997-91160ba0c3e1,99826f7f-b534-4593-b6c0-80da5d258f6a,08 - Robert Young DODC,feroz_hassan,feroz_hassan,Feroz Hassan,Feroz Hassan,0,0,2025-03-01T12:30:00.0000000+11:00,2
fc1465b6-3c80-4b82-9759-680a784168c2,Summer 2024/25,169e6e9b-e3e4-43f2-b997-91160ba0c3e1,99826f7f-b534-4593-b6c0-80da5d258f6a,08 - Robert Young DODC,kieran_bhan,kieran_bhan,Kieran Bhan,Kieran Bhan,0,0,2024-12-07T12:30:00.0000000+11:00,1
fc1465b6-3c80-4b82-9759-680a784168c2,Summer 2024/25,169e6e9b-e3e4-43f2-b997-91160ba0c3e1,99826f7f-b534-4593-b6c0-80da5d258f6a,08 - Robert Young DODC,mayur_mohan,mayur_mohan,Mayur Mohan,Mayur Mohan,0,0,2025-02-22T12:30:00.0000000+11:00,3
fc1465b6-3c80-4b82-9759-680a784168c2,Summer 2024/25,169e6e9b-e3e4-43f2-b997-91160ba0c3e1,99826f7f-b534-4593-b6c0-80da5d258f6a,08 - Robert Young DODC,ravi_chowdary,ravi_chowdary,Ravi Chowdary,Ravi Chowdary,0,0,2024-11-23T12:30:00.0000000+11:00,1
fc1465b6-3c80-4b82-9759-680a784168c2,Summer 2024/25,169e6e9b-e3e4-43f2-b997-91160ba0c3e1,99826f7f-b534-4593-b6c0-80da5d258f6a,08 - Robert Young DODC,raw_00000000_0000_0000_0000_000000000001,raw_00000000_0000_0000_0000_000000000001,********,********,0,0,2024-12-14T12:30:00.0000000+11:00,3
fc1465b6-3c80-4b82-9759-680a784168c2,Summer 2024/25,169e6e9b-e3e4-43f2-b997-91160ba0c3e1,99826f7f-b534-4593-b6c0-80da5d258f6a,08 - Robert Young DODC,raw_00000000_0000_0000_0000_000000000002,raw_00000000_0000_0000_0000_000000000002,********,********,0,0,2025-01-18T12:30:00.0000000+11:00,2
fc1465b6-3c80-4b82-9759-680a784168c2,Summer 2024/25,169e6e9b-e3e4-43f2-b997-91160ba0c3e1,99826f7f-b534-4593-b6c0-80da5d258f6a,08 - Robert Young DODC,raw_00000000_0000_0000_0000_000000000003,raw_00000000_0000_0000_0000_000000000003,********,********,0,0,2025-01-18T12:30:00.0000000+11:00,2
fc1465b6-3c80-4b82-9759-680a784168c2,Summer 2024/25,169e6e9b-e3e4-43f2-b997-91160ba0c3e1,99826f7f-b534-4593-b6c0-80da5d258f6a,08 - Robert Young DODC,raw_00000000_0000_0000_0000_000000000004,raw_00000000_0000_0000_0000_000000000004,********,********,0,0,2024-12-14T12:30:00.0000000+11:00,1
fc1465b6-3c80-4b82-9759-680a784168c2,Summer 2024/25,169e6e9b-e3e4-43f2-b997-91160ba0c3e1,99826f7f-b534-4593-b6c0-80da5d258f6a,08 - Robert Young DODC,raw_00000000_0000_0000_0000_000000000005,raw_00000000_0000_0000_0000_000000000005,********,********,0,0,2025-03-01T12:30:00.0000000+11:00,1
fc1465b6-3c80-4b82-9759-680a784168c2,Summer 2024/25,169e6e9b-e3e4-43f2-b997-91160ba0c3e1,99826f7f-b534-4593-b6c0-80da5d258f6a,08 - Robert Young DODC,raw_100b60f9_15ab_4d35_9626_be4212a5d0e2,raw_100b60f9_15ab_4d35_9626_be4212a5d0e2,Rama Suravajjula,Rama Suravajjula,1,0,2025-03-01T12:30:00.0000000+11:00,5
fc1465b6-3c80-4b82-9759-680a784168c2,Summer 2024/25,169e6e9b-e3e4-43f2-b997-91160ba0c3e1,99826f7f-b534-4593-b6c0-80da5d258f6a,08 - Robert Young DODC,raw_162cce2f_a5bb_451f_ab68_d7a037f018ee,raw_162cce2f_a5bb_451f_ab68_d7a037f018ee,Benjamin Frew,Benjamin Frew,0,0,2025-02-08T12:30:00.0000000+11:00,2
fc1465b6-3c80-4b82-9759-680a784168c2,Summer 2024/25,169e6e9b-e3e4-43f2-b997-91160ba0c3e1,99826f7f-b534-4593-b6c0-80da5d258f6a,08 - Robert Young DODC,raw_17d58ef7_cae1_444e_adba_71c74067872b,raw_17d58ef7_cae1_444e_adba_71c74067872b,Prasad Rahate,Prasad Rahate,0,0,2025-01-18T12:30:00.0000000+11:00,2
fc1465b6-3c80-4b82-9759-680a784168c2,Summer 2024/25,169e6e9b-e3e4-43f2-b997-91160ba0c3e1,99826f7f-b534-4593-b6c0-80da5d258f6a,08 - Robert Young DODC,raw_20e2469f_0c92_40e6_b998_aac22a64a0ee,raw_20e2469f_0c92_40e6_b998_aac22a64a0ee,Joshua Kolak,Joshua Kolak,0,0,2024-11-16T12:30:00.0000000+11:00,3
fc1465b6-3c80-4b82-9759-680a784168c2,Summer 2024/25,169e6e9b-e3e4-43f2-b997-91160ba0c3e1,99826f7f-b534-4593-b6c0-80da5d258f6a,08 - Robert Young DODC,raw_29fa7ac2_20bd_41e8_a9d3_24a22bb639c7,raw_29fa7ac2_20bd_41e8_a9d3_24a22bb639c7,Dhruva Kaluvakolanu,Dhruva Kaluvakolanu,0,0,2024-11-09T12:30:00.0000000+11:00,2
fc1465b6-3c80-4b82-9759-680a784168c2,Summer 2024/25,169e6e9b-e3e4-43f2-b997-91160ba0c3e1,99826f7f-b534-4593-b6c0-80da5d258f6a,08 - Robert Young DODC,raw_400e4752_f236_4ca7_93e9_fd8ebee6735e,raw_400e4752_f236_4ca7_93e9_fd8ebee6735e,Siddhanth Chaurasiya,Siddhanth Chaurasiya,0,0,2025-03-01T12:30:00.0000000+11:00,2
fc1465b6-3c80-4b82-9759-680a784168c2,Summer 2024/25,169e6e9b-e3e4-43f2-b997-91160ba0c3e1,99826f7f-b534-4593-b6c0-80da5d258f6a,08 - Robert Young DODC,raw_56937634_1d93_464c_8d86_5bc4b124d33d,raw_56937634_1d93_464c_8d86_5bc4b124d33d,Pankaj Kadam,Pankaj Kadam,0,0,2025-01-18T12:30:00.0000000+11:00,1
fc1465b6-3c80-4b82-9759-680a784168c2,Summer 2024/25,169e6e9b-e3e4-43f2-b997-91160ba0c3e1,99826f7f-b534-4593-b6c0-80da5d258f6a,08 - Robert Young DODC,raw_6247e610_2352_42dc_8154_5d7947cbefc4,raw_6247e610_2352_42dc_8154_5d7947cbefc4,Siddhant Sharma,Siddhant Sharma,1,0,2024-12-14T12:30:00.0000000+11:00,3
fc1465b6-3c80-4b82-9759-680a784168c2,Summer 2024/25,169e6e9b-e3e4-43f2-b997-91160ba0c3e1,99826f7f-b534-4593-b6c0-80da5d258f6a,08 - Robert Young DODC,raw_71ca36a8_b853_449e_b7fd_ac601222e885,raw_71ca36a8_b853_449e_b7fd_ac601222e885,Kartik Nallepalli,Kartik Nallepalli,1,0,2025-02-01T12:30:00.0000000+11:00,1
fc1465b6-3c80-4b82-9759-680a784168c2,Summer 2024/25,169e6e9b-e3e4-43f2-b997-91160ba0c3e1,99826f7f-b534-4593-b6c0-80da5d258f6a,08 - Robert Young DODC,raw_7cccf3c2_52d5_4dfc_91c8_9664f27ac72b,raw_7cccf3c2_52d5_4dfc_91c8_9664f27ac72b,Jai Bhan,Jai Bhan,0,0,2024-11-16T12:30:00.0000000+11:00,1
fc1465b6-3c80-4b82-9759-680a784168c2,Summer 2024/25,169e6e9b-e3e4-43f2-b997-91160ba0c3e1,99826f7f-b534-4593-b6c0-80da5d258f6a,08 - Robert Young DODC,raw_8a856bda_2a2c_416f_948f_f80829c83646,raw_8a856bda_2a2c_416f_948f_f80829c83646,Padmanabhan Srinivasan,Padmanabhan Srinivasan,4,0,2025-03-01T12:30:00.0000000+11:00,9
fc1465b6-3c80-4b82-9759-680a784168c2,Summer 2024/25,169e6e9b-e3e4-43f2-b997-91160ba0c3e1,99826f7f-b534-4593-b6c0-80da5d258f6a,08 - Robert Young DODC,raw_8cc72ac1_93ab_43ad_a24f_fdcbf14da6a2,raw_8cc72ac1_93ab_43ad_a24f_fdcbf14da6a2,Kiran Tomy,Kiran Tomy,0,0,2025-03-01T12:30:00.0000000+11:00,7
fc1465b6-3c80-4b82-9759-680a784168c2,Summer 2024/25,169e6e9b-e3e4-43f2-b997-91160ba0c3e1,99826f7f-b534-4593-b6c0-80da5d258f6a,08 - Robert Young DODC,raw_8d77f192_0a63_4d5e_9ad4_7c4420a3a44e,raw_8d77f192_0a63_4d5e_9ad4_7c4420a3a44e,Yash Nair,Yash Nair,0,0,2024-11-16T12:30:00.0000000+11:00,3
fc1465b6-3c80-4b82-9759-680a784168c2,Summer 2024/25,169e6e9b-e3e4-43f2-b997-91160ba0c3e1,99826f7f-b534-4593-b6c0-80da5d258f6a,08 - Robert Young DODC,raw_98be31d5_daf2_437b_8d94_e44170555a40,raw_98be31d5_daf2_437b_8d94_e44170555a40,Mayur Patil,Mayur Patil,1,0,2025-03-01T12:30:00.0000000+11:00,5
fc1465b6-3c80-4b82-9759-680a784168c2,Summer 2024/25,169e6e9b-e3e4-43f2-b997-91160ba0c3e1,99826f7f-b534-4593-b6c0-80da5d258f6a,08 - Robert Young DODC,raw_a0711994_f960_4c71_bea5_c9dd9f3edd83,raw_a0711994_f960_4c71_bea5_c9dd9f3edd83,Bikash Naik,Bikash Naik,0,0,2025-02-22T12:30:00.0000000+11:00,2
fc1465b6-3c80-4b82-9759-680a784168c2,Summer 2024/25,169e6e9b-e3e4-43f2-b997-91160ba0c3e1,99826f7f-b534-4593-b6c0-80da5d258f6a,08 - Robert Young DODC,raw_c32081a0_d09b_4da6_941d_0e89680da2a6,raw_c32081a0_d09b_4da6_941d_0e89680da2a6,Aman Kumar,Aman Kumar,0,0,2024-12-14T12:30:00.0000000+11:00,1
fc1465b6-3c80-4b82-9759-680a784168c2,Summer 2024/25,169e6e9b-e3e4-43f2-b997-91160ba0c3e1,99826f7f-b534-4593-b6c0-80da5d258f6a,08 - Robert Young DODC,raw_c3a31191_6c5e_438e_9288_354845031832,raw_c3a31191_6c5e_438e_9288_354845031832,Abcin Thomas,Abcin Thomas,0,0,2024-11-16T12:30:00.0000000+11:00,1
fc1465b6-3c80-4b82-9759-680a784168c2,Summer 2024/25,169e6e9b-e3e4-43f2-b997-91160ba0c3e1,99826f7f-b534-4593-b6c0-80da5d258f6a,08 - Robert Young DODC,raw_cefd9f7d_2787_4b4c_9a13_4e1d0d434ff8,raw_cefd9f7d_2787_4b4c_9a13_4e1d0d434ff8,Siddhesh Jitendrabhai Vadapalli,Siddhesh Jitendrabhai Vadapalli,0,0,2025-02-01T12:30:00.0000000+11:00,2
fc1465b6-3c80-4b82-9759-680a784168c2,Summer 2024/25,169e6e9b-e3e4-43f2-b997-91160ba0c3e1,99826f7f-b534-4593-b6c0-80da5d258f6a,08 - Robert Young DODC,raw_e5bc75aa_b94d_482e_b9f0_df9828edd3ff,raw_e5bc75aa_b94d_482e_b9f0_df9828edd3ff,Ved Patel,Ved Patel,0,0,2024-12-14T12:30:00.0000000+11:00,4
fc1465b6-3c80-4b82-9759-680a784168c2,Summer 2024/25,169e6e9b-e3e4-43f2-b997-91160ba0c3e1,99826f7f-b534-4593-b6c0-80da5d258f6a,08 - Robert Young DODC,raw_f4eec6b0_c7ff_4771_b4f1_8ea5865e1186,raw_f4eec6b0_c7ff_4771_b4f1_8ea5865e1186,Akshat Bodele,Akshat Bodele,0,0,2025-02-22T12:30:00.0000000+11:00,1
fc1465b6-3c80-4b82-9759-680a784168c2,Summer 2024/25,169e6e9b-e3e4-43f2-b997-91160ba0c3e1,99826f7f-b534-4593-b6c0-80da5d258f6a,08 - Robert Young DODC,raw_f6dd9552_fbc5_4490_ac27_b50ff948f8f5,raw_f6dd9552_fbc5_4490_ac27_b50ff948f8f5,Priyanshu Tomar,Priyanshu Tomar,0,0,2025-03-01T12:30:00.0000000+11:00,1
fc1465b6-3c80-4b82-9759-680a784168c2,Summer 2024/25,169e6e9b-e3e4-43f2-b997-91160ba0c3e1,99826f7f-b534-4593-b6c0-80da5d258f6a,08 - Robert Young DODC,raw_f8d8264c_82d2_45e3_b23b_345d1938b09d,raw_f8d8264c_82d2_45e3_b23b_345d1938b09d,Luca Villella,Luca Villella,0,0,2024-11-16T12:30:00.0000000+11:00,2
fc1465b6-3c80-4b82-9759-680a784168c2,Summer 2024/25,169e6e9b-e3e4-43f2-b997-91160ba0c3e1,99826f7f-b534-4593-b6c0-80da5d258f6a,08 - Robert Young DODC,raw_fa1b6803_3b25_4211_b5aa_d1ea9168d018,raw_fa1b6803_3b25_4211_b5aa_d1ea9168d018,Aryan Datta,Aryan Datta,0,0,2024-11-16T12:30:00.0000000+11:00,1
fc1465b6-3c80-4b82-9759-680a784168c2,Summer 2024/25,169e6e9b-e3e4-43f2-b997-91160ba0c3e1,99826f7f-b534-4593-b6c0-80da5d258f6a,08 - Robert Young DODC,ricky_singh,ricky_singh,Ricky Singh,Ricky Singh,0,0,2025-01-18T12:30:00.0000000+11:00,1
fc1465b6-3c80-4b82-9759-680a784168c2,Summer 2024/25,169e6e9b-e3e4-43f2-b997-91160ba0c3e1,99826f7f-b534-4593-b6c0-80da5d258f6a,08 - Robert Young DODC,vinit_naidu,vinit_naidu,Vinit Naidu,Vinit Naidu,0,0,2024-11-23T12:30:00.0000000+11:00,1
fc1465b6-3c80-4b82-9759-680a784168c2,Summer 2024/25,60ce7fb7-46ff-44fb-91c0-a046e150ca9c,41139b39-d433-4c64-bc0a-41321ef5dff4,03 - Jack Kelly Shield,balaji_viswanathan,balaji_viswanathan,Balaji Viswanathan,Balaji Viswanathan,2,0,2025-03-22T12:30:00.0000000+11:00,12
fc1465b6-3c80-4b82-9759-680a784168c2,Summer 2024/25,60ce7fb7-46ff-44fb-91c0-a046e150ca9c,41139b39-d433-4c64-bc0a-41321ef5dff4,03 - Jack Kelly Shield,danny_singh,danny_singh,Danny Singh,Danny Singh,0,0,2024-12-14T12:30:00.0000000+11:00,4
fc1465b6-3c80-4b82-9759-680a784168c2,Summer 2024/25,60ce7fb7-46ff-44fb-91c0-a046e150ca9c,41139b39-d433-4c64-bc0a-41321ef5dff4,03 - Jack Kelly Shield,ibad_mohammed,ibad_mohammed,Ibad Mohammed,Ibad Mohammed,1,0,2024-12-21T12:30:00.0000000+11:00,5
fc1465b6-3c80-4b82-9759-680a784168c2,Summer 2024/25,60ce7fb7-46ff-44fb-91c0-a046e150ca9c,41139b39-d433-4c64-bc0a-41321ef5dff4,03 - Jack Kelly Shield,kieran_bhan,kieran_bhan,Kieran Bhan,Kieran Bhan,1,0,2025-03-08T12:30:00.0000000+11:00,2
fc1465b6-3c80-4b82-9759-680a784168c2,Summer 2024/25,60ce7fb7-46ff-44fb-91c0-a046e150ca9c,41139b39-d433-4c64-bc0a-41321ef5dff4,03 - Jack Kelly Shield,predheesh_valayil_sivanandan,predheesh_valayil_sivanandan,Predheesh Valayil Sivanandan,Predheesh Valayil Sivanandan,0,0,2025-01-25T12:30:00.0000000+11:00,5
fc1465b6-3c80-4b82-9759-680a784168c2,Summer 2024/25,60ce7fb7-46ff-44fb-91c0-a046e150ca9c,41139b39-d433-4c64-bc0a-41321ef5dff4,03 - Jack Kelly Shield,raw_0ceda279_1aad_42cd_a342_75c5faf3ad14,raw_0ceda279_1aad_42cd_a342_75c5faf3ad14,Vineeth Yamani,Vineeth Yamani,0,0,2024-12-14T12:30:00.0000000+11:00,3
fc1465b6-3c80-4b82-9759-680a784168c2,Summer 2024/25,60ce7fb7-46ff-44fb-91c0-a046e150ca9c,41139b39-d433-4c64-bc0a-41321ef5dff4,03 - Jack Kelly Shield,raw_162cce2f_a5bb_451f_ab68_d7a037f018ee,raw_162cce2f_a5bb_451f_ab68_d7a037f018ee,Benjamin Frew,Benjamin Frew,0,0,2024-12-21T12:30:00.0000000+11:00,2
fc1465b6-3c80-4b82-9759-680a784168c2,Summer 2024/25,60ce7fb7-46ff-44fb-91c0-a046e150ca9c,41139b39-d433-4c64-bc0a-41321ef5dff4,03 - Jack Kelly Shield,raw_360868ba_5d2a_4f9f_9f3a_fff5756f3f85,raw_360868ba_5d2a_4f9f_9f3a_fff5756f3f85,Shandil Bhan,Shandil Bhan,1,0,2025-03-22T12:30:00.0000000+11:00,2
fc1465b6-3c80-4b82-9759-680a784168c2,Summer 2024/25,60ce7fb7-46ff-44fb-91c0-a046e150ca9c,41139b39-d433-4c64-bc0a-41321ef5dff4,03 - Jack Kelly Shield,raw_661bdd19_e67a_4978_a255_36e16789ab1f,raw_661bdd19_e67a_4978_a255_36e16789ab1f,Nitin Tanwar,Nitin Tanwar,0,0,2025-01-25T12:30:00.0000000+11:00,1
fc1465b6-3c80-4b82-9759-680a784168c2,Summer 2024/25,60ce7fb7-46ff-44fb-91c0-a046e150ca9c,41139b39-d433-4c64-bc0a-41321ef5dff4,03 - Jack Kelly Shield,raw_6b74d336_b105_407c_b4ef_f68e2fba7862,raw_6b74d336_b105_407c_b4ef_f68e2fba7862,Damandeep Sehra,Damandeep Sehra,0,0,2025-01-25T12:30:00.0000000+11:00,1
fc1465b6-3c80-4b82-9759-680a784168c2,Summer 2024/25,60ce7fb7-46ff-44fb-91c0-a046e150ca9c,41139b39-d433-4c64-bc0a-41321ef5dff4,03 - Jack Kelly Shield,raw_8cc72ac1_93ab_43ad_a24f_fdcbf14da6a2,raw_8cc72ac1_93ab_43ad_a24f_fdcbf14da6a2,Kiran Tomy,Kiran Tomy,0,0,2025-01-11T12:30:00.0000000+11:00,2
fc1465b6-3c80-4b82-9759-680a784168c2,Summer 2024/25,60ce7fb7-46ff-44fb-91c0-a046e150ca9c,41139b39-d433-4c64-bc0a-41321ef5dff4,03 - Jack Kelly Shield,raw_ab033f7b_82e2_4044_b0cb_9024cf56db51,raw_ab033f7b_82e2_4044_b0cb_9024cf56db51,Reuel Sharan,Reuel Sharan,0,0,2024-12-07T12:30:00.0000000+11:00,1
fc1465b6-3c80-4b82-9759-680a784168c2,Summer 2024/25,60ce7fb7-46ff-44fb-91c0-a046e150ca9c,41139b39-d433-4c64-bc0a-41321ef5dff4,03 - Jack Kelly Shield,raw_bd3267a9_62a4_4ef6_9c96_ca89ef724e76,raw_bd3267a9_62a4_4ef6_9c96_ca89ef724e76,Santhosh Kumar Chappidi,Santhosh Kumar Chappidi,0,1,2025-03-22T12:30:00.0000000+11:00,12
fc1465b6-3c80-4b82-9759-680a784168c2,Summer 2024/25,60ce7fb7-46ff-44fb-91c0-a046e150ca9c,41139b39-d433-4c64-bc0a-41321ef5dff4,03 - Jack Kelly Shield,raw_c3a31191_6c5e_438e_9288_354845031832,raw_c3a31191_6c5e_438e_9288_354845031832,Abcin Thomas,Abcin Thomas,1,0,2025-03-22T12:30:00.0000000+11:00,7
fc1465b6-3c80-4b82-9759-680a784168c2,Summer 2024/25,60ce7fb7-46ff-44fb-91c0-a046e150ca9c,41139b39-d433-4c64-bc0a-41321ef5dff4,03 - Jack Kelly Shield,sandeep_gill,sandeep_gill,Sandeep Gill,Sandeep Gill,2,0,2025-03-08T12:30:00.0000000+11:00,9
fc1465b6-3c80-4b82-9759-680a784168c2,Summer 2024/25,60ce7fb7-46ff-44fb-91c0-a046e150ca9c,41139b39-d433-4c64-bc0a-41321ef5dff4,03 - Jack Kelly Shield,shivnyl_naidu,shivnyl_naidu,Shivnyl Naidu,Shivnyl Naidu,0,0,2025-03-08T12:30:00.0000000+11:00,8
fc1465b6-3c80-4b82-9759-680a784168c2,Summer 2024/25,60ce7fb7-46ff-44fb-91c0-a046e150ca9c,41139b39-d433-4c64-bc0a-41321ef5dff4,03 - Jack Kelly Shield,srikanth_para,srikanth_para,Srikanth Para,Srikanth Para,2,0,2024-12-21T12:30:00.0000000+11:00,7
fc1465b6-3c80-4b82-9759-680a784168c2,Summer 2024/25,60ce7fb7-46ff-44fb-91c0-a046e150ca9c,41139b39-d433-4c64-bc0a-41321ef5dff4,03 - Jack Kelly Shield,vinay_sharma,vinay_sharma,Vinay Sharma,Vinay Sharma,0,0,2025-01-25T12:30:00.0000000+11:00,1
fc1465b6-3c80-4b82-9759-680a784168c2,Summer 2024/25,60ce7fb7-46ff-44fb-91c0-a046e150ca9c,41139b39-d433-4c64-bc0a-41321ef5dff4,03 - Jack Kelly Shield,vinit_naidu,vinit_naidu,Vinit Naidu,Vinit Naidu,0,0,2025-03-22T12:30:00.0000000+11:00,1
fc1465b6-3c80-4b82-9759-680a784168c2,Summer 2024/25,60ce7fb7-46ff-44fb-91c0-a046e150ca9c,41139b39-d433-4c64-bc0a-41321ef5dff4,03 - Jack Kelly Shield,vishnu_para,vishnu_para,Vishnu Para,Vishnu Para,1,0,2025-03-22T12:30:00.0000000+11:00,12
fc1465b6-3c80-4b82-9759-680a784168c2,Summer 2024/25,60ce7fb7-46ff-44fb-91c0-a046e150ca9c,41139b39-d433-4c64-bc0a-41321ef5dff4,03 - Jack Kelly Shield,wajhi_syed,wajhi_syed,Wajhi Syed,Wajhi Syed,0,0,2024-11-16T12:30:00.0000000+11:00,1
fc1465b6-3c80-4b82-9759-680a784168c2,Summer 2024/25,a796549a-0882-404a-b732-635cce351739,88fee2df-830c-4cfe-9248-c3f9c2cbf04a,02 - Jack Quick Shield,balaji_viswanathan,balaji_viswanathan,Balaji Viswanathan,Balaji Viswanathan,0,0,2024-10-26T12:30:00.0000000+11:00,1
fc1465b6-3c80-4b82-9759-680a784168c2,Summer 2024/25,a796549a-0882-404a-b732-635cce351739,88fee2df-830c-4cfe-9248-c3f9c2cbf04a,02 - Jack Quick Shield,baurel_d_mello,baurel_d_mello,Baurel D'Mello,Baurel D'Mello,3,0,2025-03-22T12:30:00.0000000+11:00,12
fc1465b6-3c80-4b82-9759-680a784168c2,Summer 2024/25,a796549a-0882-404a-b732-635cce351739,88fee2df-830c-4cfe-9248-c3f9c2cbf04a,02 - Jack Quick Shield,ibad_mohammed,ibad_mohammed,Ibad Mohammed,Ibad Mohammed,0,0,2025-02-08T12:30:00.0000000+11:00,3
fc1465b6-3c80-4b82-9759-680a784168c2,Summer 2024/25,a796549a-0882-404a-b732-635cce351739,88fee2df-830c-4cfe-9248-c3f9c2cbf04a,02 - Jack Quick Shield,jimmy_sharma,jimmy_sharma,Jimmy Sharma,Jimmy Sharma,3,0,2025-03-22T12:30:00.0000000+11:00,14
fc1465b6-3c80-4b82-9759-680a784168c2,Summer 2024/25,a796549a-0882-404a-b732-635cce351739,88fee2df-830c-4cfe-9248-c3f9c2cbf04a,02 - Jack Quick Shield,kalpeshkumar_patel,kalpeshkumar_patel,Kalpeshkumar Patel,Kalpeshkumar Patel,0,0,2025-03-22T12:30:00.0000000+11:00,4
fc1465b6-3c80-4b82-9759-680a784168c2,Summer 2024/25,a796549a-0882-404a-b732-635cce351739,88fee2df-830c-4cfe-9248-c3f9c2cbf04a,02 - Jack Quick Shield,nikhil_sawant,nikhil_sawant,Nikhil Sawant,Nikhil Sawant,2,2,2025-03-22T12:30:00.0000000+11:00,11
fc1465b6-3c80-4b82-9759-680a784168c2,Summer 2024/25,a796549a-0882-404a-b732-635cce351739,88fee2df-830c-4cfe-9248-c3f9c2cbf04a,02 - Jack Quick Shield,raw_0ceda279_1aad_42cd_a342_75c5faf3ad14,raw_0ceda279_1aad_42cd_a342_75c5faf3ad14,Vineeth Yamani,Vineeth Yamani,1,0,2024-11-16T12:30:00.0000000+11:00,2
fc1465b6-3c80-4b82-9759-680a784168c2,Summer 2024/25,a796549a-0882-404a-b732-635cce351739,88fee2df-830c-4cfe-9248-c3f9c2cbf04a,02 - Jack Quick Shield,raw_2c167bd3_c65c_4abd_8fa8_7351cfe9aa59,raw_2c167bd3_c65c_4abd_8fa8_7351cfe9aa59,Sajendra Shrestha,Sajendra Shrestha,2,0,2025-03-22T12:30:00.0000000+11:00,12
fc1465b6-3c80-4b82-9759-680a784168c2,Summer 2024/25,a796549a-0882-404a-b732-635cce351739,88fee2df-830c-4cfe-9248-c3f9c2cbf04a,02 - Jack Quick Shield,raw_360868ba_5d2a_4f9f_9f3a_fff5756f3f85,raw_360868ba_5d2a_4f9f_9f3a_fff5756f3f85,Shandil Bhan,Shandil Bhan,1,0,2025-02-08T12:30:00.0000000+11:00,5
fc1465b6-3c80-4b82-9759-680a784168c2,Summer 2024/25,a796549a-0882-404a-b732-635cce351739,88fee2df-830c-4cfe-9248-c3f9c2cbf04a,02 - Jack Quick Shield,raw_7b43011a_eb05_448f_93c9_644481721a69,raw_7b43011a_eb05_448f_93c9_644481721a69,Jude Mendiz,Jude Mendiz,1,0,2025-03-22T12:30:00.0000000+11:00,11
fc1465b6-3c80-4b82-9759-680a784168c2,Summer 2024/25,a796549a-0882-404a-b732-635cce351739,88fee2df-830c-4cfe-9248-c3f9c2cbf04a,02 - Jack Quick Shield,raw_7cccf3c2_52d5_4dfc_91c8_9664f27ac72b,raw_7cccf3c2_52d5_4dfc_91c8_9664f27ac72b,Jai Bhan,Jai Bhan,0,0,2025-03-22T12:30:00.0000000+11:00,3
fc1465b6-3c80-4b82-9759-680a784168c2,Summer 2024/25,a796549a-0882-404a-b732-635cce351739,88fee2df-830c-4cfe-9248-c3f9c2cbf04a,02 - Jack Quick Shield,raw_d36a9234_b2b2_44a0_9fa3_3e1527aa4b1c,raw_d36a9234_b2b2_44a0_9fa3_3e1527aa4b1c,Harish Kumar,Harish Kumar,0,0,2025-02-08T12:30:00.0000000+11:00,3
fc1465b6-3c80-4b82-9759-680a784168c2,Summer 2024/25,a796549a-0882-404a-b732-635cce351739,88fee2df-830c-4cfe-9248-c3f9c2cbf04a,02 - Jack Quick Shield,raw_d7f93a87_6b05_4830_a524_41457fd00603,raw_d7f93a87_6b05_4830_a524_41457fd00603,Shaun Vikash,Shaun Vikash,3,0,2025-03-22T12:30:00.0000000+11:00,13
fc1465b6-3c80-4b82-9759-680a784168c2,Summer 2024/25,a796549a-0882-404a-b732-635cce351739,88fee2df-830c-4cfe-9248-c3f9c2cbf04a,02 - Jack Quick Shield,raw_f4eec6b0_c7ff_4771_b4f1_8ea5865e1186,raw_f4eec6b0_c7ff_4771_b4f1_8ea5865e1186,Akshat Bodele,Akshat Bodele,0,0,2025-03-22T12:30:00.0000000+11:00,5
fc1465b6-3c80-4b82-9759-680a784168c2,Summer 2024/25,a796549a-0882-404a-b732-635cce351739,88fee2df-830c-4cfe-9248-c3f9c2cbf04a,02 - Jack Quick Shield,srikanth_para,srikanth_para,Srikanth Para,Srikanth Para,0,0,2024-12-14T12:30:00.0000000+11:00,1
fc1465b6-3c80-4b82-9759-680a784168c2,Summer 2024/25,a796549a-0882-404a-b732-635cce351739,88fee2df-830c-4cfe-9248-c3f9c2cbf04a,02 - Jack Quick Shield,vishnu_para,vishnu_para,Vishnu Para,Vishnu Para,0,0,2024-12-14T12:30:00.0000000+11:00,1
fc1465b6-3c80-4b82-9759-680a784168c2,Summer 2024/25,ba09f282-b759-47da-a8e6-777d83c23390,6957edd1-b96a-4069-9aaf-beabf3d4f112,"05 - ""C"" Grade",aravind_boddula,aravind_boddula,Aravind Boddula,Aravind Boddula,1,0,2024-11-09T12:30:00.0000000+11:00,3
fc1465b6-3c80-4b82-9759-680a784168c2,Summer 2024/25,ba09f282-b759-47da-a8e6-777d83c23390,6957edd1-b96a-4069-9aaf-beabf3d4f112,"05 - ""C"" Grade",danny_singh,danny_singh,Danny Singh,Danny Singh,0,0,2024-12-07T12:30:00.0000000+11:00,1
fc1465b6-3c80-4b82-9759-680a784168c2,Summer 2024/25,ba09f282-b759-47da-a8e6-777d83c23390,6957edd1-b96a-4069-9aaf-beabf3d4f112,"05 - ""C"" Grade",feroz_hassan,feroz_hassan,Feroz Hassan,Feroz Hassan,0,0,2025-01-25T12:30:00.0000000+11:00,8
fc1465b6-3c80-4b82-9759-680a784168c2,Summer 2024/25,ba09f282-b759-47da-a8e6-777d83c23390,6957edd1-b96a-4069-9aaf-beabf3d4f112,"05 - ""C"" Grade",kieran_bhan,kieran_bhan,Kieran Bhan,Kieran Bhan,1,0,2025-02-08T12:30:00.0000000+11:00,6
fc1465b6-3c80-4b82-9759-680a784168c2,Summer 2024/25,ba09f282-b759-47da-a8e6-777d83c23390,6957edd1-b96a-4069-9aaf-beabf3d4f112,"05 - ""C"" Grade",nikhil_sawant,nikhil_sawant,Nikhil Sawant,Nikhil Sawant,0,0,2025-02-22T12:30:00.0000000+11:00,1
fc1465b6-3c80-4b82-9759-680a784168c2,Summer 2024/25,ba09f282-b759-47da-a8e6-777d83c23390,6957edd1-b96a-4069-9aaf-beabf3d4f112,"05 - ""C"" Grade",ravi_chowdary,ravi_chowdary,Ravi Chowdary,Ravi Chowdary,0,0,2025-02-22T12:30:00.0000000+11:00,8
fc1465b6-3c80-4b82-9759-680a784168c2,Summer 2024/25,ba09f282-b759-47da-a8e6-777d83c23390,6957edd1-b96a-4069-9aaf-beabf3d4f112,"05 - ""C"" Grade",raw_0ceda279_1aad_42cd_a342_75c5faf3ad14,raw_0ceda279_1aad_42cd_a342_75c5faf3ad14,Vineeth Yamani,Vineeth Yamani,0,0,2025-02-22T12:30:00.0000000+11:00,3
fc1465b6-3c80-4b82-9759-680a784168c2,Summer 2024/25,ba09f282-b759-47da-a8e6-777d83c23390,6957edd1-b96a-4069-9aaf-beabf3d4f112,"05 - ""C"" Grade",raw_100b60f9_15ab_4d35_9626_be4212a5d0e2,raw_100b60f9_15ab_4d35_9626_be4212a5d0e2,Rama Suravajjula,Rama Suravajjula,0,0,2025-01-11T12:30:00.0000000+11:00,6
fc1465b6-3c80-4b82-9759-680a784168c2,Summer 2024/25,ba09f282-b759-47da-a8e6-777d83c23390,6957edd1-b96a-4069-9aaf-beabf3d4f112,"05 - ""C"" Grade",raw_17d58ef7_cae1_444e_adba_71c74067872b,raw_17d58ef7_cae1_444e_adba_71c74067872b,Prasad Rahate,Prasad Rahate,0,0,2025-02-22T12:30:00.0000000+11:00,6
fc1465b6-3c80-4b82-9759-680a784168c2,Summer 2024/25,ba09f282-b759-47da-a8e6-777d83c23390,6957edd1-b96a-4069-9aaf-beabf3d4f112,"05 - ""C"" Grade",raw_232cc042_1e4c_423a_9190_e3432698c99d,raw_232cc042_1e4c_423a_9190_e3432698c99d,Reuben Sharan,Reuben Sharan,0,0,2024-12-07T12:30:00.0000000+11:00,1
fc1465b6-3c80-4b82-9759-680a784168c2,Summer 2024/25,ba09f282-b759-47da-a8e6-777d83c23390,6957edd1-b96a-4069-9aaf-beabf3d4f112,"05 - ""C"" Grade",raw_36bd035f_14ab_4cff_9bbb_45289a642206,raw_36bd035f_14ab_4cff_9bbb_45289a642206,Yuvraj Maharaj,Yuvraj Maharaj,0,0,2025-02-08T12:30:00.0000000+11:00,4
fc1465b6-3c80-4b82-9759-680a784168c2,Summer 2024/25,ba09f282-b759-47da-a8e6-777d83c23390,6957edd1-b96a-4069-9aaf-beabf3d4f112,"05 - ""C"" Grade",raw_400e4752_f236_4ca7_93e9_fd8ebee6735e,raw_400e4752_f236_4ca7_93e9_fd8ebee6735e,Siddhanth Chaurasiya,Siddhanth Chaurasiya,1,0,2024-12-14T12:30:00.0000000+11:00,5
fc1465b6-3c80-4b82-9759-680a784168c2,Summer 2024/25,ba09f282-b759-47da-a8e6-777d83c23390,6957edd1-b96a-4069-9aaf-beabf3d4f112,"05 - ""C"" Grade",raw_661bdd19_e67a_4978_a255_36e16789ab1f,raw_661bdd19_e67a_4978_a255_36e16789ab1f,Nitin Tanwar,Nitin Tanwar,0,0,2025-01-11T12:30:00.0000000+11:00,1
fc1465b6-3c80-4b82-9759-680a784168c2,Summer 2024/25,ba09f282-b759-47da-a8e6-777d83c23390,6957edd1-b96a-4069-9aaf-beabf3d4f112,"05 - ""C"" Grade",raw_71ca36a8_b853_449e_b7fd_ac601222e885,raw_71ca36a8_b853_449e_b7fd_ac601222e885,Kartik Nallepalli,Kartik Nallepalli,0,0,2025-02-22T12:30:00.0000000+11:00,2
fc1465b6-3c80-4b82-9759-680a784168c2,Summer 2024/25,ba09f282-b759-47da-a8e6-777d83c23390,6957edd1-b96a-4069-9aaf-beabf3d4f112,"05 - ""C"" Grade",raw_7512873c_b6b6_49fe_80ff_3733b5abd044,raw_7512873c_b6b6_49fe_80ff_3733b5abd044,Mohaneesh Pitre,Mohaneesh Pitre,0,0,2025-02-22T12:30:00.0000000+11:00,4
fc1465b6-3c80-4b82-9759-680a784168c2,Summer 2024/25,ba09f282-b759-47da-a8e6-777d83c23390,6957edd1-b96a-4069-9aaf-beabf3d4f112,"05 - ""C"" Grade",raw_8a856bda_2a2c_416f_948f_f80829c83646,raw_8a856bda_2a2c_416f_948f_f80829c83646,Padmanabhan Srinivasan,Padmanabhan Srinivasan,0,0,2024-11-16T12:30:00.0000000+11:00,2
fc1465b6-3c80-4b82-9759-680a784168c2,Summer 2024/25,ba09f282-b759-47da-a8e6-777d83c23390,6957edd1-b96a-4069-9aaf-beabf3d4f112,"05 - ""C"" Grade",raw_8cc72ac1_93ab_43ad_a24f_fdcbf14da6a2,raw_8cc72ac1_93ab_43ad_a24f_fdcbf14da6a2,Kiran Tomy,Kiran Tomy,0,0,2025-01-25T12:30:00.0000000+11:00,2
fc1465b6-3c80-4b82-9759-680a784168c2,Summer 2024/25,ba09f282-b759-47da-a8e6-777d83c23390,6957edd1-b96a-4069-9aaf-beabf3d4f112,"05 - ""C"" Grade",raw_98be31d5_daf2_437b_8d94_e44170555a40,raw_98be31d5_daf2_437b_8d94_e44170555a40,Mayur Patil,Mayur Patil,0,0,2025-01-11T12:30:00.0000000+11:00,6
fc1465b6-3c80-4b82-9759-680a784168c2,Summer 2024/25,ba09f282-b759-47da-a8e6-777d83c23390,6957edd1-b96a-4069-9aaf-beabf3d4f112,"05 - ""C"" Grade",raw_a0711994_f960_4c71_bea5_c9dd9f3edd83,raw_a0711994_f960_4c71_bea5_c9dd9f3edd83,Bikash Naik,Bikash Naik,0,0,2024-11-16T12:30:00.0000000+11:00,1
fc1465b6-3c80-4b82-9759-680a784168c2,Summer 2024/25,ba09f282-b759-47da-a8e6-777d83c23390,6957edd1-b96a-4069-9aaf-beabf3d4f112,"05 - ""C"" Grade",raw_ab033f7b_82e2_4044_b0cb_9024cf56db51,raw_ab033f7b_82e2_4044_b0cb_9024cf56db51,Reuel Sharan,Reuel Sharan,0,0,2024-11-16T12:30:00.0000000+11:00,1
fc1465b6-3c80-4b82-9759-680a784168c2,Summer 2024/25,ba09f282-b759-47da-a8e6-777d83c23390,6957edd1-b96a-4069-9aaf-beabf3d4f112,"05 - ""C"" Grade",raw_c3a31191_6c5e_438e_9288_354845031832,raw_c3a31191_6c5e_438e_9288_354845031832,Abcin Thomas,Abcin Thomas,0,0,2024-11-09T12:30:00.0000000+11:00,2
fc1465b6-3c80-4b82-9759-680a784168c2,Summer 2024/25,ba09f282-b759-47da-a8e6-777d83c23390,6957edd1-b96a-4069-9aaf-beabf3d4f112,"05 - ""C"" Grade",raw_cefd9f7d_2787_4b4c_9a13_4e1d0d434ff8,raw_cefd9f7d_2787_4b4c_9a13_4e1d0d434ff8,Siddhesh Jitendrabhai Vadapalli,Siddhesh Jitendrabhai Vadapalli,1,0,2025-01-18T12:30:00.0000000+11:00,3
fc1465b6-3c80-4b82-9759-680a784168c2,Summer 2024/25,ba09f282-b759-47da-a8e6-777d83c23390,6957edd1-b96a-4069-9aaf-beabf3d4f112,"05 - ""C"" Grade",raw_fa1b6803_3b25_4211_b5aa_d1ea9168d018,raw_fa1b6803_3b25_4211_b5aa_d1ea9168d018,Aryan Datta,Aryan Datta,0,0,2024-12-21T12:30:00.0000000+11:00,1
fc1465b6-3c80-4b82-9759-680a784168c2,Summer 2024/25,ba09f282-b759-47da-a8e6-777d83c23390,6957edd1-b96a-4069-9aaf-beabf3d4f112,"05 - ""C"" Grade",sandeep_gill,sandeep_gill,Sandeep Gill,Sandeep Gill,0,0,2024-12-07T12:30:00.0000000+11:00,1
fc1465b6-3c80-4b82-9759-680a784168c2,Summer 2024/25,ba09f282-b759-47da-a8e6-777d83c23390,6957edd1-b96a-4069-9aaf-beabf3d4f112,"05 - ""C"" Grade",shivnyl_naidu,shivnyl_naidu,Shivnyl Naidu,Shivnyl Naidu,0,0,2024-12-07T12:30:00.0000000+11:00,2
fc1465b6-3c80-4b82-9759-680a784168c2,Summer 2024/25,ba09f282-b759-47da-a8e6-777d83c23390,6957edd1-b96a-4069-9aaf-beabf3d4f112,"05 - ""C"" Grade",vinit_naidu,vinit_naidu,Vinit Naidu,Vinit Naidu,0,0,2025-02-22T12:30:00.0000000+11:00,4
fc1465b6-3c80-4b82-9759-680a784168c2,Summer 2024/25,ba09f282-b759-47da-a8e6-777d83c23390,6957edd1-b96a-4069-9aaf-beabf3d4f112,"05 - ""C"" Grade",wajhi_syed,wajhi_syed,Wajhi Syed,Wajhi Syed,4,0,2025-02-22T12:30:00.0000000+11:00,12
fec2e604-1806-4e0f-861e-b7ee37643f96,Summer 2018/19,5da872fa-60ce-4913-af58-02d63e2acba0,5d847f67-e823-4d24-8d53-3de155980f45,"NMCA - Bob Herman Shield - ""D"" Grade",deepak_sharma,deepak_sharma,Deepak Sharma,Deepak Sharma,0,0,2018-10-14T00:00:00.0000000+11:00,2
fec2e604-1806-4e0f-861e-b7ee37643f96,Summer 2018/19,5da872fa-60ce-4913-af58-02d63e2acba0,5d847f67-e823-4d24-8d53-3de155980f45,"NMCA - Bob Herman Shield - ""D"" Grade",feroz_hassan,feroz_hassan,Feroz Hassan,Feroz Hassan,0,0,2019-02-24T00:00:00.0000000+11:00,6
fec2e604-1806-4e0f-861e-b7ee37643f96,Summer 2018/19,5da872fa-60ce-4913-af58-02d63e2acba0,5d847f67-e823-4d24-8d53-3de155980f45,"NMCA - Bob Herman Shield - ""D"" Grade",nikhil_sawant,nikhil_sawant,Nikhil Sawant,Nikhil Sawant,0,0,2019-02-10T00:00:00.0000000+11:00,1
fec2e604-1806-4e0f-861e-b7ee37643f96,Summer 2018/19,5da872fa-60ce-4913-af58-02d63e2acba0,5d847f67-e823-4d24-8d53-3de155980f45,"NMCA - Bob Herman Shield - ""D"" Grade",predheesh_valayil_sivanandan,predheesh_valayil_sivanandan,Predheesh Valayil Sivanandan,Predheesh Valayil Sivanandan,0,0,2019-02-24T00:00:00.0000000+11:00,3
fec2e604-1806-4e0f-861e-b7ee37643f96,Summer 2018/19,5da872fa-60ce-4913-af58-02d63e2acba0,5d847f67-e823-4d24-8d53-3de155980f45,"NMCA - Bob Herman Shield - ""D"" Grade",raw_0e932e6a_4c90_4c46_8043_acedc1522af9,raw_0e932e6a_4c90_4c46_8043_acedc1522af9,Sajin Shrestha,Sajin Shrestha,1,0,2019-02-24T00:00:00.0000000+11:00,4
fec2e604-1806-4e0f-861e-b7ee37643f96,Summer 2018/19,5da872fa-60ce-4913-af58-02d63e2acba0,5d847f67-e823-4d24-8d53-3de155980f45,"NMCA - Bob Herman Shield - ""D"" Grade",raw_133832e5_c9bf_493d_a799_6f560da6758b,raw_133832e5_c9bf_493d_a799_6f560da6758b,Amal Krishna,Amal Krishna,0,0,2019-02-24T00:00:00.0000000+11:00,2
fec2e604-1806-4e0f-861e-b7ee37643f96,Summer 2018/19,5da872fa-60ce-4913-af58-02d63e2acba0,5d847f67-e823-4d24-8d53-3de155980f45,"NMCA - Bob Herman Shield - ""D"" Grade",raw_13fe243d_49a0_4d92_b3e0_84ac18ed66eb,raw_13fe243d_49a0_4d92_b3e0_84ac18ed66eb,Jason Newcastle,Jason Newcastle,1,0,2019-02-24T00:00:00.0000000+11:00,9
fec2e604-1806-4e0f-861e-b7ee37643f96,Summer 2018/19,5da872fa-60ce-4913-af58-02d63e2acba0,5d847f67-e823-4d24-8d53-3de155980f45,"NMCA - Bob Herman Shield - ""D"" Grade",raw_22cf8387_0a70_4971_bb3a_99fe437ae5a3,raw_22cf8387_0a70_4971_bb3a_99fe437ae5a3,Raj Koppula,Raj Koppula,0,0,2018-10-14T00:00:00.0000000+11:00,2
fec2e604-1806-4e0f-861e-b7ee37643f96,Summer 2018/19,5da872fa-60ce-4913-af58-02d63e2acba0,5d847f67-e823-4d24-8d53-3de155980f45,"NMCA - Bob Herman Shield - ""D"" Grade",raw_248d59b2_4390_4bdf_a379_7376c701d492,raw_248d59b2_4390_4bdf_a379_7376c701d492,Faisal Shahzad,Faisal Shahzad,1,0,2019-01-27T00:00:00.0000000+11:00,4
fec2e604-1806-4e0f-861e-b7ee37643f96,Summer 2018/19,5da872fa-60ce-4913-af58-02d63e2acba0,5d847f67-e823-4d24-8d53-3de155980f45,"NMCA - Bob Herman Shield - ""D"" Grade",raw_2be4b5e3_4337_4630_bc06_454213e892e5,raw_2be4b5e3_4337_4630_bc06_454213e892e5,Sarfaraz Ahmed,Sarfaraz Ahmed,0,0,2018-11-11T00:00:00.0000000+11:00,1
fec2e604-1806-4e0f-861e-b7ee37643f96,Summer 2018/19,5da872fa-60ce-4913-af58-02d63e2acba0,5d847f67-e823-4d24-8d53-3de155980f45,"NMCA - Bob Herman Shield - ""D"" Grade",raw_2d5b94dc_0c07_4b92_9e30_9cd1935b48de,raw_2d5b94dc_0c07_4b92_9e30_9cd1935b48de,Patrick Singh,Patrick Singh,0,0,2018-12-02T00:00:00.0000000+11:00,2
fec2e604-1806-4e0f-861e-b7ee37643f96,Summer 2018/19,5da872fa-60ce-4913-af58-02d63e2acba0,5d847f67-e823-4d24-8d53-3de155980f45,"NMCA - Bob Herman Shield - ""D"" Grade",raw_33ffabac_4623_48bd_a99b_419590f00cc3,raw_33ffabac_4623_48bd_a99b_419590f00cc3,Neeraj Sharma,Neeraj Sharma,1,0,2019-01-13T00:00:00.0000000+11:00,2
fec2e604-1806-4e0f-861e-b7ee37643f96,Summer 2018/19,5da872fa-60ce-4913-af58-02d63e2acba0,5d847f67-e823-4d24-8d53-3de155980f45,"NMCA - Bob Herman Shield - ""D"" Grade",raw_41319ce2_d210_43f3_83ea_be2dee71ddea,raw_41319ce2_d210_43f3_83ea_be2dee71ddea,Haider Ali,Haider Ali,0,0,2019-02-24T00:00:00.0000000+11:00,5
fec2e604-1806-4e0f-861e-b7ee37643f96,Summer 2018/19,5da872fa-60ce-4913-af58-02d63e2acba0,5d847f67-e823-4d24-8d53-3de155980f45,"NMCA - Bob Herman Shield - ""D"" Grade",raw_49d25119_eceb_4dc9_9f62_9e9ed3073bf3,raw_49d25119_eceb_4dc9_9f62_9e9ed3073bf3,Gilbert Carvalho,Gilbert Carvalho,0,0,2018-12-02T00:00:00.0000000+11:00,1
fec2e604-1806-4e0f-861e-b7ee37643f96,Summer 2018/19,5da872fa-60ce-4913-af58-02d63e2acba0,5d847f67-e823-4d24-8d53-3de155980f45,"NMCA - Bob Herman Shield - ""D"" Grade",raw_4cafb4f2_d8e4_4eff_981c_b3524ef8e2d1,raw_4cafb4f2_d8e4_4eff_981c_b3524ef8e2d1,Sagar Shrestha,Sagar Shrestha,1,0,2019-02-10T00:00:00.0000000+11:00,3
fec2e604-1806-4e0f-861e-b7ee37643f96,Summer 2018/19,5da872fa-60ce-4913-af58-02d63e2acba0,5d847f67-e823-4d24-8d53-3de155980f45,"NMCA - Bob Herman Shield - ""D"" Grade",raw_5a5c2789_408d_4c21_9137_6cdd0961671b,raw_5a5c2789_408d_4c21_9137_6cdd0961671b,Krishna Kasiraju,Krishna Kasiraju,0,0,2018-11-04T00:00:00.0000000+11:00,3
fec2e604-1806-4e0f-861e-b7ee37643f96,Summer 2018/19,5da872fa-60ce-4913-af58-02d63e2acba0,5d847f67-e823-4d24-8d53-3de155980f45,"NMCA - Bob Herman Shield - ""D"" Grade",raw_5f585f08_88c1_4d2b_9251_a47420073281,raw_5f585f08_88c1_4d2b_9251_a47420073281,Krishna Addanki,Krishna Addanki,0,0,2018-11-11T00:00:00.0000000+11:00,3
fec2e604-1806-4e0f-861e-b7ee37643f96,Summer 2018/19,5da872fa-60ce-4913-af58-02d63e2acba0,5d847f67-e823-4d24-8d53-3de155980f45,"NMCA - Bob Herman Shield - ""D"" Grade",raw_6ac032e7_14cb_4216_b72a_2c62e98d5255,raw_6ac032e7_14cb_4216_b72a_2c62e98d5255,Sanjeeva Nandan,Sanjeeva Nandan,0,0,2018-11-11T00:00:00.0000000+11:00,1
fec2e604-1806-4e0f-861e-b7ee37643f96,Summer 2018/19,5da872fa-60ce-4913-af58-02d63e2acba0,5d847f67-e823-4d24-8d53-3de155980f45,"NMCA - Bob Herman Shield - ""D"" Grade",raw_772017c0_ffec_4dd7_992a_665e05833c20,raw_772017c0_ffec_4dd7_992a_665e05833c20,Prajapati Manubhai,Prajapati Manubhai,0,0,2019-01-27T00:00:00.0000000+11:00,2
fec2e604-1806-4e0f-861e-b7ee37643f96,Summer 2018/19,5da872fa-60ce-4913-af58-02d63e2acba0,5d847f67-e823-4d24-8d53-3de155980f45,"NMCA - Bob Herman Shield - ""D"" Grade",raw_8557137e_8e9a_403f_a2e5_197066bc94b7,raw_8557137e_8e9a_403f_a2e5_197066bc94b7,Muhammad Abidi,Muhammad Abidi,0,1,2019-02-24T00:00:00.0000000+11:00,7
fec2e604-1806-4e0f-861e-b7ee37643f96,Summer 2018/19,5da872fa-60ce-4913-af58-02d63e2acba0,5d847f67-e823-4d24-8d53-3de155980f45,"NMCA - Bob Herman Shield - ""D"" Grade",raw_9696cbac_bd13_4b50_a7ed_3ddaa6bbc91c,raw_9696cbac_bd13_4b50_a7ed_3ddaa6bbc91c,Majithiya Krutarth,Majithiya Krutarth,0,0,2018-11-18T00:00:00.0000000+11:00,1
fec2e604-1806-4e0f-861e-b7ee37643f96,Summer 2018/19,5da872fa-60ce-4913-af58-02d63e2acba0,5d847f67-e823-4d24-8d53-3de155980f45,"NMCA - Bob Herman Shield - ""D"" Grade",raw_b0261f54_4054_4b6c_be19_e15f291a2209,raw_b0261f54_4054_4b6c_be19_e15f291a2209,Jigar Patel,Jigar Patel,0,0,2018-11-12T00:00:00.0000000+11:00,1
fec2e604-1806-4e0f-861e-b7ee37643f96,Summer 2018/19,5da872fa-60ce-4913-af58-02d63e2acba0,5d847f67-e823-4d24-8d53-3de155980f45,"NMCA - Bob Herman Shield - ""D"" Grade",raw_b0359b90_ca42_4a35_b0d1_46703899270f,raw_b0359b90_ca42_4a35_b0d1_46703899270f,Sai Krishna Buddaraju,Sai Krishna Buddaraju,0,0,2019-02-24T00:00:00.0000000+11:00,6
fec2e604-1806-4e0f-861e-b7ee37643f96,Summer 2018/19,5da872fa-60ce-4913-af58-02d63e2acba0,5d847f67-e823-4d24-8d53-3de155980f45,"NMCA - Bob Herman Shield - ""D"" Grade",raw_bacb745b_1109_4ffc_b4ce_f53bf8c269ce,raw_bacb745b_1109_4ffc_b4ce_f53bf8c269ce,Syed Shabbir,Syed Shabbir,0,0,2019-02-24T00:00:00.0000000+11:00,7
fec2e604-1806-4e0f-861e-b7ee37643f96,Summer 2018/19,5da872fa-60ce-4913-af58-02d63e2acba0,5d847f67-e823-4d24-8d53-3de155980f45,"NMCA - Bob Herman Shield - ""D"" Grade",raw_cca09619_0ae8_4521_af8e_cf4d5e69e679,raw_cca09619_0ae8_4521_af8e_cf4d5e69e679,Naveen Velkur,Naveen Velkur,0,0,2018-12-02T00:00:00.0000000+11:00,1
fec2e604-1806-4e0f-861e-b7ee37643f96,Summer 2018/19,5da872fa-60ce-4913-af58-02d63e2acba0,5d847f67-e823-4d24-8d53-3de155980f45,"NMCA - Bob Herman Shield - ""D"" Grade",raw_cf23e6e4_a7c2_46f7_a84f_832ed7cf6c77,raw_cf23e6e4_a7c2_46f7_a84f_832ed7cf6c77,Andrew Mackenzie,Andrew Mackenzie,0,0,2019-01-13T00:00:00.0000000+11:00,1
fec2e604-1806-4e0f-861e-b7ee37643f96,Summer 2018/19,5da872fa-60ce-4913-af58-02d63e2acba0,5d847f67-e823-4d24-8d53-3de155980f45,"NMCA - Bob Herman Shield - ""D"" Grade",shiv_ganachari,shiv_ganachari,Shiv Ganachari,Shiv Ganachari,0,0,2019-02-24T00:00:00.0000000+11:00,6
fec2e604-1806-4e0f-861e-b7ee37643f96,Summer 2018/19,5da872fa-60ce-4913-af58-02d63e2acba0,5d847f67-e823-4d24-8d53-3de155980f45,"NMCA - Bob Herman Shield - ""D"" Grade",shivnyl_naidu,shivnyl_naidu,Shivnyl Naidu,Shivnyl Naidu,0,0,2019-01-20T00:00:00.0000000+11:00,1
fec2e604-1806-4e0f-861e-b7ee37643f96,Summer 2018/19,5da872fa-60ce-4913-af58-02d63e2acba0,5d847f67-e823-4d24-8d53-3de155980f45,"NMCA - Bob Herman Shield - ""D"" Grade",shrikant_sharma,shrikant_sharma,Shrikant Sharma,Shrikant Sharma,1,0,2018-10-06T22:30:00.0000000+10:00,1
fec2e604-1806-4e0f-861e-b7ee37643f96,Summer 2018/19,8bab5224-67bb-4c8e-8289-cb2e1e8469c9,ae06ee81-f0dc-4fd8-9f15-6112c6cabd5a,NMCA - Jack Kelly Shield,damien_vikash,damien_vikash,Damien Vikash,Damien Vikash,1,0,2018-12-16T00:00:00.0000000+11:00,5
fec2e604-1806-4e0f-861e-b7ee37643f96,Summer 2018/19,8bab5224-67bb-4c8e-8289-cb2e1e8469c9,ae06ee81-f0dc-4fd8-9f15-6112c6cabd5a,NMCA - Jack Kelly Shield,danny_singh,danny_singh,Danny Singh,Danny Singh,0,0,2019-02-10T00:00:00.0000000+11:00,1
fec2e604-1806-4e0f-861e-b7ee37643f96,Summer 2018/19,8bab5224-67bb-4c8e-8289-cb2e1e8469c9,ae06ee81-f0dc-4fd8-9f15-6112c6cabd5a,NMCA - Jack Kelly Shield,kalpeshkumar_patel,kalpeshkumar_patel,Kalpeshkumar Patel,Kalpeshkumar Patel,1,1,2019-02-10T00:00:00.0000000+11:00,13
fec2e604-1806-4e0f-861e-b7ee37643f96,Summer 2018/19,8bab5224-67bb-4c8e-8289-cb2e1e8469c9,ae06ee81-f0dc-4fd8-9f15-6112c6cabd5a,NMCA - Jack Kelly Shield,nikhil_sawant,nikhil_sawant,Nikhil Sawant,Nikhil Sawant,0,0,2019-02-24T00:00:00.0000000+11:00,1
fec2e604-1806-4e0f-861e-b7ee37643f96,Summer 2018/19,8bab5224-67bb-4c8e-8289-cb2e1e8469c9,ae06ee81-f0dc-4fd8-9f15-6112c6cabd5a,NMCA - Jack Kelly Shield,raw_0e932e6a_4c90_4c46_8043_acedc1522af9,raw_0e932e6a_4c90_4c46_8043_acedc1522af9,Sajin Shrestha,Sajin Shrestha,0,0,2019-01-13T00:00:00.0000000+11:00,3
fec2e604-1806-4e0f-861e-b7ee37643f96,Summer 2018/19,8bab5224-67bb-4c8e-8289-cb2e1e8469c9,ae06ee81-f0dc-4fd8-9f15-6112c6cabd5a,NMCA - Jack Kelly Shield,raw_13fe243d_49a0_4d92_b3e0_84ac18ed66eb,raw_13fe243d_49a0_4d92_b3e0_84ac18ed66eb,Jason Newcastle,Jason Newcastle,0,0,2018-10-21T00:00:00.0000000+11:00,1
fec2e604-1806-4e0f-861e-b7ee37643f96,Summer 2018/19,8bab5224-67bb-4c8e-8289-cb2e1e8469c9,ae06ee81-f0dc-4fd8-9f15-6112c6cabd5a,NMCA - Jack Kelly Shield,raw_162cce2f_a5bb_451f_ab68_d7a037f018ee,raw_162cce2f_a5bb_451f_ab68_d7a037f018ee,Benjamin Frew,Benjamin Frew,0,0,2018-10-06T22:30:00.0000000+10:00,1
fec2e604-1806-4e0f-861e-b7ee37643f96,Summer 2018/19,8bab5224-67bb-4c8e-8289-cb2e1e8469c9,ae06ee81-f0dc-4fd8-9f15-6112c6cabd5a,NMCA - Jack Kelly Shield,raw_25166f1f_6d57_48e5_a9c5_218afdb3fe70,raw_25166f1f_6d57_48e5_a9c5_218afdb3fe70,Rama Bashamoni,Rama Bashamoni,1,1,2018-11-12T00:00:00.0000000+11:00,6
fec2e604-1806-4e0f-861e-b7ee37643f96,Summer 2018/19,8bab5224-67bb-4c8e-8289-cb2e1e8469c9,ae06ee81-f0dc-4fd8-9f15-6112c6cabd5a,NMCA - Jack Kelly Shield,raw_2be4b5e3_4337_4630_bc06_454213e892e5,raw_2be4b5e3_4337_4630_bc06_454213e892e5,Sarfaraz Ahmed,Sarfaraz Ahmed,2,0,2019-02-24T00:00:00.0000000+11:00,8
fec2e604-1806-4e0f-861e-b7ee37643f96,Summer 2018/19,8bab5224-67bb-4c8e-8289-cb2e1e8469c9,ae06ee81-f0dc-4fd8-9f15-6112c6cabd5a,NMCA - Jack Kelly Shield,raw_2c167bd3_c65c_4abd_8fa8_7351cfe9aa59,raw_2c167bd3_c65c_4abd_8fa8_7351cfe9aa59,Sajendra Shrestha,Sajendra Shrestha,3,1,2019-02-24T00:00:00.0000000+11:00,14
fec2e604-1806-4e0f-861e-b7ee37643f96,Summer 2018/19,8bab5224-67bb-4c8e-8289-cb2e1e8469c9,ae06ee81-f0dc-4fd8-9f15-6112c6cabd5a,NMCA - Jack Kelly Shield,raw_33ffabac_4623_48bd_a99b_419590f00cc3,raw_33ffabac_4623_48bd_a99b_419590f00cc3,Neeraj Sharma,Neeraj Sharma,1,1,2019-02-10T00:00:00.0000000+11:00,3
fec2e604-1806-4e0f-861e-b7ee37643f96,Summer 2018/19,8bab5224-67bb-4c8e-8289-cb2e1e8469c9,ae06ee81-f0dc-4fd8-9f15-6112c6cabd5a,NMCA - Jack Kelly Shield,raw_6dafae49_e951_4b24_a74a_d5d1ab49db67,raw_6dafae49_e951_4b24_a74a_d5d1ab49db67,Muhammad Nauman,Muhammad Nauman,1,1,2019-02-24T00:00:00.0000000+11:00,10
fec2e604-1806-4e0f-861e-b7ee37643f96,Summer 2018/19,8bab5224-67bb-4c8e-8289-cb2e1e8469c9,ae06ee81-f0dc-4fd8-9f15-6112c6cabd5a,NMCA - Jack Kelly Shield,raw_772017c0_ffec_4dd7_992a_665e05833c20,raw_772017c0_ffec_4dd7_992a_665e05833c20,Prajapati Manubhai,Prajapati Manubhai,0,1,2019-01-13T00:00:00.0000000+11:00,5
fec2e604-1806-4e0f-861e-b7ee37643f96,Summer 2018/19,8bab5224-67bb-4c8e-8289-cb2e1e8469c9,ae06ee81-f0dc-4fd8-9f15-6112c6cabd5a,NMCA - Jack Kelly Shield,raw_8557137e_8e9a_403f_a2e5_197066bc94b7,raw_8557137e_8e9a_403f_a2e5_197066bc94b7,Muhammad Abidi,Muhammad Abidi,0,0,2019-01-27T00:00:00.0000000+11:00,1
fec2e604-1806-4e0f-861e-b7ee37643f96,Summer 2018/19,8bab5224-67bb-4c8e-8289-cb2e1e8469c9,ae06ee81-f0dc-4fd8-9f15-6112c6cabd5a,NMCA - Jack Kelly Shield,raw_a5a8cec7_dd47_428d_bcfc_d0574e7478c2,raw_a5a8cec7_dd47_428d_bcfc_d0574e7478c2,Chinnappa Poonacha,Chinnappa Poonacha,0,0,2018-12-02T00:00:00.0000000+11:00,1
fec2e604-1806-4e0f-861e-b7ee37643f96,Summer 2018/19,8bab5224-67bb-4c8e-8289-cb2e1e8469c9,ae06ee81-f0dc-4fd8-9f15-6112c6cabd5a,NMCA - Jack Kelly Shield,raw_bacb745b_1109_4ffc_b4ce_f53bf8c269ce,raw_bacb745b_1109_4ffc_b4ce_f53bf8c269ce,Syed Shabbir,Syed Shabbir,0,0,2018-12-02T00:00:00.0000000+11:00,1
fec2e604-1806-4e0f-861e-b7ee37643f96,Summer 2018/19,8bab5224-67bb-4c8e-8289-cb2e1e8469c9,ae06ee81-f0dc-4fd8-9f15-6112c6cabd5a,NMCA - Jack Kelly Shield,shivnyl_naidu,shivnyl_naidu,Shivnyl Naidu,Shivnyl Naidu,1,0,2019-02-10T00:00:00.0000000+11:00,3
fec2e604-1806-4e0f-861e-b7ee37643f96,Summer 2018/19,8bab5224-67bb-4c8e-8289-cb2e1e8469c9,ae06ee81-f0dc-4fd8-9f15-6112c6cabd5a,NMCA - Jack Kelly Shield,vinit_naidu,vinit_naidu,Vinit Naidu,Vinit Naidu,1,0,2019-02-24T00:00:00.0000000+11:00,7
