match_id,season_id,season,source_team_ids,fvcc_team_id,fvcc_team_name,grade_id,grade_name,grade_label,round_name,round_display,round_sort,match_date,opponent_name,result_label,result_class,result_text,best_batter,best_bowler,is_premiership
5fe19275-9b55-48ed-b184-eb5bc7c29ac3,5347386c-ad71-47fe-bd25-a914b2ddf946,Summer 2001/02,57447f4b-8bc5-45fe-9e7a-6e1dde8b4e76,57447f4b-8bc5-45fe-9e7a-6e1dde8b4e76,Fiji Victorian,053d45cd-b70b-4a5d-8710-24cfb16d7ed2,"NMCA - Les Kemp Shield - ""E"" Grade",Fiji Victorian - E Grade - Les Kemp Shield,Grand Final,Grand Final,1003,2002-03-09 00:00:00+00:00,Taipans Cricket Club,Win,win,won by 38 runs,Pramen Nand 68,Clint Fernandes 7-72,True
98dda34d-4227-4804-ac72-d0b7e2992cac,5347386c-ad71-47fe-bd25-a914b2ddf946,Summer 2001/02,57447f4b-8bc5-45fe-9e7a-6e1dde8b4e76,57447f4b-8bc5-45fe-9e7a-6e1dde8b4e76,Fiji Victorian,053d45cd-b70b-4a5d-8710-24cfb16d7ed2,"NMCA - Les Kemp Shield - ""E"" Grade",Fiji Victorian - E Grade - Les Kemp Shield,Semi Finals,Semi Finals,1001,2002-03-02 00:00:00+00:00,Keon Park Cricket Club,Win,win,won by 211 runs,Shandil Bhan 118,Clint Fernandes 8-36,False
fd0dd747-4d7b-4a89-88d3-cc7a1c6f5eab,5347386c-ad71-47fe-bd25-a914b2ddf946,Summer 2001/02,57447f4b-8bc5-45fe-9e7a-6e1dde8b4e76,57447f4b-8bc5-45fe-9e7a-6e1dde8b4e76,Fiji Victorian,053d45cd-b70b-4a5d-8710-24cfb16d7ed2,"NMCA - Les Kemp Shield - ""E"" Grade",Fiji Victorian - E Grade - Les Kemp Shield,Round 11,R11,11,2002-02-23 00:00:00+00:00,Barling Cricket Club,Win,win,won by forfeit,—,—,False
1f93a3df-572b-417e-b89f-513436c2cd79,5347386c-ad71-47fe-bd25-a914b2ddf946,Summer 2001/02,57447f4b-8bc5-45fe-9e7a-6e1dde8b4e76,57447f4b-8bc5-45fe-9e7a-6e1dde8b4e76,Fiji Victorian,053d45cd-b70b-4a5d-8710-24cfb16d7ed2,"NMCA - Les Kemp Shield - ""E"" Grade",Fiji Victorian - E Grade - Les Kemp Shield,Round 10,R10,10,2002-02-09 00:00:00+00:00,West Lalor Cricket Club,Win,win,won by 171 runs,Pramen Nand 91,Rahul Lalji 3-27,False
526b0e2a-63e3-425a-a131-bc86180363c2,5347386c-ad71-47fe-bd25-a914b2ddf946,Summer 2001/02,57447f4b-8bc5-45fe-9e7a-6e1dde8b4e76,57447f4b-8bc5-45fe-9e7a-6e1dde8b4e76,Fiji Victorian,053d45cd-b70b-4a5d-8710-24cfb16d7ed2,"NMCA - Les Kemp Shield - ""E"" Grade",Fiji Victorian - E Grade - Les Kemp Shield,Round 9,R9,9,2002-01-26 00:00:00+00:00,Keon Park Cricket Club,Win,win,won by 3 wickets,Sanjeeva Nandan 83,Vinit Naidu 4-27,False
40263654-5758-4b0e-aaf0-2baf7ca983da,5347386c-ad71-47fe-bd25-a914b2ddf946,Summer 2001/02,57447f4b-8bc5-45fe-9e7a-6e1dde8b4e76,57447f4b-8bc5-45fe-9e7a-6e1dde8b4e76,Fiji Victorian,053d45cd-b70b-4a5d-8710-24cfb16d7ed2,"NMCA - Les Kemp Shield - ""E"" Grade",Fiji Victorian - E Grade - Les Kemp Shield,Round 8,R8,8,2002-01-12 00:00:00+00:00,Taipans Cricket Club,Win,win,won by 3 wickets,Pramen Nand 82,Shalen Nand 4-28,False
855534f6-1bc7-4434-854b-427f7c20be5e,5347386c-ad71-47fe-bd25-a914b2ddf946,Summer 2001/02,57447f4b-8bc5-45fe-9e7a-6e1dde8b4e76,57447f4b-8bc5-45fe-9e7a-6e1dde8b4e76,Fiji Victorian,053d45cd-b70b-4a5d-8710-24cfb16d7ed2,"NMCA - Les Kemp Shield - ""E"" Grade",Fiji Victorian - E Grade - Les Kemp Shield,Round 7,R7,7,2001-12-15 00:00:00+00:00,Barling Cricket Club,Win,win,won by forfeit,—,—,False
4a29fa36-862b-4e27-a6d5-a12f1ed70ecf,5347386c-ad71-47fe-bd25-a914b2ddf946,Summer 2001/02,57447f4b-8bc5-45fe-9e7a-6e1dde8b4e76,57447f4b-8bc5-45fe-9e7a-6e1dde8b4e76,Fiji Victorian,053d45cd-b70b-4a5d-8710-24cfb16d7ed2,"NMCA - Les Kemp Shield - ""E"" Grade",Fiji Victorian - E Grade - Les Kemp Shield,Round 6,R6,6,2001-12-01 00:00:00+00:00,West Lalor Cricket Club,Win,win,won by 3 wickets,Shalen Nand 59,Raja Parekh 4-37,False
57ad38ca-c971-41e0-9f20-656f5c11564a,5347386c-ad71-47fe-bd25-a914b2ddf946,Summer 2001/02,57447f4b-8bc5-45fe-9e7a-6e1dde8b4e76,57447f4b-8bc5-45fe-9e7a-6e1dde8b4e76,Fiji Victorian,053d45cd-b70b-4a5d-8710-24cfb16d7ed2,"NMCA - Les Kemp Shield - ""E"" Grade",Fiji Victorian - E Grade - Les Kemp Shield,Round 5,R5,5,2001-11-17 00:00:00+00:00,Croxton Park Cricket Club,Win,win,won by 79 runs,Shalen Nand 58*,Amresh Bhan 4-25,False
9f5c23d4-4ce1-4957-b9e9-bb68008d7037,5347386c-ad71-47fe-bd25-a914b2ddf946,Summer 2001/02,57447f4b-8bc5-45fe-9e7a-6e1dde8b4e76,57447f4b-8bc5-45fe-9e7a-6e1dde8b4e76,Fiji Victorian,053d45cd-b70b-4a5d-8710-24cfb16d7ed2,"NMCA - Les Kemp Shield - ""E"" Grade",Fiji Victorian - E Grade - Les Kemp Shield,Round 4,R4,4,2001-11-03 00:00:00+00:00,Thomastown Cricket Club,Loss,loss,lost by 26 runs,Pramen Nand 60*,Clint Fernandes 5-43,False
037b22e8-f242-44c8-86e3-08be3e9528a6,5347386c-ad71-47fe-bd25-a914b2ddf946,Summer 2001/02,57447f4b-8bc5-45fe-9e7a-6e1dde8b4e76,57447f4b-8bc5-45fe-9e7a-6e1dde8b4e76,Fiji Victorian,053d45cd-b70b-4a5d-8710-24cfb16d7ed2,"NMCA - Les Kemp Shield - ""E"" Grade",Fiji Victorian - E Grade - Les Kemp Shield,Round 3,R3,3,2001-10-20 00:00:00+00:00,Hygrade Cricket Club,Win,win,won by an innings and 3 runs,Amresh Bhan 91*,Clint Fernandes 4-18,False
c0691907-55d7-499d-bfcd-ede957d85687,5347386c-ad71-47fe-bd25-a914b2ddf946,Summer 2001/02,57447f4b-8bc5-45fe-9e7a-6e1dde8b4e76,57447f4b-8bc5-45fe-9e7a-6e1dde8b4e76,Fiji Victorian,053d45cd-b70b-4a5d-8710-24cfb16d7ed2,"NMCA - Les Kemp Shield - ""E"" Grade",Fiji Victorian - E Grade - Les Kemp Shield,Round 2,R2,2,2001-10-13 00:00:00+00:00,Keon Park Cricket Club,Win,win,won by 6 runs,Amresh Bhan 25,Raja Parekh 3-3,False
1cf3e44a-26cb-49ad-baeb-dd44ce71c6ff,5347386c-ad71-47fe-bd25-a914b2ddf946,Summer 2001/02,57447f4b-8bc5-45fe-9e7a-6e1dde8b4e76,57447f4b-8bc5-45fe-9e7a-6e1dde8b4e76,Fiji Victorian,053d45cd-b70b-4a5d-8710-24cfb16d7ed2,"NMCA - Les Kemp Shield - ""E"" Grade",Fiji Victorian - E Grade - Les Kemp Shield,Round 1,R1,1,2001-10-06 00:00:00+00:00,Taipans Cricket Club,No Result,none,no result,Danny Singh 52*,Raja Parekh 2-12,False
a1632a7e-d8a5-4802-bebb-98c5f99f1096,3bf412ae-5efe-4a2b-9d0f-7174ce7d0a71,Summer 2002/03,7db71968-7921-4410-8ff1-40f41f3c31a6,7db71968-7921-4410-8ff1-40f41f3c31a6,Fiji Victorian,fe7e1faf-e482-4f47-979f-62cd65690a70,"NMCA - Les Horne Shield - ""C"" Grade",Fiji Victorian - C Grade - Les Horne Shield,Grand Final,Grand Final,1003,2003-03-15 00:00:00+00:00,Dennis Cricket Club,Loss,loss,lost by 12 runs,Raja Parekh 47,Amresh Bhan 6-86,False
11f6c8e0-1fe2-44e3-a69d-e656574805d5,3bf412ae-5efe-4a2b-9d0f-7174ce7d0a71,Summer 2002/03,7db71968-7921-4410-8ff1-40f41f3c31a6,7db71968-7921-4410-8ff1-40f41f3c31a6,Fiji Victorian,fe7e1faf-e482-4f47-979f-62cd65690a70,"NMCA - Les Horne Shield - ""C"" Grade",Fiji Victorian - C Grade - Les Horne Shield,Preliminary Final,Preliminary Final,1002,2003-03-08 00:00:00+00:00,Plenty United Cricket Club,Win,win,won by 1 wickets,Shandil Bhan 59,Amresh Bhan 5-61,False
33a64ed7-049e-4cea-9965-e67fa353a7d8,3bf412ae-5efe-4a2b-9d0f-7174ce7d0a71,Summer 2002/03,7db71968-7921-4410-8ff1-40f41f3c31a6,7db71968-7921-4410-8ff1-40f41f3c31a6,Fiji Victorian,fe7e1faf-e482-4f47-979f-62cd65690a70,"NMCA - Les Horne Shield - ""C"" Grade",Fiji Victorian - C Grade - Les Horne Shield,Semi Finals,Semi Finals,1001,2003-03-01 00:00:00+00:00,Dennis Cricket Club,Loss,loss,lost by 98 runs,Shandil Bhan 52,Amresh Bhan 4-77,False
54331817-9a81-459f-92e9-c8a49d7d7a08,3bf412ae-5efe-4a2b-9d0f-7174ce7d0a71,Summer 2002/03,7db71968-7921-4410-8ff1-40f41f3c31a6,7db71968-7921-4410-8ff1-40f41f3c31a6,Fiji Victorian,fe7e1faf-e482-4f47-979f-62cd65690a70,"NMCA - Les Horne Shield - ""C"" Grade",Fiji Victorian - C Grade - Les Horne Shield,Round 11,R11,11,2003-02-22 00:00:00+00:00,Hygrade Cricket Club,Loss,loss,lost by 3 wickets,Shandil Bhan 59,Clint Fernandes 3-42,False
b54baea5-ab74-4f3e-b6ab-0119f8b75fd3,3bf412ae-5efe-4a2b-9d0f-7174ce7d0a71,Summer 2002/03,7db71968-7921-4410-8ff1-40f41f3c31a6,7db71968-7921-4410-8ff1-40f41f3c31a6,Fiji Victorian,fe7e1faf-e482-4f47-979f-62cd65690a70,"NMCA - Les Horne Shield - ""C"" Grade",Fiji Victorian - C Grade - Les Horne Shield,Round 10,R10,10,2003-02-08 00:00:00+00:00,Rivergum Cricket Club,Win,win,won by 41 runs,Danny Singh 52,Amresh Bhan 4-43,False
68ee2151-69a0-4b71-9514-a4c3eb38501c,3bf412ae-5efe-4a2b-9d0f-7174ce7d0a71,Summer 2002/03,7db71968-7921-4410-8ff1-40f41f3c31a6,7db71968-7921-4410-8ff1-40f41f3c31a6,Fiji Victorian,fe7e1faf-e482-4f47-979f-62cd65690a70,"NMCA - Les Horne Shield - ""C"" Grade",Fiji Victorian - C Grade - Les Horne Shield,Round 9,R9,9,2003-01-25 00:00:00+00:00,Mayston-Bunborough Cricket Club,Win,win,won by 5 wickets,Danny Singh 122*,Raja Parekh 2-18,False
8d2b7fa5-2f95-49a8-9cdb-1659a7dd0a9c,3bf412ae-5efe-4a2b-9d0f-7174ce7d0a71,Summer 2002/03,7db71968-7921-4410-8ff1-40f41f3c31a6,7db71968-7921-4410-8ff1-40f41f3c31a6,Fiji Victorian,fe7e1faf-e482-4f47-979f-62cd65690a70,"NMCA - Les Horne Shield - ""C"" Grade",Fiji Victorian - C Grade - Les Horne Shield,Round 8,R8,8,2003-01-11 00:00:00+00:00,West Lalor Cricket Club,Loss,loss,lost by 4 wickets,Raaj Chandra 59,Clint Fernandes 6-52,False
d6f24544-6613-4b62-9d81-26a1f18b2dce,3bf412ae-5efe-4a2b-9d0f-7174ce7d0a71,Summer 2002/03,7db71968-7921-4410-8ff1-40f41f3c31a6,7db71968-7921-4410-8ff1-40f41f3c31a6,Fiji Victorian,fe7e1faf-e482-4f47-979f-62cd65690a70,"NMCA - Les Horne Shield - ""C"" Grade",Fiji Victorian - C Grade - Les Horne Shield,Round 7,R7,7,2002-12-14 00:00:00+00:00,Cameron Cricket Club,Win,win,won by 57 runs,Pramen Nand 84,Clint Fernandes 5-50,False
8dc74328-a2f3-4cc2-ae31-6b11e37ea245,3bf412ae-5efe-4a2b-9d0f-7174ce7d0a71,Summer 2002/03,7db71968-7921-4410-8ff1-40f41f3c31a6,7db71968-7921-4410-8ff1-40f41f3c31a6,Fiji Victorian,fe7e1faf-e482-4f47-979f-62cd65690a70,"NMCA - Les Horne Shield - ""C"" Grade",Fiji Victorian - C Grade - Les Horne Shield,Round 6,R6,6,2002-11-30 00:00:00+00:00,Camrea Cricket Club,Win,win,won by 198 runs,Shalen Nand 83,Clint Fernandes 7-27,False
fb72efcb-d4e1-4643-bac7-6abcf4373dd0,3bf412ae-5efe-4a2b-9d0f-7174ce7d0a71,Summer 2002/03,7db71968-7921-4410-8ff1-40f41f3c31a6,7db71968-7921-4410-8ff1-40f41f3c31a6,Fiji Victorian,fe7e1faf-e482-4f47-979f-62cd65690a70,"NMCA - Les Horne Shield - ""C"" Grade",Fiji Victorian - C Grade - Les Horne Shield,Round 5,R5,5,2002-11-16 00:00:00+00:00,East Brunswick Cricket Club,Win,win,won by 10 runs,Danny Singh 59,Clint Fernandes 3-46,False
f6acd37a-5279-473a-8999-ea8a754fbd62,3bf412ae-5efe-4a2b-9d0f-7174ce7d0a71,Summer 2002/03,7db71968-7921-4410-8ff1-40f41f3c31a6,7db71968-7921-4410-8ff1-40f41f3c31a6,Fiji Victorian,fe7e1faf-e482-4f47-979f-62cd65690a70,"NMCA - Les Horne Shield - ""C"" Grade",Fiji Victorian - C Grade - Les Horne Shield,Round 4,R4,4,2002-11-09 00:00:00+00:00,Plenty United Cricket Club,Win,win,won by 2 wickets,Danny Singh 82*,Amresh Bhan 3-7,False
15cdc514-215f-4270-bc83-09ed83197ecf,3bf412ae-5efe-4a2b-9d0f-7174ce7d0a71,Summer 2002/03,7db71968-7921-4410-8ff1-40f41f3c31a6,7db71968-7921-4410-8ff1-40f41f3c31a6,Fiji Victorian,fe7e1faf-e482-4f47-979f-62cd65690a70,"NMCA - Les Horne Shield - ""C"" Grade",Fiji Victorian - C Grade - Les Horne Shield,Round 3,R3,3,2002-10-26 00:00:00+00:00,Bundoora Park Cricket Club,Win,win,won,Shandil Bhan 76,Shalen Nand 3-8,False
bfdfe0de-1a9f-4aec-929c-7dc5b62e8f4b,3bf412ae-5efe-4a2b-9d0f-7174ce7d0a71,Summer 2002/03,7db71968-7921-4410-8ff1-40f41f3c31a6,7db71968-7921-4410-8ff1-40f41f3c31a6,Fiji Victorian,fe7e1faf-e482-4f47-979f-62cd65690a70,"NMCA - Les Horne Shield - ""C"" Grade",Fiji Victorian - C Grade - Les Horne Shield,Round 2,R2,2,2002-10-19 00:00:00+00:00,West Preston Sharks Cricket Club,Win,win,won by an innings and 106 runs,Pramen Nand 71,Mayur Mohan 3-20,False
c1334125-d3b7-425d-b515-1c250fb89226,3bf412ae-5efe-4a2b-9d0f-7174ce7d0a71,Summer 2002/03,7db71968-7921-4410-8ff1-40f41f3c31a6,7db71968-7921-4410-8ff1-40f41f3c31a6,Fiji Victorian,fe7e1faf-e482-4f47-979f-62cd65690a70,"NMCA - Les Horne Shield - ""C"" Grade",Fiji Victorian - C Grade - Les Horne Shield,Round 1,R1,1,2002-10-05 00:00:00+00:00,Dennis Cricket Club,Loss,loss,lost by 6 wickets,Sanjeeva Nandan 38,Vinit Naidu 2-26,False
5447f5ba-107a-4cc5-a3f5-564f25eeea7a,4e850a88-1187-4f43-a5d9-7e988a6e218f,Summer 2003/04,c127074b-60e9-405a-adcc-f3ab28fa14d9,c127074b-60e9-405a-adcc-f3ab28fa14d9,Fiji Victorian,a83656d8-92c2-4cc5-96cc-ddaf1b25981a,"NMCA - Les Horne Shield - ""C"" Grade",Fiji Victorian - C Grade - Les Horne Shield,Preliminary Final,Preliminary Final,1002,2004-03-13 00:00:00+00:00,Keon Park Cricket Club,Loss,loss,lost by 17 runs,Rahul Lalji 22*,Clint Fernandes 4-52,False
be9c1086-b357-4e7b-96f7-c0254e2c7012,4e850a88-1187-4f43-a5d9-7e988a6e218f,Summer 2003/04,c127074b-60e9-405a-adcc-f3ab28fa14d9,c127074b-60e9-405a-adcc-f3ab28fa14d9,Fiji Victorian,a83656d8-92c2-4cc5-96cc-ddaf1b25981a,"NMCA - Les Horne Shield - ""C"" Grade",Fiji Victorian - C Grade - Les Horne Shield,Qualifying Final,Qualifying Final,1000,2004-03-06 00:00:00+00:00,East Brunswick Cricket Club,Win,win,won by 2 wickets,Amresh Bhan 62*,Clint Fernandes 5-65,False
4d69f0ef-a7cb-446f-865d-a34a82bf7ac6,4e850a88-1187-4f43-a5d9-7e988a6e218f,Summer 2003/04,c127074b-60e9-405a-adcc-f3ab28fa14d9,c127074b-60e9-405a-adcc-f3ab28fa14d9,Fiji Victorian,a83656d8-92c2-4cc5-96cc-ddaf1b25981a,"NMCA - Les Horne Shield - ""C"" Grade",Fiji Victorian - C Grade - Les Horne Shield,Round 11,R11,11,2004-02-21 00:00:00+00:00,West Preston Cricket Club,Win,win,won by an innings and 173 runs,Shandil Bhan 81,Clint Fernandes 6-11,False
9f78dd28-b0da-4df1-a4f7-d126d893e1a5,4e850a88-1187-4f43-a5d9-7e988a6e218f,Summer 2003/04,c127074b-60e9-405a-adcc-f3ab28fa14d9,c127074b-60e9-405a-adcc-f3ab28fa14d9,Fiji Victorian,a83656d8-92c2-4cc5-96cc-ddaf1b25981a,"NMCA - Les Horne Shield - ""C"" Grade",Fiji Victorian - C Grade - Les Horne Shield,Round 10,R10,10,2004-02-07 00:00:00+00:00,Hygrade Cricket Club,Win,win,won by 98 runs,Avinash Rugoobur 60,Clint Fernandes 5-18,False
8c3046a7-78a6-4ec3-bc40-43caa0be7aae,4e850a88-1187-4f43-a5d9-7e988a6e218f,Summer 2003/04,c127074b-60e9-405a-adcc-f3ab28fa14d9,c127074b-60e9-405a-adcc-f3ab28fa14d9,Fiji Victorian,a83656d8-92c2-4cc5-96cc-ddaf1b25981a,"NMCA - Les Horne Shield - ""C"" Grade",Fiji Victorian - C Grade - Les Horne Shield,Round 9,R9,9,2004-01-24 00:00:00+00:00,Cameron Cricket Club,Win,win,won,Pramen Nand 33,Shandil Bhan 5-29,False
0298b32a-179c-426d-88e1-a3c2f2428a00,4e850a88-1187-4f43-a5d9-7e988a6e218f,Summer 2003/04,c127074b-60e9-405a-adcc-f3ab28fa14d9,c127074b-60e9-405a-adcc-f3ab28fa14d9,Fiji Victorian,a83656d8-92c2-4cc5-96cc-ddaf1b25981a,"NMCA - Les Horne Shield - ""C"" Grade",Fiji Victorian - C Grade - Les Horne Shield,Round 8,R8,8,2004-01-10 00:00:00+00:00,Oakhill Clelands Cricket Club,Win,win,won by an innings and 192 runs,Shandil Bhan 96,Amresh Bhan 4-5,False
8206468d-4555-456c-8eaf-2ed500710d66,4e850a88-1187-4f43-a5d9-7e988a6e218f,Summer 2003/04,c127074b-60e9-405a-adcc-f3ab28fa14d9,c127074b-60e9-405a-adcc-f3ab28fa14d9,Fiji Victorian,a83656d8-92c2-4cc5-96cc-ddaf1b25981a,"NMCA - Les Horne Shield - ""C"" Grade",Fiji Victorian - C Grade - Les Horne Shield,Round 7,R7,7,2003-12-13 00:00:00+00:00,Camrea Cricket Club,Win,win,won by 2 wickets,Shandil Bhan 102,Clint Fernandes 6-30,False
40e43c08-216d-43fa-ac51-a12c847e0722,4e850a88-1187-4f43-a5d9-7e988a6e218f,Summer 2003/04,c127074b-60e9-405a-adcc-f3ab28fa14d9,c127074b-60e9-405a-adcc-f3ab28fa14d9,Fiji Victorian,a83656d8-92c2-4cc5-96cc-ddaf1b25981a,"NMCA - Les Horne Shield - ""C"" Grade",Fiji Victorian - C Grade - Les Horne Shield,Round 6,R6,6,2003-11-29 00:00:00+00:00,Keon Park Cricket Club,Loss,loss,lost by 23 runs,Shandil Bhan 25,Amresh Bhan 4-22,False
128974aa-f40b-46fa-8e65-1e0376d2e373,4e850a88-1187-4f43-a5d9-7e988a6e218f,Summer 2003/04,c127074b-60e9-405a-adcc-f3ab28fa14d9,c127074b-60e9-405a-adcc-f3ab28fa14d9,Fiji Victorian,a83656d8-92c2-4cc5-96cc-ddaf1b25981a,"NMCA - Les Horne Shield - ""C"" Grade",Fiji Victorian - C Grade - Les Horne Shield,Round 5,R5,5,2003-11-22 00:00:00+00:00,West Lalor Cricket Club,Loss,loss,lost by 6 wickets,Shandil Bhan 36,Shandil Bhan 2-34,False
d4765777-f7e7-46ad-9fac-a84e7c7ff599,4e850a88-1187-4f43-a5d9-7e988a6e218f,Summer 2003/04,c127074b-60e9-405a-adcc-f3ab28fa14d9,c127074b-60e9-405a-adcc-f3ab28fa14d9,Fiji Victorian,a83656d8-92c2-4cc5-96cc-ddaf1b25981a,"NMCA - Les Horne Shield - ""C"" Grade",Fiji Victorian - C Grade - Les Horne Shield,Round 4,R4,4,2003-11-08 00:00:00+00:00,Plenty United Cricket Club,Loss,loss,lost by 5 wickets,Danny Singh 37,Shandil Bhan 3-47,False
bde160b0-3505-4812-a5ef-7497c48d41f9,4e850a88-1187-4f43-a5d9-7e988a6e218f,Summer 2003/04,c127074b-60e9-405a-adcc-f3ab28fa14d9,c127074b-60e9-405a-adcc-f3ab28fa14d9,Fiji Victorian,a83656d8-92c2-4cc5-96cc-ddaf1b25981a,"NMCA - Les Horne Shield - ""C"" Grade",Fiji Victorian - C Grade - Les Horne Shield,Round 3,R3,3,2003-10-25 00:00:00+00:00,Mayston-Bunborough Cricket Club,Win,win,won by 5 wickets,Vinit Naidu 39,Amresh Bhan 6-26,False
7fa817f9-85a7-4042-851e-e84762df3f65,4e850a88-1187-4f43-a5d9-7e988a6e218f,Summer 2003/04,c127074b-60e9-405a-adcc-f3ab28fa14d9,c127074b-60e9-405a-adcc-f3ab28fa14d9,Fiji Victorian,a83656d8-92c2-4cc5-96cc-ddaf1b25981a,"NMCA - Les Horne Shield - ""C"" Grade",Fiji Victorian - C Grade - Les Horne Shield,Round 2,R2,2,2003-10-18 00:00:00+00:00,East Brunswick Cricket Club,Loss,loss,lost by 5 wickets,Raja Parekh 35*,Clint Fernandes 2-22,False
b809163f-67b7-49b5-b696-f9b71646d6ac,4e850a88-1187-4f43-a5d9-7e988a6e218f,Summer 2003/04,c127074b-60e9-405a-adcc-f3ab28fa14d9,c127074b-60e9-405a-adcc-f3ab28fa14d9,Fiji Victorian,a83656d8-92c2-4cc5-96cc-ddaf1b25981a,"NMCA - Les Horne Shield - ""C"" Grade",Fiji Victorian - C Grade - Les Horne Shield,Round 1,R1,1,2003-10-04 00:00:00+00:00,Rivergum Cricket Club,Win,win,won by an innings and 139 runs,Shandil Bhan 154,Clint Fernandes 6-16,False
f1858faa-d6ae-42cd-b46c-1916bcbfb4a5,94913459-339b-4070-9581-c6c1dfad328b,Summer 2004/05,75208e07-b6a0-4807-933d-532d0fc1b975,75208e07-b6a0-4807-933d-532d0fc1b975,Fiji Victorian,b6b324eb-8dad-4863-8618-f0f8809765e4,"NMCA - John Adams Shield - ""B"" Grade",Fiji Victorian - B Grade - John Adams Shield,Semi Finals,Semi Finals,1001,2005-03-05 00:00:00+00:00,Lalor Cricket Club,Loss,loss,lost,Shandil Bhan 41,Clint Fernandes 7-52,False
5b5728dd-d527-4581-b9e0-e66c1169e471,94913459-339b-4070-9581-c6c1dfad328b,Summer 2004/05,75208e07-b6a0-4807-933d-532d0fc1b975,75208e07-b6a0-4807-933d-532d0fc1b975,Fiji Victorian,b6b324eb-8dad-4863-8618-f0f8809765e4,"NMCA - John Adams Shield - ""B"" Grade",Fiji Victorian - B Grade - John Adams Shield,Round 11,R11,11,2005-02-19 00:00:00+00:00,Holy Trinity Cricket Club,Loss,loss,lost,Shandil Bhan 31,Amresh Bhan 3-35,False
c9118a60-ef1d-4405-9598-00a72488001e,94913459-339b-4070-9581-c6c1dfad328b,Summer 2004/05,75208e07-b6a0-4807-933d-532d0fc1b975,75208e07-b6a0-4807-933d-532d0fc1b975,Fiji Victorian,b6b324eb-8dad-4863-8618-f0f8809765e4,"NMCA - John Adams Shield - ""B"" Grade",Fiji Victorian - B Grade - John Adams Shield,Round 10,R10,10,2005-02-05 00:00:00+00:00,Plenty United Cricket Club,Win,win,won by 22 runs,Avinash Rugoobur 30,Amresh Bhan 5-14,False
a7aa7043-fb98-4ea3-bb09-494dd8a17740,94913459-339b-4070-9581-c6c1dfad328b,Summer 2004/05,75208e07-b6a0-4807-933d-532d0fc1b975,75208e07-b6a0-4807-933d-532d0fc1b975,Fiji Victorian,b6b324eb-8dad-4863-8618-f0f8809765e4,"NMCA - John Adams Shield - ""B"" Grade",Fiji Victorian - B Grade - John Adams Shield,Round 9,R9,9,2005-01-22 00:00:00+00:00,Rosebank Cricket Club,Loss,loss,lost by 128 runs,Pramen Nand 33,Shandil Bhan 4-47,False
c4160741-0201-4b6f-bccf-2d19010b3d4e,94913459-339b-4070-9581-c6c1dfad328b,Summer 2004/05,75208e07-b6a0-4807-933d-532d0fc1b975,75208e07-b6a0-4807-933d-532d0fc1b975,Fiji Victorian,b6b324eb-8dad-4863-8618-f0f8809765e4,"NMCA - John Adams Shield - ""B"" Grade",Fiji Victorian - B Grade - John Adams Shield,Round 8,R8,8,2005-01-08 00:00:00+00:00,Bell Ramblers Cricket Club,Win,win,won by an innings and 9 runs,Danny Singh 29,Clint Fernandes 7-18,False
49c72bef-8b78-4451-a39f-da050dc6703e,94913459-339b-4070-9581-c6c1dfad328b,Summer 2004/05,75208e07-b6a0-4807-933d-532d0fc1b975,75208e07-b6a0-4807-933d-532d0fc1b975,Fiji Victorian,b6b324eb-8dad-4863-8618-f0f8809765e4,"NMCA - John Adams Shield - ""B"" Grade",Fiji Victorian - B Grade - John Adams Shield,Round 7,R7,7,2004-12-11 00:00:00+00:00,Preston Footballers Cricket Club,Loss,loss,lost by 1 wickets,Raja Parekh 32,Clint Fernandes 4-50,False
0502f34a-d06f-4d82-9efa-e554f236de58,94913459-339b-4070-9581-c6c1dfad328b,Summer 2004/05,75208e07-b6a0-4807-933d-532d0fc1b975,75208e07-b6a0-4807-933d-532d0fc1b975,Fiji Victorian,b6b324eb-8dad-4863-8618-f0f8809765e4,"NMCA - John Adams Shield - ""B"" Grade",Fiji Victorian - B Grade - John Adams Shield,Round 6,R6,6,2004-11-27 00:00:00+00:00,Lalor Cricket Club,Win,win,won by an innings and 115 runs,Raja Parekh 100,Shandil Bhan 4-28,False
068698b9-c1ea-4742-a9be-32dcbf85578f,94913459-339b-4070-9581-c6c1dfad328b,Summer 2004/05,75208e07-b6a0-4807-933d-532d0fc1b975,75208e07-b6a0-4807-933d-532d0fc1b975,Fiji Victorian,b6b324eb-8dad-4863-8618-f0f8809765e4,"NMCA - John Adams Shield - ""B"" Grade",Fiji Victorian - B Grade - John Adams Shield,Round 5,R5,5,2004-11-20 00:00:00+00:00,West Preston Cricket Club,Loss,loss,lost by 3 wickets,Pramen Nand 55,Vinit Naidu 2-22,False
dcbd6e46-b0e9-40e5-b8db-fdb16247c34b,94913459-339b-4070-9581-c6c1dfad328b,Summer 2004/05,75208e07-b6a0-4807-933d-532d0fc1b975,75208e07-b6a0-4807-933d-532d0fc1b975,Fiji Victorian,b6b324eb-8dad-4863-8618-f0f8809765e4,"NMCA - John Adams Shield - ""B"" Grade",Fiji Victorian - B Grade - John Adams Shield,Round 4,R4,4,2004-11-06 00:00:00+00:00,Hygrade Cricket Club,Draw,draw,draw,—,—,False
67d5f846-05ba-47c4-a4f9-787e6d461299,94913459-339b-4070-9581-c6c1dfad328b,Summer 2004/05,75208e07-b6a0-4807-933d-532d0fc1b975,75208e07-b6a0-4807-933d-532d0fc1b975,Fiji Victorian,b6b324eb-8dad-4863-8618-f0f8809765e4,"NMCA - John Adams Shield - ""B"" Grade",Fiji Victorian - B Grade - John Adams Shield,Round 3,R3,3,2004-10-23 00:00:00+00:00,Strathewen Cricket Club,Win,win,won,Shandil Bhan 63,Shandil Bhan 4-38,False
04ce7dfa-e527-422e-876f-43ec9e1204bf,94913459-339b-4070-9581-c6c1dfad328b,Summer 2004/05,75208e07-b6a0-4807-933d-532d0fc1b975,75208e07-b6a0-4807-933d-532d0fc1b975,Fiji Victorian,b6b324eb-8dad-4863-8618-f0f8809765e4,"NMCA - John Adams Shield - ""B"" Grade",Fiji Victorian - B Grade - John Adams Shield,Round 2,R2,2,2004-10-16 00:00:00+00:00,Kingsbury Cricket Club,Win,win,won by 2 wickets,Vinit Naidu 26,Vinit Naidu 5-17,False
148ce2ab-8a61-47a1-94ab-285b51756884,94913459-339b-4070-9581-c6c1dfad328b,Summer 2004/05,75208e07-b6a0-4807-933d-532d0fc1b975,75208e07-b6a0-4807-933d-532d0fc1b975,Fiji Victorian,b6b324eb-8dad-4863-8618-f0f8809765e4,"NMCA - John Adams Shield - ""B"" Grade",Fiji Victorian - B Grade - John Adams Shield,Round 1,R1,1,2004-10-02 00:00:00+00:00,Dennis Cricket Club,Win,win,won by an innings and 241 runs,Shandil Bhan 169,Clint Fernandes 6-17,False
e40ccd41-455d-4569-beae-02a467405f6e,94913459-339b-4070-9581-c6c1dfad328b,Summer 2004/05,ace9fdcc-bf72-47d8-bf31-f052f7cd0727,ace9fdcc-bf72-47d8-bf31-f052f7cd0727,Fiji Victorian,f7bac1e3-3279-4ae7-bf89-8279775b0539,"NMCA - Les Kemp Shield - ""E"" Grade",Fiji Victorian - E Grade - Les Kemp Shield,Round 11,R11,11,2005-02-19 00:00:00+00:00,Rivergum Cricket Club,Loss,loss,lost by 23 runs,Ricky Singh 44,Vassili Kitsios 6-42,False
57478f9b-9eb4-4714-a9e6-dbdc8bd00ae9,94913459-339b-4070-9581-c6c1dfad328b,Summer 2004/05,ace9fdcc-bf72-47d8-bf31-f052f7cd0727,ace9fdcc-bf72-47d8-bf31-f052f7cd0727,Fiji Victorian,f7bac1e3-3279-4ae7-bf89-8279775b0539,"NMCA - Les Kemp Shield - ""E"" Grade",Fiji Victorian - E Grade - Les Kemp Shield,Round 10,R10,10,2005-02-05 00:00:00+00:00,Bundoora Park Cricket Club,Loss,loss,lost,Reuben Sharan 22,Sachin Chand 2-15,False
265f762e-44af-46d7-83dc-3cc6053d9c8b,94913459-339b-4070-9581-c6c1dfad328b,Summer 2004/05,ace9fdcc-bf72-47d8-bf31-f052f7cd0727,ace9fdcc-bf72-47d8-bf31-f052f7cd0727,Fiji Victorian,f7bac1e3-3279-4ae7-bf89-8279775b0539,"NMCA - Les Kemp Shield - ""E"" Grade",Fiji Victorian - E Grade - Les Kemp Shield,Round 9,R9,9,2005-01-22 00:00:00+00:00,West Preston Cricket Club,Win,win,won by 8 wickets,Avinash Rugoobur 141,Mayur Mohan 3-16,False
bc362e57-9f31-4761-936b-fe56208f6bd0,94913459-339b-4070-9581-c6c1dfad328b,Summer 2004/05,ace9fdcc-bf72-47d8-bf31-f052f7cd0727,ace9fdcc-bf72-47d8-bf31-f052f7cd0727,Fiji Victorian,f7bac1e3-3279-4ae7-bf89-8279775b0539,"NMCA - Les Kemp Shield - ""E"" Grade",Fiji Victorian - E Grade - Les Kemp Shield,Round 8,R8,8,2005-01-08 00:00:00+00:00,Preston Baseballers Cricket Club,Loss,loss,lost by an innings and 1 runs,Ashish Sharma 19,Shaun Vikash 4-32,False
e75d9707-43bb-402b-8834-df089a3f900c,94913459-339b-4070-9581-c6c1dfad328b,Summer 2004/05,ace9fdcc-bf72-47d8-bf31-f052f7cd0727,ace9fdcc-bf72-47d8-bf31-f052f7cd0727,Fiji Victorian,f7bac1e3-3279-4ae7-bf89-8279775b0539,"NMCA - Les Kemp Shield - ""E"" Grade",Fiji Victorian - E Grade - Les Kemp Shield,Round 7,R7,7,2004-12-11 00:00:00+00:00,Preston YCW District Cricket Club,Loss,loss,lost,Deepak Sharma 18,Sachin Chand 2-29,False
179322e0-6900-4069-934a-6d162c534b81,94913459-339b-4070-9581-c6c1dfad328b,Summer 2004/05,ace9fdcc-bf72-47d8-bf31-f052f7cd0727,ace9fdcc-bf72-47d8-bf31-f052f7cd0727,Fiji Victorian,f7bac1e3-3279-4ae7-bf89-8279775b0539,"NMCA - Les Kemp Shield - ""E"" Grade",Fiji Victorian - E Grade - Les Kemp Shield,Round 6,R6,6,2004-11-27 00:00:00+00:00,Rivergum Cricket Club,Loss,loss,lost by 6 wickets,Reuben Sharan 39,Reuben Sharan 1-7,False
c75e38cb-f8f6-4d9a-a371-86fb29512b92,94913459-339b-4070-9581-c6c1dfad328b,Summer 2004/05,ace9fdcc-bf72-47d8-bf31-f052f7cd0727,ace9fdcc-bf72-47d8-bf31-f052f7cd0727,Fiji Victorian,f7bac1e3-3279-4ae7-bf89-8279775b0539,"NMCA - Les Kemp Shield - ""E"" Grade",Fiji Victorian - E Grade - Les Kemp Shield,Round 5,R5,5,2004-11-20 00:00:00+00:00,Bundoora Park Cricket Club,Loss,loss,lost by 9 runs,Ashveen Kumar 23,Ashveen Kumar 3-18,False
82b872ce-bf87-4ccc-80b5-3fbc3f7ffed9,94913459-339b-4070-9581-c6c1dfad328b,Summer 2004/05,ace9fdcc-bf72-47d8-bf31-f052f7cd0727,ace9fdcc-bf72-47d8-bf31-f052f7cd0727,Fiji Victorian,f7bac1e3-3279-4ae7-bf89-8279775b0539,"NMCA - Les Kemp Shield - ""E"" Grade",Fiji Victorian - E Grade - Les Kemp Shield,Round 4,R4,4,2004-11-06 00:00:00+00:00,West Preston Cricket Club,Draw,draw,draw,—,—,False
fde4889a-0cb9-4989-a76d-327040718909,94913459-339b-4070-9581-c6c1dfad328b,Summer 2004/05,ace9fdcc-bf72-47d8-bf31-f052f7cd0727,ace9fdcc-bf72-47d8-bf31-f052f7cd0727,Fiji Victorian,f7bac1e3-3279-4ae7-bf89-8279775b0539,"NMCA - Les Kemp Shield - ""E"" Grade",Fiji Victorian - E Grade - Les Kemp Shield,Round 3,R3,3,2004-10-23 00:00:00+00:00,Preston Baseballers Cricket Club,Loss,loss,lost by 5 wickets,Larry Nanayakkara 46,Larry Nanayakkara 2-80,False
ddec282a-7b78-45af-bc76-153d2d6c355d,94913459-339b-4070-9581-c6c1dfad328b,Summer 2004/05,ace9fdcc-bf72-47d8-bf31-f052f7cd0727,ace9fdcc-bf72-47d8-bf31-f052f7cd0727,Fiji Victorian,f7bac1e3-3279-4ae7-bf89-8279775b0539,"NMCA - Les Kemp Shield - ""E"" Grade",Fiji Victorian - E Grade - Les Kemp Shield,Round 2,R2,2,2004-10-16 00:00:00+00:00,Preston YCW District Cricket Club,Loss,loss,lost by 71 runs,Larry Nanayakkara 14,Larry Nanayakkara 3-24,False
00ed0aff-008d-4708-9035-a2b0848ce80f,94913459-339b-4070-9581-c6c1dfad328b,Summer 2004/05,ace9fdcc-bf72-47d8-bf31-f052f7cd0727,ace9fdcc-bf72-47d8-bf31-f052f7cd0727,Fiji Victorian,f7bac1e3-3279-4ae7-bf89-8279775b0539,"NMCA - Les Kemp Shield - ""E"" Grade",Fiji Victorian - E Grade - Les Kemp Shield,Round 1,R1,1,2004-10-02 00:00:00+00:00,Rivergum Cricket Club,Loss,loss,lost by 7 wickets,Reuel Sharan 34*,Feroz Hassan 2-74,False
4c5ec6fa-4324-4377-bbe1-49f88fda49fb,54f45899-c1b5-4d0a-ae20-dc26e463e143,Summer 2005/06,cd985bea-9066-4280-854d-0bf9f3496e31,cd985bea-9066-4280-854d-0bf9f3496e31,Fiji Victorian,ecca25e7-9362-4463-91af-3fdcc2c01deb,"NMCA - Les Horne Shield - ""C"" Grade",Fiji Victorian - C Grade - Les Horne Shield,Round 14,R14,14,2006-02-25 13:30:00+00:00,Rosebank Cricket Club,Loss,loss,lost by 4 wickets,Raja Parekh 30,Benjamin Frew 2-38,False
bdc6fa8c-2cbb-43cd-b75e-30fca7fb825b,54f45899-c1b5-4d0a-ae20-dc26e463e143,Summer 2005/06,cd985bea-9066-4280-854d-0bf9f3496e31,cd985bea-9066-4280-854d-0bf9f3496e31,Fiji Victorian,ecca25e7-9362-4463-91af-3fdcc2c01deb,"NMCA - Les Horne Shield - ""C"" Grade",Fiji Victorian - C Grade - Les Horne Shield,Round 13,R13,13,2006-02-11 13:30:00+00:00,Holy Trinity Cricket Club,Loss,loss,lost by 5 wickets,Vinit Naidu 27,Shalen Nand 2-21,False
9326f713-5c02-46c2-85a3-ee2db8b41063,54f45899-c1b5-4d0a-ae20-dc26e463e143,Summer 2005/06,cd985bea-9066-4280-854d-0bf9f3496e31,cd985bea-9066-4280-854d-0bf9f3496e31,Fiji Victorian,ecca25e7-9362-4463-91af-3fdcc2c01deb,"NMCA - Les Horne Shield - ""C"" Grade",Fiji Victorian - C Grade - Les Horne Shield,Round 12,R12,12,2006-01-28 13:30:00+00:00,Reservoir Mayston Cricket Club,Win,win,won by 25 runs,Sanjay Ct 78,Benjamin Frew 3-38,False
a4940c71-ea50-4566-9a54-8e1ca00a6038,54f45899-c1b5-4d0a-ae20-dc26e463e143,Summer 2005/06,cd985bea-9066-4280-854d-0bf9f3496e31,cd985bea-9066-4280-854d-0bf9f3496e31,Fiji Victorian,ecca25e7-9362-4463-91af-3fdcc2c01deb,"NMCA - Les Horne Shield - ""C"" Grade",Fiji Victorian - C Grade - Les Horne Shield,Round 11,R11,11,2006-01-14 13:30:00+00:00,Lalor Cricket Club,Loss,loss,lost by 1 wickets,Sanjay Ct 64,Clint Fernandes 3-41,False
b50c86e2-d83a-42dc-9bd0-211442ea4fcf,54f45899-c1b5-4d0a-ae20-dc26e463e143,Summer 2005/06,cd985bea-9066-4280-854d-0bf9f3496e31,cd985bea-9066-4280-854d-0bf9f3496e31,Fiji Victorian,ecca25e7-9362-4463-91af-3fdcc2c01deb,"NMCA - Les Horne Shield - ""C"" Grade",Fiji Victorian - C Grade - Les Horne Shield,Round 10,R10,10,2005-12-10 13:30:00+00:00,Northern Socials Cricket Club,Loss,loss,lost by 45 runs,Shandil Bhan 75,Amresh Bhan 6-18,False
9c63579e-1df5-426f-ba4e-54f236cfc0da,54f45899-c1b5-4d0a-ae20-dc26e463e143,Summer 2005/06,cd985bea-9066-4280-854d-0bf9f3496e31,cd985bea-9066-4280-854d-0bf9f3496e31,Fiji Victorian,ecca25e7-9362-4463-91af-3fdcc2c01deb,"NMCA - Les Horne Shield - ""C"" Grade",Fiji Victorian - C Grade - Les Horne Shield,Round 9,R9,9,2005-12-03 13:30:00+00:00,Hygrade Cricket Club,Win,win,won by 59 runs,Vinit Naidu 58,Clint Fernandes 2-15,False
630b98a4-33c4-40ef-a9b0-9cb77889a5fe,54f45899-c1b5-4d0a-ae20-dc26e463e143,Summer 2005/06,cd985bea-9066-4280-854d-0bf9f3496e31,cd985bea-9066-4280-854d-0bf9f3496e31,Fiji Victorian,ecca25e7-9362-4463-91af-3fdcc2c01deb,"NMCA - Les Horne Shield - ""C"" Grade",Fiji Victorian - C Grade - Les Horne Shield,Round 8,R8,8,2005-11-19 13:30:00+00:00,Preston YCW District Cricket Club,Win,win,won by 13 runs,Raja Parekh 56*,Shandil Bhan 5-42,False
62b7b70e-3b73-4ae3-8408-6a88f6c8ee77,54f45899-c1b5-4d0a-ae20-dc26e463e143,Summer 2005/06,cd985bea-9066-4280-854d-0bf9f3496e31,cd985bea-9066-4280-854d-0bf9f3496e31,Fiji Victorian,ecca25e7-9362-4463-91af-3fdcc2c01deb,"NMCA - Les Horne Shield - ""C"" Grade",Fiji Victorian - C Grade - Les Horne Shield,Round 7,R7,7,2005-11-12 13:30:00+00:00,Rosebank Cricket Club,Loss,loss,lost by 7 runs,Raja Parekh 37*,Shalen Nand 3-18,False
1f30daed-d941-4493-ab16-7729ee925fa1,54f45899-c1b5-4d0a-ae20-dc26e463e143,Summer 2005/06,cd985bea-9066-4280-854d-0bf9f3496e31,cd985bea-9066-4280-854d-0bf9f3496e31,Fiji Victorian,ecca25e7-9362-4463-91af-3fdcc2c01deb,"NMCA - Les Horne Shield - ""C"" Grade",Fiji Victorian - C Grade - Les Horne Shield,Round 6,R6,6,2005-11-05 13:30:00+00:00,Holy Trinity Cricket Club,Win,win,won by 9 wickets,Pramen Nand 28*,Feroz Hassan 3-14,False
58d561b1-719a-4e4f-b67a-cd52470a3956,54f45899-c1b5-4d0a-ae20-dc26e463e143,Summer 2005/06,cd985bea-9066-4280-854d-0bf9f3496e31,cd985bea-9066-4280-854d-0bf9f3496e31,Fiji Victorian,ecca25e7-9362-4463-91af-3fdcc2c01deb,"NMCA - Les Horne Shield - ""C"" Grade",Fiji Victorian - C Grade - Les Horne Shield,Round 5,R5,5,2005-10-29 13:00:00+00:00,Reservoir Mayston Cricket Club,Win,win,won by 4 wickets,Shalen Nand 25,Vinit Naidu 3-6,False
056b4f9e-9cf1-4e5f-a28b-edb3e267b9c7,54f45899-c1b5-4d0a-ae20-dc26e463e143,Summer 2005/06,cd985bea-9066-4280-854d-0bf9f3496e31,cd985bea-9066-4280-854d-0bf9f3496e31,Fiji Victorian,ecca25e7-9362-4463-91af-3fdcc2c01deb,"NMCA - Les Horne Shield - ""C"" Grade",Fiji Victorian - C Grade - Les Horne Shield,Round 4,R4,4,2005-10-22 13:00:00+00:00,Lalor Cricket Club,Loss,loss,lost by 4 wickets,Raja Parekh 27*,Clint Fernandes 2-7,False
9a15d3eb-e86e-4c2b-944b-123ae7afc5eb,54f45899-c1b5-4d0a-ae20-dc26e463e143,Summer 2005/06,cd985bea-9066-4280-854d-0bf9f3496e31,cd985bea-9066-4280-854d-0bf9f3496e31,Fiji Victorian,ecca25e7-9362-4463-91af-3fdcc2c01deb,"NMCA - Les Horne Shield - ""C"" Grade",Fiji Victorian - C Grade - Les Horne Shield,Round 3,R3,3,2005-10-15 13:00:00+00:00,Northern Socials Cricket Club,Loss,loss,lost by 121 runs,Shandil Bhan 22,Amresh Bhan 4-50,False
062f5047-af4f-4845-b3aa-3c3733650bb5,54f45899-c1b5-4d0a-ae20-dc26e463e143,Summer 2005/06,cd985bea-9066-4280-854d-0bf9f3496e31,cd985bea-9066-4280-854d-0bf9f3496e31,Fiji Victorian,ecca25e7-9362-4463-91af-3fdcc2c01deb,"NMCA - Les Horne Shield - ""C"" Grade",Fiji Victorian - C Grade - Les Horne Shield,Round 2,R2,2,2005-10-08 13:00:00+00:00,Hygrade Cricket Club,Draw,draw,draw,—,Feroz Hassan 3-4,False
6fa65a6d-a4c0-4fab-89e3-63b631b99061,54f45899-c1b5-4d0a-ae20-dc26e463e143,Summer 2005/06,cd985bea-9066-4280-854d-0bf9f3496e31,cd985bea-9066-4280-854d-0bf9f3496e31,Fiji Victorian,ecca25e7-9362-4463-91af-3fdcc2c01deb,"NMCA - Les Horne Shield - ""C"" Grade",Fiji Victorian - C Grade - Les Horne Shield,Round 1,R1,1,2005-10-01 13:00:00+00:00,Preston YCW District Cricket Club,Loss,loss,lost by 5 wickets,Shandil Bhan 48,Shalen Nand 2-10,False
bda8b340-9225-447a-8153-1a12ec94a12f,54f45899-c1b5-4d0a-ae20-dc26e463e143,Summer 2005/06,be9ba78e-0a01-45dd-a56a-bfc941c783ab,be9ba78e-0a01-45dd-a56a-bfc941c783ab,Fiji Victorian,469bfc37-d738-4f9b-8c7b-3b31f5678bbf,"NMCA - ""F"" Grade North - Manion Shield",Fiji Victorian - F Grade North - Dave Manion Shield,Round 14,R14,14,2006-02-25 13:30:00+00:00,Bundoora Park Cricket Club,Loss,loss,lost by 7 wickets,Larry Nanayakkara 60,Feroz Hassan 2-48,False
9e064e5b-ddc9-42a3-bf0c-2707df5b0298,54f45899-c1b5-4d0a-ae20-dc26e463e143,Summer 2005/06,be9ba78e-0a01-45dd-a56a-bfc941c783ab,be9ba78e-0a01-45dd-a56a-bfc941c783ab,Fiji Victorian,469bfc37-d738-4f9b-8c7b-3b31f5678bbf,"NMCA - ""F"" Grade North - Manion Shield",Fiji Victorian - F Grade North - Dave Manion Shield,Round 13,R13,13,2006-02-11 13:30:00+00:00,Preston Footballers Cricket Club,Loss,loss,lost by 5 wickets,Vihung Kapadia 47,Sanjeeva Nandan 2-40,False
3fb39b09-1d50-4ed4-9b8e-eb88f8a14713,54f45899-c1b5-4d0a-ae20-dc26e463e143,Summer 2005/06,be9ba78e-0a01-45dd-a56a-bfc941c783ab,be9ba78e-0a01-45dd-a56a-bfc941c783ab,Fiji Victorian,469bfc37-d738-4f9b-8c7b-3b31f5678bbf,"NMCA - ""F"" Grade North - Manion Shield",Fiji Victorian - F Grade North - Dave Manion Shield,Round 12,R12,12,2006-01-28 13:30:00+00:00,Preston YCW District Cricket Club,Loss,loss,lost by 9 wickets,Reuel Sharan 25,Mayur Mohan 1-12,False
ca640cc5-d622-4106-9cbf-25b8e389f79e,54f45899-c1b5-4d0a-ae20-dc26e463e143,Summer 2005/06,be9ba78e-0a01-45dd-a56a-bfc941c783ab,be9ba78e-0a01-45dd-a56a-bfc941c783ab,Fiji Victorian,469bfc37-d738-4f9b-8c7b-3b31f5678bbf,"NMCA - ""F"" Grade North - Manion Shield",Fiji Victorian - F Grade North - Dave Manion Shield,Round 11,R11,11,2006-01-14 13:30:00+00:00,Rivergum Cricket Club,Loss,loss,lost by 5 wickets,Ricky Singh 66,Shaun Vikash 4-69,False
5d9766f4-a519-4b5a-b032-b9a2cc9941a0,54f45899-c1b5-4d0a-ae20-dc26e463e143,Summer 2005/06,be9ba78e-0a01-45dd-a56a-bfc941c783ab,be9ba78e-0a01-45dd-a56a-bfc941c783ab,Fiji Victorian,469bfc37-d738-4f9b-8c7b-3b31f5678bbf,"NMCA - ""F"" Grade North - Manion Shield",Fiji Victorian - F Grade North - Dave Manion Shield,Round 10,R10,10,2005-12-10 13:30:00+00:00,West Preston Cricket Club,Loss,loss,lost by 10 runs,Praneesh Sundar 39,Feroz Hassan 3-26,False
87dec534-bf6f-4f58-b31c-d55b62e23211,54f45899-c1b5-4d0a-ae20-dc26e463e143,Summer 2005/06,be9ba78e-0a01-45dd-a56a-bfc941c783ab,be9ba78e-0a01-45dd-a56a-bfc941c783ab,Fiji Victorian,469bfc37-d738-4f9b-8c7b-3b31f5678bbf,"NMCA - ""F"" Grade North - Manion Shield",Fiji Victorian - F Grade North - Dave Manion Shield,Round 9,R9,9,2005-12-03 13:30:00+00:00,Cameron Cricket Club,Loss,loss,lost by an innings and 72 runs,Vihung Kapadia 14,Sachin Chand 3-62,False
29f71dd6-c3c9-4a12-906e-bb314f5e5e5a,54f45899-c1b5-4d0a-ae20-dc26e463e143,Summer 2005/06,be9ba78e-0a01-45dd-a56a-bfc941c783ab,be9ba78e-0a01-45dd-a56a-bfc941c783ab,Fiji Victorian,469bfc37-d738-4f9b-8c7b-3b31f5678bbf,"NMCA - ""F"" Grade North - Manion Shield",Fiji Victorian - F Grade North - Dave Manion Shield,Round 8,R8,8,2005-11-19 13:30:00+00:00,Preston Baseballers Cricket Club,Loss,loss,lost by 125 runs,Larry Nanayakkara 36,Ricky Singh 2-11,False
c24268a9-bc23-42fc-b57f-32b6dab00cd3,54f45899-c1b5-4d0a-ae20-dc26e463e143,Summer 2005/06,be9ba78e-0a01-45dd-a56a-bfc941c783ab,be9ba78e-0a01-45dd-a56a-bfc941c783ab,Fiji Victorian,469bfc37-d738-4f9b-8c7b-3b31f5678bbf,"NMCA - ""F"" Grade North - Manion Shield",Fiji Victorian - F Grade North - Dave Manion Shield,Round 7,R7,7,2005-11-12 13:30:00+00:00,Bundoora Park Cricket Club,Loss,loss,lost by 10 wickets,Rahul Lalji 15,Sachin Chand 0-3,False
7320666e-fd97-4975-b06d-b727ecba080a,54f45899-c1b5-4d0a-ae20-dc26e463e143,Summer 2005/06,be9ba78e-0a01-45dd-a56a-bfc941c783ab,be9ba78e-0a01-45dd-a56a-bfc941c783ab,Fiji Victorian,469bfc37-d738-4f9b-8c7b-3b31f5678bbf,"NMCA - ""F"" Grade North - Manion Shield",Fiji Victorian - F Grade North - Dave Manion Shield,Round 6,R6,6,2005-11-05 13:30:00+00:00,Preston Footballers Cricket Club,Loss,loss,lost by 4 wickets,Sanjay Ct 80,Larry Nanayakkara 2-27,False
d6b2eb5c-3664-46b8-837e-ab1be64c3b20,54f45899-c1b5-4d0a-ae20-dc26e463e143,Summer 2005/06,be9ba78e-0a01-45dd-a56a-bfc941c783ab,be9ba78e-0a01-45dd-a56a-bfc941c783ab,Fiji Victorian,469bfc37-d738-4f9b-8c7b-3b31f5678bbf,"NMCA - ""F"" Grade North - Manion Shield",Fiji Victorian - F Grade North - Dave Manion Shield,Round 5,R5,5,2005-10-29 13:00:00+00:00,Preston YCW District Cricket Club,Loss,loss,lost by 8 wickets,Vinay Sharma 30,Benjamin Frew 1-25,False
c718eaa8-9dd5-42a8-9969-165b13bc1cc0,54f45899-c1b5-4d0a-ae20-dc26e463e143,Summer 2005/06,be9ba78e-0a01-45dd-a56a-bfc941c783ab,be9ba78e-0a01-45dd-a56a-bfc941c783ab,Fiji Victorian,469bfc37-d738-4f9b-8c7b-3b31f5678bbf,"NMCA - ""F"" Grade North - Manion Shield",Fiji Victorian - F Grade North - Dave Manion Shield,Round 4,R4,4,2005-10-22 13:00:00+00:00,Rivergum Cricket Club,Win,win,won by 9 runs,Hadrian D'Souza 50,Sachin Chand 4-34,False
8b37c6e5-2ae0-4660-92a2-96ed0ab06e9b,54f45899-c1b5-4d0a-ae20-dc26e463e143,Summer 2005/06,be9ba78e-0a01-45dd-a56a-bfc941c783ab,be9ba78e-0a01-45dd-a56a-bfc941c783ab,Fiji Victorian,469bfc37-d738-4f9b-8c7b-3b31f5678bbf,"NMCA - ""F"" Grade North - Manion Shield",Fiji Victorian - F Grade North - Dave Manion Shield,Round 3,R3,3,2005-10-15 13:00:00+00:00,West Preston Cricket Club,Win,win,won by 4 wickets,Vikash Chand 53,Ashveen Kumar 5-16,False
41017fb4-feb5-4db8-857a-20d63affd09b,54f45899-c1b5-4d0a-ae20-dc26e463e143,Summer 2005/06,be9ba78e-0a01-45dd-a56a-bfc941c783ab,be9ba78e-0a01-45dd-a56a-bfc941c783ab,Fiji Victorian,469bfc37-d738-4f9b-8c7b-3b31f5678bbf,"NMCA - ""F"" Grade North - Manion Shield",Fiji Victorian - F Grade North - Dave Manion Shield,Round 2,R2,2,2005-10-08 13:00:00+00:00,Cameron Cricket Club,Draw,draw,draw,Ricky Singh 17*,—,False
52698189-2fe1-4632-8abb-15f3d1f59189,54f45899-c1b5-4d0a-ae20-dc26e463e143,Summer 2005/06,be9ba78e-0a01-45dd-a56a-bfc941c783ab,be9ba78e-0a01-45dd-a56a-bfc941c783ab,Fiji Victorian,469bfc37-d738-4f9b-8c7b-3b31f5678bbf,"NMCA - ""F"" Grade North - Manion Shield",Fiji Victorian - F Grade North - Dave Manion Shield,Round 1,R1,1,2005-10-01 13:00:00+00:00,Preston Baseballers Cricket Club,Loss,loss,lost by 29 runs,Praneesh Sundar 35,Larry Nanayakkara 1-17,False
96790e29-c1c5-4233-95a3-6d3edd63ed04,e9b37153-9187-4dad-b04d-cf5fa01ccb8e,Summer 2006/07,27c330a8-3123-48fb-9e6d-c9765756d1e2,27c330a8-3123-48fb-9e6d-c9765756d1e2,Fiji Victorian,017f6040-8f42-47e7-b3d6-9dbd42617abc,"NMCA - Les Horne Shield - ""C"" Grade",Fiji Victorian - C Grade - Les Horne Shield,Semi Finals,Semi Finals,1001,2007-03-10 13:30:00+00:00,Strathewen Cricket Club,Loss,loss,lost by 68 runs,—,—,False
d2910a81-a234-4217-bd2b-5a5bd1582901,e9b37153-9187-4dad-b04d-cf5fa01ccb8e,Summer 2006/07,27c330a8-3123-48fb-9e6d-c9765756d1e2,27c330a8-3123-48fb-9e6d-c9765756d1e2,Fiji Victorian,017f6040-8f42-47e7-b3d6-9dbd42617abc,"NMCA - Les Horne Shield - ""C"" Grade",Fiji Victorian - C Grade - Les Horne Shield,Round 14,R14,14,2007-02-24 13:30:00+00:00,Donath Cricket Club,Win,win,won by 7 wickets,Sanjay Ct 40,Clint Fernandes 5-19,False
9be8c4a7-15eb-4650-80f4-c56f3934ef70,e9b37153-9187-4dad-b04d-cf5fa01ccb8e,Summer 2006/07,27c330a8-3123-48fb-9e6d-c9765756d1e2,27c330a8-3123-48fb-9e6d-c9765756d1e2,Fiji Victorian,017f6040-8f42-47e7-b3d6-9dbd42617abc,"NMCA - Les Horne Shield - ""C"" Grade",Fiji Victorian - C Grade - Les Horne Shield,Round 13,R13,13,2007-02-10 13:30:00+00:00,Lalor Cricket Club,Win,win,won,Vinay Sharma 99*,—,False
c485dd99-99f5-4f9c-b2b8-1d53c0f6c0b6,e9b37153-9187-4dad-b04d-cf5fa01ccb8e,Summer 2006/07,27c330a8-3123-48fb-9e6d-c9765756d1e2,27c330a8-3123-48fb-9e6d-c9765756d1e2,Fiji Victorian,017f6040-8f42-47e7-b3d6-9dbd42617abc,"NMCA - Les Horne Shield - ""C"" Grade",Fiji Victorian - C Grade - Les Horne Shield,Round 12,R12,12,2007-01-27 13:30:00+00:00,Rosebank Cricket Club,Win,win,won by 224 runs,Sanjay Ct 108,Amresh Bhan 7-27,False
b9485d01-4f27-423c-843f-77f638a34f49,e9b37153-9187-4dad-b04d-cf5fa01ccb8e,Summer 2006/07,27c330a8-3123-48fb-9e6d-c9765756d1e2,27c330a8-3123-48fb-9e6d-c9765756d1e2,Fiji Victorian,017f6040-8f42-47e7-b3d6-9dbd42617abc,"NMCA - Les Horne Shield - ""C"" Grade",Fiji Victorian - C Grade - Les Horne Shield,Round 11,R11,11,2007-01-20 13:00:00+00:00,Holy Trinity Cricket Club,Loss,loss,lost by 7 runs,—,—,False
68ab7245-5927-4832-891e-ba0f904578ef,e9b37153-9187-4dad-b04d-cf5fa01ccb8e,Summer 2006/07,27c330a8-3123-48fb-9e6d-c9765756d1e2,27c330a8-3123-48fb-9e6d-c9765756d1e2,Fiji Victorian,017f6040-8f42-47e7-b3d6-9dbd42617abc,"NMCA - Les Horne Shield - ""C"" Grade",Fiji Victorian - C Grade - Les Horne Shield,Round 10,R10,10,2007-01-13 13:00:00+00:00,Bundoora Park Cricket Club,Win,win,won by 40 runs,—,—,False
ecd0ba75-e481-4133-a2ba-2af97c456059,e9b37153-9187-4dad-b04d-cf5fa01ccb8e,Summer 2006/07,27c330a8-3123-48fb-9e6d-c9765756d1e2,27c330a8-3123-48fb-9e6d-c9765756d1e2,Fiji Victorian,017f6040-8f42-47e7-b3d6-9dbd42617abc,"NMCA - Les Horne Shield - ""C"" Grade",Fiji Victorian - C Grade - Les Horne Shield,Round 9,R9,9,2006-12-10 13:00:00+00:00,Strathewen Cricket Club,Draw,draw,draw,—,—,False
5970f297-1ad0-47a6-8502-1152ad41e3bc,e9b37153-9187-4dad-b04d-cf5fa01ccb8e,Summer 2006/07,27c330a8-3123-48fb-9e6d-c9765756d1e2,27c330a8-3123-48fb-9e6d-c9765756d1e2,Fiji Victorian,017f6040-8f42-47e7-b3d6-9dbd42617abc,"NMCA - Les Horne Shield - ""C"" Grade",Fiji Victorian - C Grade - Les Horne Shield,Round 8,R8,8,2006-12-09 13:30:00+00:00,Preston YCW District Cricket Club,Win,win,won by 2 runs,Vinay Sharma 90*,—,False
c8e607a7-c253-4595-8375-5ac646576e92,e9b37153-9187-4dad-b04d-cf5fa01ccb8e,Summer 2006/07,27c330a8-3123-48fb-9e6d-c9765756d1e2,27c330a8-3123-48fb-9e6d-c9765756d1e2,Fiji Victorian,017f6040-8f42-47e7-b3d6-9dbd42617abc,"NMCA - Les Horne Shield - ""C"" Grade",Fiji Victorian - C Grade - Les Horne Shield,Round 7,R7,7,2006-11-25 13:30:00+00:00,Holy Trinity Cricket Club,Win,win,won by 15 runs,—,—,False
8c6fd5a5-e2b3-400d-82ba-887c18b20b6a,e9b37153-9187-4dad-b04d-cf5fa01ccb8e,Summer 2006/07,27c330a8-3123-48fb-9e6d-c9765756d1e2,27c330a8-3123-48fb-9e6d-c9765756d1e2,Fiji Victorian,017f6040-8f42-47e7-b3d6-9dbd42617abc,"NMCA - Les Horne Shield - ""C"" Grade",Fiji Victorian - C Grade - Les Horne Shield,Round 6,R6,6,2006-11-11 13:30:00+00:00,Bundoora Park Cricket Club,Loss,loss,lost by 5 wickets,—,—,False
d685278d-88b3-4bb6-8de2-58c213008267,e9b37153-9187-4dad-b04d-cf5fa01ccb8e,Summer 2006/07,27c330a8-3123-48fb-9e6d-c9765756d1e2,27c330a8-3123-48fb-9e6d-c9765756d1e2,Fiji Victorian,017f6040-8f42-47e7-b3d6-9dbd42617abc,"NMCA - Les Horne Shield - ""C"" Grade",Fiji Victorian - C Grade - Les Horne Shield,Round 5,R5,5,2006-10-28 13:00:00+00:00,Strathewen Cricket Club,Win,win,won by 4 wickets,Sanjay Ct 133,Clint Fernandes 4-74,False
1d4fa588-645f-429c-85c2-ae066e992599,e9b37153-9187-4dad-b04d-cf5fa01ccb8e,Summer 2006/07,27c330a8-3123-48fb-9e6d-c9765756d1e2,27c330a8-3123-48fb-9e6d-c9765756d1e2,Fiji Victorian,017f6040-8f42-47e7-b3d6-9dbd42617abc,"NMCA - Les Horne Shield - ""C"" Grade",Fiji Victorian - C Grade - Les Horne Shield,Round 4,R4,4,2006-10-22 12:30:00+00:00,Donath Cricket Club,Loss,loss,lost by 6 wickets,Benjamin Frew 26,Clint Fernandes 2-14,False
e8de6dd5-457c-4b21-a17e-2ea33f884baa,e9b37153-9187-4dad-b04d-cf5fa01ccb8e,Summer 2006/07,27c330a8-3123-48fb-9e6d-c9765756d1e2,27c330a8-3123-48fb-9e6d-c9765756d1e2,Fiji Victorian,017f6040-8f42-47e7-b3d6-9dbd42617abc,"NMCA - Les Horne Shield - ""C"" Grade",Fiji Victorian - C Grade - Les Horne Shield,Round 3,R3,3,2006-10-21 12:30:00+00:00,Lalor Cricket Club,Win,win,won by 75 runs,Sanjeeva Nandan 37,Benjamin Frew 4-15,False
fde61548-88f3-42af-a597-a6a2d2aefc5a,e9b37153-9187-4dad-b04d-cf5fa01ccb8e,Summer 2006/07,27c330a8-3123-48fb-9e6d-c9765756d1e2,27c330a8-3123-48fb-9e6d-c9765756d1e2,Fiji Victorian,017f6040-8f42-47e7-b3d6-9dbd42617abc,"NMCA - Les Horne Shield - ""C"" Grade",Fiji Victorian - C Grade - Les Horne Shield,Round 2,R2,2,2006-10-14 12:30:00+00:00,Rosebank Cricket Club,Loss,loss,lost by 3 wickets,Sanjay Ct 51,Feroz Hassan 3-20,False
0f9fe43d-8eba-4f34-9274-5f31ea030ee9,e9b37153-9187-4dad-b04d-cf5fa01ccb8e,Summer 2006/07,27c330a8-3123-48fb-9e6d-c9765756d1e2,27c330a8-3123-48fb-9e6d-c9765756d1e2,Fiji Victorian,017f6040-8f42-47e7-b3d6-9dbd42617abc,"NMCA - Les Horne Shield - ""C"" Grade",Fiji Victorian - C Grade - Les Horne Shield,Round 1,R1,1,2006-10-07 12:30:00+00:00,Preston YCW District Cricket Club,Loss,loss,lost by 4 runs,Vinit Naidu 40,Clint Fernandes 2-29,False
c100b67e-97f7-4fac-8c63-5bf63067acb4,e9b37153-9187-4dad-b04d-cf5fa01ccb8e,Summer 2006/07,a353d50f-7178-4a50-80f0-0d190b35fe30,a353d50f-7178-4a50-80f0-0d190b35fe30,Fiji Victorian,68a31bc0-cce6-4168-8eb4-4c47c274c5c6,Dave Manion Shield,Fiji Victorian - Dave Manion Shield,Round 14,R14,14,2007-02-24 00:00:00+00:00,Bundoora Park Cricket Club,Win,win,won by 293 runs,—,—,False
6d9b135c-d97c-413b-81ee-5655b7b7baec,e9b37153-9187-4dad-b04d-cf5fa01ccb8e,Summer 2006/07,a353d50f-7178-4a50-80f0-0d190b35fe30,a353d50f-7178-4a50-80f0-0d190b35fe30,Fiji Victorian,68a31bc0-cce6-4168-8eb4-4c47c274c5c6,Dave Manion Shield,Fiji Victorian - Dave Manion Shield,Round 13,R13,13,2007-02-10 00:00:00+00:00,Preston Baseballers Cricket Club,Loss,loss,lost by 1 wickets,—,—,False
21d616e1-32ab-4e93-9a89-29727a571246,e9b37153-9187-4dad-b04d-cf5fa01ccb8e,Summer 2006/07,a353d50f-7178-4a50-80f0-0d190b35fe30,a353d50f-7178-4a50-80f0-0d190b35fe30,Fiji Victorian,68a31bc0-cce6-4168-8eb4-4c47c274c5c6,Dave Manion Shield,Fiji Victorian - Dave Manion Shield,Round 12,R12,12,2007-01-27 00:00:00+00:00,Cameron Cricket Club,Loss,loss,lost by 236 runs,—,—,False
b595efe2-f32e-43e0-9120-87f6bfd7572a,e9b37153-9187-4dad-b04d-cf5fa01ccb8e,Summer 2006/07,a353d50f-7178-4a50-80f0-0d190b35fe30,a353d50f-7178-4a50-80f0-0d190b35fe30,Fiji Victorian,68a31bc0-cce6-4168-8eb4-4c47c274c5c6,Dave Manion Shield,Fiji Victorian - Dave Manion Shield,Round 11,R11,11,2007-01-20 00:00:00+00:00,Northcote United Cricket Club,Loss,loss,lost by 1 wickets,—,—,False
672f5107-bd41-4b23-b9bb-a1b94287b3d5,e9b37153-9187-4dad-b04d-cf5fa01ccb8e,Summer 2006/07,a353d50f-7178-4a50-80f0-0d190b35fe30,a353d50f-7178-4a50-80f0-0d190b35fe30,Fiji Victorian,68a31bc0-cce6-4168-8eb4-4c47c274c5c6,Dave Manion Shield,Fiji Victorian - Dave Manion Shield,Round 10,R10,10,2007-01-13 00:00:00+00:00,Holy Trinity Cricket Club,Win,win,won by 84 runs,—,—,False
35ddc9a7-2377-4ed2-98cf-273a6fed4ed4,e9b37153-9187-4dad-b04d-cf5fa01ccb8e,Summer 2006/07,a353d50f-7178-4a50-80f0-0d190b35fe30,a353d50f-7178-4a50-80f0-0d190b35fe30,Fiji Victorian,68a31bc0-cce6-4168-8eb4-4c47c274c5c6,Dave Manion Shield,Fiji Victorian - Dave Manion Shield,Round 9,R9,9,2006-12-10 00:00:00+00:00,Preston Footballers Cricket Club,Loss,loss,lost by forfeit,—,—,False
8e84aa2b-45f1-422b-86b3-39614675f467,e9b37153-9187-4dad-b04d-cf5fa01ccb8e,Summer 2006/07,a353d50f-7178-4a50-80f0-0d190b35fe30,a353d50f-7178-4a50-80f0-0d190b35fe30,Fiji Victorian,68a31bc0-cce6-4168-8eb4-4c47c274c5c6,Dave Manion Shield,Fiji Victorian - Dave Manion Shield,Round 8,R8,8,2006-12-09 00:00:00+00:00,Rivergum Cricket Club,Win,win,won by 108 runs,—,—,False
ae673f11-b380-4b44-9e84-d60ff7e28ec8,e9b37153-9187-4dad-b04d-cf5fa01ccb8e,Summer 2006/07,a353d50f-7178-4a50-80f0-0d190b35fe30,a353d50f-7178-4a50-80f0-0d190b35fe30,Fiji Victorian,68a31bc0-cce6-4168-8eb4-4c47c274c5c6,Dave Manion Shield,Fiji Victorian - Dave Manion Shield,Round 7,R7,7,2006-11-25 00:00:00+00:00,Northcote United Cricket Club,Loss,loss,lost by 7 wickets,—,—,False
2a2a014c-41b3-4fc1-9ed7-c8ca9ed6ddf6,e9b37153-9187-4dad-b04d-cf5fa01ccb8e,Summer 2006/07,a353d50f-7178-4a50-80f0-0d190b35fe30,a353d50f-7178-4a50-80f0-0d190b35fe30,Fiji Victorian,68a31bc0-cce6-4168-8eb4-4c47c274c5c6,Dave Manion Shield,Fiji Victorian - Dave Manion Shield,Round 6,R6,6,2006-11-11 00:00:00+00:00,Holy Trinity Cricket Club,Loss,loss,lost by an innings and 174 runs,—,—,False
ce0c3578-cc84-4024-9317-65cb40e2e692,e9b37153-9187-4dad-b04d-cf5fa01ccb8e,Summer 2006/07,a353d50f-7178-4a50-80f0-0d190b35fe30,a353d50f-7178-4a50-80f0-0d190b35fe30,Fiji Victorian,68a31bc0-cce6-4168-8eb4-4c47c274c5c6,Dave Manion Shield,Fiji Victorian - Dave Manion Shield,Round 5,R5,5,2006-10-28 00:00:00+00:00,Preston Footballers Cricket Club,Draw,draw,draw,—,—,False
565fadb2-a9c0-43ce-b3f6-bf5ce3ffd52a,e9b37153-9187-4dad-b04d-cf5fa01ccb8e,Summer 2006/07,a353d50f-7178-4a50-80f0-0d190b35fe30,a353d50f-7178-4a50-80f0-0d190b35fe30,Fiji Victorian,68a31bc0-cce6-4168-8eb4-4c47c274c5c6,Dave Manion Shield,Fiji Victorian - Dave Manion Shield,Round 4,R4,4,2006-10-22 00:00:00+00:00,Bundoora Park Cricket Club,Loss,loss,lost by 5 runs,—,—,False
5abbf5a7-a02c-479b-addd-ca9638ef4e3b,e9b37153-9187-4dad-b04d-cf5fa01ccb8e,Summer 2006/07,a353d50f-7178-4a50-80f0-0d190b35fe30,a353d50f-7178-4a50-80f0-0d190b35fe30,Fiji Victorian,68a31bc0-cce6-4168-8eb4-4c47c274c5c6,Dave Manion Shield,Fiji Victorian - Dave Manion Shield,Round 3,R3,3,2006-10-21 00:00:00+00:00,Preston Baseballers Cricket Club,Loss,loss,lost by 12 runs,—,—,False
ce494a86-8fee-4b4b-a7b4-f2fbc729b6f1,e9b37153-9187-4dad-b04d-cf5fa01ccb8e,Summer 2006/07,a353d50f-7178-4a50-80f0-0d190b35fe30,a353d50f-7178-4a50-80f0-0d190b35fe30,Fiji Victorian,68a31bc0-cce6-4168-8eb4-4c47c274c5c6,Dave Manion Shield,Fiji Victorian - Dave Manion Shield,Round 2,R2,2,2006-10-14 00:00:00+00:00,Cameron Cricket Club,Loss,loss,lost by 34 runs,—,—,False
5218e365-2ea8-4445-a125-429575d44e66,e9b37153-9187-4dad-b04d-cf5fa01ccb8e,Summer 2006/07,a353d50f-7178-4a50-80f0-0d190b35fe30,a353d50f-7178-4a50-80f0-0d190b35fe30,Fiji Victorian,68a31bc0-cce6-4168-8eb4-4c47c274c5c6,Dave Manion Shield,Fiji Victorian - Dave Manion Shield,Round 1,R1,1,2006-10-07 00:00:00+00:00,Rivergum Cricket Club,Loss,loss,lost by 7 wickets,—,—,False
62e9456f-c87e-4213-8f83-853a82a6d0af,e9b37153-9187-4dad-b04d-cf5fa01ccb8e,Summer 2006/07,43dadb61-4f18-4ba1-be02-2262d627b12a,43dadb61-4f18-4ba1-be02-2262d627b12a,Fiji Victorian,8f7b029c-cd54-4ecc-a02f-404bb0156423,Les Horne Memorial Shield,Fiji Victorian - Les Horne Memorial Shield,Semi Finals,Semi Finals,1001,2007-03-10 00:00:00+00:00,Strathewen Cricket Club,Loss,loss,lost by 68 runs,—,—,False
a86ad5c9-143e-459d-8d71-ac812f1946f1,e9b37153-9187-4dad-b04d-cf5fa01ccb8e,Summer 2006/07,43dadb61-4f18-4ba1-be02-2262d627b12a,43dadb61-4f18-4ba1-be02-2262d627b12a,Fiji Victorian,8f7b029c-cd54-4ecc-a02f-404bb0156423,Les Horne Memorial Shield,Fiji Victorian - Les Horne Memorial Shield,Round 14,R14,14,2007-02-24 00:00:00+00:00,Donath Cricket Club,Win,win,won by 7 wickets,—,—,False
1f282b1d-842b-46bf-bd1d-10f18cf3518e,e9b37153-9187-4dad-b04d-cf5fa01ccb8e,Summer 2006/07,43dadb61-4f18-4ba1-be02-2262d627b12a,43dadb61-4f18-4ba1-be02-2262d627b12a,Fiji Victorian,8f7b029c-cd54-4ecc-a02f-404bb0156423,Les Horne Memorial Shield,Fiji Victorian - Les Horne Memorial Shield,Round 13,R13,13,2007-02-10 00:00:00+00:00,Lalor Cricket Club,Win,win,won by 6 runs,—,—,False
40825db4-5a80-47d8-89d6-d00cd4602d06,e9b37153-9187-4dad-b04d-cf5fa01ccb8e,Summer 2006/07,43dadb61-4f18-4ba1-be02-2262d627b12a,43dadb61-4f18-4ba1-be02-2262d627b12a,Fiji Victorian,8f7b029c-cd54-4ecc-a02f-404bb0156423,Les Horne Memorial Shield,Fiji Victorian - Les Horne Memorial Shield,Round 12,R12,12,2007-01-27 00:00:00+00:00,Rosebank Cricket Club,Win,win,won by 223 runs,—,—,False
adc8a8dc-8944-4c01-b957-210e8a418494,e9b37153-9187-4dad-b04d-cf5fa01ccb8e,Summer 2006/07,43dadb61-4f18-4ba1-be02-2262d627b12a,43dadb61-4f18-4ba1-be02-2262d627b12a,Fiji Victorian,8f7b029c-cd54-4ecc-a02f-404bb0156423,Les Horne Memorial Shield,Fiji Victorian - Les Horne Memorial Shield,Round 11,R11,11,2007-01-20 00:00:00+00:00,Holy Trinity Cricket Club,Loss,loss,lost by 7 runs,—,—,False
17bd004e-4058-4339-8750-f9bc5937afef,e9b37153-9187-4dad-b04d-cf5fa01ccb8e,Summer 2006/07,43dadb61-4f18-4ba1-be02-2262d627b12a,43dadb61-4f18-4ba1-be02-2262d627b12a,Fiji Victorian,8f7b029c-cd54-4ecc-a02f-404bb0156423,Les Horne Memorial Shield,Fiji Victorian - Les Horne Memorial Shield,Round 10,R10,10,2007-01-13 00:00:00+00:00,Bundoora Park Cricket Club,Win,win,won by 40 runs,—,—,False
24332cdb-6a76-4cb1-a034-7709e5c843a9,e9b37153-9187-4dad-b04d-cf5fa01ccb8e,Summer 2006/07,43dadb61-4f18-4ba1-be02-2262d627b12a,43dadb61-4f18-4ba1-be02-2262d627b12a,Fiji Victorian,8f7b029c-cd54-4ecc-a02f-404bb0156423,Les Horne Memorial Shield,Fiji Victorian - Les Horne Memorial Shield,Round 9,R9,9,2006-12-10 00:00:00+00:00,Strathewen Cricket Club,Draw,draw,draw,—,—,False
0a0fe5c7-d51f-4311-bd2e-8cea1f9a7ec4,e9b37153-9187-4dad-b04d-cf5fa01ccb8e,Summer 2006/07,43dadb61-4f18-4ba1-be02-2262d627b12a,43dadb61-4f18-4ba1-be02-2262d627b12a,Fiji Victorian,8f7b029c-cd54-4ecc-a02f-404bb0156423,Les Horne Memorial Shield,Fiji Victorian - Les Horne Memorial Shield,Round 8,R8,8,2006-12-09 00:00:00+00:00,Preston YCW District Cricket Club,Loss,loss,lost,—,—,False
6c00ee39-7741-4dd7-bf13-6722d668ed5d,e9b37153-9187-4dad-b04d-cf5fa01ccb8e,Summer 2006/07,43dadb61-4f18-4ba1-be02-2262d627b12a,43dadb61-4f18-4ba1-be02-2262d627b12a,Fiji Victorian,8f7b029c-cd54-4ecc-a02f-404bb0156423,Les Horne Memorial Shield,Fiji Victorian - Les Horne Memorial Shield,Round 7,R7,7,2006-11-25 00:00:00+00:00,Holy Trinity Cricket Club,Win,win,won by 15 runs,—,—,False
d7d0b262-8104-4eae-8766-91042b37542c,e9b37153-9187-4dad-b04d-cf5fa01ccb8e,Summer 2006/07,43dadb61-4f18-4ba1-be02-2262d627b12a,43dadb61-4f18-4ba1-be02-2262d627b12a,Fiji Victorian,8f7b029c-cd54-4ecc-a02f-404bb0156423,Les Horne Memorial Shield,Fiji Victorian - Les Horne Memorial Shield,Round 6,R6,6,2006-11-11 00:00:00+00:00,Bundoora Park Cricket Club,Loss,loss,lost by 5 wickets,—,—,False
dac62d54-d481-4ab2-95b5-729a0e9b3659,e9b37153-9187-4dad-b04d-cf5fa01ccb8e,Summer 2006/07,43dadb61-4f18-4ba1-be02-2262d627b12a,43dadb61-4f18-4ba1-be02-2262d627b12a,Fiji Victorian,8f7b029c-cd54-4ecc-a02f-404bb0156423,Les Horne Memorial Shield,Fiji Victorian - Les Horne Memorial Shield,Round 5,R5,5,2006-10-28 00:00:00+00:00,Strathewen Cricket Club,Win,win,won by 4 wickets,—,—,False
f2ac43e8-6990-4028-9993-3b64ea846f82,e9b37153-9187-4dad-b04d-cf5fa01ccb8e,Summer 2006/07,43dadb61-4f18-4ba1-be02-2262d627b12a,43dadb61-4f18-4ba1-be02-2262d627b12a,Fiji Victorian,8f7b029c-cd54-4ecc-a02f-404bb0156423,Les Horne Memorial Shield,Fiji Victorian - Les Horne Memorial Shield,Round 4,R4,4,2006-10-22 00:00:00+00:00,Donath Cricket Club,Loss,loss,lost by 6 wickets,—,—,False
594ca131-38d5-466e-a604-26041928a36f,e9b37153-9187-4dad-b04d-cf5fa01ccb8e,Summer 2006/07,43dadb61-4f18-4ba1-be02-2262d627b12a,43dadb61-4f18-4ba1-be02-2262d627b12a,Fiji Victorian,8f7b029c-cd54-4ecc-a02f-404bb0156423,Les Horne Memorial Shield,Fiji Victorian - Les Horne Memorial Shield,Round 3,R3,3,2006-10-21 00:00:00+00:00,Lalor Cricket Club,Win,win,won by 1 wickets,Vinay Sharma 103,—,False
c002318d-8b54-469f-bb61-a4af19cdfed1,e9b37153-9187-4dad-b04d-cf5fa01ccb8e,Summer 2006/07,43dadb61-4f18-4ba1-be02-2262d627b12a,43dadb61-4f18-4ba1-be02-2262d627b12a,Fiji Victorian,8f7b029c-cd54-4ecc-a02f-404bb0156423,Les Horne Memorial Shield,Fiji Victorian - Les Horne Memorial Shield,Round 2,R2,2,2006-10-14 00:00:00+00:00,Rosebank Cricket Club,Loss,loss,lost by 3 wickets,—,—,False
0678382b-e907-49e9-b0b1-fdd4d03a63b2,e9b37153-9187-4dad-b04d-cf5fa01ccb8e,Summer 2006/07,43dadb61-4f18-4ba1-be02-2262d627b12a,43dadb61-4f18-4ba1-be02-2262d627b12a,Fiji Victorian,8f7b029c-cd54-4ecc-a02f-404bb0156423,Les Horne Memorial Shield,Fiji Victorian - Les Horne Memorial Shield,Round 1,R1,1,2006-10-07 00:00:00+00:00,Preston YCW District Cricket Club,Loss,loss,lost by 4 runs,—,—,False
3541febd-76aa-4d98-b707-79b0eced17b7,e9b37153-9187-4dad-b04d-cf5fa01ccb8e,Summer 2006/07,b10282de-c888-4d66-8b91-1aba5a505598,b10282de-c888-4d66-8b91-1aba5a505598,Fiji Victorian 2nd XI,fceb50db-7556-45fb-b41c-ced06967afc5,"NMCA - ""F"" Grade North - Manion Shield",Fiji Victorian 2nd - F Grade North - Dave Manion Shield,Round 14,R14,14,2007-02-24 13:30:00+00:00,Bundoora Park Cricket Club,Win,win,won by 294 runs,Shandil Bhan 150,Alex Moderana 4-10,False
55ab31d8-ff50-41eb-9db1-fb3d7377270d,e9b37153-9187-4dad-b04d-cf5fa01ccb8e,Summer 2006/07,b10282de-c888-4d66-8b91-1aba5a505598,b10282de-c888-4d66-8b91-1aba5a505598,Fiji Victorian 2nd XI,fceb50db-7556-45fb-b41c-ced06967afc5,"NMCA - ""F"" Grade North - Manion Shield",Fiji Victorian 2nd - F Grade North - Dave Manion Shield,Round 13,R13,13,2007-02-10 13:30:00+00:00,Preston Baseballers Cricket Club,Loss,loss,lost by 1 wickets,Reuben Sharan 61,Shaun Vikash 4-43,False
c4eea58d-1974-4f15-89d1-89e30efc42a9,e9b37153-9187-4dad-b04d-cf5fa01ccb8e,Summer 2006/07,b10282de-c888-4d66-8b91-1aba5a505598,b10282de-c888-4d66-8b91-1aba5a505598,Fiji Victorian 2nd XI,fceb50db-7556-45fb-b41c-ced06967afc5,"NMCA - ""F"" Grade North - Manion Shield",Fiji Victorian 2nd - F Grade North - Dave Manion Shield,Round 12,R12,12,2007-01-27 13:30:00+00:00,Cameron Cricket Club,Loss,loss,lost by 234 runs,Reuben Sharan 44,Feroz Hassan 3-52,False
4d2505d3-8da6-4ece-a30e-3e05e4fa1af9,e9b37153-9187-4dad-b04d-cf5fa01ccb8e,Summer 2006/07,b10282de-c888-4d66-8b91-1aba5a505598,b10282de-c888-4d66-8b91-1aba5a505598,Fiji Victorian 2nd XI,fceb50db-7556-45fb-b41c-ced06967afc5,"NMCA - ""F"" Grade North - Manion Shield",Fiji Victorian 2nd - F Grade North - Dave Manion Shield,Round 11,R11,11,2007-01-20 13:00:00+00:00,Northcote United Cricket Club,Loss,loss,lost by 1 wickets,Reuel Sharan 91,Shaun Vikash 2-43,False
1c7a5c68-65e9-4c5a-9d4f-ee190ede425c,e9b37153-9187-4dad-b04d-cf5fa01ccb8e,Summer 2006/07,b10282de-c888-4d66-8b91-1aba5a505598,b10282de-c888-4d66-8b91-1aba5a505598,Fiji Victorian 2nd XI,fceb50db-7556-45fb-b41c-ced06967afc5,"NMCA - ""F"" Grade North - Manion Shield",Fiji Victorian 2nd - F Grade North - Dave Manion Shield,Round 10,R10,10,2007-01-13 13:00:00+00:00,Holy Trinity Cricket Club,Win,win,won by 84 runs,Pramen Nand 29,Shaun Vikash 4-17,False
ade88264-8577-4963-9d87-394ca03c5137,e9b37153-9187-4dad-b04d-cf5fa01ccb8e,Summer 2006/07,b10282de-c888-4d66-8b91-1aba5a505598,b10282de-c888-4d66-8b91-1aba5a505598,Fiji Victorian 2nd XI,fceb50db-7556-45fb-b41c-ced06967afc5,"NMCA - ""F"" Grade North - Manion Shield",Fiji Victorian 2nd - F Grade North - Dave Manion Shield,Round 9,R9,9,2006-12-10 13:00:00+00:00,Preston Footballers Cricket Club,No Result,none,Result pending,—,—,False
7cac5a30-13f7-4abd-976b-79629c0867ed,e9b37153-9187-4dad-b04d-cf5fa01ccb8e,Summer 2006/07,b10282de-c888-4d66-8b91-1aba5a505598,b10282de-c888-4d66-8b91-1aba5a505598,Fiji Victorian 2nd XI,fceb50db-7556-45fb-b41c-ced06967afc5,"NMCA - ""F"" Grade North - Manion Shield",Fiji Victorian 2nd - F Grade North - Dave Manion Shield,Round 8,R8,8,2006-12-09 13:30:00+00:00,Rivergum Cricket Club,Win,win,won by 108 runs,Vinit Naidu 168,Vinit Naidu 4-48,False
5fd03a5b-670d-43ea-8818-e21956e83708,e9b37153-9187-4dad-b04d-cf5fa01ccb8e,Summer 2006/07,b10282de-c888-4d66-8b91-1aba5a505598,b10282de-c888-4d66-8b91-1aba5a505598,Fiji Victorian 2nd XI,fceb50db-7556-45fb-b41c-ced06967afc5,"NMCA - ""F"" Grade North - Manion Shield",Fiji Victorian 2nd - F Grade North - Dave Manion Shield,Round 7,R7,7,2006-11-25 13:30:00+00:00,Northcote United Cricket Club,Loss,loss,lost by 7 wickets,Vinay Sharma 71,Damandeep Sehra 1-38,False
cd7dcdf2-ef6e-4d8a-bb2d-66884d7815a9,e9b37153-9187-4dad-b04d-cf5fa01ccb8e,Summer 2006/07,b10282de-c888-4d66-8b91-1aba5a505598,b10282de-c888-4d66-8b91-1aba5a505598,Fiji Victorian 2nd XI,fceb50db-7556-45fb-b41c-ced06967afc5,"NMCA - ""F"" Grade North - Manion Shield",Fiji Victorian 2nd - F Grade North - Dave Manion Shield,Round 6,R6,6,2006-11-11 13:30:00+00:00,Holy Trinity Cricket Club,Loss,loss,lost by an innings and 38 runs,Ashish Sharma 32,Praneesh Sundar 5-20,False
6a253a9f-0505-4db9-bb1e-a16aee43cc31,e9b37153-9187-4dad-b04d-cf5fa01ccb8e,Summer 2006/07,b10282de-c888-4d66-8b91-1aba5a505598,b10282de-c888-4d66-8b91-1aba5a505598,Fiji Victorian 2nd XI,fceb50db-7556-45fb-b41c-ced06967afc5,"NMCA - ""F"" Grade North - Manion Shield",Fiji Victorian 2nd - F Grade North - Dave Manion Shield,Round 5,R5,5,2006-10-28 13:00:00+00:00,Preston Footballers Cricket Club,Draw,draw,draw,Alex Moderana 38,Vinit Naidu 3-69,False
8859beca-ef12-40e8-89c6-572603d5d0d2,e9b37153-9187-4dad-b04d-cf5fa01ccb8e,Summer 2006/07,b10282de-c888-4d66-8b91-1aba5a505598,b10282de-c888-4d66-8b91-1aba5a505598,Fiji Victorian 2nd XI,fceb50db-7556-45fb-b41c-ced06967afc5,"NMCA - ""F"" Grade North - Manion Shield",Fiji Victorian 2nd - F Grade North - Dave Manion Shield,Round 4,R4,4,2006-10-22 12:30:00+00:00,Bundoora Park Cricket Club,Loss,loss,lost by 5 runs,Raja Parekh 32,Raja Parekh 4-43,False
47ac52a2-c73a-452e-a6e8-7d8106364b5a,e9b37153-9187-4dad-b04d-cf5fa01ccb8e,Summer 2006/07,b10282de-c888-4d66-8b91-1aba5a505598,b10282de-c888-4d66-8b91-1aba5a505598,Fiji Victorian 2nd XI,fceb50db-7556-45fb-b41c-ced06967afc5,"NMCA - ""F"" Grade North - Manion Shield",Fiji Victorian 2nd - F Grade North - Dave Manion Shield,Round 3,R3,3,2006-10-21 12:30:00+00:00,Preston Baseballers Cricket Club,Loss,loss,lost by 12 runs,Damandeep Singh 42,Shaun Vikash 2-16,False
97fc8446-501c-4589-8c1d-84852de69819,e9b37153-9187-4dad-b04d-cf5fa01ccb8e,Summer 2006/07,b10282de-c888-4d66-8b91-1aba5a505598,b10282de-c888-4d66-8b91-1aba5a505598,Fiji Victorian 2nd XI,fceb50db-7556-45fb-b41c-ced06967afc5,"NMCA - ""F"" Grade North - Manion Shield",Fiji Victorian 2nd - F Grade North - Dave Manion Shield,Round 2,R2,2,2006-10-14 12:30:00+00:00,Cameron Cricket Club,Loss,loss,lost by 34 runs,Alex Moderana 51,Ashish Sharma 3-6,False
02ca2900-e375-4aca-b674-df1311895796,e9b37153-9187-4dad-b04d-cf5fa01ccb8e,Summer 2006/07,b10282de-c888-4d66-8b91-1aba5a505598,b10282de-c888-4d66-8b91-1aba5a505598,Fiji Victorian 2nd XI,fceb50db-7556-45fb-b41c-ced06967afc5,"NMCA - ""F"" Grade North - Manion Shield",Fiji Victorian 2nd - F Grade North - Dave Manion Shield,Round 1,R1,1,2006-10-07 12:30:00+00:00,Rivergum Cricket Club,Loss,loss,lost by 10 runs,Vinay Sharma 28,Deepak Sharma 2-23,False
567a45c3-a990-4a3f-b358-34c1ac1a93d7,3a5d3c8d-38f5-4c33-b1eb-01aeced3cfd3,Summer 2007/08,21398ef0-f489-46de-b2bf-ef8050522c3f,21398ef0-f489-46de-b2bf-ef8050522c3f,Fiji Victorian,ef4c8771-4fa0-4294-b7fd-916c750bfaae,"NMCA - Bob Herman Shield - ""D"" Grade",Fiji Victorian - D Grade - Bob Herman Shield,Round 14,R14,14,2008-02-16 13:00:00+00:00,Strathewen Cricket Club,Win,win,won by 92 runs,Alex Moderana 95,Shivnyl Naidu 6-57,False
dd2d3edb-cff6-4f06-9b1b-0b1060ec8891,3a5d3c8d-38f5-4c33-b1eb-01aeced3cfd3,Summer 2007/08,21398ef0-f489-46de-b2bf-ef8050522c3f,21398ef0-f489-46de-b2bf-ef8050522c3f,Fiji Victorian,ef4c8771-4fa0-4294-b7fd-916c750bfaae,"NMCA - Bob Herman Shield - ""D"" Grade",Fiji Victorian - D Grade - Bob Herman Shield,Round 13,R13,13,2008-02-02 13:00:00+00:00,Unknown opponent,No Result,none,Result pending,—,—,False
8716c4f4-24ae-486b-93ae-4db0aad0b340,3a5d3c8d-38f5-4c33-b1eb-01aeced3cfd3,Summer 2007/08,21398ef0-f489-46de-b2bf-ef8050522c3f,21398ef0-f489-46de-b2bf-ef8050522c3f,Fiji Victorian,ef4c8771-4fa0-4294-b7fd-916c750bfaae,"NMCA - Bob Herman Shield - ""D"" Grade",Fiji Victorian - D Grade - Bob Herman Shield,Round 12,R12,12,2008-01-26 13:00:00+00:00,Olympic Colts Cricket Club,Loss,loss,lost by 72 runs,Damandeep Singh 57,Raaj Chandra 4-44,False
7b3cea08-21fe-4f18-90d2-7da026504b83,3a5d3c8d-38f5-4c33-b1eb-01aeced3cfd3,Summer 2007/08,21398ef0-f489-46de-b2bf-ef8050522c3f,21398ef0-f489-46de-b2bf-ef8050522c3f,Fiji Victorian,ef4c8771-4fa0-4294-b7fd-916c750bfaae,"NMCA - Bob Herman Shield - ""D"" Grade",Fiji Victorian - D Grade - Bob Herman Shield,Round 11,R11,11,2008-01-19 13:00:00+00:00,West Lalor Cricket Club,Win,win,won by 4 wickets,Patrick Singh 89*,Shivnyl Naidu 3-23,False
b5fff1ea-b86d-4ba5-829e-4e974de2e959,3a5d3c8d-38f5-4c33-b1eb-01aeced3cfd3,Summer 2007/08,21398ef0-f489-46de-b2bf-ef8050522c3f,21398ef0-f489-46de-b2bf-ef8050522c3f,Fiji Victorian,ef4c8771-4fa0-4294-b7fd-916c750bfaae,"NMCA - Bob Herman Shield - ""D"" Grade",Fiji Victorian - D Grade - Bob Herman Shield,Round 10,R10,10,2008-01-12 13:00:00+00:00,West Preston Cricket Club,No Result,none,Result pending,—,—,False
d1385a9e-71cb-4f6c-8db1-aa4cae7e2b29,3a5d3c8d-38f5-4c33-b1eb-01aeced3cfd3,Summer 2007/08,21398ef0-f489-46de-b2bf-ef8050522c3f,21398ef0-f489-46de-b2bf-ef8050522c3f,Fiji Victorian,ef4c8771-4fa0-4294-b7fd-916c750bfaae,"NMCA - Bob Herman Shield - ""D"" Grade",Fiji Victorian - D Grade - Bob Herman Shield,Round 9,R9,9,2007-12-15 13:00:00+00:00,Reservoir Mayston Cricket Club,Draw,draw,draw,—,—,False
5a9739e3-4c40-4ad0-9d4b-eae12827cb9a,3a5d3c8d-38f5-4c33-b1eb-01aeced3cfd3,Summer 2007/08,21398ef0-f489-46de-b2bf-ef8050522c3f,21398ef0-f489-46de-b2bf-ef8050522c3f,Fiji Victorian,ef4c8771-4fa0-4294-b7fd-916c750bfaae,"NMCA - Bob Herman Shield - ""D"" Grade",Fiji Victorian - D Grade - Bob Herman Shield,Round 8,R8,8,2007-12-01 13:00:00+00:00,Dennis Cricket Club,Loss,loss,lost by 121 runs,Danny Singh 136,Sanjeeva Nandan 2-85,False
d03c4a33-50f8-4f77-b348-546006ed20d7,3a5d3c8d-38f5-4c33-b1eb-01aeced3cfd3,Summer 2007/08,21398ef0-f489-46de-b2bf-ef8050522c3f,21398ef0-f489-46de-b2bf-ef8050522c3f,Fiji Victorian,ef4c8771-4fa0-4294-b7fd-916c750bfaae,"NMCA - Bob Herman Shield - ""D"" Grade",Fiji Victorian - D Grade - Bob Herman Shield,Round 7,R7,7,2007-11-17 13:00:00+00:00,West Lalor Cricket Club,Loss,loss,lost by forfeit,—,—,False
863856b7-ffe2-4d0f-b2c5-6fcdd514e868,3a5d3c8d-38f5-4c33-b1eb-01aeced3cfd3,Summer 2007/08,21398ef0-f489-46de-b2bf-ef8050522c3f,21398ef0-f489-46de-b2bf-ef8050522c3f,Fiji Victorian,ef4c8771-4fa0-4294-b7fd-916c750bfaae,"NMCA - Bob Herman Shield - ""D"" Grade",Fiji Victorian - D Grade - Bob Herman Shield,Round 6,R6,6,2007-11-10 13:00:00+00:00,Olympic Colts Cricket Club,Loss,loss,lost by 176 runs,Shandil Bhan 109,Ashveen Kumar 4-40,False
4ad5ad7f-b3d4-4c7b-998e-675fc8a3e0b1,3a5d3c8d-38f5-4c33-b1eb-01aeced3cfd3,Summer 2007/08,21398ef0-f489-46de-b2bf-ef8050522c3f,21398ef0-f489-46de-b2bf-ef8050522c3f,Fiji Victorian,ef4c8771-4fa0-4294-b7fd-916c750bfaae,"NMCA - Bob Herman Shield - ""D"" Grade",Fiji Victorian - D Grade - Bob Herman Shield,Round 5,R5,5,2007-11-03 13:00:00+00:00,Strathewen Cricket Club,Loss,loss,lost by 4 wickets,Deepak Sharma 56,Damandeep Sehra 3-20,False
cc0496a2-eb95-402e-895d-8446cce9ab76,3a5d3c8d-38f5-4c33-b1eb-01aeced3cfd3,Summer 2007/08,21398ef0-f489-46de-b2bf-ef8050522c3f,21398ef0-f489-46de-b2bf-ef8050522c3f,Fiji Victorian,ef4c8771-4fa0-4294-b7fd-916c750bfaae,"NMCA - Bob Herman Shield - ""D"" Grade",Fiji Victorian - D Grade - Bob Herman Shield,Round 4,R4,4,2007-10-20 12:30:00+00:00,West Preston Cricket Club,Win,win,won by 297 runs,Shandil Bhan 204,Shandil Bhan 4-15,False
4ac83898-66c0-4dca-bd12-06b1cd3c2aba,3a5d3c8d-38f5-4c33-b1eb-01aeced3cfd3,Summer 2007/08,21398ef0-f489-46de-b2bf-ef8050522c3f,21398ef0-f489-46de-b2bf-ef8050522c3f,Fiji Victorian,ef4c8771-4fa0-4294-b7fd-916c750bfaae,"NMCA - Bob Herman Shield - ""D"" Grade",Fiji Victorian - D Grade - Bob Herman Shield,Round 3,R3,3,2007-10-14 12:30:00+00:00,East Brunswick Cricket Club,Loss,loss,lost by 179 runs,Reuben Sharan 25,Vinit Naidu 2-32,False
ec04e8e5-b56e-411d-9515-dc4356edc4c7,3a5d3c8d-38f5-4c33-b1eb-01aeced3cfd3,Summer 2007/08,21398ef0-f489-46de-b2bf-ef8050522c3f,21398ef0-f489-46de-b2bf-ef8050522c3f,Fiji Victorian,ef4c8771-4fa0-4294-b7fd-916c750bfaae,"NMCA - Bob Herman Shield - ""D"" Grade",Fiji Victorian - D Grade - Bob Herman Shield,Round 2,R2,2,2007-10-13 12:30:00+00:00,Reservoir Mayston Cricket Club,Win,win,won by 7 wickets,Sanjeeva Nandan 39*,Sanjeeva Nandan 6-15,False
d3c52148-1495-4c6f-9fd6-ebb84b820b57,3a5d3c8d-38f5-4c33-b1eb-01aeced3cfd3,Summer 2007/08,21398ef0-f489-46de-b2bf-ef8050522c3f,21398ef0-f489-46de-b2bf-ef8050522c3f,Fiji Victorian,ef4c8771-4fa0-4294-b7fd-916c750bfaae,"NMCA - Bob Herman Shield - ""D"" Grade",Fiji Victorian - D Grade - Bob Herman Shield,Round 1,R1,1,2007-10-06 12:30:00+00:00,Dennis Cricket Club,Draw,draw,draw,Nitin Tanwar 44,Alex Moderana 3-36,False
11df8a57-1aee-4c99-955f-0234e6ad5435,3a5d3c8d-38f5-4c33-b1eb-01aeced3cfd3,Summer 2007/08,c369c74e-f5ff-42f8-97b5-df7714d6818f,c369c74e-f5ff-42f8-97b5-df7714d6818f,Fiji Victorian,238d2e27-c3c6-4924-b9c0-52c6c1943aa1,NMCA - Jack Kelly Shield,Fiji Victorian - Jack Kelly Shield,Grand Final,Grand Final,1003,2008-03-15 13:00:00+00:00,Olympic Colts Cricket Club,Loss,loss,lost by 6 wickets,Shandil Bhan 73,Damandeep Singh 2-47,False
a9030869-916d-45a1-b652-7572d1bbc09e,3a5d3c8d-38f5-4c33-b1eb-01aeced3cfd3,Summer 2007/08,c369c74e-f5ff-42f8-97b5-df7714d6818f,c369c74e-f5ff-42f8-97b5-df7714d6818f,Fiji Victorian,238d2e27-c3c6-4924-b9c0-52c6c1943aa1,NMCA - Jack Kelly Shield,Fiji Victorian - Jack Kelly Shield,Preliminary Final,Preliminary Final,1002,2008-03-08 13:00:00+00:00,Dennis Cricket Club,Win,win,won by 4 runs,Sanjay Ct 44,Shaun Vikash 6-34,False
99debdd9-b977-44cc-83ad-2d621c75083c,3a5d3c8d-38f5-4c33-b1eb-01aeced3cfd3,Summer 2007/08,c369c74e-f5ff-42f8-97b5-df7714d6818f,c369c74e-f5ff-42f8-97b5-df7714d6818f,Fiji Victorian,238d2e27-c3c6-4924-b9c0-52c6c1943aa1,NMCA - Jack Kelly Shield,Fiji Victorian - Jack Kelly Shield,Semi Finals,Semi Finals,1001,2008-03-01 13:00:00+00:00,Reservoir Mayston Cricket Club,Win,win,won by 208 runs,Pramen Nand 121,Shandil Bhan 3-27,False
d2e9d5b7-8a1f-4f0c-b661-b33595abe27a,3a5d3c8d-38f5-4c33-b1eb-01aeced3cfd3,Summer 2007/08,c369c74e-f5ff-42f8-97b5-df7714d6818f,c369c74e-f5ff-42f8-97b5-df7714d6818f,Fiji Victorian,238d2e27-c3c6-4924-b9c0-52c6c1943aa1,NMCA - Jack Kelly Shield,Fiji Victorian - Jack Kelly Shield,Round 14,R14,14,2008-02-16 13:00:00+00:00,Strathewen Cricket Club,Win,win,won by 7 wickets,Shandil Bhan 68*,Shandil Bhan 3-4,False
b02aeacb-3906-49a8-8247-0fbe1d70588c,3a5d3c8d-38f5-4c33-b1eb-01aeced3cfd3,Summer 2007/08,c369c74e-f5ff-42f8-97b5-df7714d6818f,c369c74e-f5ff-42f8-97b5-df7714d6818f,Fiji Victorian,238d2e27-c3c6-4924-b9c0-52c6c1943aa1,NMCA - Jack Kelly Shield,Fiji Victorian - Jack Kelly Shield,Round 13,R13,13,2008-02-02 13:00:00+00:00,Unknown opponent,No Result,none,Result pending,—,—,False
7d69ec57-e3e5-46e1-b76c-27acf4ea2210,3a5d3c8d-38f5-4c33-b1eb-01aeced3cfd3,Summer 2007/08,c369c74e-f5ff-42f8-97b5-df7714d6818f,c369c74e-f5ff-42f8-97b5-df7714d6818f,Fiji Victorian,238d2e27-c3c6-4924-b9c0-52c6c1943aa1,NMCA - Jack Kelly Shield,Fiji Victorian - Jack Kelly Shield,Round 12,R12,12,2008-01-26 13:00:00+00:00,Olympic Colts Cricket Club,Loss,loss,lost by 8 wickets,Pramen Nand 92,Clint Fernandes 2-38,False
fa59354d-1425-44a7-8f58-00dc9c0cd07a,3a5d3c8d-38f5-4c33-b1eb-01aeced3cfd3,Summer 2007/08,c369c74e-f5ff-42f8-97b5-df7714d6818f,c369c74e-f5ff-42f8-97b5-df7714d6818f,Fiji Victorian,238d2e27-c3c6-4924-b9c0-52c6c1943aa1,NMCA - Jack Kelly Shield,Fiji Victorian - Jack Kelly Shield,Round 11,R11,11,2008-01-19 13:00:00+00:00,West Lalor Cricket Club,Loss,loss,lost by 32 runs,Nitin Tanwar 48*,Clint Fernandes 4-41,False
68d1b242-d2f7-4d93-a325-5fffb354b540,3a5d3c8d-38f5-4c33-b1eb-01aeced3cfd3,Summer 2007/08,c369c74e-f5ff-42f8-97b5-df7714d6818f,c369c74e-f5ff-42f8-97b5-df7714d6818f,Fiji Victorian,238d2e27-c3c6-4924-b9c0-52c6c1943aa1,NMCA - Jack Kelly Shield,Fiji Victorian - Jack Kelly Shield,Round 10,R10,10,2008-01-12 13:00:00+00:00,West Preston Cricket Club,Loss,loss,lost by 3 runs,Danny Singh 64,Clint Fernandes 3-34,False
acc79c72-077a-43bc-b3ad-7fde803e21b7,3a5d3c8d-38f5-4c33-b1eb-01aeced3cfd3,Summer 2007/08,c369c74e-f5ff-42f8-97b5-df7714d6818f,c369c74e-f5ff-42f8-97b5-df7714d6818f,Fiji Victorian,238d2e27-c3c6-4924-b9c0-52c6c1943aa1,NMCA - Jack Kelly Shield,Fiji Victorian - Jack Kelly Shield,Round 9,R9,9,2007-12-15 13:00:00+00:00,Reservoir Mayston Cricket Club,Draw,draw,draw,—,—,False
34addd91-d4b9-42f4-9ac6-c309a92ba094,3a5d3c8d-38f5-4c33-b1eb-01aeced3cfd3,Summer 2007/08,c369c74e-f5ff-42f8-97b5-df7714d6818f,c369c74e-f5ff-42f8-97b5-df7714d6818f,Fiji Victorian,238d2e27-c3c6-4924-b9c0-52c6c1943aa1,NMCA - Jack Kelly Shield,Fiji Victorian - Jack Kelly Shield,Round 8,R8,8,2007-12-01 13:00:00+00:00,Dennis Cricket Club,Loss,loss,lost by 165 runs,Sanjay Ct 59,Benjamin Frew 3-45,False
a06e17d7-8b81-43d9-9d04-00a974b0dc1d,3a5d3c8d-38f5-4c33-b1eb-01aeced3cfd3,Summer 2007/08,c369c74e-f5ff-42f8-97b5-df7714d6818f,c369c74e-f5ff-42f8-97b5-df7714d6818f,Fiji Victorian,238d2e27-c3c6-4924-b9c0-52c6c1943aa1,NMCA - Jack Kelly Shield,Fiji Victorian - Jack Kelly Shield,Round 7,R7,7,2007-11-17 13:00:00+00:00,West Lalor Cricket Club,Loss,loss,lost by an innings and 100 runs,Sanjay Ct 31,Clint Fernandes 3-101,False
9c5a1d1b-78e5-48c2-8125-01e0d6ca14f1,3a5d3c8d-38f5-4c33-b1eb-01aeced3cfd3,Summer 2007/08,c369c74e-f5ff-42f8-97b5-df7714d6818f,c369c74e-f5ff-42f8-97b5-df7714d6818f,Fiji Victorian,238d2e27-c3c6-4924-b9c0-52c6c1943aa1,NMCA - Jack Kelly Shield,Fiji Victorian - Jack Kelly Shield,Round 6,R6,6,2007-11-10 13:00:00+00:00,Olympic Colts Cricket Club,Win,win,won by 99 runs,Sanjay Ct 85,Clint Fernandes 4-104,False
2932378a-0a85-4df8-bdf4-4862d34dfd9b,3a5d3c8d-38f5-4c33-b1eb-01aeced3cfd3,Summer 2007/08,c369c74e-f5ff-42f8-97b5-df7714d6818f,c369c74e-f5ff-42f8-97b5-df7714d6818f,Fiji Victorian,238d2e27-c3c6-4924-b9c0-52c6c1943aa1,NMCA - Jack Kelly Shield,Fiji Victorian - Jack Kelly Shield,Round 5,R5,5,2007-11-03 13:00:00+00:00,Strathewen Cricket Club,Win,win,won by 116 runs,Sanjay Ct 101,Shalen Nand 4-20,False
deebc236-06ef-47ad-b046-ec063a020854,3a5d3c8d-38f5-4c33-b1eb-01aeced3cfd3,Summer 2007/08,c369c74e-f5ff-42f8-97b5-df7714d6818f,c369c74e-f5ff-42f8-97b5-df7714d6818f,Fiji Victorian,238d2e27-c3c6-4924-b9c0-52c6c1943aa1,NMCA - Jack Kelly Shield,Fiji Victorian - Jack Kelly Shield,Round 4,R4,4,2007-10-20 12:30:00+00:00,West Preston Cricket Club,Win,win,won by 97 runs,Benjamin Frew 79,Shalen Nand 3-26,False
958487d9-1d72-40bd-9643-ab311d4212de,3a5d3c8d-38f5-4c33-b1eb-01aeced3cfd3,Summer 2007/08,c369c74e-f5ff-42f8-97b5-df7714d6818f,c369c74e-f5ff-42f8-97b5-df7714d6818f,Fiji Victorian,238d2e27-c3c6-4924-b9c0-52c6c1943aa1,NMCA - Jack Kelly Shield,Fiji Victorian - Jack Kelly Shield,Round 3,R3,3,2007-10-14 12:30:00+00:00,East Brunswick Cricket Club,Win,win,won by 70 runs,Sanjay Ct 57,Raja Parekh 3-10,False
c8d684a2-5185-4f14-991c-1d1945f5b574,3a5d3c8d-38f5-4c33-b1eb-01aeced3cfd3,Summer 2007/08,c369c74e-f5ff-42f8-97b5-df7714d6818f,c369c74e-f5ff-42f8-97b5-df7714d6818f,Fiji Victorian,238d2e27-c3c6-4924-b9c0-52c6c1943aa1,NMCA - Jack Kelly Shield,Fiji Victorian - Jack Kelly Shield,Round 2,R2,2,2007-10-13 12:30:00+00:00,Reservoir Mayston Cricket Club,Win,win,won by 30 runs,Danny Singh 60*,Shandil Bhan 2-31,False
b35b2e35-b056-4f09-8cbb-aed9b214a098,3a5d3c8d-38f5-4c33-b1eb-01aeced3cfd3,Summer 2007/08,c369c74e-f5ff-42f8-97b5-df7714d6818f,c369c74e-f5ff-42f8-97b5-df7714d6818f,Fiji Victorian,238d2e27-c3c6-4924-b9c0-52c6c1943aa1,NMCA - Jack Kelly Shield,Fiji Victorian - Jack Kelly Shield,Round 1,R1,1,2007-10-06 12:30:00+00:00,Dennis Cricket Club,Loss,loss,lost by 26 runs,Shalen Nand 28,Shandil Bhan 3-23,False
db45a51d-cb6a-4080-8056-fea4e86ab2f1,2bea42bd-9a74-48c1-9950-f7c3a3906c31,Summer 2008/09,6538521b-37a4-4cd1-9f56-e40d39674c52,6538521b-37a4-4cd1-9f56-e40d39674c52,Fiji Victorian,a512512c-c3ad-4403-a907-36a50f64cc6e,"NMCA - Bob Herman Shield - ""D"" Grade",Fiji Victorian - D Grade - Bob Herman Shield,Round 14,R14,14,2009-02-21 13:00:00+00:00,Reservoir Mayston Cricket Club,Loss,loss,lost by 63 runs,Sandeep Gill 60,Ricky Singh 3-3,False
947d6e19-4172-49aa-a0c3-fc0274634a81,2bea42bd-9a74-48c1-9950-f7c3a3906c31,Summer 2008/09,6538521b-37a4-4cd1-9f56-e40d39674c52,6538521b-37a4-4cd1-9f56-e40d39674c52,Fiji Victorian,a512512c-c3ad-4403-a907-36a50f64cc6e,"NMCA - Bob Herman Shield - ""D"" Grade",Fiji Victorian - D Grade - Bob Herman Shield,Round 13,R13,13,2009-02-07 13:00:00+00:00,Strathewen Cricket Club,Loss,loss,lost by 32 runs,Vinay Sharma 90*,Sanjeeva Nandan 2-37,False
e3ddd500-ad6a-4dc9-b6ef-9d774c18de6b,2bea42bd-9a74-48c1-9950-f7c3a3906c31,Summer 2008/09,6538521b-37a4-4cd1-9f56-e40d39674c52,6538521b-37a4-4cd1-9f56-e40d39674c52,Fiji Victorian,a512512c-c3ad-4403-a907-36a50f64cc6e,"NMCA - Bob Herman Shield - ""D"" Grade",Fiji Victorian - D Grade - Bob Herman Shield,Round 12,R12,12,2009-01-24 13:00:00+00:00,Preston Footballers Cricket Club,Draw,draw,draw,Nakul Kedar 27*,Lahiru Weerasinghe 7-70,False
5223ceda-795e-477e-ad98-775daaca2b32,2bea42bd-9a74-48c1-9950-f7c3a3906c31,Summer 2008/09,6538521b-37a4-4cd1-9f56-e40d39674c52,6538521b-37a4-4cd1-9f56-e40d39674c52,Fiji Victorian,a512512c-c3ad-4403-a907-36a50f64cc6e,"NMCA - Bob Herman Shield - ""D"" Grade",Fiji Victorian - D Grade - Bob Herman Shield,Round 11,R11,11,2009-01-17 13:00:00+00:00,Dennis Cricket Club,Loss,loss,lost by 5 wickets,Elvin Espiritu 14,Sandeep Gill 3-4,False
80394798-e4ad-439c-af5d-139ddace1bfd,2bea42bd-9a74-48c1-9950-f7c3a3906c31,Summer 2008/09,6538521b-37a4-4cd1-9f56-e40d39674c52,6538521b-37a4-4cd1-9f56-e40d39674c52,Fiji Victorian,a512512c-c3ad-4403-a907-36a50f64cc6e,"NMCA - Bob Herman Shield - ""D"" Grade",Fiji Victorian - D Grade - Bob Herman Shield,Round 10,R10,10,2009-01-10 13:00:00+00:00,West Preston Cricket Club,Win,win,won by 10 wickets,Vinay Sharma 31*,Feroz Hassan 4-12,False
556c77e6-7789-4cd6-b227-352490410994,2bea42bd-9a74-48c1-9950-f7c3a3906c31,Summer 2008/09,6538521b-37a4-4cd1-9f56-e40d39674c52,6538521b-37a4-4cd1-9f56-e40d39674c52,Fiji Victorian,a512512c-c3ad-4403-a907-36a50f64cc6e,"NMCA - Bob Herman Shield - ""D"" Grade",Fiji Victorian - D Grade - Bob Herman Shield,Round 9,R9,9,2008-12-13 13:00:00+00:00,West Lalor Cricket Club,Loss,loss,lost by 4 runs,Reuben Sharan 54,Shaun Vikash 3-7,False
1bccdb22-6af9-4484-9b6c-78fd3d4e2891,2bea42bd-9a74-48c1-9950-f7c3a3906c31,Summer 2008/09,6538521b-37a4-4cd1-9f56-e40d39674c52,6538521b-37a4-4cd1-9f56-e40d39674c52,Fiji Victorian,a512512c-c3ad-4403-a907-36a50f64cc6e,"NMCA - Bob Herman Shield - ""D"" Grade",Fiji Victorian - D Grade - Bob Herman Shield,Round 8,R8,8,2008-11-29 13:00:00+00:00,Bundoora Park Cricket Club,Loss,loss,lost by 164 runs,John Singh 44*,Ankur Dogra 4-72,False
b65859ea-fb16-4614-b50d-9c3ac24408ce,2bea42bd-9a74-48c1-9950-f7c3a3906c31,Summer 2008/09,6538521b-37a4-4cd1-9f56-e40d39674c52,6538521b-37a4-4cd1-9f56-e40d39674c52,Fiji Victorian,a512512c-c3ad-4403-a907-36a50f64cc6e,"NMCA - Bob Herman Shield - ""D"" Grade",Fiji Victorian - D Grade - Bob Herman Shield,Round 7,R7,7,2008-11-15 13:00:00+00:00,Dennis Cricket Club,Draw,draw,draw,—,Shivnyl Naidu 3-73,False
bdb20e7b-7252-404b-a0a0-382cc9c2c04f,2bea42bd-9a74-48c1-9950-f7c3a3906c31,Summer 2008/09,6538521b-37a4-4cd1-9f56-e40d39674c52,6538521b-37a4-4cd1-9f56-e40d39674c52,Fiji Victorian,a512512c-c3ad-4403-a907-36a50f64cc6e,"NMCA - Bob Herman Shield - ""D"" Grade",Fiji Victorian - D Grade - Bob Herman Shield,Round 6,R6,6,2008-11-09 13:00:00+00:00,Strathewen Cricket Club,Win,win,won by 120 runs,Nakul Kedar 77,Elvin Espiritu 2-8,False
918840cf-bd80-4489-a4a5-f38425a1826b,2bea42bd-9a74-48c1-9950-f7c3a3906c31,Summer 2008/09,6538521b-37a4-4cd1-9f56-e40d39674c52,6538521b-37a4-4cd1-9f56-e40d39674c52,Fiji Victorian,a512512c-c3ad-4403-a907-36a50f64cc6e,"NMCA - Bob Herman Shield - ""D"" Grade",Fiji Victorian - D Grade - Bob Herman Shield,Round 5,R5,5,2008-11-08 13:00:00+00:00,Preston Footballers Cricket Club,Loss,loss,lost by 45 runs,Shalen Nand 28,Shivnyl Naidu 3-7,False
14f49360-fb66-4486-a75f-f06ba8174005,2bea42bd-9a74-48c1-9950-f7c3a3906c31,Summer 2008/09,6538521b-37a4-4cd1-9f56-e40d39674c52,6538521b-37a4-4cd1-9f56-e40d39674c52,Fiji Victorian,a512512c-c3ad-4403-a907-36a50f64cc6e,"NMCA - Bob Herman Shield - ""D"" Grade",Fiji Victorian - D Grade - Bob Herman Shield,Round 4,R4,4,2008-11-01 13:00:00+00:00,Reservoir Mayston Cricket Club,Win,win,won by 37 runs,Damandeep Sehra 31,Damandeep Sehra 6-18,False
12e07073-3220-4d39-ae72-d128d0326a45,2bea42bd-9a74-48c1-9950-f7c3a3906c31,Summer 2008/09,6538521b-37a4-4cd1-9f56-e40d39674c52,6538521b-37a4-4cd1-9f56-e40d39674c52,Fiji Victorian,a512512c-c3ad-4403-a907-36a50f64cc6e,"NMCA - Bob Herman Shield - ""D"" Grade",Fiji Victorian - D Grade - Bob Herman Shield,Round 3,R3,3,2008-10-18 13:00:00+00:00,West Preston Cricket Club,Win,win,won by 10 wickets,Reuel Sharan 98*,Ricky Singh 3-29,False
6576c8ea-f1e3-478a-a7af-6c57adf69d80,2bea42bd-9a74-48c1-9950-f7c3a3906c31,Summer 2008/09,6538521b-37a4-4cd1-9f56-e40d39674c52,6538521b-37a4-4cd1-9f56-e40d39674c52,Fiji Victorian,a512512c-c3ad-4403-a907-36a50f64cc6e,"NMCA - Bob Herman Shield - ""D"" Grade",Fiji Victorian - D Grade - Bob Herman Shield,Round 2,R2,2,2008-10-11 13:00:00+00:00,West Lalor Cricket Club,Loss,loss,lost by 124 runs,Damandeep Sehra 45,Arnaud Hurdoyal 1-18,False
f9a15396-ec12-475d-b6a1-6af487ca834a,2bea42bd-9a74-48c1-9950-f7c3a3906c31,Summer 2008/09,6538521b-37a4-4cd1-9f56-e40d39674c52,6538521b-37a4-4cd1-9f56-e40d39674c52,Fiji Victorian,a512512c-c3ad-4403-a907-36a50f64cc6e,"NMCA - Bob Herman Shield - ""D"" Grade",Fiji Victorian - D Grade - Bob Herman Shield,Round 1,R1,1,2008-10-04 12:30:00+00:00,Bundoora Park Cricket Club,Loss,loss,lost by 8 wickets,Reuben Sharan 17,Feroz Hassan 1-31,False
4da01baf-0185-4db7-b474-633111dd20f1,2bea42bd-9a74-48c1-9950-f7c3a3906c31,Summer 2008/09,7346d26e-268c-4b4a-9bd7-61f13af16f35,7346d26e-268c-4b4a-9bd7-61f13af16f35,Fiji Victorian,5a63204a-d688-49db-a238-94271cd83a33,NMCA - Jack Kelly Shield,Fiji Victorian - Jack Kelly Shield,Semi Finals,Semi Finals,1001,2009-03-07 13:00:00+00:00,West Lalor Cricket Club,Loss,loss,lost by 23 runs,Sanjay Ct 71,Amresh Bhan 3-23,False
78c06e79-b89c-4ab7-b048-9c3877ca0976,2bea42bd-9a74-48c1-9950-f7c3a3906c31,Summer 2008/09,7346d26e-268c-4b4a-9bd7-61f13af16f35,7346d26e-268c-4b4a-9bd7-61f13af16f35,Fiji Victorian,5a63204a-d688-49db-a238-94271cd83a33,NMCA - Jack Kelly Shield,Fiji Victorian - Jack Kelly Shield,Round 14,R14,14,2009-02-21 13:00:00+00:00,Reservoir Mayston Cricket Club,Win,win,won by 49 runs,Sanjay Ct 117,Lahiru Weerasinghe 5-49,False
243d24b2-c06f-47de-8bfb-a7c0be683a77,2bea42bd-9a74-48c1-9950-f7c3a3906c31,Summer 2008/09,7346d26e-268c-4b4a-9bd7-61f13af16f35,7346d26e-268c-4b4a-9bd7-61f13af16f35,Fiji Victorian,5a63204a-d688-49db-a238-94271cd83a33,NMCA - Jack Kelly Shield,Fiji Victorian - Jack Kelly Shield,Round 13,R13,13,2009-02-07 13:00:00+00:00,Strathewen Cricket Club,Win,win,won by 4 wickets,Pramen Nand 84,Amresh Bhan 4-27,False
9477699c-d88e-449d-813d-c5ab0616fd43,2bea42bd-9a74-48c1-9950-f7c3a3906c31,Summer 2008/09,7346d26e-268c-4b4a-9bd7-61f13af16f35,7346d26e-268c-4b4a-9bd7-61f13af16f35,Fiji Victorian,5a63204a-d688-49db-a238-94271cd83a33,NMCA - Jack Kelly Shield,Fiji Victorian - Jack Kelly Shield,Round 12,R12,12,2009-01-24 13:00:00+00:00,Preston Footballers Cricket Club,Draw,draw,draw,Pramen Nand 52*,Syamjith Harikumar 5-38,False
4764222d-97ec-4f38-a7e2-ed8dbb842791,2bea42bd-9a74-48c1-9950-f7c3a3906c31,Summer 2008/09,7346d26e-268c-4b4a-9bd7-61f13af16f35,7346d26e-268c-4b4a-9bd7-61f13af16f35,Fiji Victorian,5a63204a-d688-49db-a238-94271cd83a33,NMCA - Jack Kelly Shield,Fiji Victorian - Jack Kelly Shield,Round 11,R11,11,2009-01-17 13:00:00+00:00,Dennis Cricket Club,Loss,loss,lost by 51 runs,Danny Singh 43,Syamjith Harikumar 2-12,False
0550200b-41b7-4aa9-a637-f83a005c22b4,2bea42bd-9a74-48c1-9950-f7c3a3906c31,Summer 2008/09,7346d26e-268c-4b4a-9bd7-61f13af16f35,7346d26e-268c-4b4a-9bd7-61f13af16f35,Fiji Victorian,5a63204a-d688-49db-a238-94271cd83a33,NMCA - Jack Kelly Shield,Fiji Victorian - Jack Kelly Shield,Round 10,R10,10,2009-01-10 13:00:00+00:00,West Preston Cricket Club,Win,win,won by 31 runs,Reuel Sharan 50,Syamjith Harikumar 3-27,False
8908f653-871c-4719-a0bd-a1c58d2faa95,2bea42bd-9a74-48c1-9950-f7c3a3906c31,Summer 2008/09,7346d26e-268c-4b4a-9bd7-61f13af16f35,7346d26e-268c-4b4a-9bd7-61f13af16f35,Fiji Victorian,5a63204a-d688-49db-a238-94271cd83a33,NMCA - Jack Kelly Shield,Fiji Victorian - Jack Kelly Shield,Round 9,R9,9,2008-12-13 13:00:00+00:00,West Lalor Cricket Club,Loss,loss,lost by 78 runs,Danny Singh 37,Vinit Naidu 2-19,False
d92c9c6f-f889-4611-8e0b-90ec1a10c61b,2bea42bd-9a74-48c1-9950-f7c3a3906c31,Summer 2008/09,7346d26e-268c-4b4a-9bd7-61f13af16f35,7346d26e-268c-4b4a-9bd7-61f13af16f35,Fiji Victorian,5a63204a-d688-49db-a238-94271cd83a33,NMCA - Jack Kelly Shield,Fiji Victorian - Jack Kelly Shield,Round 8,R8,8,2008-11-29 13:00:00+00:00,Bundoora Park Cricket Club,Loss,loss,lost by an innings and 132 runs,Shalen Nand 44,Vinit Naidu 4-55,False
2fa1ce6d-a69a-4355-a40f-ede98dd016b7,2bea42bd-9a74-48c1-9950-f7c3a3906c31,Summer 2008/09,7346d26e-268c-4b4a-9bd7-61f13af16f35,7346d26e-268c-4b4a-9bd7-61f13af16f35,Fiji Victorian,5a63204a-d688-49db-a238-94271cd83a33,NMCA - Jack Kelly Shield,Fiji Victorian - Jack Kelly Shield,Round 7,R7,7,2008-11-15 13:00:00+00:00,Dennis Cricket Club,Draw,draw,draw,—,Syamjith Harikumar 3-57,False
c3facb97-b94a-4e72-9bd3-a9f400c6eb13,2bea42bd-9a74-48c1-9950-f7c3a3906c31,Summer 2008/09,7346d26e-268c-4b4a-9bd7-61f13af16f35,7346d26e-268c-4b4a-9bd7-61f13af16f35,Fiji Victorian,5a63204a-d688-49db-a238-94271cd83a33,NMCA - Jack Kelly Shield,Fiji Victorian - Jack Kelly Shield,Round 6,R6,6,2008-11-09 13:00:00+00:00,Strathewen Cricket Club,Loss,loss,lost by 8 wickets,Sanjay Ct 78,Damandeep Sehra 1-23,False
346cd8a3-7ab4-4bc2-838a-05821f9c4346,2bea42bd-9a74-48c1-9950-f7c3a3906c31,Summer 2008/09,7346d26e-268c-4b4a-9bd7-61f13af16f35,7346d26e-268c-4b4a-9bd7-61f13af16f35,Fiji Victorian,5a63204a-d688-49db-a238-94271cd83a33,NMCA - Jack Kelly Shield,Fiji Victorian - Jack Kelly Shield,Round 5,R5,5,2008-11-08 13:00:00+00:00,Preston Footballers Cricket Club,Win,win,won by 5 wickets,Sanjay Ct 84,Shaun Vikash 4-63,False
a7e2fbe4-b9fc-4e7b-be42-f8bf0ea63652,2bea42bd-9a74-48c1-9950-f7c3a3906c31,Summer 2008/09,7346d26e-268c-4b4a-9bd7-61f13af16f35,7346d26e-268c-4b4a-9bd7-61f13af16f35,Fiji Victorian,5a63204a-d688-49db-a238-94271cd83a33,NMCA - Jack Kelly Shield,Fiji Victorian - Jack Kelly Shield,Round 4,R4,4,2008-11-01 13:00:00+00:00,Reservoir Mayston Cricket Club,Win,win,won by 38 runs,Sanjay Ct 102*,Shaun Vikash 2-18,False
ce871001-ea8e-43e5-9deb-6b3641bcd7d8,2bea42bd-9a74-48c1-9950-f7c3a3906c31,Summer 2008/09,7346d26e-268c-4b4a-9bd7-61f13af16f35,7346d26e-268c-4b4a-9bd7-61f13af16f35,Fiji Victorian,5a63204a-d688-49db-a238-94271cd83a33,NMCA - Jack Kelly Shield,Fiji Victorian - Jack Kelly Shield,Round 3,R3,3,2008-10-18 13:00:00+00:00,West Preston Cricket Club,Win,win,won by an innings and 17 runs,Sanjay Ct 112,Syamjith Harikumar 5-45,False
5856abd0-4f17-4f57-8dd2-ed5d8277b306,2bea42bd-9a74-48c1-9950-f7c3a3906c31,Summer 2008/09,7346d26e-268c-4b4a-9bd7-61f13af16f35,7346d26e-268c-4b4a-9bd7-61f13af16f35,Fiji Victorian,5a63204a-d688-49db-a238-94271cd83a33,NMCA - Jack Kelly Shield,Fiji Victorian - Jack Kelly Shield,Round 2,R2,2,2008-10-11 13:00:00+00:00,West Lalor Cricket Club,Loss,loss,lost by 4 wickets,Danny Singh 54,Shaun Vikash 3-30,False
fbcfb625-8262-41ca-aeb7-5e576eaa6c74,2bea42bd-9a74-48c1-9950-f7c3a3906c31,Summer 2008/09,7346d26e-268c-4b4a-9bd7-61f13af16f35,7346d26e-268c-4b4a-9bd7-61f13af16f35,Fiji Victorian,5a63204a-d688-49db-a238-94271cd83a33,NMCA - Jack Kelly Shield,Fiji Victorian - Jack Kelly Shield,Round 1,R1,1,2008-10-04 12:30:00+00:00,Bundoora Park Cricket Club,Loss,loss,lost by 7 wickets,Damandeep Singh 46,Lahiru Weerasinghe 3-19,False
e9e8386f-4e53-4eec-b0c0-23a0999556af,d1b386aa-ac78-4fb4-a434-94b03b69808a,Summer 2009/10,f111aa0f-2d12-4496-9c44-75a984908231,f111aa0f-2d12-4496-9c44-75a984908231,Fiji Victorian,7827168b-228e-469a-904d-731a9f25c744,"NMCA - Bob Herman Shield - ""D"" Grade",Fiji Victorian - D Grade - Bob Herman Shield,Grand Final,Grand Final,1003,2010-03-13 13:00:00+00:00,Darebin Chargers Cricket Club,Loss,loss,lost by 151 runs,Nitin Tanwar 14,Vinit Naidu 5-70,False
00d13fdb-0cc3-45ee-ad4f-97cc305b133e,d1b386aa-ac78-4fb4-a434-94b03b69808a,Summer 2009/10,f111aa0f-2d12-4496-9c44-75a984908231,f111aa0f-2d12-4496-9c44-75a984908231,Fiji Victorian,7827168b-228e-469a-904d-731a9f25c744,"NMCA - Bob Herman Shield - ""D"" Grade",Fiji Victorian - D Grade - Bob Herman Shield,Semi Finals,Semi Finals,1001,2010-03-06 13:00:00+00:00,Preston Footballers Cricket Club,Win,win,won by 9 wickets,Pramen Nand 43,Vinit Naidu 7-28,False
57d774fb-48cd-4ef1-b6de-f554b88475d2,d1b386aa-ac78-4fb4-a434-94b03b69808a,Summer 2009/10,f111aa0f-2d12-4496-9c44-75a984908231,f111aa0f-2d12-4496-9c44-75a984908231,Fiji Victorian,7827168b-228e-469a-904d-731a9f25c744,"NMCA - Bob Herman Shield - ""D"" Grade",Fiji Victorian - D Grade - Bob Herman Shield,Round 14,R14,14,2010-02-20 13:00:00+00:00,Strathewen Cricket Club,Loss,loss,lost by 2 wickets,Elvin Espiritu 25*,Elvin Espiritu 2-40,False
b865d256-3e36-45db-9ab0-d4cd73a34d10,d1b386aa-ac78-4fb4-a434-94b03b69808a,Summer 2009/10,f111aa0f-2d12-4496-9c44-75a984908231,f111aa0f-2d12-4496-9c44-75a984908231,Fiji Victorian,7827168b-228e-469a-904d-731a9f25c744,"NMCA - Bob Herman Shield - ""D"" Grade",Fiji Victorian - D Grade - Bob Herman Shield,Round 13,R13,13,2010-02-06 13:00:00+00:00,Reservoir Mayston Cricket Club,Win,win,won by 31 runs,Sanjeeva Nandan 51,Vinit Naidu 4-58,False
0ba68cca-05fd-47ca-971b-14d19f047086,d1b386aa-ac78-4fb4-a434-94b03b69808a,Summer 2009/10,f111aa0f-2d12-4496-9c44-75a984908231,f111aa0f-2d12-4496-9c44-75a984908231,Fiji Victorian,7827168b-228e-469a-904d-731a9f25c744,"NMCA - Bob Herman Shield - ""D"" Grade",Fiji Victorian - D Grade - Bob Herman Shield,Round 12,R12,12,2010-01-23 13:00:00+00:00,Kingsbury Cricket Club,Win,win,won by 8 wickets,Damandeep Singh 92,Vinit Naidu 7-37,False
84b5b011-d4e5-493d-9b6b-9f8d84ca6704,d1b386aa-ac78-4fb4-a434-94b03b69808a,Summer 2009/10,f111aa0f-2d12-4496-9c44-75a984908231,f111aa0f-2d12-4496-9c44-75a984908231,Fiji Victorian,7827168b-228e-469a-904d-731a9f25c744,"NMCA - Bob Herman Shield - ""D"" Grade",Fiji Victorian - D Grade - Bob Herman Shield,Round 11,R11,11,2010-01-16 13:00:00+00:00,Darebin Chargers Cricket Club,Loss,loss,lost by 106 runs,Alex Moderana 52,Feroz Hassan 3-54,False
b81dfa25-4bf7-4d29-8fac-d0cd3c4a6a1f,d1b386aa-ac78-4fb4-a434-94b03b69808a,Summer 2009/10,f111aa0f-2d12-4496-9c44-75a984908231,f111aa0f-2d12-4496-9c44-75a984908231,Fiji Victorian,7827168b-228e-469a-904d-731a9f25c744,"NMCA - Bob Herman Shield - ""D"" Grade",Fiji Victorian - D Grade - Bob Herman Shield,Round 10,R10,10,2010-01-09 13:00:00+00:00,West Preston Cricket Club,Win,win,won by 31 runs,Benjamin Frew 109*,Vinit Naidu 5-24,False
8e9af9ae-47bd-4c06-a982-83f6cb7ed0d8,d1b386aa-ac78-4fb4-a434-94b03b69808a,Summer 2009/10,f111aa0f-2d12-4496-9c44-75a984908231,f111aa0f-2d12-4496-9c44-75a984908231,Fiji Victorian,7827168b-228e-469a-904d-731a9f25c744,"NMCA - Bob Herman Shield - ""D"" Grade",Fiji Victorian - D Grade - Bob Herman Shield,Round 9,R9,9,2009-12-12 13:00:00+00:00,Unknown opponent,No Result,none,Result pending,—,—,False
9c601534-ceff-4c04-9fe2-db8fc0451c0e,d1b386aa-ac78-4fb4-a434-94b03b69808a,Summer 2009/10,f111aa0f-2d12-4496-9c44-75a984908231,f111aa0f-2d12-4496-9c44-75a984908231,Fiji Victorian,7827168b-228e-469a-904d-731a9f25c744,"NMCA - Bob Herman Shield - ""D"" Grade",Fiji Victorian - D Grade - Bob Herman Shield,Round 8,R8,8,2009-11-28 13:00:00+00:00,Preston Footballers Cricket Club,Loss,loss,lost,Damandeep Singh 62,Vinit Naidu 3-26,False
f1b38759-1835-4a58-8de3-cf1e6cc6a203,d1b386aa-ac78-4fb4-a434-94b03b69808a,Summer 2009/10,f111aa0f-2d12-4496-9c44-75a984908231,f111aa0f-2d12-4496-9c44-75a984908231,Fiji Victorian,7827168b-228e-469a-904d-731a9f25c744,"NMCA - Bob Herman Shield - ""D"" Grade",Fiji Victorian - D Grade - Bob Herman Shield,Round 7,R7,7,2009-11-14 13:00:00+00:00,Darebin Chargers Cricket Club,Loss,loss,lost by an innings and 123 runs,Nitin Tanwar 39,Sanjeeva Nandan 2-33,False
cb665ea2-3f50-4a7c-84ef-33e7c93e730e,d1b386aa-ac78-4fb4-a434-94b03b69808a,Summer 2009/10,f111aa0f-2d12-4496-9c44-75a984908231,f111aa0f-2d12-4496-9c44-75a984908231,Fiji Victorian,7827168b-228e-469a-904d-731a9f25c744,"NMCA - Bob Herman Shield - ""D"" Grade",Fiji Victorian - D Grade - Bob Herman Shield,Round 6,R6,6,2009-11-08 13:00:00+00:00,Reservoir Mayston Cricket Club,Loss,loss,lost by 7 wickets,Vinit Naidu 21,Pramen Nand 1-9,False
c990a7c1-3144-45c4-8d64-fcc828445d35,d1b386aa-ac78-4fb4-a434-94b03b69808a,Summer 2009/10,f111aa0f-2d12-4496-9c44-75a984908231,f111aa0f-2d12-4496-9c44-75a984908231,Fiji Victorian,7827168b-228e-469a-904d-731a9f25c744,"NMCA - Bob Herman Shield - ""D"" Grade",Fiji Victorian - D Grade - Bob Herman Shield,Round 5,R5,5,2009-11-07 13:00:00+00:00,Kingsbury Cricket Club,Win,win,won by 3 wickets,Reuel Sharan 66,Elvin Espiritu 2-22,False
ed1b3ff0-f885-4e29-a144-ba7cc7730967,d1b386aa-ac78-4fb4-a434-94b03b69808a,Summer 2009/10,f111aa0f-2d12-4496-9c44-75a984908231,f111aa0f-2d12-4496-9c44-75a984908231,Fiji Victorian,7827168b-228e-469a-904d-731a9f25c744,"NMCA - Bob Herman Shield - ""D"" Grade",Fiji Victorian - D Grade - Bob Herman Shield,Round 4,R4,4,2009-10-31 13:00:00+00:00,Strathewen Cricket Club,Win,win,won by 2 wickets,Nitin Tanwar 33,Alex Moderana 2-21,False
709c71f4-37eb-4ec9-99ac-9f139a40bb02,d1b386aa-ac78-4fb4-a434-94b03b69808a,Summer 2009/10,f111aa0f-2d12-4496-9c44-75a984908231,f111aa0f-2d12-4496-9c44-75a984908231,Fiji Victorian,7827168b-228e-469a-904d-731a9f25c744,"NMCA - Bob Herman Shield - ""D"" Grade",Fiji Victorian - D Grade - Bob Herman Shield,Round 3,R3,3,2009-10-17 13:00:00+00:00,West Preston Cricket Club,Win,win,won by 4 wickets,Sanjeeva Nandan 27,Shaun Vikash 6-38,False
57d30bb8-79a5-48ae-a9be-be23e8dad34f,d1b386aa-ac78-4fb4-a434-94b03b69808a,Summer 2009/10,f111aa0f-2d12-4496-9c44-75a984908231,f111aa0f-2d12-4496-9c44-75a984908231,Fiji Victorian,7827168b-228e-469a-904d-731a9f25c744,"NMCA - Bob Herman Shield - ""D"" Grade",Fiji Victorian - D Grade - Bob Herman Shield,Round 2,R2,2,2009-10-10 13:00:00+00:00,Unknown opponent,No Result,none,Result pending,—,—,False
393d33f2-c749-4d81-b7d9-4baee929a85d,d1b386aa-ac78-4fb4-a434-94b03b69808a,Summer 2009/10,f111aa0f-2d12-4496-9c44-75a984908231,f111aa0f-2d12-4496-9c44-75a984908231,Fiji Victorian,7827168b-228e-469a-904d-731a9f25c744,"NMCA - Bob Herman Shield - ""D"" Grade",Fiji Victorian - D Grade - Bob Herman Shield,Round 1,R1,1,2009-10-03 12:30:00+00:00,Preston Footballers Cricket Club,Win,win,won by 6 wickets,Benjamin Frew 56*,Ankur Dogra 3-19,False
ac0a2c14-714d-415c-a6dc-eef8b5e0a574,d1b386aa-ac78-4fb4-a434-94b03b69808a,Summer 2009/10,03354497-78de-472f-96e3-5b5418311630,03354497-78de-472f-96e3-5b5418311630,Fiji Victorian,c7ccb0ed-20cf-47b6-820d-5375e699e288,NMCA - Jack Kelly Shield,Fiji Victorian - Jack Kelly Shield,Round 14,R14,14,2010-02-20 13:00:00+00:00,Strathewen Cricket Club,Loss,loss,lost by 1 wickets,Danny Singh 65,Damien Vikash 4-48,False
89d9a2d0-87ee-4220-937b-fff9fb558baf,d1b386aa-ac78-4fb4-a434-94b03b69808a,Summer 2009/10,03354497-78de-472f-96e3-5b5418311630,03354497-78de-472f-96e3-5b5418311630,Fiji Victorian,c7ccb0ed-20cf-47b6-820d-5375e699e288,NMCA - Jack Kelly Shield,Fiji Victorian - Jack Kelly Shield,Round 13,R13,13,2010-02-06 13:00:00+00:00,Reservoir Mayston Cricket Club,Win,win,won by 153 runs,Danny Singh 63,Damien Vikash 3-9,False
c2bdc9d4-3dae-48da-96a4-4e46dbfb5bf1,d1b386aa-ac78-4fb4-a434-94b03b69808a,Summer 2009/10,03354497-78de-472f-96e3-5b5418311630,03354497-78de-472f-96e3-5b5418311630,Fiji Victorian,c7ccb0ed-20cf-47b6-820d-5375e699e288,NMCA - Jack Kelly Shield,Fiji Victorian - Jack Kelly Shield,Round 12,R12,12,2010-01-23 13:00:00+00:00,Kingsbury Cricket Club,Loss,loss,lost by 16 runs,Damandeep Sehra 64,Clint Fernandes 4-41,False
811cda8f-90aa-4bda-a728-eb2ff2685b0a,d1b386aa-ac78-4fb4-a434-94b03b69808a,Summer 2009/10,03354497-78de-472f-96e3-5b5418311630,03354497-78de-472f-96e3-5b5418311630,Fiji Victorian,c7ccb0ed-20cf-47b6-820d-5375e699e288,NMCA - Jack Kelly Shield,Fiji Victorian - Jack Kelly Shield,Round 11,R11,11,2010-01-16 13:00:00+00:00,Darebin Chargers Cricket Club,Loss,loss,lost by 131 runs,Sanjay Ct 54,Shandil Bhan 4-24,False
fc2a2aa0-4727-4fbb-9227-15c927fd8849,d1b386aa-ac78-4fb4-a434-94b03b69808a,Summer 2009/10,03354497-78de-472f-96e3-5b5418311630,03354497-78de-472f-96e3-5b5418311630,Fiji Victorian,c7ccb0ed-20cf-47b6-820d-5375e699e288,NMCA - Jack Kelly Shield,Fiji Victorian - Jack Kelly Shield,Round 10,R10,10,2010-01-09 13:00:00+00:00,West Preston Cricket Club,Win,win,won by 53 runs,Vighnesh Vayaboury 52,Amresh Bhan 3-5,False
a4789c88-0dcf-4b67-8209-b7557d3015db,d1b386aa-ac78-4fb4-a434-94b03b69808a,Summer 2009/10,03354497-78de-472f-96e3-5b5418311630,03354497-78de-472f-96e3-5b5418311630,Fiji Victorian,c7ccb0ed-20cf-47b6-820d-5375e699e288,NMCA - Jack Kelly Shield,Fiji Victorian - Jack Kelly Shield,Round 9,R9,9,2009-12-12 13:00:00+00:00,Unknown opponent,No Result,none,Result pending,—,—,False
e8842463-ae04-48d0-8428-4274325e71f8,d1b386aa-ac78-4fb4-a434-94b03b69808a,Summer 2009/10,03354497-78de-472f-96e3-5b5418311630,03354497-78de-472f-96e3-5b5418311630,Fiji Victorian,c7ccb0ed-20cf-47b6-820d-5375e699e288,NMCA - Jack Kelly Shield,Fiji Victorian - Jack Kelly Shield,Round 8,R8,8,2009-11-28 13:00:00+00:00,Preston Footballers Cricket Club,Loss,loss,lost by 7 wickets,Syamjith Harikumar 63*,Damien Vikash 1-38,False
6930d0ca-f4a9-4e76-b983-f83800e7e100,d1b386aa-ac78-4fb4-a434-94b03b69808a,Summer 2009/10,03354497-78de-472f-96e3-5b5418311630,03354497-78de-472f-96e3-5b5418311630,Fiji Victorian,c7ccb0ed-20cf-47b6-820d-5375e699e288,NMCA - Jack Kelly Shield,Fiji Victorian - Jack Kelly Shield,Round 7,R7,7,2009-11-14 13:00:00+00:00,Darebin Chargers Cricket Club,Loss,loss,lost by 2 wickets,Sanjay Ct 78,Shivnyl Naidu 2-29,False
4ff5cfb2-a032-45d8-b7ee-3831a0a7582a,d1b386aa-ac78-4fb4-a434-94b03b69808a,Summer 2009/10,03354497-78de-472f-96e3-5b5418311630,03354497-78de-472f-96e3-5b5418311630,Fiji Victorian,c7ccb0ed-20cf-47b6-820d-5375e699e288,NMCA - Jack Kelly Shield,Fiji Victorian - Jack Kelly Shield,Round 6,R6,6,2009-11-08 13:00:00+00:00,Reservoir Mayston Cricket Club,Loss,loss,lost by 38 runs,Vighnesh Vayaboury 75,Shivnyl Naidu 4-32,False
ca837eb9-ea23-4547-89ca-095ac994c54d,d1b386aa-ac78-4fb4-a434-94b03b69808a,Summer 2009/10,03354497-78de-472f-96e3-5b5418311630,03354497-78de-472f-96e3-5b5418311630,Fiji Victorian,c7ccb0ed-20cf-47b6-820d-5375e699e288,NMCA - Jack Kelly Shield,Fiji Victorian - Jack Kelly Shield,Round 5,R5,5,2009-11-07 13:00:00+00:00,Kingsbury Cricket Club,Loss,loss,lost by 1 wickets,Sanjay Ct 85,Shivnyl Naidu 4-21,False
dce59eb8-b283-4095-a802-1eb29c5baaa6,d1b386aa-ac78-4fb4-a434-94b03b69808a,Summer 2009/10,03354497-78de-472f-96e3-5b5418311630,03354497-78de-472f-96e3-5b5418311630,Fiji Victorian,c7ccb0ed-20cf-47b6-820d-5375e699e288,NMCA - Jack Kelly Shield,Fiji Victorian - Jack Kelly Shield,Round 4,R4,4,2009-10-31 13:00:00+00:00,Strathewen Cricket Club,Win,win,won by 6 runs,Sanjay Ct 63,Syamjith Harikumar 3-32,False
62860e1e-a9d0-4b43-8f5e-3ce7e58ae1f4,d1b386aa-ac78-4fb4-a434-94b03b69808a,Summer 2009/10,03354497-78de-472f-96e3-5b5418311630,03354497-78de-472f-96e3-5b5418311630,Fiji Victorian,c7ccb0ed-20cf-47b6-820d-5375e699e288,NMCA - Jack Kelly Shield,Fiji Victorian - Jack Kelly Shield,Round 3,R3,3,2009-10-17 13:00:00+00:00,West Preston Cricket Club,Win,win,won by 61 runs,Damandeep Sehra 33,Amresh Bhan 6-18,False
44f023a5-18fc-466a-92ea-f58aa52a4463,d1b386aa-ac78-4fb4-a434-94b03b69808a,Summer 2009/10,03354497-78de-472f-96e3-5b5418311630,03354497-78de-472f-96e3-5b5418311630,Fiji Victorian,c7ccb0ed-20cf-47b6-820d-5375e699e288,NMCA - Jack Kelly Shield,Fiji Victorian - Jack Kelly Shield,Round 2,R2,2,2009-10-10 13:00:00+00:00,Unknown opponent,No Result,none,Result pending,—,—,False
d92bb9b1-e67e-41c9-997c-4f3568897469,d1b386aa-ac78-4fb4-a434-94b03b69808a,Summer 2009/10,03354497-78de-472f-96e3-5b5418311630,03354497-78de-472f-96e3-5b5418311630,Fiji Victorian,c7ccb0ed-20cf-47b6-820d-5375e699e288,NMCA - Jack Kelly Shield,Fiji Victorian - Jack Kelly Shield,Round 1,R1,1,2009-10-03 12:30:00+00:00,Preston Footballers Cricket Club,Win,win,won by 61 runs,Sanjay Ct 69,Shandil Bhan 4-25,False
d985eece-8c1c-4546-b018-93a39a13b3ba,d1b386aa-ac78-4fb4-a434-94b03b69808a,Summer 2009/10,4ce532a0-40c7-445e-85a2-cee1808aa5c3,4ce532a0-40c7-445e-85a2-cee1808aa5c3,Fiji Victorian 3rd XI,2131636b-397a-445e-8da7-984ba4133a5b,"NMCA - ""F"" Grade South - Torrens Shield",Fiji Victorian 3rd - F Grade South - Harry Torrens Shield,Grand Final,Grand Final,1003,2010-03-13 13:30:00+00:00,Cobras Cricket Club,Win,win,won by 9 runs,Vinay Sharma 69,Wesley Machado 6-53,True
bedbe77f-3a17-4fd5-9fa2-d57ee8c43056,d1b386aa-ac78-4fb4-a434-94b03b69808a,Summer 2009/10,4ce532a0-40c7-445e-85a2-cee1808aa5c3,4ce532a0-40c7-445e-85a2-cee1808aa5c3,Fiji Victorian 3rd XI,2131636b-397a-445e-8da7-984ba4133a5b,"NMCA - ""F"" Grade South - Torrens Shield",Fiji Victorian 3rd - F Grade South - Harry Torrens Shield,Semi Finals,Semi Finals,1001,2010-03-06 13:30:00+00:00,Preston Footballers Cricket Club,Draw,draw,draw,Reuben Sharan 56,Wesley Machado 4-21,False
5a0708ba-5855-4b5d-9877-88997d2d0876,d1b386aa-ac78-4fb4-a434-94b03b69808a,Summer 2009/10,4ce532a0-40c7-445e-85a2-cee1808aa5c3,4ce532a0-40c7-445e-85a2-cee1808aa5c3,Fiji Victorian 3rd XI,2131636b-397a-445e-8da7-984ba4133a5b,"NMCA - ""F"" Grade South - Torrens Shield",Fiji Victorian 3rd - F Grade South - Harry Torrens Shield,Round 10,R10,10,2010-02-20 13:30:00+00:00,Dennis Cricket Club,Win,win,won by 5 wickets,Bobby Malli 83*,Wesley Machado 4-38,False
2c888d6a-b7e6-48b2-a862-d63d0eface5e,d1b386aa-ac78-4fb4-a434-94b03b69808a,Summer 2009/10,4ce532a0-40c7-445e-85a2-cee1808aa5c3,4ce532a0-40c7-445e-85a2-cee1808aa5c3,Fiji Victorian 3rd XI,2131636b-397a-445e-8da7-984ba4133a5b,"NMCA - ""F"" Grade South - Torrens Shield",Fiji Victorian 3rd - F Grade South - Harry Torrens Shield,Round 9,R9,9,2010-02-06 13:30:00+00:00,Preston YCW District Cricket Club,Loss,loss,lost by 9 runs,Gaurav Chauhan 43,John Singh 4-41,False
8956a57b-8499-4800-a270-a6db6f11b34d,d1b386aa-ac78-4fb4-a434-94b03b69808a,Summer 2009/10,4ce532a0-40c7-445e-85a2-cee1808aa5c3,4ce532a0-40c7-445e-85a2-cee1808aa5c3,Fiji Victorian 3rd XI,2131636b-397a-445e-8da7-984ba4133a5b,"NMCA - ""F"" Grade South - Torrens Shield",Fiji Victorian 3rd - F Grade South - Harry Torrens Shield,Round 8,R8,8,2010-01-30 13:00:00+00:00,Holy Trinity Cricket Club,Loss,loss,lost by 24 runs,Cameron Nall 41,Cameron Nall 2-24,False
75fa951b-8b3d-4957-b989-46fbb2e96a1d,d1b386aa-ac78-4fb4-a434-94b03b69808a,Summer 2009/10,4ce532a0-40c7-445e-85a2-cee1808aa5c3,4ce532a0-40c7-445e-85a2-cee1808aa5c3,Fiji Victorian 3rd XI,2131636b-397a-445e-8da7-984ba4133a5b,"NMCA - ""F"" Grade South - Torrens Shield",Fiji Victorian 3rd - F Grade South - Harry Torrens Shield,Round 7,R7,7,2010-01-23 13:00:00+00:00,Dennis Cricket Club,Win,win,won by 7 wickets,Gaurav Chauhan 67*,John Konsol 3-25,False
cc4f047a-c133-4194-aef9-e70c990d0bdd,d1b386aa-ac78-4fb4-a434-94b03b69808a,Summer 2009/10,4ce532a0-40c7-445e-85a2-cee1808aa5c3,4ce532a0-40c7-445e-85a2-cee1808aa5c3,Fiji Victorian 3rd XI,2131636b-397a-445e-8da7-984ba4133a5b,"NMCA - ""F"" Grade South - Torrens Shield",Fiji Victorian 3rd - F Grade South - Harry Torrens Shield,Round 6,R6,6,2009-12-12 13:00:00+00:00,Cobras Cricket Club,Loss,loss,lost by 5 runs,Danny Singh 47,Vighnesh Vayaboury 2-20,False
69b2f4aa-374a-4ad5-9b00-ab2bb500c769,d1b386aa-ac78-4fb4-a434-94b03b69808a,Summer 2009/10,4ce532a0-40c7-445e-85a2-cee1808aa5c3,4ce532a0-40c7-445e-85a2-cee1808aa5c3,Fiji Victorian 3rd XI,2131636b-397a-445e-8da7-984ba4133a5b,"NMCA - ""F"" Grade South - Torrens Shield",Fiji Victorian 3rd - F Grade South - Harry Torrens Shield,Round 5,R5,5,2009-11-28 13:30:00+00:00,Preston Footballers Cricket Club,Win,win,won,Kodkara Perera 64,Wesley Machado 4-7,False
dfcb2543-7de9-45cb-ba30-d0307fbe4ad9,d1b386aa-ac78-4fb4-a434-94b03b69808a,Summer 2009/10,4ce532a0-40c7-445e-85a2-cee1808aa5c3,4ce532a0-40c7-445e-85a2-cee1808aa5c3,Fiji Victorian 3rd XI,2131636b-397a-445e-8da7-984ba4133a5b,"NMCA - ""F"" Grade South - Torrens Shield",Fiji Victorian 3rd - F Grade South - Harry Torrens Shield,Round 4,R4,4,2009-11-14 13:30:00+00:00,Cobras Cricket Club,Win,win,won by 100 runs,Danny Singh 144,Wesley Machado 3-45,False
57c9857f-d7c9-4a97-b4ea-dec3e8ed1ebd,d1b386aa-ac78-4fb4-a434-94b03b69808a,Summer 2009/10,4ce532a0-40c7-445e-85a2-cee1808aa5c3,4ce532a0-40c7-445e-85a2-cee1808aa5c3,Fiji Victorian 3rd XI,2131636b-397a-445e-8da7-984ba4133a5b,"NMCA - ""F"" Grade South - Torrens Shield",Fiji Victorian 3rd - F Grade South - Harry Torrens Shield,Round 3,R3,3,2009-11-07 13:00:00+00:00,Preston Footballers Cricket Club,Win,win,won by 4 wickets,Pranesh Nair 59*,Wesley Machado 3-26,False
df876c1d-7839-47f1-8224-2fc419cba888,d1b386aa-ac78-4fb4-a434-94b03b69808a,Summer 2009/10,4ce532a0-40c7-445e-85a2-cee1808aa5c3,4ce532a0-40c7-445e-85a2-cee1808aa5c3,Fiji Victorian 3rd XI,2131636b-397a-445e-8da7-984ba4133a5b,"NMCA - ""F"" Grade South - Torrens Shield",Fiji Victorian 3rd - F Grade South - Harry Torrens Shield,Round 2,R2,2,2009-10-31 13:00:00+00:00,Preston YCW District Cricket Club,Win,win,won by 7 wickets,Vinay Sharma 80*,Brad Arnott 2-14,False
784a3b64-526c-4d51-b0d6-b78a083b5a3c,d1b386aa-ac78-4fb4-a434-94b03b69808a,Summer 2009/10,4ce532a0-40c7-445e-85a2-cee1808aa5c3,4ce532a0-40c7-445e-85a2-cee1808aa5c3,Fiji Victorian 3rd XI,2131636b-397a-445e-8da7-984ba4133a5b,"NMCA - ""F"" Grade South - Torrens Shield",Fiji Victorian 3rd - F Grade South - Harry Torrens Shield,Round 1,R1,1,2009-10-17 13:30:00+00:00,Holy Trinity Cricket Club,Win,win,won by forfeit,—,—,False
64ebf974-b479-4cb2-ba74-b2d342bb045b,b41aad11-0719-4499-ae34-fa95731e582b,Summer 2010/11,e40f37b8-74c1-4812-a2e3-2b3921e0efa2,e40f37b8-74c1-4812-a2e3-2b3921e0efa2,Fiji Victorian,1c7591ca-f1d0-4c10-8d67-9799d6be6220,"NMCA - Bob Herman Shield - ""D"" Grade",Fiji Victorian - D Grade - Bob Herman Shield,Grand Final,Grand Final,1003,2011-03-12 13:00:00+00:00,Strathewen Cricket Club,Win,win,won by 71 runs,Vikash Chand 75,Wesley Machado 8-27,True
92e36905-82b8-4ae6-816b-3f9fd8f6acf1,b41aad11-0719-4499-ae34-fa95731e582b,Summer 2010/11,e40f37b8-74c1-4812-a2e3-2b3921e0efa2,e40f37b8-74c1-4812-a2e3-2b3921e0efa2,Fiji Victorian,1c7591ca-f1d0-4c10-8d67-9799d6be6220,"NMCA - Bob Herman Shield - ""D"" Grade",Fiji Victorian - D Grade - Bob Herman Shield,Semi Finals,Semi Finals,1001,2011-03-05 13:00:00+00:00,Kingsbury Cricket Club,Win,win,won by 18 runs,Kalpeshkumar Patel 68*,Shaun Vikash 5-63,False
33347b60-4f74-42fe-9321-6ac0cf54c02d,b41aad11-0719-4499-ae34-fa95731e582b,Summer 2010/11,e40f37b8-74c1-4812-a2e3-2b3921e0efa2,e40f37b8-74c1-4812-a2e3-2b3921e0efa2,Fiji Victorian,1c7591ca-f1d0-4c10-8d67-9799d6be6220,"NMCA - Bob Herman Shield - ""D"" Grade",Fiji Victorian - D Grade - Bob Herman Shield,Round 14,R14,14,2011-02-19 13:00:00+00:00,West Preston Cricket Club,Win,win,won by 113 runs,Damandeep Singh 71,Amresh Bhan 4-26,False
3c6c7f7b-672c-4ae6-b214-cc37f3edc664,b41aad11-0719-4499-ae34-fa95731e582b,Summer 2010/11,e40f37b8-74c1-4812-a2e3-2b3921e0efa2,e40f37b8-74c1-4812-a2e3-2b3921e0efa2,Fiji Victorian,1c7591ca-f1d0-4c10-8d67-9799d6be6220,"NMCA - Bob Herman Shield - ""D"" Grade",Fiji Victorian - D Grade - Bob Herman Shield,Round 13,R13,13,2011-02-05 13:00:00+00:00,Dennis Cricket Club,Win,win,won by 2 wickets,Jim Didaskalou 40,Rahul Lalji 2-23,False
76eb48c6-046a-472c-9b80-df8f49456604,b41aad11-0719-4499-ae34-fa95731e582b,Summer 2010/11,e40f37b8-74c1-4812-a2e3-2b3921e0efa2,e40f37b8-74c1-4812-a2e3-2b3921e0efa2,Fiji Victorian,1c7591ca-f1d0-4c10-8d67-9799d6be6220,"NMCA - Bob Herman Shield - ""D"" Grade",Fiji Victorian - D Grade - Bob Herman Shield,Round 12,R12,12,2011-01-22 13:00:00+00:00,Strathewen Cricket Club,Loss,loss,lost by 248 runs,Venu Birlangi 17,Shaun Vikash 5-62,False
9c5c25d9-2f0e-4e9e-891c-9f244101d9c5,b41aad11-0719-4499-ae34-fa95731e582b,Summer 2010/11,e40f37b8-74c1-4812-a2e3-2b3921e0efa2,e40f37b8-74c1-4812-a2e3-2b3921e0efa2,Fiji Victorian,1c7591ca-f1d0-4c10-8d67-9799d6be6220,"NMCA - Bob Herman Shield - ""D"" Grade",Fiji Victorian - D Grade - Bob Herman Shield,Round 11,R11,11,2011-01-15 13:00:00+00:00,Unknown opponent,No Result,none,Result pending,—,—,False
7da789e9-2960-4db7-b347-031cdb8b35eb,b41aad11-0719-4499-ae34-fa95731e582b,Summer 2010/11,e40f37b8-74c1-4812-a2e3-2b3921e0efa2,e40f37b8-74c1-4812-a2e3-2b3921e0efa2,Fiji Victorian,1c7591ca-f1d0-4c10-8d67-9799d6be6220,"NMCA - Bob Herman Shield - ""D"" Grade",Fiji Victorian - D Grade - Bob Herman Shield,Round 10,R10,10,2011-01-08 13:00:00+00:00,Preston Footballers Cricket Club,Loss,loss,lost by 7 wickets,Nitin Tanwar 26,Shaun Vikash 1-16,False
e1939a4b-b919-4d3c-b17d-94e2171bcfe6,b41aad11-0719-4499-ae34-fa95731e582b,Summer 2010/11,e40f37b8-74c1-4812-a2e3-2b3921e0efa2,e40f37b8-74c1-4812-a2e3-2b3921e0efa2,Fiji Victorian,1c7591ca-f1d0-4c10-8d67-9799d6be6220,"NMCA - Bob Herman Shield - ""D"" Grade",Fiji Victorian - D Grade - Bob Herman Shield,Round 9,R9,9,2010-12-11 13:00:00+00:00,Kingsbury Cricket Club,Loss,loss,lost by 4 wickets,Bobby Malli 48,Shaun Vikash 3-74,False
732bca4d-4764-4dc5-8979-f6de99d1b830,b41aad11-0719-4499-ae34-fa95731e582b,Summer 2010/11,e40f37b8-74c1-4812-a2e3-2b3921e0efa2,e40f37b8-74c1-4812-a2e3-2b3921e0efa2,Fiji Victorian,1c7591ca-f1d0-4c10-8d67-9799d6be6220,"NMCA - Bob Herman Shield - ""D"" Grade",Fiji Victorian - D Grade - Bob Herman Shield,Round 8,R8,8,2010-11-27 13:00:00+00:00,Reservoir Mayston Cricket Club,Win,win,won by 6 wickets,Pramen Nand 26,Venu Birlangi 4-9,False
a92f6eca-3b3f-4b35-8d00-b4ffdc5deb2a,b41aad11-0719-4499-ae34-fa95731e582b,Summer 2010/11,e40f37b8-74c1-4812-a2e3-2b3921e0efa2,e40f37b8-74c1-4812-a2e3-2b3921e0efa2,Fiji Victorian,1c7591ca-f1d0-4c10-8d67-9799d6be6220,"NMCA - Bob Herman Shield - ""D"" Grade",Fiji Victorian - D Grade - Bob Herman Shield,Round 7,R7,7,2010-11-13 13:00:00+00:00,Preston Footballers Cricket Club,Win,win,won by 6 wickets,Reuel Sharan 44*,Damandeep Sehra 3-33,False
ca739eee-10bb-4e5e-870b-2cf0d65f9950,b41aad11-0719-4499-ae34-fa95731e582b,Summer 2010/11,e40f37b8-74c1-4812-a2e3-2b3921e0efa2,e40f37b8-74c1-4812-a2e3-2b3921e0efa2,Fiji Victorian,1c7591ca-f1d0-4c10-8d67-9799d6be6220,"NMCA - Bob Herman Shield - ""D"" Grade",Fiji Victorian - D Grade - Bob Herman Shield,Round 6,R6,6,2010-11-07 13:00:00+00:00,West Preston Cricket Club,Loss,loss,lost by 2 wickets,Ricky Singh 30,Shaun Vikash 3-11,False
f386752b-1d5c-484d-b502-268f6c34c075,b41aad11-0719-4499-ae34-fa95731e582b,Summer 2010/11,e40f37b8-74c1-4812-a2e3-2b3921e0efa2,e40f37b8-74c1-4812-a2e3-2b3921e0efa2,Fiji Victorian,1c7591ca-f1d0-4c10-8d67-9799d6be6220,"NMCA - Bob Herman Shield - ""D"" Grade",Fiji Victorian - D Grade - Bob Herman Shield,Round 5,R5,5,2010-11-06 13:00:00+00:00,Dennis Cricket Club,Win,win,won by 7 wickets,Jim Didaskalou 44*,Shaun Vikash 3-16,False
563a9978-f869-4bf1-9d8b-e3479fb682a6,b41aad11-0719-4499-ae34-fa95731e582b,Summer 2010/11,e40f37b8-74c1-4812-a2e3-2b3921e0efa2,e40f37b8-74c1-4812-a2e3-2b3921e0efa2,Fiji Victorian,1c7591ca-f1d0-4c10-8d67-9799d6be6220,"NMCA - Bob Herman Shield - ""D"" Grade",Fiji Victorian - D Grade - Bob Herman Shield,Round 4,R4,4,2010-10-30 13:00:00+00:00,Strathewen Cricket Club,Draw,draw,draw,Reuel Sharan 24,—,False
18306feb-a91a-4e63-97a3-7849b2dbfc87,b41aad11-0719-4499-ae34-fa95731e582b,Summer 2010/11,e40f37b8-74c1-4812-a2e3-2b3921e0efa2,e40f37b8-74c1-4812-a2e3-2b3921e0efa2,Fiji Victorian,1c7591ca-f1d0-4c10-8d67-9799d6be6220,"NMCA - Bob Herman Shield - ""D"" Grade",Fiji Victorian - D Grade - Bob Herman Shield,Round 3,R3,3,2010-10-16 13:00:00+00:00,Unknown opponent,No Result,none,Result pending,—,—,False
cc381300-9758-4f76-8971-4322daeb79db,b41aad11-0719-4499-ae34-fa95731e582b,Summer 2010/11,e40f37b8-74c1-4812-a2e3-2b3921e0efa2,e40f37b8-74c1-4812-a2e3-2b3921e0efa2,Fiji Victorian,1c7591ca-f1d0-4c10-8d67-9799d6be6220,"NMCA - Bob Herman Shield - ""D"" Grade",Fiji Victorian - D Grade - Bob Herman Shield,Round 2,R2,2,2010-10-09 13:00:00+00:00,Reservoir Mayston Cricket Club,Win,win,won by 8 wickets,Damandeep Singh 57*,Alex Moderana 5-38,False
c09ca6c2-5130-44aa-b73a-6f5cd50ed320,b41aad11-0719-4499-ae34-fa95731e582b,Summer 2010/11,e40f37b8-74c1-4812-a2e3-2b3921e0efa2,e40f37b8-74c1-4812-a2e3-2b3921e0efa2,Fiji Victorian,1c7591ca-f1d0-4c10-8d67-9799d6be6220,"NMCA - Bob Herman Shield - ""D"" Grade",Fiji Victorian - D Grade - Bob Herman Shield,Round 1,R1,1,2011-01-16 13:00:00+00:00,Kingsbury Cricket Club,Win,win,won by 13 runs,Vinay Sharma 20,Bobby Malli 3-24,False
584adb52-9b7a-45a0-b6db-a7d45361fa70,b41aad11-0719-4499-ae34-fa95731e582b,Summer 2010/11,14af6ded-2c0f-49b5-9cf2-d694abc355cd,14af6ded-2c0f-49b5-9cf2-d694abc355cd,Fiji Victorian,183b698e-f435-4bbe-9913-47df66ea0880,NMCA - Jack Kelly Shield,Fiji Victorian - Jack Kelly Shield,Semi Finals,Semi Finals,1001,2011-03-05 13:00:00+00:00,Strathewen Cricket Club,Loss,loss,lost,Benjamin Frew 64,Amresh Bhan 4-44,False
c80c644d-a58e-44bc-a4fd-df0ebd078870,b41aad11-0719-4499-ae34-fa95731e582b,Summer 2010/11,14af6ded-2c0f-49b5-9cf2-d694abc355cd,14af6ded-2c0f-49b5-9cf2-d694abc355cd,Fiji Victorian,183b698e-f435-4bbe-9913-47df66ea0880,NMCA - Jack Kelly Shield,Fiji Victorian - Jack Kelly Shield,Round 14,R14,14,2011-02-19 13:00:00+00:00,West Preston Cricket Club,Win,win,won by 7 wickets,Bobby Malli 65*,Vinit Naidu 2-11,False
3722a142-2775-4412-8a89-33d5a4fc1069,b41aad11-0719-4499-ae34-fa95731e582b,Summer 2010/11,14af6ded-2c0f-49b5-9cf2-d694abc355cd,14af6ded-2c0f-49b5-9cf2-d694abc355cd,Fiji Victorian,183b698e-f435-4bbe-9913-47df66ea0880,NMCA - Jack Kelly Shield,Fiji Victorian - Jack Kelly Shield,Round 13,R13,13,2011-02-05 13:00:00+00:00,Dennis Cricket Club,Win,win,won by 96 runs,Nitin Tanwar 46,Vinit Naidu 3-7,False
96aec2c8-bdd3-49a3-b2cc-cece55816a78,b41aad11-0719-4499-ae34-fa95731e582b,Summer 2010/11,14af6ded-2c0f-49b5-9cf2-d694abc355cd,14af6ded-2c0f-49b5-9cf2-d694abc355cd,Fiji Victorian,183b698e-f435-4bbe-9913-47df66ea0880,NMCA - Jack Kelly Shield,Fiji Victorian - Jack Kelly Shield,Round 12,R12,12,2011-01-22 13:00:00+00:00,Strathewen Cricket Club,Loss,loss,lost by 51 runs,Sanjay Ct 62,Syamjith Harikumar 5-77,False
0b40eb96-8fcf-4563-ae76-7c7b7e403392,b41aad11-0719-4499-ae34-fa95731e582b,Summer 2010/11,14af6ded-2c0f-49b5-9cf2-d694abc355cd,14af6ded-2c0f-49b5-9cf2-d694abc355cd,Fiji Victorian,183b698e-f435-4bbe-9913-47df66ea0880,NMCA - Jack Kelly Shield,Fiji Victorian - Jack Kelly Shield,Round 11,R11,11,2011-01-15 13:00:00+00:00,Keon Park Cricket Club,Win,win,won by 6 wickets,Sanjay Ct 43,Syamjith Harikumar 4-0,False
2bfb82a4-fbd9-4af0-b41f-ff073c199434,b41aad11-0719-4499-ae34-fa95731e582b,Summer 2010/11,14af6ded-2c0f-49b5-9cf2-d694abc355cd,14af6ded-2c0f-49b5-9cf2-d694abc355cd,Fiji Victorian,183b698e-f435-4bbe-9913-47df66ea0880,NMCA - Jack Kelly Shield,Fiji Victorian - Jack Kelly Shield,Round 10,R10,10,2011-01-08 13:00:00+00:00,Preston Footballers Cricket Club,Loss,loss,lost by 4 wickets,Danny Singh 79,Syamjith Harikumar 3-28,False
600989f3-9b09-49a2-a717-ddbf28779826,b41aad11-0719-4499-ae34-fa95731e582b,Summer 2010/11,14af6ded-2c0f-49b5-9cf2-d694abc355cd,14af6ded-2c0f-49b5-9cf2-d694abc355cd,Fiji Victorian,183b698e-f435-4bbe-9913-47df66ea0880,NMCA - Jack Kelly Shield,Fiji Victorian - Jack Kelly Shield,Round 9,R9,9,2010-12-11 13:00:00+00:00,Kingsbury Cricket Club,Loss,loss,lost by 4 wickets,Sanjay Ct 40,Danny Singh 3-2,False
e1a8880b-a453-4862-bc5d-896d880350ae,b41aad11-0719-4499-ae34-fa95731e582b,Summer 2010/11,14af6ded-2c0f-49b5-9cf2-d694abc355cd,14af6ded-2c0f-49b5-9cf2-d694abc355cd,Fiji Victorian,183b698e-f435-4bbe-9913-47df66ea0880,NMCA - Jack Kelly Shield,Fiji Victorian - Jack Kelly Shield,Round 8,R8,8,2010-11-27 13:00:00+00:00,Reservoir Mayston Cricket Club,Win,win,won by 9 runs,Benjamin Frew 44,Jaymin Patel 3-32,False
59fe331d-c6b9-4655-a5a7-a82ef3cf3ac9,b41aad11-0719-4499-ae34-fa95731e582b,Summer 2010/11,14af6ded-2c0f-49b5-9cf2-d694abc355cd,14af6ded-2c0f-49b5-9cf2-d694abc355cd,Fiji Victorian,183b698e-f435-4bbe-9913-47df66ea0880,NMCA - Jack Kelly Shield,Fiji Victorian - Jack Kelly Shield,Round 7,R7,7,2010-11-13 13:00:00+00:00,Preston Footballers Cricket Club,Win,win,won by 15 runs,Syamjith Harikumar 45*,Vinit Naidu 3-34,False
efd66612-d756-4f21-ba4a-0bd3a4d434c8,b41aad11-0719-4499-ae34-fa95731e582b,Summer 2010/11,14af6ded-2c0f-49b5-9cf2-d694abc355cd,14af6ded-2c0f-49b5-9cf2-d694abc355cd,Fiji Victorian,183b698e-f435-4bbe-9913-47df66ea0880,NMCA - Jack Kelly Shield,Fiji Victorian - Jack Kelly Shield,Round 6,R6,6,2010-11-07 13:00:00+00:00,West Preston Cricket Club,Win,win,won by 20 runs,Jaymin Patel 39,Jaymin Patel 3-41,False
e2920107-f0cf-440b-bdba-cffc53b1cd45,b41aad11-0719-4499-ae34-fa95731e582b,Summer 2010/11,14af6ded-2c0f-49b5-9cf2-d694abc355cd,14af6ded-2c0f-49b5-9cf2-d694abc355cd,Fiji Victorian,183b698e-f435-4bbe-9913-47df66ea0880,NMCA - Jack Kelly Shield,Fiji Victorian - Jack Kelly Shield,Round 5,R5,5,2010-11-06 13:00:00+00:00,Dennis Cricket Club,Loss,loss,lost by 8 runs,Danny Singh 45,Vinit Naidu 3-31,False
df00828d-3392-453d-80fb-e2741922ee24,b41aad11-0719-4499-ae34-fa95731e582b,Summer 2010/11,14af6ded-2c0f-49b5-9cf2-d694abc355cd,14af6ded-2c0f-49b5-9cf2-d694abc355cd,Fiji Victorian,183b698e-f435-4bbe-9913-47df66ea0880,NMCA - Jack Kelly Shield,Fiji Victorian - Jack Kelly Shield,Round 4,R4,4,2010-10-30 13:00:00+00:00,Strathewen Cricket Club,Draw,draw,draw,—,Syamjith Harikumar 2-0,False
112a8099-0006-4751-aaaf-65db045dc869,b41aad11-0719-4499-ae34-fa95731e582b,Summer 2010/11,14af6ded-2c0f-49b5-9cf2-d694abc355cd,14af6ded-2c0f-49b5-9cf2-d694abc355cd,Fiji Victorian,183b698e-f435-4bbe-9913-47df66ea0880,NMCA - Jack Kelly Shield,Fiji Victorian - Jack Kelly Shield,Round 3,R3,3,2010-10-16 13:00:00+00:00,Keon Park Cricket Club,Loss,loss,lost,Syamjith Harikumar 33,Damien Vikash 2-26,False
6d3e32ac-9880-4721-9626-83bca21b6dce,b41aad11-0719-4499-ae34-fa95731e582b,Summer 2010/11,14af6ded-2c0f-49b5-9cf2-d694abc355cd,14af6ded-2c0f-49b5-9cf2-d694abc355cd,Fiji Victorian,183b698e-f435-4bbe-9913-47df66ea0880,NMCA - Jack Kelly Shield,Fiji Victorian - Jack Kelly Shield,Round 2,R2,2,2010-10-09 13:00:00+00:00,Reservoir Mayston Cricket Club,Win,win,won by 4 wickets,Sanjay Ct 68,Damien Vikash 3-27,False
9cd25689-6094-409f-8aa0-1dd1dca59cc4,b41aad11-0719-4499-ae34-fa95731e582b,Summer 2010/11,14af6ded-2c0f-49b5-9cf2-d694abc355cd,14af6ded-2c0f-49b5-9cf2-d694abc355cd,Fiji Victorian,183b698e-f435-4bbe-9913-47df66ea0880,NMCA - Jack Kelly Shield,Fiji Victorian - Jack Kelly Shield,Round 1,R1,1,2011-01-16 13:00:00+00:00,Kingsbury Cricket Club,Win,win,won by 7 wickets,Jim Didaskalou 43*,Vinit Naidu 3-25,False
e1fb6786-87db-46f0-8246-d5751e2dfe8a,b41aad11-0719-4499-ae34-fa95731e582b,Summer 2010/11,d684d957-2c63-45cd-a7db-c4bae056e42f,d684d957-2c63-45cd-a7db-c4bae056e42f,Fiji Victorian 3's,1b571775-d1ea-4528-b453-43e66e3e6314,"NMCA - ""F"" Grade North - Manion Shield",Fiji Victorian 3s - F Grade North - Dave Manion Shield,Semi Finals,Semi Finals,1001,2011-03-05 13:30:00+00:00,Rivergum Cricket Club,Loss,loss,lost by 5 wickets,Mandeep Singh 31,Rahul Lalji 2-33,False
15a9d2b7-e518-46a0-acfe-918e59404bf4,b41aad11-0719-4499-ae34-fa95731e582b,Summer 2010/11,d684d957-2c63-45cd-a7db-c4bae056e42f,d684d957-2c63-45cd-a7db-c4bae056e42f,Fiji Victorian 3's,1b571775-d1ea-4528-b453-43e66e3e6314,"NMCA - ""F"" Grade North - Manion Shield",Fiji Victorian 3s - F Grade North - Dave Manion Shield,Round 14,R14,14,2011-02-19 13:30:00+00:00,Rivergum Cricket Club,Loss,loss,lost by 1 wickets,Syamjith Harikumar 32,Venu Birlangi 2-23,False
7174f678-d4f1-44b4-a3ef-1196c52169d2,b41aad11-0719-4499-ae34-fa95731e582b,Summer 2010/11,d684d957-2c63-45cd-a7db-c4bae056e42f,d684d957-2c63-45cd-a7db-c4bae056e42f,Fiji Victorian 3's,1b571775-d1ea-4528-b453-43e66e3e6314,"NMCA - ""F"" Grade North - Manion Shield",Fiji Victorian 3s - F Grade North - Dave Manion Shield,Round 13,R13,13,2011-02-05 13:30:00+00:00,Keon Park Cricket Club,Win,win,won by 67 runs,Venu Birlangi 47,John Singh 2-15,False
e7189e53-3dba-41c9-9696-ec1403ad84f2,b41aad11-0719-4499-ae34-fa95731e582b,Summer 2010/11,d684d957-2c63-45cd-a7db-c4bae056e42f,d684d957-2c63-45cd-a7db-c4bae056e42f,Fiji Victorian 3's,1b571775-d1ea-4528-b453-43e66e3e6314,"NMCA - ""F"" Grade North - Manion Shield",Fiji Victorian 3s - F Grade North - Dave Manion Shield,Round 12,R12,12,2011-01-22 13:30:00+00:00,Cobras Cricket Club,Loss,loss,lost by forfeit,—,—,False
ce87afe9-8531-4ec4-95d3-917c7f113e5e,b41aad11-0719-4499-ae34-fa95731e582b,Summer 2010/11,d684d957-2c63-45cd-a7db-c4bae056e42f,d684d957-2c63-45cd-a7db-c4bae056e42f,Fiji Victorian 3's,1b571775-d1ea-4528-b453-43e66e3e6314,"NMCA - ""F"" Grade North - Manion Shield",Fiji Victorian 3s - F Grade North - Dave Manion Shield,Round 11,R11,11,2011-01-15 13:00:00+00:00,Preston Footballers Cricket Club,Loss,loss,lost by 2 runs,Vikash Chand 47,Vikash Chand 2-14,False
6faca42e-7308-4a5f-bfd5-73d8ac2be478,b41aad11-0719-4499-ae34-fa95731e582b,Summer 2010/11,d684d957-2c63-45cd-a7db-c4bae056e42f,d684d957-2c63-45cd-a7db-c4bae056e42f,Fiji Victorian 3's,1b571775-d1ea-4528-b453-43e66e3e6314,"NMCA - ""F"" Grade North - Manion Shield",Fiji Victorian 3s - F Grade North - Dave Manion Shield,Round 10,R10,10,2011-01-08 13:00:00+00:00,Reservoir Mayston Cricket Club,Loss,loss,lost by 77 runs,Venu Birlangi 61,John Singh 2-25,False
569ca5c1-efa9-4178-a3ac-c746fd4140c4,b41aad11-0719-4499-ae34-fa95731e582b,Summer 2010/11,d684d957-2c63-45cd-a7db-c4bae056e42f,d684d957-2c63-45cd-a7db-c4bae056e42f,Fiji Victorian 3's,1b571775-d1ea-4528-b453-43e66e3e6314,"NMCA - ""F"" Grade North - Manion Shield",Fiji Victorian 3s - F Grade North - Dave Manion Shield,Round 9,R9,9,2010-12-11 13:30:00+00:00,Strathewen Cricket Club,Win,win,won by 4 wickets,Gaurav Chauhan 55*,Ankur Verma 2-13,False
38c7a2c7-4e21-4232-9947-a50d7188011e,b41aad11-0719-4499-ae34-fa95731e582b,Summer 2010/11,d684d957-2c63-45cd-a7db-c4bae056e42f,d684d957-2c63-45cd-a7db-c4bae056e42f,Fiji Victorian 3's,1b571775-d1ea-4528-b453-43e66e3e6314,"NMCA - ""F"" Grade North - Manion Shield",Fiji Victorian 3s - F Grade North - Dave Manion Shield,Round 8,R8,8,2010-11-27 13:30:00+00:00,Holy Trinity Cricket Club,Win,win,won by forfeit,—,—,False
31cd61f7-aac4-4783-aa93-fc0f2cc2d713,b41aad11-0719-4499-ae34-fa95731e582b,Summer 2010/11,d684d957-2c63-45cd-a7db-c4bae056e42f,d684d957-2c63-45cd-a7db-c4bae056e42f,Fiji Victorian 3's,1b571775-d1ea-4528-b453-43e66e3e6314,"NMCA - ""F"" Grade North - Manion Shield",Fiji Victorian 3s - F Grade North - Dave Manion Shield,Round 7,R7,7,2010-11-13 13:30:00+00:00,Reservoir Mayston Cricket Club,Loss,loss,lost by 3 wickets,Gurpreeet Thandi 44,Wesley Machado 3-23,False
63915429-661b-4c84-a867-56afbf43476b,b41aad11-0719-4499-ae34-fa95731e582b,Summer 2010/11,d684d957-2c63-45cd-a7db-c4bae056e42f,d684d957-2c63-45cd-a7db-c4bae056e42f,Fiji Victorian 3's,1b571775-d1ea-4528-b453-43e66e3e6314,"NMCA - ""F"" Grade North - Manion Shield",Fiji Victorian 3s - F Grade North - Dave Manion Shield,Round 6,R6,6,2010-11-07 13:00:00+00:00,Rivergum Cricket Club,Loss,loss,lost by forfeit,—,—,False
eb1b6066-6213-4eac-ae85-b3fc545d53ae,b41aad11-0719-4499-ae34-fa95731e582b,Summer 2010/11,d684d957-2c63-45cd-a7db-c4bae056e42f,d684d957-2c63-45cd-a7db-c4bae056e42f,Fiji Victorian 3's,1b571775-d1ea-4528-b453-43e66e3e6314,"NMCA - ""F"" Grade North - Manion Shield",Fiji Victorian 3s - F Grade North - Dave Manion Shield,Round 5,R5,5,2010-11-06 13:00:00+00:00,Keon Park Cricket Club,Win,win,won by 18 runs,Venu Birlangi 44,John Singh 5-4,False
5cd024aa-570b-46f6-824d-ed5ab33cfa2c,b41aad11-0719-4499-ae34-fa95731e582b,Summer 2010/11,d684d957-2c63-45cd-a7db-c4bae056e42f,d684d957-2c63-45cd-a7db-c4bae056e42f,Fiji Victorian 3's,1b571775-d1ea-4528-b453-43e66e3e6314,"NMCA - ""F"" Grade North - Manion Shield",Fiji Victorian 3s - F Grade North - Dave Manion Shield,Round 4,R4,4,2010-10-30 13:00:00+00:00,Cobras Cricket Club,Draw,draw,draw,—,John Singh 2-34,False
7137af69-9579-4d4b-9afe-6c0ece1b2baf,b41aad11-0719-4499-ae34-fa95731e582b,Summer 2010/11,d684d957-2c63-45cd-a7db-c4bae056e42f,d684d957-2c63-45cd-a7db-c4bae056e42f,Fiji Victorian 3's,1b571775-d1ea-4528-b453-43e66e3e6314,"NMCA - ""F"" Grade North - Manion Shield",Fiji Victorian 3s - F Grade North - Dave Manion Shield,Round 3,R3,3,2010-10-16 13:30:00+00:00,Preston Footballers Cricket Club,Win,win,won by 132 runs,Venu Birlangi 66*,John Singh 4-14,False
3282dd50-6450-4653-948a-1d3dc26363ec,b41aad11-0719-4499-ae34-fa95731e582b,Summer 2010/11,d684d957-2c63-45cd-a7db-c4bae056e42f,d684d957-2c63-45cd-a7db-c4bae056e42f,Fiji Victorian 3's,1b571775-d1ea-4528-b453-43e66e3e6314,"NMCA - ""F"" Grade North - Manion Shield",Fiji Victorian 3s - F Grade North - Dave Manion Shield,Round 2,R2,2,2010-10-09 13:00:00+00:00,Holy Trinity Cricket Club,Win,win,won by 36 runs,Reuben Sharan 43,Vikash Chand 3-30,False
099703cc-5e3b-41f6-a74b-4304a00a7dec,b41aad11-0719-4499-ae34-fa95731e582b,Summer 2010/11,d684d957-2c63-45cd-a7db-c4bae056e42f,d684d957-2c63-45cd-a7db-c4bae056e42f,Fiji Victorian 3's,1b571775-d1ea-4528-b453-43e66e3e6314,"NMCA - ""F"" Grade North - Manion Shield",Fiji Victorian 3s - F Grade North - Dave Manion Shield,Round 1,R1,1,2010-10-02 13:00:00+00:00,Strathewen Cricket Club,Draw,draw,draw,—,—,False
6be52fd2-d39e-424a-9264-4fa8fe6dc914,eec02606-f589-43b3-9d5a-40c3db29b323,Summer 2011/12,c6b9d5ce-7599-4af7-b0c9-f5f455d42c5e,c6b9d5ce-7599-4af7-b0c9-f5f455d42c5e,Fiji Victorian,2623f360-2f4f-48e7-9fc9-ed881ccba2b8,"NMCA - Bob Herman Shield - ""D"" Grade",Fiji Victorian - D Grade - Bob Herman Shield,Grand Final,Grand Final,1003,2012-03-10 13:00:00+00:00,Strathewen Cricket Club,Win,win,won by 83 runs,Kalpeshkumar Patel 68,Vikash Chand 6-71,True
e36c7c30-9c43-4c70-a308-b2c1729e6b39,eec02606-f589-43b3-9d5a-40c3db29b323,Summer 2011/12,c6b9d5ce-7599-4af7-b0c9-f5f455d42c5e,c6b9d5ce-7599-4af7-b0c9-f5f455d42c5e,Fiji Victorian,2623f360-2f4f-48e7-9fc9-ed881ccba2b8,"NMCA - Bob Herman Shield - ""D"" Grade",Fiji Victorian - D Grade - Bob Herman Shield,Semi Finals,Semi Finals,1001,2012-03-03 13:00:00+00:00,Fairfield Cricket Club,Win,win,won by 6 wickets,Jim Didaskalou 46*,Vikash Chand 6-28,False
38325df1-5889-42af-b0b6-a659aee63175,eec02606-f589-43b3-9d5a-40c3db29b323,Summer 2011/12,c6b9d5ce-7599-4af7-b0c9-f5f455d42c5e,c6b9d5ce-7599-4af7-b0c9-f5f455d42c5e,Fiji Victorian,2623f360-2f4f-48e7-9fc9-ed881ccba2b8,"NMCA - Bob Herman Shield - ""D"" Grade",Fiji Victorian - D Grade - Bob Herman Shield,Round 14,R14,14,2012-02-18 13:00:00+00:00,Fairfield Cricket Club,Loss,loss,lost,Reuel Sharan 13*,Amresh Bhan 5-91,False
0e4c95a1-b60d-4e8b-90c6-56f89738baea,eec02606-f589-43b3-9d5a-40c3db29b323,Summer 2011/12,c6b9d5ce-7599-4af7-b0c9-f5f455d42c5e,c6b9d5ce-7599-4af7-b0c9-f5f455d42c5e,Fiji Victorian,2623f360-2f4f-48e7-9fc9-ed881ccba2b8,"NMCA - Bob Herman Shield - ""D"" Grade",Fiji Victorian - D Grade - Bob Herman Shield,Round 13,R13,13,2012-02-04 13:00:00+00:00,Reservoir Mayston Cricket Club,Win,win,won by forfeit,—,—,False
a3d77270-82c2-4eff-bd14-8129bfdb685a,eec02606-f589-43b3-9d5a-40c3db29b323,Summer 2011/12,c6b9d5ce-7599-4af7-b0c9-f5f455d42c5e,c6b9d5ce-7599-4af7-b0c9-f5f455d42c5e,Fiji Victorian,2623f360-2f4f-48e7-9fc9-ed881ccba2b8,"NMCA - Bob Herman Shield - ""D"" Grade",Fiji Victorian - D Grade - Bob Herman Shield,Round 12,R12,12,2012-01-21 13:00:00+00:00,Unknown opponent,No Result,none,Result pending,—,—,False
b596a62d-be99-4b06-ac16-9ba46d1f297a,eec02606-f589-43b3-9d5a-40c3db29b323,Summer 2011/12,c6b9d5ce-7599-4af7-b0c9-f5f455d42c5e,c6b9d5ce-7599-4af7-b0c9-f5f455d42c5e,Fiji Victorian,2623f360-2f4f-48e7-9fc9-ed881ccba2b8,"NMCA - Bob Herman Shield - ""D"" Grade",Fiji Victorian - D Grade - Bob Herman Shield,Round 11,R11,11,2012-01-15 13:00:00+00:00,Preston Footballers Cricket Club,Win,win,won by 2 wickets,Bobby Malli 29,Shandil Bhan 3-6,False
215f5827-aa8b-47fb-90b3-fa757d2ae666,eec02606-f589-43b3-9d5a-40c3db29b323,Summer 2011/12,c6b9d5ce-7599-4af7-b0c9-f5f455d42c5e,c6b9d5ce-7599-4af7-b0c9-f5f455d42c5e,Fiji Victorian,2623f360-2f4f-48e7-9fc9-ed881ccba2b8,"NMCA - Bob Herman Shield - ""D"" Grade",Fiji Victorian - D Grade - Bob Herman Shield,Round 10,R10,10,2012-01-14 13:00:00+00:00,Dennis Cricket Club,Loss,loss,lost by 7 wickets,Jim Didaskalou 84,Pratik Shah 1-27,False
33daa5cf-9d05-414d-a891-2b55c5dc67a9,eec02606-f589-43b3-9d5a-40c3db29b323,Summer 2011/12,c6b9d5ce-7599-4af7-b0c9-f5f455d42c5e,c6b9d5ce-7599-4af7-b0c9-f5f455d42c5e,Fiji Victorian,2623f360-2f4f-48e7-9fc9-ed881ccba2b8,"NMCA - Bob Herman Shield - ""D"" Grade",Fiji Victorian - D Grade - Bob Herman Shield,Round 9,R9,9,2012-01-07 13:00:00+00:00,West Preston Cricket Club,Win,win,won by 6 wickets,Bobby Malli 33,Shalen Nand 2-19,False
f0850d8e-f98b-4e7a-b1d8-2ee72a7bf488,eec02606-f589-43b3-9d5a-40c3db29b323,Summer 2011/12,c6b9d5ce-7599-4af7-b0c9-f5f455d42c5e,c6b9d5ce-7599-4af7-b0c9-f5f455d42c5e,Fiji Victorian,2623f360-2f4f-48e7-9fc9-ed881ccba2b8,"NMCA - Bob Herman Shield - ""D"" Grade",Fiji Victorian - D Grade - Bob Herman Shield,Round 8,R8,8,2011-12-10 13:00:00+00:00,Strathewen Cricket Club,Loss,loss,lost by an innings and 56 runs,Damandeep Sehra 43,Damandeep Sehra 7-78,False
5b2eff45-f355-417d-bfc8-f9a072f4b427,eec02606-f589-43b3-9d5a-40c3db29b323,Summer 2011/12,c6b9d5ce-7599-4af7-b0c9-f5f455d42c5e,c6b9d5ce-7599-4af7-b0c9-f5f455d42c5e,Fiji Victorian,2623f360-2f4f-48e7-9fc9-ed881ccba2b8,"NMCA - Bob Herman Shield - ""D"" Grade",Fiji Victorian - D Grade - Bob Herman Shield,Round 7,R7,7,2011-11-26 13:00:00+00:00,Preston Footballers Cricket Club,Win,win,won by 10 runs,Danny Singh 66,Vikash Chand 2-23,False
eda00dde-e4aa-40b3-8f39-41a923812a3e,eec02606-f589-43b3-9d5a-40c3db29b323,Summer 2011/12,c6b9d5ce-7599-4af7-b0c9-f5f455d42c5e,c6b9d5ce-7599-4af7-b0c9-f5f455d42c5e,Fiji Victorian,2623f360-2f4f-48e7-9fc9-ed881ccba2b8,"NMCA - Bob Herman Shield - ""D"" Grade",Fiji Victorian - D Grade - Bob Herman Shield,Round 6,R6,6,2011-11-12 13:00:00+00:00,West Preston Cricket Club,Draw,draw,draw,Alex Moderana 42,Amresh Bhan 2-2,False
8eb959d8-1cdd-4634-9bb1-6f88240defce,eec02606-f589-43b3-9d5a-40c3db29b323,Summer 2011/12,c6b9d5ce-7599-4af7-b0c9-f5f455d42c5e,c6b9d5ce-7599-4af7-b0c9-f5f455d42c5e,Fiji Victorian,2623f360-2f4f-48e7-9fc9-ed881ccba2b8,"NMCA - Bob Herman Shield - ""D"" Grade",Fiji Victorian - D Grade - Bob Herman Shield,Round 5,R5,5,2011-11-06 13:00:00+00:00,Unknown opponent,No Result,none,Result pending,—,—,False
a43c27c2-1ea9-4e6d-983b-cacfc2fb2691,eec02606-f589-43b3-9d5a-40c3db29b323,Summer 2011/12,c6b9d5ce-7599-4af7-b0c9-f5f455d42c5e,c6b9d5ce-7599-4af7-b0c9-f5f455d42c5e,Fiji Victorian,2623f360-2f4f-48e7-9fc9-ed881ccba2b8,"NMCA - Bob Herman Shield - ""D"" Grade",Fiji Victorian - D Grade - Bob Herman Shield,Round 4,R4,4,2011-11-05 13:00:00+00:00,Strathewen Cricket Club,Win,win,won by 5 wickets,Jim Didaskalou 67,Alex Moderana 2-31,False
71a1e10f-5860-41a8-a924-d7ef19fa9199,eec02606-f589-43b3-9d5a-40c3db29b323,Summer 2011/12,c6b9d5ce-7599-4af7-b0c9-f5f455d42c5e,c6b9d5ce-7599-4af7-b0c9-f5f455d42c5e,Fiji Victorian,2623f360-2f4f-48e7-9fc9-ed881ccba2b8,"NMCA - Bob Herman Shield - ""D"" Grade",Fiji Victorian - D Grade - Bob Herman Shield,Round 3,R3,3,2011-10-29 13:00:00+00:00,Reservoir Mayston Cricket Club,Win,win,won by 89 runs,Reuben Sharan 48,Vikash Chand 3-13,False
66874d1a-49b3-45d0-92d2-69e609cab13a,eec02606-f589-43b3-9d5a-40c3db29b323,Summer 2011/12,c6b9d5ce-7599-4af7-b0c9-f5f455d42c5e,c6b9d5ce-7599-4af7-b0c9-f5f455d42c5e,Fiji Victorian,2623f360-2f4f-48e7-9fc9-ed881ccba2b8,"NMCA - Bob Herman Shield - ""D"" Grade",Fiji Victorian - D Grade - Bob Herman Shield,Round 2,R2,2,2011-10-15 13:00:00+00:00,Dennis Cricket Club,Win,win,won by 7 wickets,Kalpeshkumar Patel 86,Venu Birlangi 4-22,False
c8a9c010-04a5-4280-9968-36f5bba3742f,eec02606-f589-43b3-9d5a-40c3db29b323,Summer 2011/12,c6b9d5ce-7599-4af7-b0c9-f5f455d42c5e,c6b9d5ce-7599-4af7-b0c9-f5f455d42c5e,Fiji Victorian,2623f360-2f4f-48e7-9fc9-ed881ccba2b8,"NMCA - Bob Herman Shield - ""D"" Grade",Fiji Victorian - D Grade - Bob Herman Shield,Round 1,R1,1,2011-10-08 13:00:00+00:00,Fairfield Cricket Club,Win,win,won by 6 runs,Vinay Sharma 48,Wesley Machado 3-11,False
9fd629e0-0281-4455-986f-f2339a278ffd,eec02606-f589-43b3-9d5a-40c3db29b323,Summer 2011/12,58ebbead-b878-4a06-9ef2-371fa03f22ae,58ebbead-b878-4a06-9ef2-371fa03f22ae,Fiji Victorian,2c8169ce-0a23-49bc-80d6-6bd5cb5ee98c,NMCA - Jack Kelly Shield,Fiji Victorian - Jack Kelly Shield,Round 14,R14,14,2012-02-18 13:00:00+00:00,Fairfield Cricket Club,Win,win,won by 37 runs,Vikash Chand 82,Vikash Chand 4-26,False
8eb21278-bffa-4b9d-8b13-a066d7762ac2,eec02606-f589-43b3-9d5a-40c3db29b323,Summer 2011/12,58ebbead-b878-4a06-9ef2-371fa03f22ae,58ebbead-b878-4a06-9ef2-371fa03f22ae,Fiji Victorian,2c8169ce-0a23-49bc-80d6-6bd5cb5ee98c,NMCA - Jack Kelly Shield,Fiji Victorian - Jack Kelly Shield,Round 13,R13,13,2012-02-04 13:00:00+00:00,Reservoir Mayston Cricket Club,Win,win,won by 9 wickets,Reuel Sharan 85,Damien Vikash 5-44,False
f53a9f39-6ab4-4785-b455-250e3c95c73e,eec02606-f589-43b3-9d5a-40c3db29b323,Summer 2011/12,58ebbead-b878-4a06-9ef2-371fa03f22ae,58ebbead-b878-4a06-9ef2-371fa03f22ae,Fiji Victorian,2c8169ce-0a23-49bc-80d6-6bd5cb5ee98c,NMCA - Jack Kelly Shield,Fiji Victorian - Jack Kelly Shield,Round 12,R12,12,2012-01-21 13:00:00+00:00,Cobras Cricket Club,Loss,loss,lost by 164 runs,Vikash Chand 52,Damien Vikash 6-87,False
d444f19c-25a6-457e-be65-715151d70623,eec02606-f589-43b3-9d5a-40c3db29b323,Summer 2011/12,58ebbead-b878-4a06-9ef2-371fa03f22ae,58ebbead-b878-4a06-9ef2-371fa03f22ae,Fiji Victorian,2c8169ce-0a23-49bc-80d6-6bd5cb5ee98c,NMCA - Jack Kelly Shield,Fiji Victorian - Jack Kelly Shield,Round 11,R11,11,2012-01-15 13:00:00+00:00,Preston Footballers Cricket Club,Win,win,won by 8 runs,Pramen Nand 33,Shaun Vikash 3-20,False
57f535f0-99b9-4738-be93-ed91812b898f,eec02606-f589-43b3-9d5a-40c3db29b323,Summer 2011/12,58ebbead-b878-4a06-9ef2-371fa03f22ae,58ebbead-b878-4a06-9ef2-371fa03f22ae,Fiji Victorian,2c8169ce-0a23-49bc-80d6-6bd5cb5ee98c,NMCA - Jack Kelly Shield,Fiji Victorian - Jack Kelly Shield,Round 10,R10,10,2012-01-14 13:00:00+00:00,Dennis Cricket Club,Win,win,won by 3 runs,Reuel Sharan 71*,Damien Vikash 3-17,False
f93cd5fb-130c-4319-84b4-10ea9ae0dd3d,eec02606-f589-43b3-9d5a-40c3db29b323,Summer 2011/12,58ebbead-b878-4a06-9ef2-371fa03f22ae,58ebbead-b878-4a06-9ef2-371fa03f22ae,Fiji Victorian,2c8169ce-0a23-49bc-80d6-6bd5cb5ee98c,NMCA - Jack Kelly Shield,Fiji Victorian - Jack Kelly Shield,Round 9,R9,9,2012-01-07 13:00:00+00:00,West Preston Cricket Club,Win,win,won by 82 runs,Kalpeshkumar Patel 67,Shivnyl Naidu 3-18,False
b9fc7e55-af77-4e27-af13-3723302f4a42,eec02606-f589-43b3-9d5a-40c3db29b323,Summer 2011/12,58ebbead-b878-4a06-9ef2-371fa03f22ae,58ebbead-b878-4a06-9ef2-371fa03f22ae,Fiji Victorian,2c8169ce-0a23-49bc-80d6-6bd5cb5ee98c,NMCA - Jack Kelly Shield,Fiji Victorian - Jack Kelly Shield,Round 8,R8,8,2011-12-10 13:00:00+00:00,Strathewen Cricket Club,Loss,loss,lost by 2 wickets,Kalpeshkumar Patel 71,Damien Vikash 4-84,False
b0e5a2e2-9f36-48a2-91fc-4f4be249fe62,eec02606-f589-43b3-9d5a-40c3db29b323,Summer 2011/12,58ebbead-b878-4a06-9ef2-371fa03f22ae,58ebbead-b878-4a06-9ef2-371fa03f22ae,Fiji Victorian,2c8169ce-0a23-49bc-80d6-6bd5cb5ee98c,NMCA - Jack Kelly Shield,Fiji Victorian - Jack Kelly Shield,Round 7,R7,7,2011-11-26 13:00:00+00:00,Preston Footballers Cricket Club,Loss,loss,lost by 95 runs,Jaymin Patel 24,Damien Vikash 2-29,False
64f7dd96-86da-4205-aad9-ca972aa2c06e,eec02606-f589-43b3-9d5a-40c3db29b323,Summer 2011/12,58ebbead-b878-4a06-9ef2-371fa03f22ae,58ebbead-b878-4a06-9ef2-371fa03f22ae,Fiji Victorian,2c8169ce-0a23-49bc-80d6-6bd5cb5ee98c,NMCA - Jack Kelly Shield,Fiji Victorian - Jack Kelly Shield,Round 6,R6,6,2011-11-12 13:00:00+00:00,West Preston Cricket Club,Draw,draw,draw,Kalpeshkumar Patel 45,Damien Vikash 2-11,False
94ea3caa-d036-4a0c-83f0-e6834c57a1da,eec02606-f589-43b3-9d5a-40c3db29b323,Summer 2011/12,58ebbead-b878-4a06-9ef2-371fa03f22ae,58ebbead-b878-4a06-9ef2-371fa03f22ae,Fiji Victorian,2c8169ce-0a23-49bc-80d6-6bd5cb5ee98c,NMCA - Jack Kelly Shield,Fiji Victorian - Jack Kelly Shield,Round 5,R5,5,2011-11-06 13:00:00+00:00,Cobras Cricket Club,Win,win,won by 6 wickets,Kalpeshkumar Patel 48,Damien Vikash 4-15,False
10163ee1-b777-406e-a099-1a03b52f0381,eec02606-f589-43b3-9d5a-40c3db29b323,Summer 2011/12,58ebbead-b878-4a06-9ef2-371fa03f22ae,58ebbead-b878-4a06-9ef2-371fa03f22ae,Fiji Victorian,2c8169ce-0a23-49bc-80d6-6bd5cb5ee98c,NMCA - Jack Kelly Shield,Fiji Victorian - Jack Kelly Shield,Round 4,R4,4,2011-11-05 13:00:00+00:00,Strathewen Cricket Club,Loss,loss,lost by 8 wickets,Benjamin Frew 58,Damien Vikash 1-13,False
f963cab4-112c-4128-a2ac-28c48fef2b3c,eec02606-f589-43b3-9d5a-40c3db29b323,Summer 2011/12,58ebbead-b878-4a06-9ef2-371fa03f22ae,58ebbead-b878-4a06-9ef2-371fa03f22ae,Fiji Victorian,2c8169ce-0a23-49bc-80d6-6bd5cb5ee98c,NMCA - Jack Kelly Shield,Fiji Victorian - Jack Kelly Shield,Round 3,R3,3,2011-10-29 13:00:00+00:00,Reservoir Mayston Cricket Club,Loss,loss,lost by 51 runs,Pramen Nand 25,Venu Birlangi 5-21,False
98688df9-f652-4573-9fda-c20210ebfcfd,eec02606-f589-43b3-9d5a-40c3db29b323,Summer 2011/12,58ebbead-b878-4a06-9ef2-371fa03f22ae,58ebbead-b878-4a06-9ef2-371fa03f22ae,Fiji Victorian,2c8169ce-0a23-49bc-80d6-6bd5cb5ee98c,NMCA - Jack Kelly Shield,Fiji Victorian - Jack Kelly Shield,Round 2,R2,2,2011-10-15 13:00:00+00:00,Dennis Cricket Club,Win,win,won by 11 runs,Vinit Naidu 33,Damien Vikash 4-34,False
62b76e92-c037-484f-bcc0-76060c6ea2e7,eec02606-f589-43b3-9d5a-40c3db29b323,Summer 2011/12,58ebbead-b878-4a06-9ef2-371fa03f22ae,58ebbead-b878-4a06-9ef2-371fa03f22ae,Fiji Victorian,2c8169ce-0a23-49bc-80d6-6bd5cb5ee98c,NMCA - Jack Kelly Shield,Fiji Victorian - Jack Kelly Shield,Round 1,R1,1,2011-10-08 13:00:00+00:00,Fairfield Cricket Club,Loss,loss,lost by 6 wickets,Benjamin Frew 25,Shaun Vikash 2-27,False
2b70ac34-d82b-4ea7-8e00-287fb5f44ed7,aaf17d1d-d108-45ab-9c9f-7dcbe99d33f1,Summer 2012/13,b089fc84-1192-4e79-8800-67fc90bcafca,b089fc84-1192-4e79-8800-67fc90bcafca,Fiji Victorian,3cb1b0dd-cc3b-408a-82ec-1a6591c6f882,"NMCA - Les Horne Shield - ""C"" Grade",Fiji Victorian - C Grade - Les Horne Shield,Round 14,R14,14,2013-02-23 13:00:00+00:00,Bellfield Cricket Club,Win,win,won by 7 wickets,Jaymin Patel 55,Shalen Nand 5-12,False
a11a2d88-8dcc-4908-b6b3-627217dc30a2,aaf17d1d-d108-45ab-9c9f-7dcbe99d33f1,Summer 2012/13,b089fc84-1192-4e79-8800-67fc90bcafca,b089fc84-1192-4e79-8800-67fc90bcafca,Fiji Victorian,3cb1b0dd-cc3b-408a-82ec-1a6591c6f882,"NMCA - Les Horne Shield - ""C"" Grade",Fiji Victorian - C Grade - Les Horne Shield,Round 13,R13,13,2013-02-09 13:00:00+00:00,Preston Baseballers Cricket Club,Loss,loss,lost by 7 wickets,Princey Pereira 41,Baurel D'Mello 1-31,False
af1fbd3e-38e8-4d12-b999-2c99ea9a71b7,aaf17d1d-d108-45ab-9c9f-7dcbe99d33f1,Summer 2012/13,b089fc84-1192-4e79-8800-67fc90bcafca,b089fc84-1192-4e79-8800-67fc90bcafca,Fiji Victorian,3cb1b0dd-cc3b-408a-82ec-1a6591c6f882,"NMCA - Les Horne Shield - ""C"" Grade",Fiji Victorian - C Grade - Les Horne Shield,Round 12,R12,12,2013-01-26 13:00:00+00:00,Cobras Cricket Club,Loss,loss,lost by 191 runs,Loxly Mather 73,Shivnyl Naidu 3-62,False
8742730b-6dc6-45f7-90c5-df89f152ce14,aaf17d1d-d108-45ab-9c9f-7dcbe99d33f1,Summer 2012/13,b089fc84-1192-4e79-8800-67fc90bcafca,b089fc84-1192-4e79-8800-67fc90bcafca,Fiji Victorian,3cb1b0dd-cc3b-408a-82ec-1a6591c6f882,"NMCA - Les Horne Shield - ""C"" Grade",Fiji Victorian - C Grade - Les Horne Shield,Round 11,R11,11,2013-01-19 13:00:00+00:00,Heidelberg West Cricket Club,Loss,loss,lost by 1 wickets,Princey Pereira 56*,Shaun Vikash 3-28,False
169a504f-8019-4bb3-86f3-a2340a3aa347,aaf17d1d-d108-45ab-9c9f-7dcbe99d33f1,Summer 2012/13,b089fc84-1192-4e79-8800-67fc90bcafca,b089fc84-1192-4e79-8800-67fc90bcafca,Fiji Victorian,3cb1b0dd-cc3b-408a-82ec-1a6591c6f882,"NMCA - Les Horne Shield - ""C"" Grade",Fiji Victorian - C Grade - Les Horne Shield,Round 10,R10,10,2013-01-12 13:00:00+00:00,Bundoora Park Cricket Club,Loss,loss,lost by 73 runs,Nitin Tanwar 56,Ricky Singh 3-52,False
5483b835-c978-4297-82cf-865e8fc4e602,aaf17d1d-d108-45ab-9c9f-7dcbe99d33f1,Summer 2012/13,b089fc84-1192-4e79-8800-67fc90bcafca,b089fc84-1192-4e79-8800-67fc90bcafca,Fiji Victorian,3cb1b0dd-cc3b-408a-82ec-1a6591c6f882,"NMCA - Les Horne Shield - ""C"" Grade",Fiji Victorian - C Grade - Les Horne Shield,Round 9,R9,9,2012-12-15 13:00:00+00:00,Donath Cricket Club,Loss,loss,lost by 5 wickets,Nitin Tanwar 51,Shawn Warfe 2-19,False
cf5aa8de-0a35-4a48-a0df-1f99bfe49f81,aaf17d1d-d108-45ab-9c9f-7dcbe99d33f1,Summer 2012/13,b089fc84-1192-4e79-8800-67fc90bcafca,b089fc84-1192-4e79-8800-67fc90bcafca,Fiji Victorian,3cb1b0dd-cc3b-408a-82ec-1a6591c6f882,"NMCA - Les Horne Shield - ""C"" Grade",Fiji Victorian - C Grade - Les Horne Shield,Round 8,R8,8,2012-12-01 13:00:00+00:00,Strathewen Cricket Club,Loss,loss,lost by 90 runs,Danny Singh 29,Shaun Vikash 5-44,False
ad5d01ed-e454-4099-82ae-7f6ca9c3710a,aaf17d1d-d108-45ab-9c9f-7dcbe99d33f1,Summer 2012/13,b089fc84-1192-4e79-8800-67fc90bcafca,b089fc84-1192-4e79-8800-67fc90bcafca,Fiji Victorian,3cb1b0dd-cc3b-408a-82ec-1a6591c6f882,"NMCA - Les Horne Shield - ""C"" Grade",Fiji Victorian - C Grade - Les Horne Shield,Round 7,R7,7,2012-11-17 13:00:00+00:00,Bundoora Park Cricket Club,Loss,loss,lost by 65 runs,Shandil Bhan 105,Amresh Bhan 2-60,False
36851d41-7653-4a9e-b7b5-ad50962e07d7,aaf17d1d-d108-45ab-9c9f-7dcbe99d33f1,Summer 2012/13,b089fc84-1192-4e79-8800-67fc90bcafca,b089fc84-1192-4e79-8800-67fc90bcafca,Fiji Victorian,3cb1b0dd-cc3b-408a-82ec-1a6591c6f882,"NMCA - Les Horne Shield - ""C"" Grade",Fiji Victorian - C Grade - Les Horne Shield,Round 6,R6,6,2013-01-20 13:00:00+00:00,Cobras Cricket Club,Loss,loss,lost by 36 runs,Nitin Tanwar 58,Shivnyl Naidu 2-34,False
3ca35049-c251-4eba-affd-a95a9538e417,aaf17d1d-d108-45ab-9c9f-7dcbe99d33f1,Summer 2012/13,b089fc84-1192-4e79-8800-67fc90bcafca,b089fc84-1192-4e79-8800-67fc90bcafca,Fiji Victorian,3cb1b0dd-cc3b-408a-82ec-1a6591c6f882,"NMCA - Les Horne Shield - ""C"" Grade",Fiji Victorian - C Grade - Les Horne Shield,Round 5,R5,5,2012-11-10 13:00:00+00:00,Preston Baseballers Cricket Club,Loss,loss,lost by 136 runs,Baurel D'Mello 20,Venu Birlangi 3-43,False
dedb074f-0d02-4ab7-ac38-3b7de44001b3,aaf17d1d-d108-45ab-9c9f-7dcbe99d33f1,Summer 2012/13,b089fc84-1192-4e79-8800-67fc90bcafca,b089fc84-1192-4e79-8800-67fc90bcafca,Fiji Victorian,3cb1b0dd-cc3b-408a-82ec-1a6591c6f882,"NMCA - Les Horne Shield - ""C"" Grade",Fiji Victorian - C Grade - Les Horne Shield,Round 4,R4,4,2012-11-03 13:00:00+00:00,Bellfield Cricket Club,Win,win,won by 4 wickets,Damandeep Sehra 37,Damandeep Sehra 6-32,False
d7d9bc58-c962-476b-b8a7-88e9b6ccdfe2,aaf17d1d-d108-45ab-9c9f-7dcbe99d33f1,Summer 2012/13,b089fc84-1192-4e79-8800-67fc90bcafca,b089fc84-1192-4e79-8800-67fc90bcafca,Fiji Victorian,3cb1b0dd-cc3b-408a-82ec-1a6591c6f882,"NMCA - Les Horne Shield - ""C"" Grade",Fiji Victorian - C Grade - Les Horne Shield,Round 3,R3,3,2012-10-20 13:00:00+00:00,Heidelberg West Cricket Club,Loss,loss,lost by 88 runs,Reuben Sharan 43,Ricky Singh 2-25,False
4a5824d5-08e0-432c-b129-3b8f612d44aa,aaf17d1d-d108-45ab-9c9f-7dcbe99d33f1,Summer 2012/13,b089fc84-1192-4e79-8800-67fc90bcafca,b089fc84-1192-4e79-8800-67fc90bcafca,Fiji Victorian,3cb1b0dd-cc3b-408a-82ec-1a6591c6f882,"NMCA - Les Horne Shield - ""C"" Grade",Fiji Victorian - C Grade - Les Horne Shield,Round 2,R2,2,2012-10-13 13:00:00+00:00,Strathewen Cricket Club,Loss,loss,lost by 72 runs,Loxly Mather 26,Damandeep Sehra 4-47,False
05ed333a-9298-45e7-8346-f2d0feef3799,aaf17d1d-d108-45ab-9c9f-7dcbe99d33f1,Summer 2012/13,b089fc84-1192-4e79-8800-67fc90bcafca,b089fc84-1192-4e79-8800-67fc90bcafca,Fiji Victorian,3cb1b0dd-cc3b-408a-82ec-1a6591c6f882,"NMCA - Les Horne Shield - ""C"" Grade",Fiji Victorian - C Grade - Les Horne Shield,Round 1,R1,1,2012-10-06 13:00:00+00:00,Donath Cricket Club,Win,win,won by 8 wickets,Jim Didaskalou 69*,Aravind Chamala 2-35,False
f3f46a5a-c9d3-4762-9f67-50e791a7e386,aaf17d1d-d108-45ab-9c9f-7dcbe99d33f1,Summer 2012/13,1b9583ee-7b07-4fa2-9ee8-07ce8ba4ed2a,1b9583ee-7b07-4fa2-9ee8-07ce8ba4ed2a,Fiji Victorian,2aa24bfc-4ea3-4190-87cd-e6a4cade5e41,NMCA - Robert Young - Designated One Day Comp.,Fiji Victorian - DODC - Robert Young Shield,Round 14,R14,14,2013-03-02 13:00:00+00:00,Preston Baseballers Cricket Club,Loss,loss,lost by 217 runs,Venu Birlangi 25,Shawn Warfe 1-46,False
bd796e8a-b859-4c6b-8071-58cd80ed2330,aaf17d1d-d108-45ab-9c9f-7dcbe99d33f1,Summer 2012/13,1b9583ee-7b07-4fa2-9ee8-07ce8ba4ed2a,1b9583ee-7b07-4fa2-9ee8-07ce8ba4ed2a,Fiji Victorian,2aa24bfc-4ea3-4190-87cd-e6a4cade5e41,NMCA - Robert Young - Designated One Day Comp.,Fiji Victorian - DODC - Robert Young Shield,Round 13,R13,13,2013-02-23 13:00:00+00:00,Keon Park Cricket Club,Win,win,won by 8 wickets,Aravind Chamala 47*,Deepak Sharma 3-4,False
e79d687a-685e-4de3-8f4e-783948afe39d,aaf17d1d-d108-45ab-9c9f-7dcbe99d33f1,Summer 2012/13,1b9583ee-7b07-4fa2-9ee8-07ce8ba4ed2a,1b9583ee-7b07-4fa2-9ee8-07ce8ba4ed2a,Fiji Victorian,2aa24bfc-4ea3-4190-87cd-e6a4cade5e41,NMCA - Robert Young - Designated One Day Comp.,Fiji Victorian - DODC - Robert Young Shield,Round 12,R12,12,2013-02-16 13:00:00+00:00,Dennis Cricket Club,Loss,loss,lost by 34 runs,Demuni Isuru Mendis 18,Shaun Vikash 2-22,False
f051c619-7857-4a55-97be-57283086411a,aaf17d1d-d108-45ab-9c9f-7dcbe99d33f1,Summer 2012/13,1b9583ee-7b07-4fa2-9ee8-07ce8ba4ed2a,1b9583ee-7b07-4fa2-9ee8-07ce8ba4ed2a,Fiji Victorian,2aa24bfc-4ea3-4190-87cd-e6a4cade5e41,NMCA - Robert Young - Designated One Day Comp.,Fiji Victorian - DODC - Robert Young Shield,Round 11,R11,11,2013-02-09 13:00:00+00:00,Olympic Colts Cricket Club,Win,win,won by forfeit,—,—,False
5681b62d-7158-4e04-9050-ef6e2ab917e4,aaf17d1d-d108-45ab-9c9f-7dcbe99d33f1,Summer 2012/13,1b9583ee-7b07-4fa2-9ee8-07ce8ba4ed2a,1b9583ee-7b07-4fa2-9ee8-07ce8ba4ed2a,Fiji Victorian,2aa24bfc-4ea3-4190-87cd-e6a4cade5e41,NMCA - Robert Young - Designated One Day Comp.,Fiji Victorian - DODC - Robert Young Shield,Round 10,R10,10,2013-02-02 13:00:00+00:00,Rivergum Cricket Club,Loss,loss,lost by 8 wickets,Reuben Sharan 43,Shawn Warfe 1-7,False
7fae4bd6-190c-4077-96e4-84cc7ee9a361,aaf17d1d-d108-45ab-9c9f-7dcbe99d33f1,Summer 2012/13,1b9583ee-7b07-4fa2-9ee8-07ce8ba4ed2a,1b9583ee-7b07-4fa2-9ee8-07ce8ba4ed2a,Fiji Victorian,2aa24bfc-4ea3-4190-87cd-e6a4cade5e41,NMCA - Robert Young - Designated One Day Comp.,Fiji Victorian - DODC - Robert Young Shield,Round 9,R9,9,2013-01-26 13:00:00+00:00,Rosebank Cricket Club,Win,win,won by forfeit,—,—,False
4eddf4d8-b59c-4c5e-8000-3d6e5d79ddab,aaf17d1d-d108-45ab-9c9f-7dcbe99d33f1,Summer 2012/13,1b9583ee-7b07-4fa2-9ee8-07ce8ba4ed2a,1b9583ee-7b07-4fa2-9ee8-07ce8ba4ed2a,Fiji Victorian,2aa24bfc-4ea3-4190-87cd-e6a4cade5e41,NMCA - Robert Young - Designated One Day Comp.,Fiji Victorian - DODC - Robert Young Shield,Round 8,R8,8,2012-12-22 13:00:00+00:00,Northern Socials Cricket Club,Loss,loss,lost by 8 wickets,Baurel D'Mello 51,Shalen Nand 1-18,False
c98dec61-49b9-4d1f-8276-0e9579324308,aaf17d1d-d108-45ab-9c9f-7dcbe99d33f1,Summer 2012/13,1b9583ee-7b07-4fa2-9ee8-07ce8ba4ed2a,1b9583ee-7b07-4fa2-9ee8-07ce8ba4ed2a,Fiji Victorian,2aa24bfc-4ea3-4190-87cd-e6a4cade5e41,NMCA - Robert Young - Designated One Day Comp.,Fiji Victorian - DODC - Robert Young Shield,Round 7,R7,7,2012-12-15 13:00:00+00:00,Unknown opponent,No Result,none,Result pending,—,—,False
fa6b8971-7dc5-40d1-9aa7-a829b0aa5549,aaf17d1d-d108-45ab-9c9f-7dcbe99d33f1,Summer 2012/13,1b9583ee-7b07-4fa2-9ee8-07ce8ba4ed2a,1b9583ee-7b07-4fa2-9ee8-07ce8ba4ed2a,Fiji Victorian,2aa24bfc-4ea3-4190-87cd-e6a4cade5e41,NMCA - Robert Young - Designated One Day Comp.,Fiji Victorian - DODC - Robert Young Shield,Round 6,R6,6,2012-12-08 13:00:00+00:00,Northern Socials Cricket Club,Loss,loss,lost by 10 wickets,Alex Moderana 57*,Shawn Warfe 0-12,False
56d402e9-027c-420f-8c02-daddf0d4100f,aaf17d1d-d108-45ab-9c9f-7dcbe99d33f1,Summer 2012/13,1b9583ee-7b07-4fa2-9ee8-07ce8ba4ed2a,1b9583ee-7b07-4fa2-9ee8-07ce8ba4ed2a,Fiji Victorian,2aa24bfc-4ea3-4190-87cd-e6a4cade5e41,NMCA - Robert Young - Designated One Day Comp.,Fiji Victorian - DODC - Robert Young Shield,Round 5,R5,5,2012-12-01 13:00:00+00:00,Unknown opponent,No Result,none,Result pending,—,—,False
ab3d3586-5442-4b3b-a237-9ef8371e13a0,aaf17d1d-d108-45ab-9c9f-7dcbe99d33f1,Summer 2012/13,1b9583ee-7b07-4fa2-9ee8-07ce8ba4ed2a,1b9583ee-7b07-4fa2-9ee8-07ce8ba4ed2a,Fiji Victorian,2aa24bfc-4ea3-4190-87cd-e6a4cade5e41,NMCA - Robert Young - Designated One Day Comp.,Fiji Victorian - DODC - Robert Young Shield,Round 4,R4,4,2012-11-24 13:00:00+00:00,West Ivanhoe United Cricket Club,Loss,loss,lost by 9 wickets,Demuni Isuru Mendis 8,Venu Birlangi 1-4,False
18601465-43fa-470a-bf25-e39b38f44b82,aaf17d1d-d108-45ab-9c9f-7dcbe99d33f1,Summer 2012/13,1b9583ee-7b07-4fa2-9ee8-07ce8ba4ed2a,1b9583ee-7b07-4fa2-9ee8-07ce8ba4ed2a,Fiji Victorian,2aa24bfc-4ea3-4190-87cd-e6a4cade5e41,NMCA - Robert Young - Designated One Day Comp.,Fiji Victorian - DODC - Robert Young Shield,Round 3,R3,3,2012-11-17 13:00:00+00:00,Olympic Colts Cricket Club,Loss,loss,lost by 39 runs,Demuni Isuru Mendis 32,Dennis Subramaniam 4-23,False
34e6be57-6bf2-4ee6-ac56-79667edfac9e,aaf17d1d-d108-45ab-9c9f-7dcbe99d33f1,Summer 2012/13,1b9583ee-7b07-4fa2-9ee8-07ce8ba4ed2a,1b9583ee-7b07-4fa2-9ee8-07ce8ba4ed2a,Fiji Victorian,2aa24bfc-4ea3-4190-87cd-e6a4cade5e41,NMCA - Robert Young - Designated One Day Comp.,Fiji Victorian - DODC - Robert Young Shield,Round 2,R2,2,2012-10-27 13:00:00+00:00,Rivergum Cricket Club,Loss,loss,lost by 8 wickets,Demuni Isuru Mendis 30,Venu Birlangi 1-24,False
4e428db3-a107-46ef-9b52-2afebd295a92,aaf17d1d-d108-45ab-9c9f-7dcbe99d33f1,Summer 2012/13,5d90b22b-d622-4193-af99-b9ad3ae8e1e2,5d90b22b-d622-4193-af99-b9ad3ae8e1e2,Fiji Victorian,606a6aaa-378e-448c-8e69-a4538742d960,NMCA - Jack Quick Shield,Fiji Victorian - Jack Quick Shield,Round 14,R14,14,2013-02-23 13:00:00+00:00,Bellfield Cricket Club,Win,win,won by an innings and 54 runs,Jim Didaskalou 126,Shivnyl Naidu 5-18,False
e1dcdabd-bd39-40d0-b345-bf0748bd0377,aaf17d1d-d108-45ab-9c9f-7dcbe99d33f1,Summer 2012/13,5d90b22b-d622-4193-af99-b9ad3ae8e1e2,5d90b22b-d622-4193-af99-b9ad3ae8e1e2,Fiji Victorian,606a6aaa-378e-448c-8e69-a4538742d960,NMCA - Jack Quick Shield,Fiji Victorian - Jack Quick Shield,Round 13,R13,13,2013-02-09 13:00:00+00:00,Preston Baseballers Cricket Club,Loss,loss,lost by 4 wickets,Shandil Bhan 77,Dennis Subramaniam 2-37,False
318271b3-9763-4f8e-aa09-bc1795760698,aaf17d1d-d108-45ab-9c9f-7dcbe99d33f1,Summer 2012/13,5d90b22b-d622-4193-af99-b9ad3ae8e1e2,5d90b22b-d622-4193-af99-b9ad3ae8e1e2,Fiji Victorian,606a6aaa-378e-448c-8e69-a4538742d960,NMCA - Jack Quick Shield,Fiji Victorian - Jack Quick Shield,Round 12,R12,12,2013-01-26 13:00:00+00:00,Cobras Cricket Club,Loss,loss,lost by 4 wickets,Kalpeshkumar Patel 51,Vikash Chand 3-15,False
a6e5f2e1-5441-4b58-a0f2-ea4e4b29bd02,aaf17d1d-d108-45ab-9c9f-7dcbe99d33f1,Summer 2012/13,5d90b22b-d622-4193-af99-b9ad3ae8e1e2,5d90b22b-d622-4193-af99-b9ad3ae8e1e2,Fiji Victorian,606a6aaa-378e-448c-8e69-a4538742d960,NMCA - Jack Quick Shield,Fiji Victorian - Jack Quick Shield,Round 11,R11,11,2013-01-19 13:00:00+00:00,Heidelberg West Cricket Club,Loss,loss,lost by 117 runs,Danny Singh 22,Jaymin Patel 2-31,False
ae4e8a46-e7fd-49a1-a60f-2b0836ee9be3,aaf17d1d-d108-45ab-9c9f-7dcbe99d33f1,Summer 2012/13,5d90b22b-d622-4193-af99-b9ad3ae8e1e2,5d90b22b-d622-4193-af99-b9ad3ae8e1e2,Fiji Victorian,606a6aaa-378e-448c-8e69-a4538742d960,NMCA - Jack Quick Shield,Fiji Victorian - Jack Quick Shield,Round 10,R10,10,2013-01-12 13:00:00+00:00,Bundoora Park Cricket Club,Loss,loss,lost by 38 runs,Vikash Chand 85,Vikash Chand 2-32,False
7fa460ef-8da8-4ed6-b1ee-d7c0a0b619e1,aaf17d1d-d108-45ab-9c9f-7dcbe99d33f1,Summer 2012/13,5d90b22b-d622-4193-af99-b9ad3ae8e1e2,5d90b22b-d622-4193-af99-b9ad3ae8e1e2,Fiji Victorian,606a6aaa-378e-448c-8e69-a4538742d960,NMCA - Jack Quick Shield,Fiji Victorian - Jack Quick Shield,Round 9,R9,9,2012-12-15 13:00:00+00:00,Donath Cricket Club,Win,win,won,Kalpeshkumar Patel 58,Damien Vikash 3-31,False
69fd9d72-40aa-4c42-b616-812a02b64bb2,aaf17d1d-d108-45ab-9c9f-7dcbe99d33f1,Summer 2012/13,5d90b22b-d622-4193-af99-b9ad3ae8e1e2,5d90b22b-d622-4193-af99-b9ad3ae8e1e2,Fiji Victorian,606a6aaa-378e-448c-8e69-a4538742d960,NMCA - Jack Quick Shield,Fiji Victorian - Jack Quick Shield,Round 8,R8,8,2012-12-01 13:00:00+00:00,Strathewen Cricket Club,Win,win,won by 7 runs,Shandil Bhan 62*,Vinit Naidu 4-21,False
85d529c8-15d8-462b-acb6-48292c0d5f4c,aaf17d1d-d108-45ab-9c9f-7dcbe99d33f1,Summer 2012/13,5d90b22b-d622-4193-af99-b9ad3ae8e1e2,5d90b22b-d622-4193-af99-b9ad3ae8e1e2,Fiji Victorian,606a6aaa-378e-448c-8e69-a4538742d960,NMCA - Jack Quick Shield,Fiji Victorian - Jack Quick Shield,Round 7,R7,7,2012-11-17 13:00:00+00:00,Bundoora Park Cricket Club,Win,win,won by 5 wickets,Jim Didaskalou 72,Damien Vikash 6-75,False
e0f8af54-91d1-44f9-8ce0-f925e982dac3,aaf17d1d-d108-45ab-9c9f-7dcbe99d33f1,Summer 2012/13,5d90b22b-d622-4193-af99-b9ad3ae8e1e2,5d90b22b-d622-4193-af99-b9ad3ae8e1e2,Fiji Victorian,606a6aaa-378e-448c-8e69-a4538742d960,NMCA - Jack Quick Shield,Fiji Victorian - Jack Quick Shield,Round 6,R6,6,2013-01-20 13:00:00+00:00,Cobras Cricket Club,Win,win,won by 24 runs,Kalpeshkumar Patel 61,Vinit Naidu 5-36,False
d22b0603-9bd0-4c1a-b773-e9599ada60c9,aaf17d1d-d108-45ab-9c9f-7dcbe99d33f1,Summer 2012/13,5d90b22b-d622-4193-af99-b9ad3ae8e1e2,5d90b22b-d622-4193-af99-b9ad3ae8e1e2,Fiji Victorian,606a6aaa-378e-448c-8e69-a4538742d960,NMCA - Jack Quick Shield,Fiji Victorian - Jack Quick Shield,Round 5,R5,5,2012-11-10 13:00:00+00:00,Preston Baseballers Cricket Club,Loss,loss,lost by 73 runs,Dennis Subramaniam 27,Princey Pereira 4-44,False
a8384204-9cf2-431b-9eca-27782f47eb53,aaf17d1d-d108-45ab-9c9f-7dcbe99d33f1,Summer 2012/13,5d90b22b-d622-4193-af99-b9ad3ae8e1e2,5d90b22b-d622-4193-af99-b9ad3ae8e1e2,Fiji Victorian,606a6aaa-378e-448c-8e69-a4538742d960,NMCA - Jack Quick Shield,Fiji Victorian - Jack Quick Shield,Round 4,R4,4,2012-11-03 13:00:00+00:00,Bellfield Cricket Club,Win,win,won by 6 wickets,Nitin Tanwar 58*,Jaymin Patel 2-37,False
3c3d62ea-5832-4d65-84d3-ecfc8ef17adb,aaf17d1d-d108-45ab-9c9f-7dcbe99d33f1,Summer 2012/13,5d90b22b-d622-4193-af99-b9ad3ae8e1e2,5d90b22b-d622-4193-af99-b9ad3ae8e1e2,Fiji Victorian,606a6aaa-378e-448c-8e69-a4538742d960,NMCA - Jack Quick Shield,Fiji Victorian - Jack Quick Shield,Round 3,R3,3,2012-10-20 13:00:00+00:00,Heidelberg West Cricket Club,Loss,loss,lost by an innings and 54 runs,Jaymin Patel 15,Shaun Vikash 2-33,False
c4454389-f1ea-4cb3-87b0-3c5445bdf3fa,aaf17d1d-d108-45ab-9c9f-7dcbe99d33f1,Summer 2012/13,5d90b22b-d622-4193-af99-b9ad3ae8e1e2,5d90b22b-d622-4193-af99-b9ad3ae8e1e2,Fiji Victorian,606a6aaa-378e-448c-8e69-a4538742d960,NMCA - Jack Quick Shield,Fiji Victorian - Jack Quick Shield,Round 2,R2,2,2012-10-13 13:00:00+00:00,Strathewen Cricket Club,Win,win,won by 4 wickets,Vikash Chand 41,Damien Vikash 5-26,False
4edce839-8a53-441f-8fff-076746af1914,aaf17d1d-d108-45ab-9c9f-7dcbe99d33f1,Summer 2012/13,5d90b22b-d622-4193-af99-b9ad3ae8e1e2,5d90b22b-d622-4193-af99-b9ad3ae8e1e2,Fiji Victorian,606a6aaa-378e-448c-8e69-a4538742d960,NMCA - Jack Quick Shield,Fiji Victorian - Jack Quick Shield,Round 1,R1,1,2012-10-06 12:30:00+00:00,Donath Cricket Club,Loss,loss,lost by 38 runs,Dennis Subramaniam 51,Dennis Subramaniam 3-21,False
7e64d599-cc4a-4824-baff-625d7926ddd0,a07158e7-b32f-4511-9f9b-5f75c5f7d6ae,Summer 2013/14,d25f3126-67a6-4cc1-991a-aabc8ba677c0,d25f3126-67a6-4cc1-991a-aabc8ba677c0,Fiji Victorian,2c121b1e-d30d-4bc3-b8b4-f381a142dbd0,"NMCA - Bob Herman Shield - ""D"" Grade",Fiji Victorian - D Grade - Bob Herman Shield,Semi Finals,Semi Finals,1001,2014-03-08 13:00:00+00:00,West Preston Cricket Club,Win,win,won,Alex Moderana 36,Baurel D'Mello 3-13,False
c03a6195-9483-4e18-bdc8-c4a2fe7597cb,a07158e7-b32f-4511-9f9b-5f75c5f7d6ae,Summer 2013/14,d25f3126-67a6-4cc1-991a-aabc8ba677c0,d25f3126-67a6-4cc1-991a-aabc8ba677c0,Fiji Victorian,2c121b1e-d30d-4bc3-b8b4-f381a142dbd0,"NMCA - Bob Herman Shield - ""D"" Grade",Fiji Victorian - D Grade - Bob Herman Shield,Round 14,R14,14,2014-02-22 13:00:00+00:00,Bellfield Cricket Club,Loss,loss,lost by 2 wickets,Danny Singh 55,Bharath Bhavanashi 5-74,False
3155ef5d-9af8-4917-a653-8999e823480e,a07158e7-b32f-4511-9f9b-5f75c5f7d6ae,Summer 2013/14,d25f3126-67a6-4cc1-991a-aabc8ba677c0,d25f3126-67a6-4cc1-991a-aabc8ba677c0,Fiji Victorian,2c121b1e-d30d-4bc3-b8b4-f381a142dbd0,"NMCA - Bob Herman Shield - ""D"" Grade",Fiji Victorian - D Grade - Bob Herman Shield,Round 13,R13,13,2014-02-08 13:00:00+00:00,West Preston Cricket Club,Loss,loss,lost by 19 runs,Nitin Tanwar 35*,Bobby Malli 4-8,False
0f03a5dd-361c-44ed-84e0-c433e3348035,a07158e7-b32f-4511-9f9b-5f75c5f7d6ae,Summer 2013/14,d25f3126-67a6-4cc1-991a-aabc8ba677c0,d25f3126-67a6-4cc1-991a-aabc8ba677c0,Fiji Victorian,2c121b1e-d30d-4bc3-b8b4-f381a142dbd0,"NMCA - Bob Herman Shield - ""D"" Grade",Fiji Victorian - D Grade - Bob Herman Shield,Round 12,R12,12,2014-01-25 13:00:00+00:00,Fairfield Cricket Club,Win,win,won by 61 runs,Vinay Sharma 55*,Aravind Chamala 4-37,False
dc2d0ebe-2b47-43d4-a753-642e7330b973,a07158e7-b32f-4511-9f9b-5f75c5f7d6ae,Summer 2013/14,d25f3126-67a6-4cc1-991a-aabc8ba677c0,d25f3126-67a6-4cc1-991a-aabc8ba677c0,Fiji Victorian,2c121b1e-d30d-4bc3-b8b4-f381a142dbd0,"NMCA - Bob Herman Shield - ""D"" Grade",Fiji Victorian - D Grade - Bob Herman Shield,Round 11,R11,11,2014-01-18 13:00:00+00:00,Preston Footballers Cricket Club,Loss,loss,lost by 104 runs,Vinay Sharma 25,Ricky Singh 3-49,False
04d0c164-e295-4d9f-80ea-407fa3f9bb83,a07158e7-b32f-4511-9f9b-5f75c5f7d6ae,Summer 2013/14,d25f3126-67a6-4cc1-991a-aabc8ba677c0,d25f3126-67a6-4cc1-991a-aabc8ba677c0,Fiji Victorian,2c121b1e-d30d-4bc3-b8b4-f381a142dbd0,"NMCA - Bob Herman Shield - ""D"" Grade",Fiji Victorian - D Grade - Bob Herman Shield,Round 10,R10,10,2014-01-11 13:00:00+00:00,Strathewen Cricket Club,Loss,loss,lost by 26 runs,Danny Singh 71,Venu Birlangi 4-45,False
a2770cad-8913-419d-9592-a11d9a01b2aa,a07158e7-b32f-4511-9f9b-5f75c5f7d6ae,Summer 2013/14,d25f3126-67a6-4cc1-991a-aabc8ba677c0,d25f3126-67a6-4cc1-991a-aabc8ba677c0,Fiji Victorian,2c121b1e-d30d-4bc3-b8b4-f381a142dbd0,"NMCA - Bob Herman Shield - ""D"" Grade",Fiji Victorian - D Grade - Bob Herman Shield,Round 9,R9,9,2013-12-14 13:00:00+00:00,Dennis Cricket Club,Win,win,won by 164 runs,Nitin Tanwar 95,Baurel D'Mello 4-47,False
9388e359-48da-4612-b231-e0b02d816628,a07158e7-b32f-4511-9f9b-5f75c5f7d6ae,Summer 2013/14,d25f3126-67a6-4cc1-991a-aabc8ba677c0,d25f3126-67a6-4cc1-991a-aabc8ba677c0,Fiji Victorian,2c121b1e-d30d-4bc3-b8b4-f381a142dbd0,"NMCA - Bob Herman Shield - ""D"" Grade",Fiji Victorian - D Grade - Bob Herman Shield,Round 8,R8,8,2013-11-30 13:00:00+00:00,Old Ivanhoe Cricket Club,Win,win,won by 38 runs,Venu Birlangi 23*,Amresh Bhan 7-33,False
d6a0341d-0cbb-41d7-88ea-c2e17993d865,a07158e7-b32f-4511-9f9b-5f75c5f7d6ae,Summer 2013/14,d25f3126-67a6-4cc1-991a-aabc8ba677c0,d25f3126-67a6-4cc1-991a-aabc8ba677c0,Fiji Victorian,2c121b1e-d30d-4bc3-b8b4-f381a142dbd0,"NMCA - Bob Herman Shield - ""D"" Grade",Fiji Victorian - D Grade - Bob Herman Shield,Round 7,R7,7,2013-11-16 13:00:00+00:00,Preston Footballers Cricket Club,Win,win,won by 4 wickets,Reuben Sharan 51*,Vinit Naidu 4-28,False
1c52102f-d171-4db4-bb2e-af8ebe956d02,a07158e7-b32f-4511-9f9b-5f75c5f7d6ae,Summer 2013/14,d25f3126-67a6-4cc1-991a-aabc8ba677c0,d25f3126-67a6-4cc1-991a-aabc8ba677c0,Fiji Victorian,2c121b1e-d30d-4bc3-b8b4-f381a142dbd0,"NMCA - Bob Herman Shield - ""D"" Grade",Fiji Victorian - D Grade - Bob Herman Shield,Round 6,R6,6,2014-01-19 13:00:00+00:00,Bellfield Cricket Club,Win,win,won by 55 runs,Benjamin Frew 61,Ricky Singh 2-25,False
c3f3ef9d-209e-4f99-b06f-8e2211a944d6,a07158e7-b32f-4511-9f9b-5f75c5f7d6ae,Summer 2013/14,d25f3126-67a6-4cc1-991a-aabc8ba677c0,d25f3126-67a6-4cc1-991a-aabc8ba677c0,Fiji Victorian,2c121b1e-d30d-4bc3-b8b4-f381a142dbd0,"NMCA - Bob Herman Shield - ""D"" Grade",Fiji Victorian - D Grade - Bob Herman Shield,Round 5,R5,5,2013-11-09 13:00:00+00:00,West Preston Cricket Club,Loss,loss,lost by 4 wickets,Danny Singh 26,Alex Moderana 3-28,False
0f1b4f26-0adf-45db-8b8b-9cf14f766d5d,a07158e7-b32f-4511-9f9b-5f75c5f7d6ae,Summer 2013/14,d25f3126-67a6-4cc1-991a-aabc8ba677c0,d25f3126-67a6-4cc1-991a-aabc8ba677c0,Fiji Victorian,2c121b1e-d30d-4bc3-b8b4-f381a142dbd0,"NMCA - Bob Herman Shield - ""D"" Grade",Fiji Victorian - D Grade - Bob Herman Shield,Round 4,R4,4,2013-11-02 13:00:00+00:00,Fairfield Cricket Club,Win,win,won by 31 runs,Shalen Nand 127*,Aravind Chamala 3-31,False
cf1ff165-e2b9-4884-b188-e6816f4c38ca,a07158e7-b32f-4511-9f9b-5f75c5f7d6ae,Summer 2013/14,d25f3126-67a6-4cc1-991a-aabc8ba677c0,d25f3126-67a6-4cc1-991a-aabc8ba677c0,Fiji Victorian,2c121b1e-d30d-4bc3-b8b4-f381a142dbd0,"NMCA - Bob Herman Shield - ""D"" Grade",Fiji Victorian - D Grade - Bob Herman Shield,Round 3,R3,3,2013-10-19 13:00:00+00:00,Strathewen Cricket Club,Win,win,won by 81 runs,Danny Singh 94,Shalen Nand 3-21,False
031bb399-7f19-4fe0-b16b-5f46affc7c45,a07158e7-b32f-4511-9f9b-5f75c5f7d6ae,Summer 2013/14,d25f3126-67a6-4cc1-991a-aabc8ba677c0,d25f3126-67a6-4cc1-991a-aabc8ba677c0,Fiji Victorian,2c121b1e-d30d-4bc3-b8b4-f381a142dbd0,"NMCA - Bob Herman Shield - ""D"" Grade",Fiji Victorian - D Grade - Bob Herman Shield,Round 2,R2,2,2013-10-12 13:00:00+00:00,Dennis Cricket Club,Win,win,won by 62 runs,Baurel D'Mello 70,Loxly Mather 2-26,False
5b89b718-ebad-47c3-b5ef-c19c1cffd63b,a07158e7-b32f-4511-9f9b-5f75c5f7d6ae,Summer 2013/14,d25f3126-67a6-4cc1-991a-aabc8ba677c0,d25f3126-67a6-4cc1-991a-aabc8ba677c0,Fiji Victorian,2c121b1e-d30d-4bc3-b8b4-f381a142dbd0,"NMCA - Bob Herman Shield - ""D"" Grade",Fiji Victorian - D Grade - Bob Herman Shield,Round 1,R1,1,2013-10-05 12:30:00+00:00,Old Ivanhoe Cricket Club,Loss,loss,lost by 30 runs,Jaymin Patel 53,Jaymin Patel 4-12,False
4b2c7d80-83f0-4ffb-846c-98f8c9ad32f0,a07158e7-b32f-4511-9f9b-5f75c5f7d6ae,Summer 2013/14,51a2acbe-f2d5-492b-a556-6f17dc3a7a00,51a2acbe-f2d5-492b-a556-6f17dc3a7a00,Fiji Victorian,659f48ca-ad03-47e7-b717-fe7e25b70e60,NMCA - Jack Kelly Shield,Fiji Victorian - Jack Kelly Shield,Round 14,R14,14,2014-02-22 13:00:00+00:00,Bellfield Cricket Club,Win,win,won by 47 runs,Pramen Nand 58,Shaun Vikash 4-16,False
1c0e6fe1-0ab6-456d-8983-923a05446fcc,a07158e7-b32f-4511-9f9b-5f75c5f7d6ae,Summer 2013/14,51a2acbe-f2d5-492b-a556-6f17dc3a7a00,51a2acbe-f2d5-492b-a556-6f17dc3a7a00,Fiji Victorian,659f48ca-ad03-47e7-b717-fe7e25b70e60,NMCA - Jack Kelly Shield,Fiji Victorian - Jack Kelly Shield,Round 13,R13,13,2014-02-08 13:00:00+00:00,West Preston Cricket Club,Loss,loss,lost by 3 wickets,Damien Vikash 56*,Shivnyl Naidu 2-18,False
ef3714cb-c830-424a-bd5b-c67d606ff1a7,a07158e7-b32f-4511-9f9b-5f75c5f7d6ae,Summer 2013/14,51a2acbe-f2d5-492b-a556-6f17dc3a7a00,51a2acbe-f2d5-492b-a556-6f17dc3a7a00,Fiji Victorian,659f48ca-ad03-47e7-b717-fe7e25b70e60,NMCA - Jack Kelly Shield,Fiji Victorian - Jack Kelly Shield,Round 12,R12,12,2014-01-25 13:00:00+00:00,Fairfield Cricket Club,Win,win,won by 80 runs,Vikash Chand 48,Vinit Naidu 3-13,False
de717351-ba3d-4923-8a2f-bf812171d637,a07158e7-b32f-4511-9f9b-5f75c5f7d6ae,Summer 2013/14,51a2acbe-f2d5-492b-a556-6f17dc3a7a00,51a2acbe-f2d5-492b-a556-6f17dc3a7a00,Fiji Victorian,659f48ca-ad03-47e7-b717-fe7e25b70e60,NMCA - Jack Kelly Shield,Fiji Victorian - Jack Kelly Shield,Round 11,R11,11,2014-01-18 13:00:00+00:00,Preston Footballers Cricket Club,Loss,loss,lost by 2 wickets,Alex Moderana 28,Shaun Vikash 5-32,False
ebf9fb1c-4788-4513-a255-2b79910f4271,a07158e7-b32f-4511-9f9b-5f75c5f7d6ae,Summer 2013/14,51a2acbe-f2d5-492b-a556-6f17dc3a7a00,51a2acbe-f2d5-492b-a556-6f17dc3a7a00,Fiji Victorian,659f48ca-ad03-47e7-b717-fe7e25b70e60,NMCA - Jack Kelly Shield,Fiji Victorian - Jack Kelly Shield,Round 10,R10,10,2014-01-11 13:00:00+00:00,Strathewen Cricket Club,Loss,loss,lost by 62 runs,Nitin Tanwar 33,Vinit Naidu 1-29,False
50f74fb6-8a14-467d-b256-50f9a962185c,a07158e7-b32f-4511-9f9b-5f75c5f7d6ae,Summer 2013/14,51a2acbe-f2d5-492b-a556-6f17dc3a7a00,51a2acbe-f2d5-492b-a556-6f17dc3a7a00,Fiji Victorian,659f48ca-ad03-47e7-b717-fe7e25b70e60,NMCA - Jack Kelly Shield,Fiji Victorian - Jack Kelly Shield,Round 9,R9,9,2013-12-14 13:00:00+00:00,Dennis Cricket Club,Loss,loss,lost by 159 runs,Loxly Mather 18,Shivnyl Naidu 4-63,False
5186eb10-4e64-423d-959b-2db9ea09f3e0,a07158e7-b32f-4511-9f9b-5f75c5f7d6ae,Summer 2013/14,51a2acbe-f2d5-492b-a556-6f17dc3a7a00,51a2acbe-f2d5-492b-a556-6f17dc3a7a00,Fiji Victorian,659f48ca-ad03-47e7-b717-fe7e25b70e60,NMCA - Jack Kelly Shield,Fiji Victorian - Jack Kelly Shield,Round 8,R8,8,2013-11-30 13:00:00+00:00,Old Ivanhoe Cricket Club,Loss,loss,lost by 157 runs,Damandeep Sehra 19,Damien Vikash 4-58,False
6bd8f506-3fdd-4e4c-bc54-d4d01a53d529,a07158e7-b32f-4511-9f9b-5f75c5f7d6ae,Summer 2013/14,51a2acbe-f2d5-492b-a556-6f17dc3a7a00,51a2acbe-f2d5-492b-a556-6f17dc3a7a00,Fiji Victorian,659f48ca-ad03-47e7-b717-fe7e25b70e60,NMCA - Jack Kelly Shield,Fiji Victorian - Jack Kelly Shield,Round 7,R7,7,2013-11-16 13:00:00+00:00,Preston Footballers Cricket Club,Loss,loss,lost by 63 runs,Jim Didaskalou 66*,Shivnyl Naidu 5-39,False
8709e9d6-e9c4-48aa-b866-2c6b59b4881e,a07158e7-b32f-4511-9f9b-5f75c5f7d6ae,Summer 2013/14,51a2acbe-f2d5-492b-a556-6f17dc3a7a00,51a2acbe-f2d5-492b-a556-6f17dc3a7a00,Fiji Victorian,659f48ca-ad03-47e7-b717-fe7e25b70e60,NMCA - Jack Kelly Shield,Fiji Victorian - Jack Kelly Shield,Round 6,R6,6,2014-01-19 13:00:00+00:00,Bellfield Cricket Club,Win,win,won by 2 wickets,Reuben Sharan 68,Vikash Chand 3-31,False
4a04cbc0-1533-45aa-9c83-21c55d7335cc,a07158e7-b32f-4511-9f9b-5f75c5f7d6ae,Summer 2013/14,51a2acbe-f2d5-492b-a556-6f17dc3a7a00,51a2acbe-f2d5-492b-a556-6f17dc3a7a00,Fiji Victorian,659f48ca-ad03-47e7-b717-fe7e25b70e60,NMCA - Jack Kelly Shield,Fiji Victorian - Jack Kelly Shield,Round 5,R5,5,2013-11-09 13:00:00+00:00,West Preston Cricket Club,Loss,loss,lost by 6 wickets,Benjamin Frew 67*,Shaun Vikash 2-27,False
b1954ce0-fbab-421c-baba-938c9bbfec2e,a07158e7-b32f-4511-9f9b-5f75c5f7d6ae,Summer 2013/14,51a2acbe-f2d5-492b-a556-6f17dc3a7a00,51a2acbe-f2d5-492b-a556-6f17dc3a7a00,Fiji Victorian,659f48ca-ad03-47e7-b717-fe7e25b70e60,NMCA - Jack Kelly Shield,Fiji Victorian - Jack Kelly Shield,Round 4,R4,4,2013-11-02 13:00:00+00:00,Fairfield Cricket Club,Loss,loss,lost by 57 runs,Jim Didaskalou 61*,Baurel D'Mello 2-38,False
d866fc82-42bb-4c97-a4cc-1c73de18e938,a07158e7-b32f-4511-9f9b-5f75c5f7d6ae,Summer 2013/14,51a2acbe-f2d5-492b-a556-6f17dc3a7a00,51a2acbe-f2d5-492b-a556-6f17dc3a7a00,Fiji Victorian,659f48ca-ad03-47e7-b717-fe7e25b70e60,NMCA - Jack Kelly Shield,Fiji Victorian - Jack Kelly Shield,Round 3,R3,3,2013-10-19 13:00:00+00:00,Strathewen Cricket Club,Loss,loss,lost,Benjamin Frew 69,Shaun Vikash 3-31,False
d3ab79fe-86c3-4e3c-83c8-20285bf81220,a07158e7-b32f-4511-9f9b-5f75c5f7d6ae,Summer 2013/14,51a2acbe-f2d5-492b-a556-6f17dc3a7a00,51a2acbe-f2d5-492b-a556-6f17dc3a7a00,Fiji Victorian,659f48ca-ad03-47e7-b717-fe7e25b70e60,NMCA - Jack Kelly Shield,Fiji Victorian - Jack Kelly Shield,Round 2,R2,2,2013-10-12 13:00:00+00:00,Dennis Cricket Club,Win,win,won by 6 wickets,Kalpeshkumar Patel 29*,Shaun Vikash 4-23,False
b7806d4a-4b25-4105-9df3-83a749faf6d4,a07158e7-b32f-4511-9f9b-5f75c5f7d6ae,Summer 2013/14,51a2acbe-f2d5-492b-a556-6f17dc3a7a00,51a2acbe-f2d5-492b-a556-6f17dc3a7a00,Fiji Victorian,659f48ca-ad03-47e7-b717-fe7e25b70e60,NMCA - Jack Kelly Shield,Fiji Victorian - Jack Kelly Shield,Round 1,R1,1,2013-10-05 12:30:00+00:00,Old Ivanhoe Cricket Club,Win,win,won by 1 wickets,Jim Didaskalou 68,Shivnyl Naidu 3-40,False
de097d76-2af5-4326-be59-458ee8eb16fc,a07158e7-b32f-4511-9f9b-5f75c5f7d6ae,Summer 2013/14,fc0e5cf4-f372-43cc-b984-c39f1d980ac1,fc0e5cf4-f372-43cc-b984-c39f1d980ac1,Fiji Victorian 3rd XI,db406f44-1823-4896-ba27-cf8a0254cca3,"NMCA - ""F"" Grade South - Torrens Shield",Fiji Victorian 3rd - F Grade South - Harry Torrens Shield,Semi Finals,Semi Finals,1001,2014-03-08 13:00:00+00:00,Holy Trinity Cricket Club,Loss,loss,lost by 33 runs,Kevin Joseph 41,Bobby Malli 4-52,False
cade8f59-0288-4a23-923b-e5f2e96be006,a07158e7-b32f-4511-9f9b-5f75c5f7d6ae,Summer 2013/14,fc0e5cf4-f372-43cc-b984-c39f1d980ac1,fc0e5cf4-f372-43cc-b984-c39f1d980ac1,Fiji Victorian 3rd XI,db406f44-1823-4896-ba27-cf8a0254cca3,"NMCA - ""F"" Grade South - Torrens Shield",Fiji Victorian 3rd - F Grade South - Harry Torrens Shield,Round 10,R10,10,2014-02-22 13:00:00+00:00,Northcote United Cricket Club,Win,win,won by 123 runs,Vinit Naidu 88,Aravind Chamala 4-41,False
9088ae82-a487-48ef-ae4f-71f2ac778134,a07158e7-b32f-4511-9f9b-5f75c5f7d6ae,Summer 2013/14,fc0e5cf4-f372-43cc-b984-c39f1d980ac1,fc0e5cf4-f372-43cc-b984-c39f1d980ac1,Fiji Victorian 3rd XI,db406f44-1823-4896-ba27-cf8a0254cca3,"NMCA - ""F"" Grade South - Torrens Shield",Fiji Victorian 3rd - F Grade South - Harry Torrens Shield,Round 9,R9,9,2014-02-08 13:00:00+00:00,West Preston Cricket Club,Loss,loss,lost by 3 wickets,Princey Pereira 33,Ricky Singh 3-19,False
21d23cc4-2708-4850-8df5-fd30f9ec9ec4,a07158e7-b32f-4511-9f9b-5f75c5f7d6ae,Summer 2013/14,fc0e5cf4-f372-43cc-b984-c39f1d980ac1,fc0e5cf4-f372-43cc-b984-c39f1d980ac1,Fiji Victorian 3rd XI,db406f44-1823-4896-ba27-cf8a0254cca3,"NMCA - ""F"" Grade South - Torrens Shield",Fiji Victorian 3rd - F Grade South - Harry Torrens Shield,Round 8,R8,8,2014-01-25 13:00:00+00:00,Holy Trinity Cricket Club,Loss,loss,lost by 2 wickets,Damandeep Sehra 53,Bobby Malli 3-38,False
c2fcab35-bd97-4e8d-9e68-01c68761a584,a07158e7-b32f-4511-9f9b-5f75c5f7d6ae,Summer 2013/14,fc0e5cf4-f372-43cc-b984-c39f1d980ac1,fc0e5cf4-f372-43cc-b984-c39f1d980ac1,Fiji Victorian 3rd XI,db406f44-1823-4896-ba27-cf8a0254cca3,"NMCA - ""F"" Grade South - Torrens Shield",Fiji Victorian 3rd - F Grade South - Harry Torrens Shield,Round 7,R7,7,2014-01-18 13:00:00+00:00,Northcote United Cricket Club,Loss,loss,lost by 18 runs,Gaurav Chauhan 53*,Abhilash Ayyala 4-24,False
c9e510f7-497f-4c68-a425-83c9f3e58931,a07158e7-b32f-4511-9f9b-5f75c5f7d6ae,Summer 2013/14,fc0e5cf4-f372-43cc-b984-c39f1d980ac1,fc0e5cf4-f372-43cc-b984-c39f1d980ac1,Fiji Victorian 3rd XI,db406f44-1823-4896-ba27-cf8a0254cca3,"NMCA - ""F"" Grade South - Torrens Shield",Fiji Victorian 3rd - F Grade South - Harry Torrens Shield,Round 6,R6,6,2013-12-14 13:00:00+00:00,Cobras Cricket Club,Loss,loss,lost by 10 wickets,Bharath Bhavanashi 25,Sanjeeva Nandan 0-4,False
c84c8dbc-6e85-47c2-b724-baa5076ae2ca,a07158e7-b32f-4511-9f9b-5f75c5f7d6ae,Summer 2013/14,fc0e5cf4-f372-43cc-b984-c39f1d980ac1,fc0e5cf4-f372-43cc-b984-c39f1d980ac1,Fiji Victorian 3rd XI,db406f44-1823-4896-ba27-cf8a0254cca3,"NMCA - ""F"" Grade South - Torrens Shield",Fiji Victorian 3rd - F Grade South - Harry Torrens Shield,Round 5,R5,5,2013-11-30 13:00:00+00:00,Cobras Cricket Club,Win,win,won by forfeit,—,—,False
21fd6184-fd3e-41d8-ac55-4784144fc3dd,a07158e7-b32f-4511-9f9b-5f75c5f7d6ae,Summer 2013/14,fc0e5cf4-f372-43cc-b984-c39f1d980ac1,fc0e5cf4-f372-43cc-b984-c39f1d980ac1,Fiji Victorian 3rd XI,db406f44-1823-4896-ba27-cf8a0254cca3,"NMCA - ""F"" Grade South - Torrens Shield",Fiji Victorian 3rd - F Grade South - Harry Torrens Shield,Round 4,R4,4,2013-11-16 13:00:00+00:00,West Preston Cricket Club,Win,win,won by 4 wickets,Bharath Bhavanashi 40,Venu Birlangi 5-50,False
d1787c6f-b767-4465-a357-9697ae57e6f0,a07158e7-b32f-4511-9f9b-5f75c5f7d6ae,Summer 2013/14,fc0e5cf4-f372-43cc-b984-c39f1d980ac1,fc0e5cf4-f372-43cc-b984-c39f1d980ac1,Fiji Victorian 3rd XI,db406f44-1823-4896-ba27-cf8a0254cca3,"NMCA - ""F"" Grade South - Torrens Shield",Fiji Victorian 3rd - F Grade South - Harry Torrens Shield,Round 3,R3,3,2013-11-09 13:00:00+00:00,Cameron Cricket Club,Win,win,won by 7 wickets,Abhilash Ayyala 50*,Venu Birlangi 3-12,False
e542963d-ab71-4d89-9cd5-10e114ab2936,a07158e7-b32f-4511-9f9b-5f75c5f7d6ae,Summer 2013/14,fc0e5cf4-f372-43cc-b984-c39f1d980ac1,fc0e5cf4-f372-43cc-b984-c39f1d980ac1,Fiji Victorian 3rd XI,db406f44-1823-4896-ba27-cf8a0254cca3,"NMCA - ""F"" Grade South - Torrens Shield",Fiji Victorian 3rd - F Grade South - Harry Torrens Shield,Round 2,R2,2,2013-11-02 13:00:00+00:00,Holy Trinity Cricket Club,Loss,loss,lost by 210 runs,Reuben Sharan 51,Reuben Sharan 2-57,False
89f38ba0-8af0-4c0a-8e38-d9653e5ea70f,a07158e7-b32f-4511-9f9b-5f75c5f7d6ae,Summer 2013/14,fc0e5cf4-f372-43cc-b984-c39f1d980ac1,fc0e5cf4-f372-43cc-b984-c39f1d980ac1,Fiji Victorian 3rd XI,db406f44-1823-4896-ba27-cf8a0254cca3,"NMCA - ""F"" Grade South - Torrens Shield",Fiji Victorian 3rd - F Grade South - Harry Torrens Shield,Round 1,R1,1,2013-10-26 13:00:00+00:00,Keon Park Cricket Club,Win,win,won by 5 wickets,Reuel Sharan 67,Alex Moderana 4-20,False
bceb3f86-1c31-497b-b620-a95e92a6e01f,f7567eab-6090-4cf2-b14f-2874ae98667f,Summer 2014/15,95f15121-6bf5-4a08-8bf0-6ea9ebabf84f,95f15121-6bf5-4a08-8bf0-6ea9ebabf84f,Fiji Victorian,9a8bea8a-ac1c-4e0f-a4a3-fba807e41821,"NMCA - Les Kemp Shield - ""E"" Grade",Fiji Victorian - E Grade - Les Kemp Shield,Grand Final,Grand Final,1003,2015-03-14 13:00:00+00:00,Fairfield Cricket Club,Loss,loss,lost by 1 wickets,Shandil Bhan 54,Vinit Naidu 5-64,False
a9ed1bf5-1139-4668-8ef0-d709a4825c8c,f7567eab-6090-4cf2-b14f-2874ae98667f,Summer 2014/15,95f15121-6bf5-4a08-8bf0-6ea9ebabf84f,95f15121-6bf5-4a08-8bf0-6ea9ebabf84f,Fiji Victorian,9a8bea8a-ac1c-4e0f-a4a3-fba807e41821,"NMCA - Les Kemp Shield - ""E"" Grade",Fiji Victorian - E Grade - Les Kemp Shield,Semi Finals,Semi Finals,1001,2015-03-07 13:00:00+00:00,Viewbank Cricket Club,Win,win,won by 9 wickets,Nitin Tanwar 63*,Vinit Naidu 4-19,False
0486412f-fdca-46cf-b764-3036ebf67d71,f7567eab-6090-4cf2-b14f-2874ae98667f,Summer 2014/15,95f15121-6bf5-4a08-8bf0-6ea9ebabf84f,95f15121-6bf5-4a08-8bf0-6ea9ebabf84f,Fiji Victorian,9a8bea8a-ac1c-4e0f-a4a3-fba807e41821,"NMCA - Les Kemp Shield - ""E"" Grade",Fiji Victorian - E Grade - Les Kemp Shield,Round 14,R14,14,2015-02-21 13:00:00+00:00,Kinglake Cricket Club,Win,win,won by 10 wickets,Baurel D'Mello 58*,Baurel D'Mello 6-31,False
8454b4e5-6196-4025-b351-1ed340aa3302,f7567eab-6090-4cf2-b14f-2874ae98667f,Summer 2014/15,95f15121-6bf5-4a08-8bf0-6ea9ebabf84f,95f15121-6bf5-4a08-8bf0-6ea9ebabf84f,Fiji Victorian,9a8bea8a-ac1c-4e0f-a4a3-fba807e41821,"NMCA - Les Kemp Shield - ""E"" Grade",Fiji Victorian - E Grade - Les Kemp Shield,Round 13,R13,13,2015-02-07 13:00:00+00:00,Preston Himalayan Cricket Club,Win,win,won by 5 wickets,Nitin Tanwar 38,Baurel D'Mello 3-29,False
9ca3e109-d63c-4b35-9647-a47501a1dfed,f7567eab-6090-4cf2-b14f-2874ae98667f,Summer 2014/15,95f15121-6bf5-4a08-8bf0-6ea9ebabf84f,95f15121-6bf5-4a08-8bf0-6ea9ebabf84f,Fiji Victorian,9a8bea8a-ac1c-4e0f-a4a3-fba807e41821,"NMCA - Les Kemp Shield - ""E"" Grade",Fiji Victorian - E Grade - Les Kemp Shield,Round 12,R12,12,2015-01-24 13:00:00+00:00,Viewbank Cricket Club,Win,win,won by 162 runs,Kalpeshkumar Patel 65,Baurel D'Mello 5-27,False
ec5138f0-779c-4152-9b76-2661c67c89cc,f7567eab-6090-4cf2-b14f-2874ae98667f,Summer 2014/15,95f15121-6bf5-4a08-8bf0-6ea9ebabf84f,95f15121-6bf5-4a08-8bf0-6ea9ebabf84f,Fiji Victorian,9a8bea8a-ac1c-4e0f-a4a3-fba807e41821,"NMCA - Les Kemp Shield - ""E"" Grade",Fiji Victorian - E Grade - Les Kemp Shield,Round 11,R11,11,2015-01-17 13:00:00+00:00,Bellfield Cricket Club,Win,win,won by 31 runs,Bobby Malli 79,Shaun Vikash 4-45,False
3c9f703c-a7a4-4e12-a517-8fcda1e10149,f7567eab-6090-4cf2-b14f-2874ae98667f,Summer 2014/15,95f15121-6bf5-4a08-8bf0-6ea9ebabf84f,95f15121-6bf5-4a08-8bf0-6ea9ebabf84f,Fiji Victorian,9a8bea8a-ac1c-4e0f-a4a3-fba807e41821,"NMCA - Les Kemp Shield - ""E"" Grade",Fiji Victorian - E Grade - Les Kemp Shield,Round 10,R10,10,2015-01-10 13:00:00+00:00,Fairfield Cricket Club,Win,win,won by 61 runs,Kalpeshkumar Patel 61,Damien Vikash 3-25,False
bf697b49-94ef-448e-95a8-6baf27a75842,f7567eab-6090-4cf2-b14f-2874ae98667f,Summer 2014/15,95f15121-6bf5-4a08-8bf0-6ea9ebabf84f,95f15121-6bf5-4a08-8bf0-6ea9ebabf84f,Fiji Victorian,9a8bea8a-ac1c-4e0f-a4a3-fba807e41821,"NMCA - Les Kemp Shield - ""E"" Grade",Fiji Victorian - E Grade - Les Kemp Shield,Round 9,R9,9,2014-12-13 13:00:00+00:00,North Brunswick/Rosebank Cricket Club,Win,win,won by 3 wickets,Benjamin Frew 36,Shaun Vikash 3-22,False
e91168ff-0d1d-4b50-9d98-6af9a7841948,f7567eab-6090-4cf2-b14f-2874ae98667f,Summer 2014/15,95f15121-6bf5-4a08-8bf0-6ea9ebabf84f,95f15121-6bf5-4a08-8bf0-6ea9ebabf84f,Fiji Victorian,9a8bea8a-ac1c-4e0f-a4a3-fba807e41821,"NMCA - Les Kemp Shield - ""E"" Grade",Fiji Victorian - E Grade - Les Kemp Shield,Round 8,R8,8,2014-11-29 13:00:00+00:00,Darebin Chargers Cricket Club,Loss,loss,lost by 76 runs,Benjamin Frew 66,Bobby Malli 3-18,False
0c1637a5-c4c5-4498-b094-0e605e47a465,f7567eab-6090-4cf2-b14f-2874ae98667f,Summer 2014/15,95f15121-6bf5-4a08-8bf0-6ea9ebabf84f,95f15121-6bf5-4a08-8bf0-6ea9ebabf84f,Fiji Victorian,9a8bea8a-ac1c-4e0f-a4a3-fba807e41821,"NMCA - Les Kemp Shield - ""E"" Grade",Fiji Victorian - E Grade - Les Kemp Shield,Round 7,R7,7,2014-11-15 13:00:00+00:00,Fairfield Cricket Club,Loss,loss,lost by 81 runs,Reuel Sharan 51,Vinit Naidu 3-89,False
847a6768-2faa-447d-9c7e-6ca7eb8e31b4,f7567eab-6090-4cf2-b14f-2874ae98667f,Summer 2014/15,95f15121-6bf5-4a08-8bf0-6ea9ebabf84f,95f15121-6bf5-4a08-8bf0-6ea9ebabf84f,Fiji Victorian,9a8bea8a-ac1c-4e0f-a4a3-fba807e41821,"NMCA - Les Kemp Shield - ""E"" Grade",Fiji Victorian - E Grade - Les Kemp Shield,Round 6,R6,6,2014-11-08 13:00:00+00:00,North Brunswick/Rosebank Cricket Club,Win,win,won by 2 wickets,Kalpeshkumar Patel 86*,Baurel D'Mello 3-26,False
a1e71e68-4b2f-47c6-8d05-0140396185bc,f7567eab-6090-4cf2-b14f-2874ae98667f,Summer 2014/15,95f15121-6bf5-4a08-8bf0-6ea9ebabf84f,95f15121-6bf5-4a08-8bf0-6ea9ebabf84f,Fiji Victorian,9a8bea8a-ac1c-4e0f-a4a3-fba807e41821,"NMCA - Les Kemp Shield - ""E"" Grade",Fiji Victorian - E Grade - Les Kemp Shield,Round 5,R5,5,2014-11-01 13:00:00+00:00,Darebin Chargers Cricket Club,Win,win,won by 6 wickets,Nitin Tanwar 64,Vinit Naidu 3-25,False
f7bc21f4-6ea8-4a02-a9cf-930053ea33e6,f7567eab-6090-4cf2-b14f-2874ae98667f,Summer 2014/15,95f15121-6bf5-4a08-8bf0-6ea9ebabf84f,95f15121-6bf5-4a08-8bf0-6ea9ebabf84f,Fiji Victorian,9a8bea8a-ac1c-4e0f-a4a3-fba807e41821,"NMCA - Les Kemp Shield - ""E"" Grade",Fiji Victorian - E Grade - Les Kemp Shield,Round 4,R4,4,2014-10-18 13:00:00+00:00,Bellfield Cricket Club,Win,win,won by 128 runs,Danny Singh 87,Vinit Naidu 4-21,False
433612ea-fae1-409a-a796-7a419624bdc2,f7567eab-6090-4cf2-b14f-2874ae98667f,Summer 2014/15,95f15121-6bf5-4a08-8bf0-6ea9ebabf84f,95f15121-6bf5-4a08-8bf0-6ea9ebabf84f,Fiji Victorian,9a8bea8a-ac1c-4e0f-a4a3-fba807e41821,"NMCA - Les Kemp Shield - ""E"" Grade",Fiji Victorian - E Grade - Les Kemp Shield,Round 3,R3,3,2014-10-12 13:00:00+00:00,Preston Himalayan Cricket Club,Win,win,won by 9 wickets,Nitin Tanwar 41*,Vinit Naidu 6-12,False
4c76548d-213b-4458-b9c8-ed6d20a0d7a8,f7567eab-6090-4cf2-b14f-2874ae98667f,Summer 2014/15,95f15121-6bf5-4a08-8bf0-6ea9ebabf84f,95f15121-6bf5-4a08-8bf0-6ea9ebabf84f,Fiji Victorian,9a8bea8a-ac1c-4e0f-a4a3-fba807e41821,"NMCA - Les Kemp Shield - ""E"" Grade",Fiji Victorian - E Grade - Les Kemp Shield,Round 2,R2,2,2014-10-11 13:00:00+00:00,Kinglake Cricket Club,Win,win,won by 35 runs,Benjamin Frew 66,Vinit Naidu 3-35,False
2194afe3-5db3-4285-85a3-818aa7418680,f7567eab-6090-4cf2-b14f-2874ae98667f,Summer 2014/15,95f15121-6bf5-4a08-8bf0-6ea9ebabf84f,95f15121-6bf5-4a08-8bf0-6ea9ebabf84f,Fiji Victorian,9a8bea8a-ac1c-4e0f-a4a3-fba807e41821,"NMCA - Les Kemp Shield - ""E"" Grade",Fiji Victorian - E Grade - Les Kemp Shield,Round 1,R1,1,2014-10-04 12:30:00+00:00,Viewbank Cricket Club,Win,win,won by 10 wickets,Nitin Tanwar 29*,Shalen Nand 5-11,False
89e5883d-9f4f-45f8-ab76-ec7852abd6f1,f7567eab-6090-4cf2-b14f-2874ae98667f,Summer 2014/15,82d9bd2f-6619-4544-bcd1-f9a30177d457,82d9bd2f-6619-4544-bcd1-f9a30177d457,Fiji Victorian 2nd XI,b5601268-b8ae-46dc-ba7e-5d67a6082468,"NMCA - Syd Sault Shield - ""F"" Grade",Fiji Victorian 2nd - F Grade - Syd Sault Shield,Round 14,R14,14,2015-02-21 13:00:00+00:00,Preston Druids Cricket Club,Win,win,won by 2 wickets,Shivnyl Naidu 49,Shivnyl Naidu 4-56,False
1b6a447c-8f07-4fb2-908a-f9317eaac143,f7567eab-6090-4cf2-b14f-2874ae98667f,Summer 2014/15,82d9bd2f-6619-4544-bcd1-f9a30177d457,82d9bd2f-6619-4544-bcd1-f9a30177d457,Fiji Victorian 2nd XI,b5601268-b8ae-46dc-ba7e-5d67a6082468,"NMCA - Syd Sault Shield - ""F"" Grade",Fiji Victorian 2nd - F Grade - Syd Sault Shield,Round 13,R13,13,2015-02-07 13:00:00+00:00,Bundoora Park Cricket Club,Loss,loss,lost by 183 runs,Pratik Shah 24,Aravind Chamala 4-61,False
5327bd6c-ec66-40e2-94e4-041b2dd66333,f7567eab-6090-4cf2-b14f-2874ae98667f,Summer 2014/15,82d9bd2f-6619-4544-bcd1-f9a30177d457,82d9bd2f-6619-4544-bcd1-f9a30177d457,Fiji Victorian 2nd XI,b5601268-b8ae-46dc-ba7e-5d67a6082468,"NMCA - Syd Sault Shield - ""F"" Grade",Fiji Victorian 2nd - F Grade - Syd Sault Shield,Round 12,R12,12,2015-01-24 13:00:00+00:00,Keon Park Cricket Club,Loss,loss,lost by 204 runs,Pratik Shah 42,Amresh Bhan 6-53,False
c2b43bd0-4f8f-40cd-9da1-94eaac251fbf,f7567eab-6090-4cf2-b14f-2874ae98667f,Summer 2014/15,82d9bd2f-6619-4544-bcd1-f9a30177d457,82d9bd2f-6619-4544-bcd1-f9a30177d457,Fiji Victorian 2nd XI,b5601268-b8ae-46dc-ba7e-5d67a6082468,"NMCA - Syd Sault Shield - ""F"" Grade",Fiji Victorian 2nd - F Grade - Syd Sault Shield,Round 11,R11,11,2015-01-17 13:00:00+00:00,Cobras Cricket Club,Loss,loss,lost by 78 runs,Shivnyl Naidu 54*,Loxly Mather 2-38,False
a2a8bf8f-ae5f-4d37-91b8-9dfa1cd5f4c3,f7567eab-6090-4cf2-b14f-2874ae98667f,Summer 2014/15,82d9bd2f-6619-4544-bcd1-f9a30177d457,82d9bd2f-6619-4544-bcd1-f9a30177d457,Fiji Victorian 2nd XI,b5601268-b8ae-46dc-ba7e-5d67a6082468,"NMCA - Syd Sault Shield - ""F"" Grade",Fiji Victorian 2nd - F Grade - Syd Sault Shield,Round 10,R10,10,2015-01-10 13:00:00+00:00,Preston Baseballers Cricket Club,Loss,loss,lost by 14 runs,Shivnyl Naidu 52,Amresh Bhan 2-30,False
332e4d42-b89c-4fc0-9722-13aadfb3f8d2,f7567eab-6090-4cf2-b14f-2874ae98667f,Summer 2014/15,82d9bd2f-6619-4544-bcd1-f9a30177d457,82d9bd2f-6619-4544-bcd1-f9a30177d457,Fiji Victorian 2nd XI,b5601268-b8ae-46dc-ba7e-5d67a6082468,"NMCA - Syd Sault Shield - ""F"" Grade",Fiji Victorian 2nd - F Grade - Syd Sault Shield,Round 9,R9,9,2014-12-13 13:00:00+00:00,Holy Trinity Cricket Club,Loss,loss,lost by 218 runs,Nitin Tanwar 50,Aravind Chamala 2-79,False
cd4c9f76-1dec-4608-8996-95ea2f06a573,f7567eab-6090-4cf2-b14f-2874ae98667f,Summer 2014/15,82d9bd2f-6619-4544-bcd1-f9a30177d457,82d9bd2f-6619-4544-bcd1-f9a30177d457,Fiji Victorian 2nd XI,b5601268-b8ae-46dc-ba7e-5d67a6082468,"NMCA - Syd Sault Shield - ""F"" Grade",Fiji Victorian 2nd - F Grade - Syd Sault Shield,Round 8,R8,8,2014-11-29 13:00:00+00:00,Rivergum Cricket Club,Loss,loss,lost by 3 wickets,Venu Birlangi 64,Ricky Singh 2-23,False
197f03cf-2f39-4423-a324-9cf2dfa42b54,f7567eab-6090-4cf2-b14f-2874ae98667f,Summer 2014/15,82d9bd2f-6619-4544-bcd1-f9a30177d457,82d9bd2f-6619-4544-bcd1-f9a30177d457,Fiji Victorian 2nd XI,b5601268-b8ae-46dc-ba7e-5d67a6082468,"NMCA - Syd Sault Shield - ""F"" Grade",Fiji Victorian 2nd - F Grade - Syd Sault Shield,Round 7,R7,7,2014-11-15 13:00:00+00:00,Preston Baseballers Cricket Club,Loss,loss,lost by 94 runs,Shivnyl Naidu 41,Bharath Bhavanashi 3-61,False
f82af3bb-e55b-4ccc-b574-47477bd49d41,f7567eab-6090-4cf2-b14f-2874ae98667f,Summer 2014/15,82d9bd2f-6619-4544-bcd1-f9a30177d457,82d9bd2f-6619-4544-bcd1-f9a30177d457,Fiji Victorian 2nd XI,b5601268-b8ae-46dc-ba7e-5d67a6082468,"NMCA - Syd Sault Shield - ""F"" Grade",Fiji Victorian 2nd - F Grade - Syd Sault Shield,Round 6,R6,6,2014-11-08 13:00:00+00:00,Holy Trinity Cricket Club,Loss,loss,lost by 6 wickets,Pratik Shah 60,Deepak Sharma 2-19,False
1e430dfd-469b-497e-94cb-250b93dc80eb,f7567eab-6090-4cf2-b14f-2874ae98667f,Summer 2014/15,82d9bd2f-6619-4544-bcd1-f9a30177d457,82d9bd2f-6619-4544-bcd1-f9a30177d457,Fiji Victorian 2nd XI,b5601268-b8ae-46dc-ba7e-5d67a6082468,"NMCA - Syd Sault Shield - ""F"" Grade",Fiji Victorian 2nd - F Grade - Syd Sault Shield,Round 5,R5,5,2014-11-01 13:00:00+00:00,Rivergum Cricket Club,Loss,loss,lost by 9 wickets,Sanjeeva Nandan 49,Pranav Ravi 1-33,False
a48d93ea-2a51-4b8e-a160-29ca29cc50cd,f7567eab-6090-4cf2-b14f-2874ae98667f,Summer 2014/15,82d9bd2f-6619-4544-bcd1-f9a30177d457,82d9bd2f-6619-4544-bcd1-f9a30177d457,Fiji Victorian 2nd XI,b5601268-b8ae-46dc-ba7e-5d67a6082468,"NMCA - Syd Sault Shield - ""F"" Grade",Fiji Victorian 2nd - F Grade - Syd Sault Shield,Round 4,R4,4,2014-10-18 13:00:00+00:00,Cobras Cricket Club,Win,win,won by 1 runs,Shivnyl Naidu 43,Baurel D'Mello 5-67,False
4ac48447-cad8-40cd-adcf-970618ca4635,f7567eab-6090-4cf2-b14f-2874ae98667f,Summer 2014/15,82d9bd2f-6619-4544-bcd1-f9a30177d457,82d9bd2f-6619-4544-bcd1-f9a30177d457,Fiji Victorian 2nd XI,b5601268-b8ae-46dc-ba7e-5d67a6082468,"NMCA - Syd Sault Shield - ""F"" Grade",Fiji Victorian 2nd - F Grade - Syd Sault Shield,Round 3,R3,3,2014-10-12 13:00:00+00:00,Bundoora Park Cricket Club,Win,win,won by 9 wickets,Bharath Bhavanashi 101*,Andrew Mackenzie 2-22,False
46cd6992-d387-49ed-822f-7d4bffcd17f1,f7567eab-6090-4cf2-b14f-2874ae98667f,Summer 2014/15,82d9bd2f-6619-4544-bcd1-f9a30177d457,82d9bd2f-6619-4544-bcd1-f9a30177d457,Fiji Victorian 2nd XI,b5601268-b8ae-46dc-ba7e-5d67a6082468,"NMCA - Syd Sault Shield - ""F"" Grade",Fiji Victorian 2nd - F Grade - Syd Sault Shield,Round 2,R2,2,2014-10-11 13:00:00+00:00,Preston Druids Cricket Club,Loss,loss,lost by 23 runs,Loxly Mather 41,Bharath Bhavanashi 2-33,False
33d414da-c413-47a3-80d8-04f66b884527,f7567eab-6090-4cf2-b14f-2874ae98667f,Summer 2014/15,82d9bd2f-6619-4544-bcd1-f9a30177d457,82d9bd2f-6619-4544-bcd1-f9a30177d457,Fiji Victorian 2nd XI,b5601268-b8ae-46dc-ba7e-5d67a6082468,"NMCA - Syd Sault Shield - ""F"" Grade",Fiji Victorian 2nd - F Grade - Syd Sault Shield,Round 1,R1,1,2014-10-04 12:30:00+00:00,Keon Park Cricket Club,Loss,loss,lost by 14 runs,Loxly Mather 46,Bharath Bhavanashi 2-36,False
5c27cb6a-c0f0-47b5-ba2d-3983595ed36d,c097ba1c-ea65-4a1e-8945-ffe9f22c576a,Summer 2015/16,755efc74-d324-4680-b15f-1d460a5b0478,755efc74-d324-4680-b15f-1d460a5b0478,Fiji Victorian,3c94a629-0e74-4a5a-90e5-5d9cc228d7c3,"NMCA - Bob Herman Shield - ""D"" Grade",Fiji Victorian - D Grade - Bob Herman Shield,Semi Finals,Semi Finals,1001,2016-03-05 13:00:00+00:00,West Preston Cricket Club,Loss,loss,lost by 41 runs,Andrew Mackenzie 61*,Shaun Vikash 6-66,False
6355b75a-dd87-47dc-b9ec-2ba74a93acbf,c097ba1c-ea65-4a1e-8945-ffe9f22c576a,Summer 2015/16,755efc74-d324-4680-b15f-1d460a5b0478,755efc74-d324-4680-b15f-1d460a5b0478,Fiji Victorian,3c94a629-0e74-4a5a-90e5-5d9cc228d7c3,"NMCA - Bob Herman Shield - ""D"" Grade",Fiji Victorian - D Grade - Bob Herman Shield,Round 14,R14,14,2016-02-20 13:00:00+00:00,Dennis Cricket Club,Win,win,won by an innings and 24 runs,Damandeep Sehra 56,Sajendra Shrestha 7-36,False
b40c587c-377c-4fcc-9ecc-cc76adcc6d1d,c097ba1c-ea65-4a1e-8945-ffe9f22c576a,Summer 2015/16,755efc74-d324-4680-b15f-1d460a5b0478,755efc74-d324-4680-b15f-1d460a5b0478,Fiji Victorian,3c94a629-0e74-4a5a-90e5-5d9cc228d7c3,"NMCA - Bob Herman Shield - ""D"" Grade",Fiji Victorian - D Grade - Bob Herman Shield,Round 13,R13,13,2016-02-06 13:00:00+00:00,West Preston Cricket Club,Loss,loss,lost by 56 runs,Pratik Shah 32,Shivnyl Naidu 4-71,False
c756fc75-c485-448d-ad72-fc20c473c96d,c097ba1c-ea65-4a1e-8945-ffe9f22c576a,Summer 2015/16,755efc74-d324-4680-b15f-1d460a5b0478,755efc74-d324-4680-b15f-1d460a5b0478,Fiji Victorian,3c94a629-0e74-4a5a-90e5-5d9cc228d7c3,"NMCA - Bob Herman Shield - ""D"" Grade",Fiji Victorian - D Grade - Bob Herman Shield,Round 12,R12,12,2016-01-23 13:00:00+00:00,Strathewen Cricket Club,Loss,loss,lost by 3 runs,Reuel Sharan 55,Baurel D'Mello 2-22,False
da355e45-a0bf-4f7b-9cb7-a8717586deaf,c097ba1c-ea65-4a1e-8945-ffe9f22c576a,Summer 2015/16,755efc74-d324-4680-b15f-1d460a5b0478,755efc74-d324-4680-b15f-1d460a5b0478,Fiji Victorian,3c94a629-0e74-4a5a-90e5-5d9cc228d7c3,"NMCA - Bob Herman Shield - ""D"" Grade",Fiji Victorian - D Grade - Bob Herman Shield,Round 11,R11,11,2016-01-17 13:00:00+00:00,West Ivanhoe United Cricket Club,Loss,loss,lost by 8 wickets,Jeishan Raj 40,Shivnyl Naidu 1-32,False
94e29e67-968e-4f79-8abd-ec9826021e45,c097ba1c-ea65-4a1e-8945-ffe9f22c576a,Summer 2015/16,755efc74-d324-4680-b15f-1d460a5b0478,755efc74-d324-4680-b15f-1d460a5b0478,Fiji Victorian,3c94a629-0e74-4a5a-90e5-5d9cc228d7c3,"NMCA - Bob Herman Shield - ""D"" Grade",Fiji Victorian - D Grade - Bob Herman Shield,Round 10,R10,10,2016-01-16 13:00:00+00:00,Preston Footballers Cricket Club,Loss,loss,lost by 24 runs,Chris Bradford 80,Shivnyl Naidu 4-36,False
ea7ecea5-73ab-4fa3-aa64-a84a4f0b84d2,c097ba1c-ea65-4a1e-8945-ffe9f22c576a,Summer 2015/16,755efc74-d324-4680-b15f-1d460a5b0478,755efc74-d324-4680-b15f-1d460a5b0478,Fiji Victorian,3c94a629-0e74-4a5a-90e5-5d9cc228d7c3,"NMCA - Bob Herman Shield - ""D"" Grade",Fiji Victorian - D Grade - Bob Herman Shield,Round 9,R9,9,2016-01-09 13:00:00+00:00,Donath Cricket Club,Loss,loss,lost by 4 runs,Reuben Sharan 41,Amresh Bhan 3-30,False
047f9e58-aeaa-410d-b23a-5acd9a9c4f0a,c097ba1c-ea65-4a1e-8945-ffe9f22c576a,Summer 2015/16,755efc74-d324-4680-b15f-1d460a5b0478,755efc74-d324-4680-b15f-1d460a5b0478,Fiji Victorian,3c94a629-0e74-4a5a-90e5-5d9cc228d7c3,"NMCA - Bob Herman Shield - ""D"" Grade",Fiji Victorian - D Grade - Bob Herman Shield,Round 8,R8,8,2015-12-12 13:00:00+00:00,Cameron Cricket Club,Draw,draw,draw,Shandil Bhan 47,Bobby Malli 1-0,False
ae19b360-6c9a-4ee2-8688-99f25266a990,c097ba1c-ea65-4a1e-8945-ffe9f22c576a,Summer 2015/16,755efc74-d324-4680-b15f-1d460a5b0478,755efc74-d324-4680-b15f-1d460a5b0478,Fiji Victorian,3c94a629-0e74-4a5a-90e5-5d9cc228d7c3,"NMCA - Bob Herman Shield - ""D"" Grade",Fiji Victorian - D Grade - Bob Herman Shield,Round 7,R7,7,2015-11-28 13:00:00+00:00,Preston Footballers Cricket Club,Win,win,won by an innings and 55 runs,Vinay Sharma 41*,Rama Bashamoni 6-28,False
f59fc7e5-9e75-404d-9e21-ab6d934b3f9b,c097ba1c-ea65-4a1e-8945-ffe9f22c576a,Summer 2015/16,755efc74-d324-4680-b15f-1d460a5b0478,755efc74-d324-4680-b15f-1d460a5b0478,Fiji Victorian,3c94a629-0e74-4a5a-90e5-5d9cc228d7c3,"NMCA - Bob Herman Shield - ""D"" Grade",Fiji Victorian - D Grade - Bob Herman Shield,Round 6,R6,6,2015-11-14 13:00:00+00:00,West Ivanhoe United Cricket Club,Loss,loss,lost by 5 runs,Shivnyl Naidu 33,Shivnyl Naidu 4-30,False
639c46f8-a0e3-4202-8cc0-1b70f2cc53d5,c097ba1c-ea65-4a1e-8945-ffe9f22c576a,Summer 2015/16,755efc74-d324-4680-b15f-1d460a5b0478,755efc74-d324-4680-b15f-1d460a5b0478,Fiji Victorian,3c94a629-0e74-4a5a-90e5-5d9cc228d7c3,"NMCA - Bob Herman Shield - ""D"" Grade",Fiji Victorian - D Grade - Bob Herman Shield,Round 5,R5,5,2015-11-07 13:00:00+00:00,West Preston Cricket Club,Win,win,won by 3 wickets,Pratik Shah 70*,Sajendra Shrestha 2-23,False
918ce636-32ea-4c55-bcef-2231dba52f92,c097ba1c-ea65-4a1e-8945-ffe9f22c576a,Summer 2015/16,755efc74-d324-4680-b15f-1d460a5b0478,755efc74-d324-4680-b15f-1d460a5b0478,Fiji Victorian,3c94a629-0e74-4a5a-90e5-5d9cc228d7c3,"NMCA - Bob Herman Shield - ""D"" Grade",Fiji Victorian - D Grade - Bob Herman Shield,Round 4,R4,4,2015-10-31 13:00:00+00:00,Dennis Cricket Club,Draw,draw,draw,—,—,False
bc603ad9-9739-4939-a96b-aed17ec67523,c097ba1c-ea65-4a1e-8945-ffe9f22c576a,Summer 2015/16,755efc74-d324-4680-b15f-1d460a5b0478,755efc74-d324-4680-b15f-1d460a5b0478,Fiji Victorian,3c94a629-0e74-4a5a-90e5-5d9cc228d7c3,"NMCA - Bob Herman Shield - ""D"" Grade",Fiji Victorian - D Grade - Bob Herman Shield,Round 3,R3,3,2015-10-17 13:00:00+00:00,Donath Cricket Club,Win,win,won by 3 wickets,Shandil Bhan 159,Rama Bashamoni 2-48,False
b7a2c1f1-133c-4fad-844f-372e09687722,c097ba1c-ea65-4a1e-8945-ffe9f22c576a,Summer 2015/16,755efc74-d324-4680-b15f-1d460a5b0478,755efc74-d324-4680-b15f-1d460a5b0478,Fiji Victorian,3c94a629-0e74-4a5a-90e5-5d9cc228d7c3,"NMCA - Bob Herman Shield - ""D"" Grade",Fiji Victorian - D Grade - Bob Herman Shield,Round 2,R2,2,2015-10-11 13:00:00+00:00,Cameron Cricket Club,Draw,draw,draw,Reuel Sharan 13*,Amresh Bhan 3-24,False
b72e0810-7f07-4618-8c7a-95c6770f21e6,c097ba1c-ea65-4a1e-8945-ffe9f22c576a,Summer 2015/16,755efc74-d324-4680-b15f-1d460a5b0478,755efc74-d324-4680-b15f-1d460a5b0478,Fiji Victorian,3c94a629-0e74-4a5a-90e5-5d9cc228d7c3,"NMCA - Bob Herman Shield - ""D"" Grade",Fiji Victorian - D Grade - Bob Herman Shield,Round 1,R1,1,2015-10-10 13:00:00+00:00,Strathewen Cricket Club,Win,win,won by 7 wickets,Reuel Sharan 55,Shivnyl Naidu 3-17,False
3a0e27e0-6e6d-498f-9876-49e591e58ffb,c097ba1c-ea65-4a1e-8945-ffe9f22c576a,Summer 2015/16,1b37a05a-db8e-4bb7-8609-6dff56ea52cb,1b37a05a-db8e-4bb7-8609-6dff56ea52cb,Fiji Victorian,424e92b0-dbcf-4ff3-8494-d632188529a1,NMCA - Jack Kelly Shield,Fiji Victorian - Jack Kelly Shield,Preliminary Final,Preliminary Final,1002,2016-03-12 13:00:00+00:00,Strathewen Cricket Club,Loss,loss,lost by 77 runs,Vinay Sharma 57,Suraj Thapa 4-62,False
7b8c3ea1-1ab2-4589-b3cb-3fe184f4c6b5,c097ba1c-ea65-4a1e-8945-ffe9f22c576a,Summer 2015/16,1b37a05a-db8e-4bb7-8609-6dff56ea52cb,1b37a05a-db8e-4bb7-8609-6dff56ea52cb,Fiji Victorian,424e92b0-dbcf-4ff3-8494-d632188529a1,NMCA - Jack Kelly Shield,Fiji Victorian - Jack Kelly Shield,Semi Finals,Semi Finals,1001,2016-03-05 13:00:00+00:00,Cameron Cricket Club,Loss,loss,lost by 9 wickets,Danny Singh 66,Nitin Tanwar 1-5,False
4cca1c0b-9d12-4e52-9fa9-a3d4d25d14e9,c097ba1c-ea65-4a1e-8945-ffe9f22c576a,Summer 2015/16,1b37a05a-db8e-4bb7-8609-6dff56ea52cb,1b37a05a-db8e-4bb7-8609-6dff56ea52cb,Fiji Victorian,424e92b0-dbcf-4ff3-8494-d632188529a1,NMCA - Jack Kelly Shield,Fiji Victorian - Jack Kelly Shield,Round 14,R14,14,2016-02-20 13:00:00+00:00,Dennis Cricket Club,Win,win,won by 3 wickets,Nitin Tanwar 75,Rama Bashamoni 3-37,False
5362d427-390a-4813-9d1c-e1ed2afd17c9,c097ba1c-ea65-4a1e-8945-ffe9f22c576a,Summer 2015/16,1b37a05a-db8e-4bb7-8609-6dff56ea52cb,1b37a05a-db8e-4bb7-8609-6dff56ea52cb,Fiji Victorian,424e92b0-dbcf-4ff3-8494-d632188529a1,NMCA - Jack Kelly Shield,Fiji Victorian - Jack Kelly Shield,Round 13,R13,13,2016-02-06 13:00:00+00:00,West Preston Cricket Club,Loss,loss,lost by 132 runs,Kalpeshkumar Patel 40,Vinit Naidu 3-42,False
d6b357bd-3aa3-471e-899d-0dbc2ab4bc1f,c097ba1c-ea65-4a1e-8945-ffe9f22c576a,Summer 2015/16,1b37a05a-db8e-4bb7-8609-6dff56ea52cb,1b37a05a-db8e-4bb7-8609-6dff56ea52cb,Fiji Victorian,424e92b0-dbcf-4ff3-8494-d632188529a1,NMCA - Jack Kelly Shield,Fiji Victorian - Jack Kelly Shield,Round 12,R12,12,2016-01-23 13:00:00+00:00,Strathewen Cricket Club,Win,win,won by 41 runs,Kalpeshkumar Patel 82,Rama Bashamoni 4-44,False
27a307bf-d232-43dc-9505-202eebcc71aa,c097ba1c-ea65-4a1e-8945-ffe9f22c576a,Summer 2015/16,1b37a05a-db8e-4bb7-8609-6dff56ea52cb,1b37a05a-db8e-4bb7-8609-6dff56ea52cb,Fiji Victorian,424e92b0-dbcf-4ff3-8494-d632188529a1,NMCA - Jack Kelly Shield,Fiji Victorian - Jack Kelly Shield,Round 11,R11,11,2016-01-17 13:00:00+00:00,West Ivanhoe United Cricket Club,Loss,loss,lost by 8 wickets,Nitin Tanwar 62,Damien Vikash 1-23,False
c168f9d9-7fb8-4c5c-94fc-a2201fe25345,c097ba1c-ea65-4a1e-8945-ffe9f22c576a,Summer 2015/16,1b37a05a-db8e-4bb7-8609-6dff56ea52cb,1b37a05a-db8e-4bb7-8609-6dff56ea52cb,Fiji Victorian,424e92b0-dbcf-4ff3-8494-d632188529a1,NMCA - Jack Kelly Shield,Fiji Victorian - Jack Kelly Shield,Round 10,R10,10,2016-01-16 13:00:00+00:00,Preston Footballers Cricket Club,Loss,loss,lost by 34 runs,Nitin Tanwar 41,Bobby Malli 3-56,False
3d55fe27-3b75-4745-b9b0-ee0fcdd4efff,c097ba1c-ea65-4a1e-8945-ffe9f22c576a,Summer 2015/16,1b37a05a-db8e-4bb7-8609-6dff56ea52cb,1b37a05a-db8e-4bb7-8609-6dff56ea52cb,Fiji Victorian,424e92b0-dbcf-4ff3-8494-d632188529a1,NMCA - Jack Kelly Shield,Fiji Victorian - Jack Kelly Shield,Round 9,R9,9,2016-01-09 13:00:00+00:00,Donath Cricket Club,Win,win,won by 12 runs,Kalpeshkumar Patel 58,Suraj Thapa 4-38,False
104fd3bd-56f7-41f2-9050-56de36a94a73,c097ba1c-ea65-4a1e-8945-ffe9f22c576a,Summer 2015/16,1b37a05a-db8e-4bb7-8609-6dff56ea52cb,1b37a05a-db8e-4bb7-8609-6dff56ea52cb,Fiji Victorian,424e92b0-dbcf-4ff3-8494-d632188529a1,NMCA - Jack Kelly Shield,Fiji Victorian - Jack Kelly Shield,Round 8,R8,8,2015-12-12 13:00:00+00:00,Cameron Cricket Club,Draw,draw,draw,Danny Singh 63,Sajendra Shrestha 2-12,False
102e8bce-5638-453b-8a88-5d75ce533273,c097ba1c-ea65-4a1e-8945-ffe9f22c576a,Summer 2015/16,1b37a05a-db8e-4bb7-8609-6dff56ea52cb,1b37a05a-db8e-4bb7-8609-6dff56ea52cb,Fiji Victorian,424e92b0-dbcf-4ff3-8494-d632188529a1,NMCA - Jack Kelly Shield,Fiji Victorian - Jack Kelly Shield,Round 7,R7,7,2015-11-28 13:00:00+00:00,Preston Footballers Cricket Club,Loss,loss,lost by 3 wickets,Vinit Naidu 50*,Shaun Vikash 4-36,False
2b62c5e1-053c-4e38-8368-ca434e31f689,c097ba1c-ea65-4a1e-8945-ffe9f22c576a,Summer 2015/16,1b37a05a-db8e-4bb7-8609-6dff56ea52cb,1b37a05a-db8e-4bb7-8609-6dff56ea52cb,Fiji Victorian,424e92b0-dbcf-4ff3-8494-d632188529a1,NMCA - Jack Kelly Shield,Fiji Victorian - Jack Kelly Shield,Round 6,R6,6,2015-11-14 13:00:00+00:00,West Ivanhoe United Cricket Club,Win,win,won by 20 runs,Kalpeshkumar Patel 55,Vinit Naidu 4-61,False
cd61d846-ac8a-413e-9bf6-68988aea8d2b,c097ba1c-ea65-4a1e-8945-ffe9f22c576a,Summer 2015/16,1b37a05a-db8e-4bb7-8609-6dff56ea52cb,1b37a05a-db8e-4bb7-8609-6dff56ea52cb,Fiji Victorian,424e92b0-dbcf-4ff3-8494-d632188529a1,NMCA - Jack Kelly Shield,Fiji Victorian - Jack Kelly Shield,Round 5,R5,5,2015-11-07 13:00:00+00:00,West Preston Cricket Club,Win,win,won by 8 wickets,Baurel D'Mello 101*,Baurel D'Mello 3-19,False
485c999b-4aa2-463e-b434-3cda4bcc90a8,c097ba1c-ea65-4a1e-8945-ffe9f22c576a,Summer 2015/16,1b37a05a-db8e-4bb7-8609-6dff56ea52cb,1b37a05a-db8e-4bb7-8609-6dff56ea52cb,Fiji Victorian,424e92b0-dbcf-4ff3-8494-d632188529a1,NMCA - Jack Kelly Shield,Fiji Victorian - Jack Kelly Shield,Round 4,R4,4,2015-10-31 13:00:00+00:00,Dennis Cricket Club,Draw,draw,draw,—,—,False
8962e0fe-bbb2-4529-bd0c-b1f83a2e480b,c097ba1c-ea65-4a1e-8945-ffe9f22c576a,Summer 2015/16,1b37a05a-db8e-4bb7-8609-6dff56ea52cb,1b37a05a-db8e-4bb7-8609-6dff56ea52cb,Fiji Victorian,424e92b0-dbcf-4ff3-8494-d632188529a1,NMCA - Jack Kelly Shield,Fiji Victorian - Jack Kelly Shield,Round 3,R3,3,2015-10-17 13:00:00+00:00,Donath Cricket Club,Win,win,won by 10 wickets,Baurel D'Mello 90*,Vinit Naidu 5-27,False
f2fdd939-7e4c-45e3-8c06-e1381ace9c76,c097ba1c-ea65-4a1e-8945-ffe9f22c576a,Summer 2015/16,1b37a05a-db8e-4bb7-8609-6dff56ea52cb,1b37a05a-db8e-4bb7-8609-6dff56ea52cb,Fiji Victorian,424e92b0-dbcf-4ff3-8494-d632188529a1,NMCA - Jack Kelly Shield,Fiji Victorian - Jack Kelly Shield,Round 2,R2,2,2015-10-11 13:00:00+00:00,Cameron Cricket Club,Draw,draw,draw,Baurel D'Mello 51,Damien Vikash 1-40,False
a1fd599a-3931-4cb8-9956-d3caff48e54d,c097ba1c-ea65-4a1e-8945-ffe9f22c576a,Summer 2015/16,1b37a05a-db8e-4bb7-8609-6dff56ea52cb,1b37a05a-db8e-4bb7-8609-6dff56ea52cb,Fiji Victorian,424e92b0-dbcf-4ff3-8494-d632188529a1,NMCA - Jack Kelly Shield,Fiji Victorian - Jack Kelly Shield,Round 1,R1,1,2015-10-10 13:00:00+00:00,Strathewen Cricket Club,Win,win,won by 54 runs,Benjamin Frew 37,Suraj Thapa 2-16,False
ebde4d67-646b-4405-ad9c-c0a06eb42f9f,c097ba1c-ea65-4a1e-8945-ffe9f22c576a,Summer 2015/16,998f500c-4303-401c-9b18-9f297c2718ca,998f500c-4303-401c-9b18-9f297c2718ca,Fiji Victorian 3rd XI,b1bc5f79-7f0a-43bb-8622-3d884e9c736f,"NMCA - ""F"" Grade South - Torrens Shield",Fiji Victorian 3rd - F Grade South - Harry Torrens Shield,Round 10,R10,10,2016-02-20 13:00:00+00:00,Preston Baseballers Cricket Club,Loss,loss,lost by 312 runs,Cameron Harper 16,Raj Koppula 5-94,False
1d2897dd-866b-4c7c-a897-5018ee410578,c097ba1c-ea65-4a1e-8945-ffe9f22c576a,Summer 2015/16,998f500c-4303-401c-9b18-9f297c2718ca,998f500c-4303-401c-9b18-9f297c2718ca,Fiji Victorian 3rd XI,b1bc5f79-7f0a-43bb-8622-3d884e9c736f,"NMCA - ""F"" Grade South - Torrens Shield",Fiji Victorian 3rd - F Grade South - Harry Torrens Shield,Round 9,R9,9,2016-02-06 13:00:00+00:00,Northern Socials Cricket Club,Loss,loss,lost by 224 runs,Bobby Malli 137,Deepak Sharma 2-97,False
ef67d1cd-1c0e-4a42-be96-101191a93737,c097ba1c-ea65-4a1e-8945-ffe9f22c576a,Summer 2015/16,998f500c-4303-401c-9b18-9f297c2718ca,998f500c-4303-401c-9b18-9f297c2718ca,Fiji Victorian 3rd XI,b1bc5f79-7f0a-43bb-8622-3d884e9c736f,"NMCA - ""F"" Grade South - Torrens Shield",Fiji Victorian 3rd - F Grade South - Harry Torrens Shield,Round 8,R8,8,2016-01-23 13:00:00+00:00,Holy Trinity Cricket Club,Loss,loss,lost,Chris Bradford 56,Clint Fernandes 4-33,False
4d5681c7-5c1c-4e47-a597-988389a59f8f,c097ba1c-ea65-4a1e-8945-ffe9f22c576a,Summer 2015/16,998f500c-4303-401c-9b18-9f297c2718ca,998f500c-4303-401c-9b18-9f297c2718ca,Fiji Victorian 3rd XI,b1bc5f79-7f0a-43bb-8622-3d884e9c736f,"NMCA - ""F"" Grade South - Torrens Shield",Fiji Victorian 3rd - F Grade South - Harry Torrens Shield,Round 7,R7,7,2016-01-16 13:00:00+00:00,Dennis Cricket Club,Loss,loss,lost by forfeit,—,—,False
f1a138c5-4d39-4a01-a70e-9bb7cd16b95d,c097ba1c-ea65-4a1e-8945-ffe9f22c576a,Summer 2015/16,998f500c-4303-401c-9b18-9f297c2718ca,998f500c-4303-401c-9b18-9f297c2718ca,Fiji Victorian 3rd XI,b1bc5f79-7f0a-43bb-8622-3d884e9c736f,"NMCA - ""F"" Grade South - Torrens Shield",Fiji Victorian 3rd - F Grade South - Harry Torrens Shield,Round 6,R6,6,2015-12-12 13:00:00+00:00,Preston Druids Cricket Club,Loss,loss,lost by 6 wickets,Chris Bradford 71,Andrew Mackenzie 1-26,False
eaf91580-cbcf-41d6-b605-06a72ded9a6f,c097ba1c-ea65-4a1e-8945-ffe9f22c576a,Summer 2015/16,998f500c-4303-401c-9b18-9f297c2718ca,998f500c-4303-401c-9b18-9f297c2718ca,Fiji Victorian 3rd XI,b1bc5f79-7f0a-43bb-8622-3d884e9c736f,"NMCA - ""F"" Grade South - Torrens Shield",Fiji Victorian 3rd - F Grade South - Harry Torrens Shield,Round 5,R5,5,2015-11-28 13:00:00+00:00,Preston Druids Cricket Club,Loss,loss,lost by 231 runs,Rahul Lalji 52*,Raj Nand 2-48,False
ae6822c2-6108-4ecd-86d2-255a0a2d5ad8,c097ba1c-ea65-4a1e-8945-ffe9f22c576a,Summer 2015/16,998f500c-4303-401c-9b18-9f297c2718ca,998f500c-4303-401c-9b18-9f297c2718ca,Fiji Victorian 3rd XI,b1bc5f79-7f0a-43bb-8622-3d884e9c736f,"NMCA - ""F"" Grade South - Torrens Shield",Fiji Victorian 3rd - F Grade South - Harry Torrens Shield,Round 4,R4,4,2015-11-14 13:00:00+00:00,Dennis Cricket Club,Win,win,won by 6 wickets,Bobby Malli 86,Clint Fernandes 4-97,False
08135c0d-8c45-47b9-abf9-86f9c4f717a0,c097ba1c-ea65-4a1e-8945-ffe9f22c576a,Summer 2015/16,998f500c-4303-401c-9b18-9f297c2718ca,998f500c-4303-401c-9b18-9f297c2718ca,Fiji Victorian 3rd XI,b1bc5f79-7f0a-43bb-8622-3d884e9c736f,"NMCA - ""F"" Grade South - Torrens Shield",Fiji Victorian 3rd - F Grade South - Harry Torrens Shield,Round 3,R3,3,2015-11-07 13:00:00+00:00,Northern Socials Cricket Club,Loss,loss,lost by 1 wickets,Andrew Mackenzie 68,Shalen Nand 2-25,False
6f6b8c58-6116-46d0-87c1-fe7321a9e4ef,c097ba1c-ea65-4a1e-8945-ffe9f22c576a,Summer 2015/16,998f500c-4303-401c-9b18-9f297c2718ca,998f500c-4303-401c-9b18-9f297c2718ca,Fiji Victorian 3rd XI,b1bc5f79-7f0a-43bb-8622-3d884e9c736f,"NMCA - ""F"" Grade South - Torrens Shield",Fiji Victorian 3rd - F Grade South - Harry Torrens Shield,Round 2,R2,2,2015-10-31 13:00:00+00:00,Holy Trinity Cricket Club,Draw,draw,draw,—,—,False
59a8c55d-d08c-4069-b4a1-1494804c30a6,c097ba1c-ea65-4a1e-8945-ffe9f22c576a,Summer 2015/16,998f500c-4303-401c-9b18-9f297c2718ca,998f500c-4303-401c-9b18-9f297c2718ca,Fiji Victorian 3rd XI,b1bc5f79-7f0a-43bb-8622-3d884e9c736f,"NMCA - ""F"" Grade South - Torrens Shield",Fiji Victorian 3rd - F Grade South - Harry Torrens Shield,Round 1,R1,1,2015-10-24 13:00:00+00:00,Preston Baseballers Cricket Club,Loss,loss,lost by 163 runs,Suman Singh 21,Ricky Singh 2-32,False
bce8b41f-598e-43f2-9ccc-c63c09f049f3,7ec61036-ef0f-434b-9cfb-d287d9f6ec26,Summer 2016/17,e2eb3fbf-bf58-4cf3-9148-911b2b9adc9b,e2eb3fbf-bf58-4cf3-9148-911b2b9adc9b,Fiji Victorian,2eec46a0-96a8-4858-93ee-407017161d4a,"NMCA - Bob Herman Shield - ""D"" Grade",Fiji Victorian - D Grade - Bob Herman Shield,Grand Final,Grand Final,1003,2017-03-11 13:00:00+00:00,West Preston Cricket Club,Win,win,won by 15 runs,Jimmy Sharma 60,Shivnyl Naidu 6-49,True
581419c1-1cda-4379-8974-6c7b68ed5250,7ec61036-ef0f-434b-9cfb-d287d9f6ec26,Summer 2016/17,e2eb3fbf-bf58-4cf3-9148-911b2b9adc9b,e2eb3fbf-bf58-4cf3-9148-911b2b9adc9b,Fiji Victorian,2eec46a0-96a8-4858-93ee-407017161d4a,"NMCA - Bob Herman Shield - ""D"" Grade",Fiji Victorian - D Grade - Bob Herman Shield,Semi Finals,Semi Finals,1001,2017-03-04 13:00:00+00:00,Donath Cricket Club,Win,win,won by 100 runs,Janaka Wijayakoon 60,Nabin Shrestha 4-26,False
a640d2f3-d902-4095-ae5a-fa1a8b74be92,7ec61036-ef0f-434b-9cfb-d287d9f6ec26,Summer 2016/17,e2eb3fbf-bf58-4cf3-9148-911b2b9adc9b,e2eb3fbf-bf58-4cf3-9148-911b2b9adc9b,Fiji Victorian,2eec46a0-96a8-4858-93ee-407017161d4a,"NMCA - Bob Herman Shield - ""D"" Grade",Fiji Victorian - D Grade - Bob Herman Shield,Round 14,R14,14,2017-02-18 13:00:00+00:00,West Ivanhoe United Cricket Club,Win,win,won by 70 runs,Janaka Wijayakoon 108,Shaun Vikash 5-26,False
b63acb06-ef43-4b1e-acfc-d174f0b6b9b5,7ec61036-ef0f-434b-9cfb-d287d9f6ec26,Summer 2016/17,e2eb3fbf-bf58-4cf3-9148-911b2b9adc9b,e2eb3fbf-bf58-4cf3-9148-911b2b9adc9b,Fiji Victorian,2eec46a0-96a8-4858-93ee-407017161d4a,"NMCA - Bob Herman Shield - ""D"" Grade",Fiji Victorian - D Grade - Bob Herman Shield,Round 13,R13,13,2017-02-04 13:00:00+00:00,Bellfield Cricket Club,Win,win,won by an innings and 37 runs,Pratik Shah 31,Shaun Vikash 5-13,False
baa487f3-c763-483b-b94d-4a493b2414d2,7ec61036-ef0f-434b-9cfb-d287d9f6ec26,Summer 2016/17,e2eb3fbf-bf58-4cf3-9148-911b2b9adc9b,e2eb3fbf-bf58-4cf3-9148-911b2b9adc9b,Fiji Victorian,2eec46a0-96a8-4858-93ee-407017161d4a,"NMCA - Bob Herman Shield - ""D"" Grade",Fiji Victorian - D Grade - Bob Herman Shield,Round 12,R12,12,2017-01-21 13:00:00+00:00,Preston Footballers Cricket Club,Win,win,won by an innings and 76 runs,Vinay Sharma 125,Sandeep Gill 4-13,False
feed4ffe-4398-4a3c-9135-355f20074126,7ec61036-ef0f-434b-9cfb-d287d9f6ec26,Summer 2016/17,e2eb3fbf-bf58-4cf3-9148-911b2b9adc9b,e2eb3fbf-bf58-4cf3-9148-911b2b9adc9b,Fiji Victorian,2eec46a0-96a8-4858-93ee-407017161d4a,"NMCA - Bob Herman Shield - ""D"" Grade",Fiji Victorian - D Grade - Bob Herman Shield,Round 11,R11,11,2017-01-15 13:00:00+00:00,Strathewen Cricket Club,Win,win,won by 8 wickets,Reuel Sharan 23*,Shaun Vikash 4-12,False
45fb4cb6-7845-4c7f-84d0-d252106a4906,7ec61036-ef0f-434b-9cfb-d287d9f6ec26,Summer 2016/17,e2eb3fbf-bf58-4cf3-9148-911b2b9adc9b,e2eb3fbf-bf58-4cf3-9148-911b2b9adc9b,Fiji Victorian,2eec46a0-96a8-4858-93ee-407017161d4a,"NMCA - Bob Herman Shield - ""D"" Grade",Fiji Victorian - D Grade - Bob Herman Shield,Round 10,R10,10,2017-01-14 13:00:00+00:00,Fairfield Cricket Club,Win,win,won by 1 runs,Reuel Sharan 54,Jimmy Sharma 2-25,False
65daeaf0-7bf7-456b-81a3-5f5134d07d8e,7ec61036-ef0f-434b-9cfb-d287d9f6ec26,Summer 2016/17,e2eb3fbf-bf58-4cf3-9148-911b2b9adc9b,e2eb3fbf-bf58-4cf3-9148-911b2b9adc9b,Fiji Victorian,2eec46a0-96a8-4858-93ee-407017161d4a,"NMCA - Bob Herman Shield - ""D"" Grade",Fiji Victorian - D Grade - Bob Herman Shield,Round 9,R9,9,2017-01-07 13:00:00+00:00,Donath Cricket Club,Loss,loss,lost by 3 wickets,Reuel Sharan 49,Nabin Shrestha 2-17,False
c4a48cc8-4dfa-4350-b5a2-3a18c10b9114,7ec61036-ef0f-434b-9cfb-d287d9f6ec26,Summer 2016/17,e2eb3fbf-bf58-4cf3-9148-911b2b9adc9b,e2eb3fbf-bf58-4cf3-9148-911b2b9adc9b,Fiji Victorian,2eec46a0-96a8-4858-93ee-407017161d4a,"NMCA - Bob Herman Shield - ""D"" Grade",Fiji Victorian - D Grade - Bob Herman Shield,Round 8,R8,8,2016-12-10 13:00:00+00:00,Old Ivanhoe Cricket Club,Win,win,won,Janaka Wijayakoon 96,Sandeep Gill 3-8,False
d320c5cf-4638-4e3f-ab26-6b98db5d1d45,7ec61036-ef0f-434b-9cfb-d287d9f6ec26,Summer 2016/17,e2eb3fbf-bf58-4cf3-9148-911b2b9adc9b,e2eb3fbf-bf58-4cf3-9148-911b2b9adc9b,Fiji Victorian,2eec46a0-96a8-4858-93ee-407017161d4a,"NMCA - Bob Herman Shield - ""D"" Grade",Fiji Victorian - D Grade - Bob Herman Shield,Round 7,R7,7,2016-11-26 13:00:00+00:00,Dennis Cricket Club,Win,win,won by an innings and 34 runs,Sagar Shrestha 33*,Shaun Vikash 5-8,False
08a927a3-6978-4e2b-93d9-f2530a4a811b,7ec61036-ef0f-434b-9cfb-d287d9f6ec26,Summer 2016/17,e2eb3fbf-bf58-4cf3-9148-911b2b9adc9b,e2eb3fbf-bf58-4cf3-9148-911b2b9adc9b,Fiji Victorian,2eec46a0-96a8-4858-93ee-407017161d4a,"NMCA - Bob Herman Shield - ""D"" Grade",Fiji Victorian - D Grade - Bob Herman Shield,Round 6,R6,6,2016-11-12 13:00:00+00:00,Strathewen Cricket Club,Win,win,won by 72 runs,Damandeep Sehra 88,Sandeep Gill 3-31,False
fb3ab0c2-31b4-474e-8698-65986edded66,7ec61036-ef0f-434b-9cfb-d287d9f6ec26,Summer 2016/17,e2eb3fbf-bf58-4cf3-9148-911b2b9adc9b,e2eb3fbf-bf58-4cf3-9148-911b2b9adc9b,Fiji Victorian,2eec46a0-96a8-4858-93ee-407017161d4a,"NMCA - Bob Herman Shield - ""D"" Grade",Fiji Victorian - D Grade - Bob Herman Shield,Round 5,R5,5,2016-11-06 13:00:00+00:00,Preston Footballers Cricket Club,Win,win,won by 97 runs,Janaka Wijayakoon 73,Amresh Bhan 2-8,False
69a3e577-d864-4f54-a455-a91398af8d5d,7ec61036-ef0f-434b-9cfb-d287d9f6ec26,Summer 2016/17,e2eb3fbf-bf58-4cf3-9148-911b2b9adc9b,e2eb3fbf-bf58-4cf3-9148-911b2b9adc9b,Fiji Victorian,2eec46a0-96a8-4858-93ee-407017161d4a,"NMCA - Bob Herman Shield - ""D"" Grade",Fiji Victorian - D Grade - Bob Herman Shield,Round 4,R4,4,2016-11-05 13:00:00+00:00,West Preston Cricket Club,Loss,loss,lost by 122 runs,Reuel Sharan 27,Shaun Vikash 3-39,False
edef4c7c-6075-42e5-8ac6-d5b674a969a3,7ec61036-ef0f-434b-9cfb-d287d9f6ec26,Summer 2016/17,e2eb3fbf-bf58-4cf3-9148-911b2b9adc9b,e2eb3fbf-bf58-4cf3-9148-911b2b9adc9b,Fiji Victorian,2eec46a0-96a8-4858-93ee-407017161d4a,"NMCA - Bob Herman Shield - ""D"" Grade",Fiji Victorian - D Grade - Bob Herman Shield,Round 3,R3,3,2016-10-29 13:00:00+00:00,West Ivanhoe United Cricket Club,Win,win,won by 29 runs,Damandeep Sehra 74*,Sandeep Gill 3-22,False
90f93317-6d00-4492-a459-ebf273e4fdca,7ec61036-ef0f-434b-9cfb-d287d9f6ec26,Summer 2016/17,e2eb3fbf-bf58-4cf3-9148-911b2b9adc9b,e2eb3fbf-bf58-4cf3-9148-911b2b9adc9b,Fiji Victorian,2eec46a0-96a8-4858-93ee-407017161d4a,"NMCA - Bob Herman Shield - ""D"" Grade",Fiji Victorian - D Grade - Bob Herman Shield,Round 2,R2,2,2016-10-15 13:00:00+00:00,Donath Cricket Club,Draw,draw,draw,Reuel Sharan 21,Shaun Vikash 5-39,False
7292769a-7a71-4dc1-8a36-2b06eadb1d6e,7ec61036-ef0f-434b-9cfb-d287d9f6ec26,Summer 2016/17,e2eb3fbf-bf58-4cf3-9148-911b2b9adc9b,e2eb3fbf-bf58-4cf3-9148-911b2b9adc9b,Fiji Victorian,2eec46a0-96a8-4858-93ee-407017161d4a,"NMCA - Bob Herman Shield - ""D"" Grade",Fiji Victorian - D Grade - Bob Herman Shield,Round 1,R1,1,2016-10-08 13:00:00+00:00,Old Ivanhoe Cricket Club,Loss,loss,lost by 31 runs,Pratik Shah 36,Amresh Bhan 5-43,False
04939db3-022e-47b6-aa0c-74239f2318bf,7ec61036-ef0f-434b-9cfb-d287d9f6ec26,Summer 2016/17,16972faa-7f10-4386-b755-657571a46585,16972faa-7f10-4386-b755-657571a46585,Fiji Victorian,667ad72c-2564-4304-97a4-2279f8b73e9e,NMCA - Jack Kelly Shield,Fiji Victorian - Jack Kelly Shield,Round 14,R14,14,2017-02-18 13:00:00+00:00,West Ivanhoe United Cricket Club,Win,win,won by 5 wickets,Andrew Mackenzie 40,Sajendra Shrestha 6-33,False
e7143f71-8c51-4bf3-abc7-c7a19af74c3b,7ec61036-ef0f-434b-9cfb-d287d9f6ec26,Summer 2016/17,16972faa-7f10-4386-b755-657571a46585,16972faa-7f10-4386-b755-657571a46585,Fiji Victorian,667ad72c-2564-4304-97a4-2279f8b73e9e,NMCA - Jack Kelly Shield,Fiji Victorian - Jack Kelly Shield,Round 13,R13,13,2017-02-04 13:00:00+00:00,Bellfield Cricket Club,Loss,loss,lost by 99 runs,Kalpeshkumar Patel 59,Sajendra Shrestha 5-60,False
eec92308-9b69-474f-a814-6172de098d7c,7ec61036-ef0f-434b-9cfb-d287d9f6ec26,Summer 2016/17,16972faa-7f10-4386-b755-657571a46585,16972faa-7f10-4386-b755-657571a46585,Fiji Victorian,667ad72c-2564-4304-97a4-2279f8b73e9e,NMCA - Jack Kelly Shield,Fiji Victorian - Jack Kelly Shield,Round 12,R12,12,2017-01-21 13:00:00+00:00,Preston Footballers Cricket Club,Win,win,won by an innings and 6 runs,Baurel D'Mello 45,Sajendra Shrestha 7-19,False
f3ef15e6-f5fe-42f8-b00f-0a5cd9015e63,7ec61036-ef0f-434b-9cfb-d287d9f6ec26,Summer 2016/17,16972faa-7f10-4386-b755-657571a46585,16972faa-7f10-4386-b755-657571a46585,Fiji Victorian,667ad72c-2564-4304-97a4-2279f8b73e9e,NMCA - Jack Kelly Shield,Fiji Victorian - Jack Kelly Shield,Round 11,R11,11,2017-01-15 13:00:00+00:00,Strathewen Cricket Club,Loss,loss,lost by 40 runs,Benjamin Frew 45,Nikhil Sawant 3-23,False
2e1738e4-1832-4b33-8b63-eb716066021b,7ec61036-ef0f-434b-9cfb-d287d9f6ec26,Summer 2016/17,16972faa-7f10-4386-b755-657571a46585,16972faa-7f10-4386-b755-657571a46585,Fiji Victorian,667ad72c-2564-4304-97a4-2279f8b73e9e,NMCA - Jack Kelly Shield,Fiji Victorian - Jack Kelly Shield,Round 10,R10,10,2017-01-14 13:00:00+00:00,Fairfield Cricket Club,Win,win,won by 1 wickets,Kalpeshkumar Patel 56*,Kushal Tuladhar 3-14,False
3dd54300-fe50-4a71-bf6f-d95ab1758c0a,7ec61036-ef0f-434b-9cfb-d287d9f6ec26,Summer 2016/17,16972faa-7f10-4386-b755-657571a46585,16972faa-7f10-4386-b755-657571a46585,Fiji Victorian,667ad72c-2564-4304-97a4-2279f8b73e9e,NMCA - Jack Kelly Shield,Fiji Victorian - Jack Kelly Shield,Round 9,R9,9,2017-01-07 13:00:00+00:00,Donath Cricket Club,Win,win,won by 56 runs,Benjamin Frew 40,Kushal Tuladhar 4-32,False
27977fc9-0445-46e0-ad79-fb3523593326,7ec61036-ef0f-434b-9cfb-d287d9f6ec26,Summer 2016/17,16972faa-7f10-4386-b755-657571a46585,16972faa-7f10-4386-b755-657571a46585,Fiji Victorian,667ad72c-2564-4304-97a4-2279f8b73e9e,NMCA - Jack Kelly Shield,Fiji Victorian - Jack Kelly Shield,Round 8,R8,8,2016-12-10 13:00:00+00:00,Old Ivanhoe Cricket Club,Loss,loss,lost by 93 runs,Pratik Shah 38,Baurel D'Mello 3-91,False
82562d35-c55e-4d11-99e0-d19a6ad1e4d0,7ec61036-ef0f-434b-9cfb-d287d9f6ec26,Summer 2016/17,16972faa-7f10-4386-b755-657571a46585,16972faa-7f10-4386-b755-657571a46585,Fiji Victorian,667ad72c-2564-4304-97a4-2279f8b73e9e,NMCA - Jack Kelly Shield,Fiji Victorian - Jack Kelly Shield,Round 7,R7,7,2016-11-26 13:00:00+00:00,Dennis Cricket Club,Loss,loss,lost by 7 wickets,Bobby Malli 38,Shivnyl Naidu 4-64,False
d4a14c5f-2b98-4619-b529-dc29f1f87aff,7ec61036-ef0f-434b-9cfb-d287d9f6ec26,Summer 2016/17,16972faa-7f10-4386-b755-657571a46585,16972faa-7f10-4386-b755-657571a46585,Fiji Victorian,667ad72c-2564-4304-97a4-2279f8b73e9e,NMCA - Jack Kelly Shield,Fiji Victorian - Jack Kelly Shield,Round 6,R6,6,2016-11-12 13:00:00+00:00,Strathewen Cricket Club,Loss,loss,lost,Baurel D'Mello 77,Nikhil Sawant 6-49,False
7495d1dd-8e3e-4dd9-aa80-2d3600f5bb07,7ec61036-ef0f-434b-9cfb-d287d9f6ec26,Summer 2016/17,16972faa-7f10-4386-b755-657571a46585,16972faa-7f10-4386-b755-657571a46585,Fiji Victorian,667ad72c-2564-4304-97a4-2279f8b73e9e,NMCA - Jack Kelly Shield,Fiji Victorian - Jack Kelly Shield,Round 5,R5,5,2016-11-06 13:00:00+00:00,Preston Footballers Cricket Club,Loss,loss,lost by 12 runs,Damien Vikash 35*,Shivnyl Naidu 3-29,False
8df18569-5b6f-43c9-a47a-4982ec446d45,7ec61036-ef0f-434b-9cfb-d287d9f6ec26,Summer 2016/17,16972faa-7f10-4386-b755-657571a46585,16972faa-7f10-4386-b755-657571a46585,Fiji Victorian,667ad72c-2564-4304-97a4-2279f8b73e9e,NMCA - Jack Kelly Shield,Fiji Victorian - Jack Kelly Shield,Round 4,R4,4,2016-11-05 13:00:00+00:00,West Preston Cricket Club,Loss,loss,lost by 105 runs,Baurel D'Mello 41*,Damien Vikash 3-36,False
2f47ef84-4b33-4dff-bbdd-51375dfa4d57,7ec61036-ef0f-434b-9cfb-d287d9f6ec26,Summer 2016/17,16972faa-7f10-4386-b755-657571a46585,16972faa-7f10-4386-b755-657571a46585,Fiji Victorian,667ad72c-2564-4304-97a4-2279f8b73e9e,NMCA - Jack Kelly Shield,Fiji Victorian - Jack Kelly Shield,Round 3,R3,3,2016-10-29 13:00:00+00:00,West Ivanhoe United Cricket Club,Loss,loss,lost by 33 runs,Benjamin Frew 25*,Rama Bashamoni 3-32,False
a8b24e1f-9fb6-4acc-a04a-8eb6c70556be,7ec61036-ef0f-434b-9cfb-d287d9f6ec26,Summer 2016/17,16972faa-7f10-4386-b755-657571a46585,16972faa-7f10-4386-b755-657571a46585,Fiji Victorian,667ad72c-2564-4304-97a4-2279f8b73e9e,NMCA - Jack Kelly Shield,Fiji Victorian - Jack Kelly Shield,Round 2,R2,2,2016-10-15 13:00:00+00:00,Donath Cricket Club,Loss,loss,lost by 2 wickets,Shivnyl Naidu 13,Nikhil Sawant 4-27,False
271708b4-88e0-469f-93c6-855d60626675,7ec61036-ef0f-434b-9cfb-d287d9f6ec26,Summer 2016/17,16972faa-7f10-4386-b755-657571a46585,16972faa-7f10-4386-b755-657571a46585,Fiji Victorian,667ad72c-2564-4304-97a4-2279f8b73e9e,NMCA - Jack Kelly Shield,Fiji Victorian - Jack Kelly Shield,Round 1,R1,1,2016-10-08 13:00:00+00:00,Old Ivanhoe Cricket Club,Loss,loss,lost by 17 runs,Baurel D'Mello 25,Nikhil Sawant 3-23,False
4213d4eb-c844-4b95-9a2a-74b494b4f7ca,7ec61036-ef0f-434b-9cfb-d287d9f6ec26,Summer 2016/17,18946723-c1b7-4951-997f-f188eb06ae32,18946723-c1b7-4951-997f-f188eb06ae32,Fiji Victorian 3rd XI,808d6781-add8-45d7-bda2-54a373662405,"NMCA - ""F"" Grade North - Manion Shield",Fiji Victorian 3rd - F Grade North - Dave Manion Shield,Semi Finals,Semi Finals,1001,2017-03-04 13:00:00+00:00,Rivergum Cricket Club,Loss,loss,lost by 3 wickets,Shrikant Sharma 43,Clint Fernandes 4-67,False
f6513715-028a-4bf2-af63-8c8af1eca0c5,7ec61036-ef0f-434b-9cfb-d287d9f6ec26,Summer 2016/17,18946723-c1b7-4951-997f-f188eb06ae32,18946723-c1b7-4951-997f-f188eb06ae32,Fiji Victorian 3rd XI,808d6781-add8-45d7-bda2-54a373662405,"NMCA - ""F"" Grade North - Manion Shield",Fiji Victorian 3rd - F Grade North - Dave Manion Shield,Round 10,R10,10,2017-02-18 13:00:00+00:00,Rivergum Cricket Club,Loss,loss,lost by 302 runs,Mohan Basaiti 24,Deepak Sharma 2-27,False
7a9b6ef6-f78a-443d-960b-996cc8f5f29c,7ec61036-ef0f-434b-9cfb-d287d9f6ec26,Summer 2016/17,18946723-c1b7-4951-997f-f188eb06ae32,18946723-c1b7-4951-997f-f188eb06ae32,Fiji Victorian 3rd XI,808d6781-add8-45d7-bda2-54a373662405,"NMCA - ""F"" Grade North - Manion Shield",Fiji Victorian 3rd - F Grade North - Dave Manion Shield,Round 9,R9,9,2017-02-04 13:00:00+00:00,Preston YCW District Cricket Club,Win,win,won by 9 wickets,Reuben Sharan 37,Clint Fernandes 8-30,False
4b6c0823-8eca-4208-ae5a-7980f8d0b6b8,7ec61036-ef0f-434b-9cfb-d287d9f6ec26,Summer 2016/17,18946723-c1b7-4951-997f-f188eb06ae32,18946723-c1b7-4951-997f-f188eb06ae32,Fiji Victorian 3rd XI,808d6781-add8-45d7-bda2-54a373662405,"NMCA - ""F"" Grade North - Manion Shield",Fiji Victorian 3rd - F Grade North - Dave Manion Shield,Round 8,R8,8,2017-01-21 13:00:00+00:00,Bundoora Park Cricket Club,Win,win,won by forfeit,—,—,False
323ce21c-a29d-4d48-bd53-21cec3d3757d,7ec61036-ef0f-434b-9cfb-d287d9f6ec26,Summer 2016/17,18946723-c1b7-4951-997f-f188eb06ae32,18946723-c1b7-4951-997f-f188eb06ae32,Fiji Victorian 3rd XI,808d6781-add8-45d7-bda2-54a373662405,"NMCA - ""F"" Grade North - Manion Shield",Fiji Victorian 3rd - F Grade North - Dave Manion Shield,Round 7,R7,7,2017-01-14 13:00:00+00:00,Cameron Cricket Club,Loss,loss,lost by forfeit,—,—,False
9fbcc92b-ac53-4c7d-8834-eb4725b85513,7ec61036-ef0f-434b-9cfb-d287d9f6ec26,Summer 2016/17,18946723-c1b7-4951-997f-f188eb06ae32,18946723-c1b7-4951-997f-f188eb06ae32,Fiji Victorian 3rd XI,808d6781-add8-45d7-bda2-54a373662405,"NMCA - ""F"" Grade North - Manion Shield",Fiji Victorian 3rd - F Grade North - Dave Manion Shield,Round 6,R6,6,2016-12-10 13:00:00+00:00,Unknown opponent,No Result,none,Result pending,—,—,False
2909dce8-fa8c-4419-bc1c-a346c53911eb,7ec61036-ef0f-434b-9cfb-d287d9f6ec26,Summer 2016/17,18946723-c1b7-4951-997f-f188eb06ae32,18946723-c1b7-4951-997f-f188eb06ae32,Fiji Victorian 3rd XI,808d6781-add8-45d7-bda2-54a373662405,"NMCA - ""F"" Grade North - Manion Shield",Fiji Victorian 3rd - F Grade North - Dave Manion Shield,Round 5,R5,5,2016-11-26 13:00:00+00:00,Cameron Cricket Club,Loss,loss,lost by forfeit,—,—,False
1a8d4b02-b80b-48c6-8ab3-2da619e57c05,7ec61036-ef0f-434b-9cfb-d287d9f6ec26,Summer 2016/17,18946723-c1b7-4951-997f-f188eb06ae32,18946723-c1b7-4951-997f-f188eb06ae32,Fiji Victorian 3rd XI,808d6781-add8-45d7-bda2-54a373662405,"NMCA - ""F"" Grade North - Manion Shield",Fiji Victorian 3rd - F Grade North - Dave Manion Shield,Round 4,R4,4,2016-11-12 13:00:00+00:00,Donath Cricket Club,Win,win,won by 6 wickets,Benjamin Frew 129*,Shrikant Sharma 5-37,False
99bd479a-9fc1-444b-a9f7-89b12142b5b6,7ec61036-ef0f-434b-9cfb-d287d9f6ec26,Summer 2016/17,18946723-c1b7-4951-997f-f188eb06ae32,18946723-c1b7-4951-997f-f188eb06ae32,Fiji Victorian 3rd XI,808d6781-add8-45d7-bda2-54a373662405,"NMCA - ""F"" Grade North - Manion Shield",Fiji Victorian 3rd - F Grade North - Dave Manion Shield,Round 3,R3,3,2016-11-05 13:00:00+00:00,Rivergum Cricket Club,Loss,loss,lost by 5 wickets,Jason Newcastle 55,Shandil Bhan 2-13,False
f63df18a-eee5-4bda-8844-f85913e56b52,7ec61036-ef0f-434b-9cfb-d287d9f6ec26,Summer 2016/17,18946723-c1b7-4951-997f-f188eb06ae32,18946723-c1b7-4951-997f-f188eb06ae32,Fiji Victorian 3rd XI,808d6781-add8-45d7-bda2-54a373662405,"NMCA - ""F"" Grade North - Manion Shield",Fiji Victorian 3rd - F Grade North - Dave Manion Shield,Round 2,R2,2,2016-10-22 13:00:00+00:00,Bundoora Park Cricket Club,Draw,draw,draw,—,—,False
288f9ea4-a3f5-4f19-8c4e-dffe210708ea,7ec61036-ef0f-434b-9cfb-d287d9f6ec26,Summer 2016/17,18946723-c1b7-4951-997f-f188eb06ae32,18946723-c1b7-4951-997f-f188eb06ae32,Fiji Victorian 3rd XI,808d6781-add8-45d7-bda2-54a373662405,"NMCA - ""F"" Grade North - Manion Shield",Fiji Victorian 3rd - F Grade North - Dave Manion Shield,Round 1,R1,1,2016-10-15 13:00:00+00:00,Reservoir Mayston Cricket Club,Win,win,won by 44 runs,Jason Newcastle 74,Deepak Sharma 3-21,False
72e6f6ca-70fc-4755-934d-40ed2c569bcc,a9c25381-9a31-4bde-b3ff-4074ebed8044,Summer 2017/18,04153631-8985-45e5-87a9-ab8e10a932a5,04153631-8985-45e5-87a9-ab8e10a932a5,Fiji Victorian,cabeff0d-2b3c-44d1-86c2-72f62bed5185,"NMCA - Bob Herman Shield - ""D"" Grade",Fiji Victorian - D Grade - Bob Herman Shield,Round 14,R14,14,2018-02-24 13:00:00+00:00,Camrea Cricket Club,Loss,loss,lost by 1 wickets,Benjamin Frew 34,Rama Bashamoni 3-10,False
d084e880-ce48-4301-930f-40b242dced06,a9c25381-9a31-4bde-b3ff-4074ebed8044,Summer 2017/18,04153631-8985-45e5-87a9-ab8e10a932a5,04153631-8985-45e5-87a9-ab8e10a932a5,Fiji Victorian,cabeff0d-2b3c-44d1-86c2-72f62bed5185,"NMCA - Bob Herman Shield - ""D"" Grade",Fiji Victorian - D Grade - Bob Herman Shield,Round 13,R13,13,2018-02-10 13:00:00+00:00,Donath Cricket Club,Loss,loss,lost by 1 wickets,Nitin Tanwar 101,Jason Newcastle 3-25,False
f7e11055-31e5-489d-afe6-3fe1085b5bb0,a9c25381-9a31-4bde-b3ff-4074ebed8044,Summer 2017/18,04153631-8985-45e5-87a9-ab8e10a932a5,04153631-8985-45e5-87a9-ab8e10a932a5,Fiji Victorian,cabeff0d-2b3c-44d1-86c2-72f62bed5185,"NMCA - Bob Herman Shield - ""D"" Grade",Fiji Victorian - D Grade - Bob Herman Shield,Round 12,R12,12,2018-01-27 13:00:00+00:00,Bellfield Cricket Club,Win,win,won by 195 runs,Janaka Wijayakoon 41,Rama Bashamoni 4-16,False
a1e5e893-2fb7-4771-8cc2-0b8a7de55684,a9c25381-9a31-4bde-b3ff-4074ebed8044,Summer 2017/18,04153631-8985-45e5-87a9-ab8e10a932a5,04153631-8985-45e5-87a9-ab8e10a932a5,Fiji Victorian,cabeff0d-2b3c-44d1-86c2-72f62bed5185,"NMCA - Bob Herman Shield - ""D"" Grade",Fiji Victorian - D Grade - Bob Herman Shield,Round 11,R11,11,2018-01-13 13:00:00+00:00,West Ivanhoe United Cricket Club,Draw,draw,draw,Rama Bashamoni 43,Renuka Yapa 3-18,False
ff450680-a314-4af9-bebd-6c3e9119cf6a,a9c25381-9a31-4bde-b3ff-4074ebed8044,Summer 2017/18,04153631-8985-45e5-87a9-ab8e10a932a5,04153631-8985-45e5-87a9-ab8e10a932a5,Fiji Victorian,cabeff0d-2b3c-44d1-86c2-72f62bed5185,"NMCA - Bob Herman Shield - ""D"" Grade",Fiji Victorian - D Grade - Bob Herman Shield,Round 10,R10,10,2018-01-06 13:00:00+00:00,Fairfield Cricket Club,Draw,draw,draw,—,—,False
9c76038c-5006-4fdb-8dec-cabcd2f7c9e9,a9c25381-9a31-4bde-b3ff-4074ebed8044,Summer 2017/18,04153631-8985-45e5-87a9-ab8e10a932a5,04153631-8985-45e5-87a9-ab8e10a932a5,Fiji Victorian,cabeff0d-2b3c-44d1-86c2-72f62bed5185,"NMCA - Bob Herman Shield - ""D"" Grade",Fiji Victorian - D Grade - Bob Herman Shield,Round 9,R9,9,2017-12-16 13:00:00+00:00,West Preston Cricket Club,Loss,loss,lost by 138 runs,Nitin Tanwar 39,Jason Newcastle 2-28,False
03dcf004-39f4-40fb-ba16-dfb9c50f4067,a9c25381-9a31-4bde-b3ff-4074ebed8044,Summer 2017/18,04153631-8985-45e5-87a9-ab8e10a932a5,04153631-8985-45e5-87a9-ab8e10a932a5,Fiji Victorian,cabeff0d-2b3c-44d1-86c2-72f62bed5185,"NMCA - Bob Herman Shield - ""D"" Grade",Fiji Victorian - D Grade - Bob Herman Shield,Round 8,R8,8,2017-12-02 13:00:00+00:00,Old Ivanhoe Cricket Club,Loss,loss,lost by 63 runs,Reuben Sharan 47,Krishna Kasiraju 4-30,False
ba93e581-ec8c-4d10-bfae-b8ba1cfc6ba1,a9c25381-9a31-4bde-b3ff-4074ebed8044,Summer 2017/18,04153631-8985-45e5-87a9-ab8e10a932a5,04153631-8985-45e5-87a9-ab8e10a932a5,Fiji Victorian,cabeff0d-2b3c-44d1-86c2-72f62bed5185,"NMCA - Bob Herman Shield - ""D"" Grade",Fiji Victorian - D Grade - Bob Herman Shield,Round 7,R7,7,2017-11-18 13:00:00+00:00,West Preston Cricket Club,Loss,loss,lost by 129 runs,Vinay Sharma 36,Sagar Shrestha 3-73,False
ea0fc375-02ea-4768-9318-8560ae1346c1,a9c25381-9a31-4bde-b3ff-4074ebed8044,Summer 2017/18,04153631-8985-45e5-87a9-ab8e10a932a5,04153631-8985-45e5-87a9-ab8e10a932a5,Fiji Victorian,cabeff0d-2b3c-44d1-86c2-72f62bed5185,"NMCA - Bob Herman Shield - ""D"" Grade",Fiji Victorian - D Grade - Bob Herman Shield,Round 6,R6,6,2017-11-12 13:00:00+00:00,Bellfield Cricket Club,Win,win,won by 139 runs,Damandeep Sehra 101*,Raj Koppula 3-22,False
ca9a9ae5-107c-44f8-b5ba-def2f7d788d8,a9c25381-9a31-4bde-b3ff-4074ebed8044,Summer 2017/18,04153631-8985-45e5-87a9-ab8e10a932a5,04153631-8985-45e5-87a9-ab8e10a932a5,Fiji Victorian,cabeff0d-2b3c-44d1-86c2-72f62bed5185,"NMCA - Bob Herman Shield - ""D"" Grade",Fiji Victorian - D Grade - Bob Herman Shield,Round 5,R5,5,2017-11-11 13:00:00+00:00,West Ivanhoe United Cricket Club,Win,win,won by 55 runs,Damandeep Sehra 108,Sandeep Gill 2-22,False
af19b947-72f4-4ab4-ae39-050209628dc0,a9c25381-9a31-4bde-b3ff-4074ebed8044,Summer 2017/18,04153631-8985-45e5-87a9-ab8e10a932a5,04153631-8985-45e5-87a9-ab8e10a932a5,Fiji Victorian,cabeff0d-2b3c-44d1-86c2-72f62bed5185,"NMCA - Bob Herman Shield - ""D"" Grade",Fiji Victorian - D Grade - Bob Herman Shield,Round 4,R4,4,2017-11-04 13:00:00+00:00,Donath Cricket Club,Win,win,won by 125 runs,Jimmy Sharma 80,Jason Newcastle 2-24,False
0c354164-31ee-4286-a6c4-42e139de50f7,a9c25381-9a31-4bde-b3ff-4074ebed8044,Summer 2017/18,04153631-8985-45e5-87a9-ab8e10a932a5,04153631-8985-45e5-87a9-ab8e10a932a5,Fiji Victorian,cabeff0d-2b3c-44d1-86c2-72f62bed5185,"NMCA - Bob Herman Shield - ""D"" Grade",Fiji Victorian - D Grade - Bob Herman Shield,Round 3,R3,3,2017-10-21 13:00:00+00:00,Fairfield Cricket Club,Loss,loss,lost by 173 runs,Nitin Tanwar 59,Rama Bashamoni 3-76,False
166f1d9b-d121-48bf-890a-9b2ed26cb39d,a9c25381-9a31-4bde-b3ff-4074ebed8044,Summer 2017/18,04153631-8985-45e5-87a9-ab8e10a932a5,04153631-8985-45e5-87a9-ab8e10a932a5,Fiji Victorian,cabeff0d-2b3c-44d1-86c2-72f62bed5185,"NMCA - Bob Herman Shield - ""D"" Grade",Fiji Victorian - D Grade - Bob Herman Shield,Round 2,R2,2,2017-10-14 13:00:00+00:00,Old Ivanhoe Cricket Club,Win,win,won by 7 wickets,Nitin Tanwar 100*,Renuka Yapa 1-19,False
09978c8d-84a8-41ea-a9a8-79b28629b692,a9c25381-9a31-4bde-b3ff-4074ebed8044,Summer 2017/18,04153631-8985-45e5-87a9-ab8e10a932a5,04153631-8985-45e5-87a9-ab8e10a932a5,Fiji Victorian,cabeff0d-2b3c-44d1-86c2-72f62bed5185,"NMCA - Bob Herman Shield - ""D"" Grade",Fiji Victorian - D Grade - Bob Herman Shield,Round 1,R1,1,2017-10-07 13:00:00+00:00,Camrea Cricket Club,Loss,loss,lost by 19 runs,Vinit Naidu 35,Vinit Naidu 2-26,False
96beb3b5-cb5c-4545-af04-e0bf9a8e639b,a9c25381-9a31-4bde-b3ff-4074ebed8044,Summer 2017/18,c6b8f618-554e-4476-baa8-0772ff601889,c6b8f618-554e-4476-baa8-0772ff601889,Fiji Victorian,a38094c6-7399-471a-87df-9c7b6c9bb867,NMCA - Jack Kelly Shield,Fiji Victorian - Jack Kelly Shield,Round 14,R14,14,2018-02-24 13:00:00+00:00,Camrea Cricket Club,Loss,loss,lost by 126 runs,Kalpeshkumar Patel 41,Shivnyl Naidu 3-52,False
547fe8b0-9fad-4ef7-9a91-20c9e10e627f,a9c25381-9a31-4bde-b3ff-4074ebed8044,Summer 2017/18,c6b8f618-554e-4476-baa8-0772ff601889,c6b8f618-554e-4476-baa8-0772ff601889,Fiji Victorian,a38094c6-7399-471a-87df-9c7b6c9bb867,NMCA - Jack Kelly Shield,Fiji Victorian - Jack Kelly Shield,Round 13,R13,13,2018-02-10 13:00:00+00:00,Donath Cricket Club,Loss,loss,lost by 4 wickets,Shandil Bhan 74,Damien Vikash 2-52,False
e845b730-7d99-4646-9c40-9c23bdb1872f,a9c25381-9a31-4bde-b3ff-4074ebed8044,Summer 2017/18,c6b8f618-554e-4476-baa8-0772ff601889,c6b8f618-554e-4476-baa8-0772ff601889,Fiji Victorian,a38094c6-7399-471a-87df-9c7b6c9bb867,NMCA - Jack Kelly Shield,Fiji Victorian - Jack Kelly Shield,Round 12,R12,12,2018-01-27 13:00:00+00:00,Bellfield Cricket Club,Win,win,won by 10 wickets,Shandil Bhan 69,Damien Vikash 5-20,False
6f32a29e-ce46-47ad-a56d-1f666109961a,a9c25381-9a31-4bde-b3ff-4074ebed8044,Summer 2017/18,c6b8f618-554e-4476-baa8-0772ff601889,c6b8f618-554e-4476-baa8-0772ff601889,Fiji Victorian,a38094c6-7399-471a-87df-9c7b6c9bb867,NMCA - Jack Kelly Shield,Fiji Victorian - Jack Kelly Shield,Round 11,R11,11,2018-01-13 13:00:00+00:00,West Ivanhoe United Cricket Club,Loss,loss,lost by 106 runs,Shivnyl Naidu 17,Jimmy Sharma 1-22,False
4bb7e3cd-0d84-47ad-9005-2981098d7b34,a9c25381-9a31-4bde-b3ff-4074ebed8044,Summer 2017/18,c6b8f618-554e-4476-baa8-0772ff601889,c6b8f618-554e-4476-baa8-0772ff601889,Fiji Victorian,a38094c6-7399-471a-87df-9c7b6c9bb867,NMCA - Jack Kelly Shield,Fiji Victorian - Jack Kelly Shield,Round 10,R10,10,2018-01-06 13:00:00+00:00,Fairfield Cricket Club,Draw,draw,draw,—,—,False
5b2c31bf-3590-44a5-85e2-2d84b3621ae5,a9c25381-9a31-4bde-b3ff-4074ebed8044,Summer 2017/18,c6b8f618-554e-4476-baa8-0772ff601889,c6b8f618-554e-4476-baa8-0772ff601889,Fiji Victorian,a38094c6-7399-471a-87df-9c7b6c9bb867,NMCA - Jack Kelly Shield,Fiji Victorian - Jack Kelly Shield,Round 9,R9,9,2017-12-16 13:00:00+00:00,West Preston Cricket Club,Win,win,won by 2 wickets,Kalpeshkumar Patel 60,Shivnyl Naidu 3-28,False
d4c4cc58-d875-415a-a138-0d491e556a78,a9c25381-9a31-4bde-b3ff-4074ebed8044,Summer 2017/18,c6b8f618-554e-4476-baa8-0772ff601889,c6b8f618-554e-4476-baa8-0772ff601889,Fiji Victorian,a38094c6-7399-471a-87df-9c7b6c9bb867,NMCA - Jack Kelly Shield,Fiji Victorian - Jack Kelly Shield,Round 8,R8,8,2017-12-02 13:00:00+00:00,Old Ivanhoe Cricket Club,Loss,loss,lost by 1 wickets,Shivnyl Naidu 32,Shaun Vikash 4-22,False
da387d0b-c07d-4548-88ee-4cf83e6d6b8e,a9c25381-9a31-4bde-b3ff-4074ebed8044,Summer 2017/18,c6b8f618-554e-4476-baa8-0772ff601889,c6b8f618-554e-4476-baa8-0772ff601889,Fiji Victorian,a38094c6-7399-471a-87df-9c7b6c9bb867,NMCA - Jack Kelly Shield,Fiji Victorian - Jack Kelly Shield,Round 7,R7,7,2017-11-18 13:00:00+00:00,West Preston Cricket Club,Draw,draw,draw,Danny Singh 64*,Nikhil Sawant 4-19,False
1dceb50d-e407-46fc-afc4-67b605d656eb,a9c25381-9a31-4bde-b3ff-4074ebed8044,Summer 2017/18,c6b8f618-554e-4476-baa8-0772ff601889,c6b8f618-554e-4476-baa8-0772ff601889,Fiji Victorian,a38094c6-7399-471a-87df-9c7b6c9bb867,NMCA - Jack Kelly Shield,Fiji Victorian - Jack Kelly Shield,Round 6,R6,6,2017-11-12 13:00:00+00:00,Bellfield Cricket Club,Win,win,won by 138 runs,Janaka Wijayakoon 83*,Shivnyl Naidu 3-26,False
a2ee7311-c43f-407b-b049-d1422a1d32ab,a9c25381-9a31-4bde-b3ff-4074ebed8044,Summer 2017/18,c6b8f618-554e-4476-baa8-0772ff601889,c6b8f618-554e-4476-baa8-0772ff601889,Fiji Victorian,a38094c6-7399-471a-87df-9c7b6c9bb867,NMCA - Jack Kelly Shield,Fiji Victorian - Jack Kelly Shield,Round 5,R5,5,2017-11-11 13:00:00+00:00,West Ivanhoe United Cricket Club,Loss,loss,lost by 34 runs,Shandil Bhan 33,Damien Vikash 1-17,False
8ede5186-62a1-45c3-8b58-0cb049c6c4eb,a9c25381-9a31-4bde-b3ff-4074ebed8044,Summer 2017/18,c6b8f618-554e-4476-baa8-0772ff601889,c6b8f618-554e-4476-baa8-0772ff601889,Fiji Victorian,a38094c6-7399-471a-87df-9c7b6c9bb867,NMCA - Jack Kelly Shield,Fiji Victorian - Jack Kelly Shield,Round 4,R4,4,2017-11-04 13:00:00+00:00,Donath Cricket Club,Loss,loss,lost by 83 runs,Danny Singh 20,Reuel Sharan 2-27,False
116ebef8-cc84-4b47-9ca2-bfb28f7d8641,a9c25381-9a31-4bde-b3ff-4074ebed8044,Summer 2017/18,c6b8f618-554e-4476-baa8-0772ff601889,c6b8f618-554e-4476-baa8-0772ff601889,Fiji Victorian,a38094c6-7399-471a-87df-9c7b6c9bb867,NMCA - Jack Kelly Shield,Fiji Victorian - Jack Kelly Shield,Round 3,R3,3,2017-10-21 13:00:00+00:00,Fairfield Cricket Club,Win,win,won by 163 runs,Shandil Bhan 122,Shaun Vikash 5-38,False
24eb6398-ecc1-4ad6-84d8-edf03155a684,a9c25381-9a31-4bde-b3ff-4074ebed8044,Summer 2017/18,c6b8f618-554e-4476-baa8-0772ff601889,c6b8f618-554e-4476-baa8-0772ff601889,Fiji Victorian,a38094c6-7399-471a-87df-9c7b6c9bb867,NMCA - Jack Kelly Shield,Fiji Victorian - Jack Kelly Shield,Round 2,R2,2,2017-10-14 13:00:00+00:00,Old Ivanhoe Cricket Club,Win,win,won by 45 runs,Kalpeshkumar Patel 43,Damien Vikash 4-23,False
dddab481-80e5-4d3d-b551-c7fc835261e1,a9c25381-9a31-4bde-b3ff-4074ebed8044,Summer 2017/18,c6b8f618-554e-4476-baa8-0772ff601889,c6b8f618-554e-4476-baa8-0772ff601889,Fiji Victorian,a38094c6-7399-471a-87df-9c7b6c9bb867,NMCA - Jack Kelly Shield,Fiji Victorian - Jack Kelly Shield,Round 1,R1,1,2017-10-07 13:00:00+00:00,Camrea Cricket Club,Loss,loss,lost by 5 wickets,Kalpeshkumar Patel 55,Shandil Bhan 2-32,False
87499340-6418-41a4-a81a-894b2389d059,a9c25381-9a31-4bde-b3ff-4074ebed8044,Summer 2017/18,20756e3c-3e9e-4f86-9eb8-904a1272b087,20756e3c-3e9e-4f86-9eb8-904a1272b087,Fiji Victorian 3rd XI,07e63f06-790e-4b23-a954-4df1f514088f,"NMCA - ""F"" Grade Central",Fiji Victorian 3rd - F Grade Central,Round 2,R2,2,2017-10-28 13:00:00+00:00,Holy Trinity Cricket Club,Loss,loss,lost by forfeit,—,—,False
0f714126-980e-45e6-8747-8705c1ae9c3b,a9c25381-9a31-4bde-b3ff-4074ebed8044,Summer 2017/18,20756e3c-3e9e-4f86-9eb8-904a1272b087,20756e3c-3e9e-4f86-9eb8-904a1272b087,Fiji Victorian 3rd XI,07e63f06-790e-4b23-a954-4df1f514088f,"NMCA - ""F"" Grade Central",Fiji Victorian 3rd - F Grade Central,Round 1,R1,1,2017-10-21 13:00:00+00:00,Preston Baseballers Cricket Club,Loss,loss,lost by forfeit,—,—,False
eadd0c7a-8255-491f-ac13-40e73a8ba65e,fec2e604-1806-4e0f-861e-b7ee37643f96,Summer 2018/19,5da872fa-60ce-4913-af58-02d63e2acba0,5da872fa-60ce-4913-af58-02d63e2acba0,Fiji Victorian,5d847f67-e823-4d24-8d53-3de155980f45,"NMCA - Bob Herman Shield - ""D"" Grade",Fiji Victorian - D Grade - Bob Herman Shield,Round 14,R14,14,2019-02-23 13:00:00+00:00,Old Ivanhoe Cricket Club,Loss,loss,lost by 4 wickets,Sai Krishna Buddaraju 42,Sai Krishna Buddaraju 2-10,False
c566955b-ca53-4fd3-ac87-4d31746a697f,fec2e604-1806-4e0f-861e-b7ee37643f96,Summer 2018/19,5da872fa-60ce-4913-af58-02d63e2acba0,5da872fa-60ce-4913-af58-02d63e2acba0,Fiji Victorian,5d847f67-e823-4d24-8d53-3de155980f45,"NMCA - Bob Herman Shield - ""D"" Grade",Fiji Victorian - D Grade - Bob Herman Shield,Round 13,R13,13,2019-02-09 13:00:00+00:00,Preston Footballers Cricket Club,Win,win,won,Predheesh Valayil Sivanandan 39,Sagar Shrestha 3-18,False
ccfb68b3-7332-4df3-bf38-9d1efa3c27a0,fec2e604-1806-4e0f-861e-b7ee37643f96,Summer 2018/19,5da872fa-60ce-4913-af58-02d63e2acba0,5da872fa-60ce-4913-af58-02d63e2acba0,Fiji Victorian,5d847f67-e823-4d24-8d53-3de155980f45,"NMCA - Bob Herman Shield - ""D"" Grade",Fiji Victorian - D Grade - Bob Herman Shield,Round 12,R12,12,2019-01-26 13:00:00+00:00,Camrea Cricket Club,Loss,loss,lost by 187 runs,Reuben Sharan 37,Amal Krishna 2-29,False
db44a56e-6b67-4570-b382-b7cf8875fefd,fec2e604-1806-4e0f-861e-b7ee37643f96,Summer 2018/19,5da872fa-60ce-4913-af58-02d63e2acba0,5da872fa-60ce-4913-af58-02d63e2acba0,Fiji Victorian,5d847f67-e823-4d24-8d53-3de155980f45,"NMCA - Bob Herman Shield - ""D"" Grade",Fiji Victorian - D Grade - Bob Herman Shield,Round 11,R11,11,2019-01-19 13:00:00+00:00,Northern Riders Cricket Club,Win,win,won by 114 runs,Muhammad Abidi 106,Muhammad Abidi 5-21,False
26a0c25e-3ade-4bc9-b7a9-5108879a3704,fec2e604-1806-4e0f-861e-b7ee37643f96,Summer 2018/19,5da872fa-60ce-4913-af58-02d63e2acba0,5da872fa-60ce-4913-af58-02d63e2acba0,Fiji Victorian,5d847f67-e823-4d24-8d53-3de155980f45,"NMCA - Bob Herman Shield - ""D"" Grade",Fiji Victorian - D Grade - Bob Herman Shield,Round 10,R10,10,2019-01-12 13:00:00+00:00,Strathewen Cricket Club,Loss,loss,lost by 93 runs,Neeraj Sharma 83,Neeraj Sharma 4-56,False
11266152-cf58-406d-b5b2-4b87aa14252c,fec2e604-1806-4e0f-861e-b7ee37643f96,Summer 2018/19,5da872fa-60ce-4913-af58-02d63e2acba0,5da872fa-60ce-4913-af58-02d63e2acba0,Fiji Victorian,5d847f67-e823-4d24-8d53-3de155980f45,"NMCA - Bob Herman Shield - ""D"" Grade",Fiji Victorian - D Grade - Bob Herman Shield,Round 9,R9,9,2018-12-15 13:00:00+00:00,West Preston Cricket Club,Loss,loss,lost by 181 runs,Muhammad Abidi 76,Faisal Shahzad 4-48,False
8817bb25-bdea-4486-9406-51c3401182dc,fec2e604-1806-4e0f-861e-b7ee37643f96,Summer 2018/19,5da872fa-60ce-4913-af58-02d63e2acba0,5da872fa-60ce-4913-af58-02d63e2acba0,Fiji Victorian,5d847f67-e823-4d24-8d53-3de155980f45,"NMCA - Bob Herman Shield - ""D"" Grade",Fiji Victorian - D Grade - Bob Herman Shield,Round 8,R8,8,2018-12-01 13:00:00+00:00,Bellfield Cricket Club,Loss,loss,lost by 3 wickets,Rahul Lalji 89,Muhammad Abidi 2-68,False
b68ed531-7a93-4853-9fe5-4bbaa4a76ab7,fec2e604-1806-4e0f-861e-b7ee37643f96,Summer 2018/19,5da872fa-60ce-4913-af58-02d63e2acba0,5da872fa-60ce-4913-af58-02d63e2acba0,Fiji Victorian,5d847f67-e823-4d24-8d53-3de155980f45,"NMCA - Bob Herman Shield - ""D"" Grade",Fiji Victorian - D Grade - Bob Herman Shield,Round 7,R7,7,2018-11-17 13:00:00+00:00,Northern Riders Cricket Club,Loss,loss,lost by an innings and 243 runs,Shiv Ganachari 21,Majithiya Krutarth 2-44,False
6b681357-b8ac-43df-a5eb-01b0c9c41a9a,fec2e604-1806-4e0f-861e-b7ee37643f96,Summer 2018/19,5da872fa-60ce-4913-af58-02d63e2acba0,5da872fa-60ce-4913-af58-02d63e2acba0,Fiji Victorian,5d847f67-e823-4d24-8d53-3de155980f45,"NMCA - Bob Herman Shield - ""D"" Grade",Fiji Victorian - D Grade - Bob Herman Shield,Round 6,R6,6,2018-11-11 13:00:00+00:00,Old Ivanhoe Cricket Club,Loss,loss,lost by 7 wickets,Jigar Patel 35,Jigar Patel 2-24,False
ce3b5a6d-6168-4715-9aac-fec47ddb778d,fec2e604-1806-4e0f-861e-b7ee37643f96,Summer 2018/19,5da872fa-60ce-4913-af58-02d63e2acba0,5da872fa-60ce-4913-af58-02d63e2acba0,Fiji Victorian,5d847f67-e823-4d24-8d53-3de155980f45,"NMCA - Bob Herman Shield - ""D"" Grade",Fiji Victorian - D Grade - Bob Herman Shield,Round 5,R5,5,2018-11-10 13:00:00+00:00,Camrea Cricket Club,Loss,loss,lost by 25 runs,Shiv Ganachari 46,Sajin Shrestha 2-13,False
cae3032e-af77-4c95-9e5a-f9517310b632,fec2e604-1806-4e0f-861e-b7ee37643f96,Summer 2018/19,5da872fa-60ce-4913-af58-02d63e2acba0,5da872fa-60ce-4913-af58-02d63e2acba0,Fiji Victorian,5d847f67-e823-4d24-8d53-3de155980f45,"NMCA - Bob Herman Shield - ""D"" Grade",Fiji Victorian - D Grade - Bob Herman Shield,Round 4,R4,4,2018-11-03 13:00:00+00:00,Preston Footballers Cricket Club,Loss,loss,lost by 19 runs,Mark Youhan 31,Sajin Shrestha 4-37,False
a991f9ce-8b87-4890-bad4-1b82c6160043,fec2e604-1806-4e0f-861e-b7ee37643f96,Summer 2018/19,5da872fa-60ce-4913-af58-02d63e2acba0,5da872fa-60ce-4913-af58-02d63e2acba0,Fiji Victorian,5d847f67-e823-4d24-8d53-3de155980f45,"NMCA - Bob Herman Shield - ""D"" Grade",Fiji Victorian - D Grade - Bob Herman Shield,Round 3,R3,3,2018-10-20 13:00:00+00:00,Strathewen Cricket Club,Loss,loss,lost by forfeit,—,—,False
b9786d9c-b12d-4313-99eb-ac59aedcd8ee,fec2e604-1806-4e0f-861e-b7ee37643f96,Summer 2018/19,5da872fa-60ce-4913-af58-02d63e2acba0,5da872fa-60ce-4913-af58-02d63e2acba0,Fiji Victorian,5d847f67-e823-4d24-8d53-3de155980f45,"NMCA - Bob Herman Shield - ""D"" Grade",Fiji Victorian - D Grade - Bob Herman Shield,Round 2,R2,2,2018-10-13 13:00:00+00:00,Bellfield Cricket Club,Loss,loss,lost by 6 wickets,Krishna Kasiraju 9*,Krishna Addanki 2-3,False
4dde14ba-5342-4ff9-bd26-1c1a3c86070d,fec2e604-1806-4e0f-861e-b7ee37643f96,Summer 2018/19,5da872fa-60ce-4913-af58-02d63e2acba0,5da872fa-60ce-4913-af58-02d63e2acba0,Fiji Victorian,5d847f67-e823-4d24-8d53-3de155980f45,"NMCA - Bob Herman Shield - ""D"" Grade",Fiji Victorian - D Grade - Bob Herman Shield,Round 1,R1,1,2018-10-06 12:30:00+00:00,West Preston Cricket Club,Loss,loss,lost by 113 runs,Shrikant Sharma 51,Shrikant Sharma 3-49,False
66cc15e1-fbe3-4b93-89b5-509741c87a8c,fec2e604-1806-4e0f-861e-b7ee37643f96,Summer 2018/19,8bab5224-67bb-4c8e-8289-cb2e1e8469c9,8bab5224-67bb-4c8e-8289-cb2e1e8469c9,Fiji Victorian,ae06ee81-f0dc-4fd8-9f15-6112c6cabd5a,NMCA - Jack Kelly Shield,Fiji Victorian - Jack Kelly Shield,Round 14,R14,14,2019-02-23 13:00:00+00:00,Old Ivanhoe Cricket Club,Loss,loss,lost by 92 runs,Kalpeshkumar Patel 33,Sajendra Shrestha 2-50,False
00ac129e-735a-47b9-98dd-02a35bcc111f,fec2e604-1806-4e0f-861e-b7ee37643f96,Summer 2018/19,8bab5224-67bb-4c8e-8289-cb2e1e8469c9,8bab5224-67bb-4c8e-8289-cb2e1e8469c9,Fiji Victorian,ae06ee81-f0dc-4fd8-9f15-6112c6cabd5a,NMCA - Jack Kelly Shield,Fiji Victorian - Jack Kelly Shield,Round 13,R13,13,2019-02-09 13:00:00+00:00,Preston Footballers Cricket Club,Loss,loss,lost,Amresh Bhan 35,Shivnyl Naidu 3-24,False
6bbe9dc4-d78a-476a-a0a9-e9c2b3c3072b,fec2e604-1806-4e0f-861e-b7ee37643f96,Summer 2018/19,8bab5224-67bb-4c8e-8289-cb2e1e8469c9,8bab5224-67bb-4c8e-8289-cb2e1e8469c9,Fiji Victorian,ae06ee81-f0dc-4fd8-9f15-6112c6cabd5a,NMCA - Jack Kelly Shield,Fiji Victorian - Jack Kelly Shield,Round 12,R12,12,2019-01-26 13:00:00+00:00,Camrea Cricket Club,Loss,loss,lost by 91 runs,Danny Singh 45,Neeraj Sharma 4-53,False
b1cac1d0-4eeb-41da-b6d1-b6466410690b,fec2e604-1806-4e0f-861e-b7ee37643f96,Summer 2018/19,8bab5224-67bb-4c8e-8289-cb2e1e8469c9,8bab5224-67bb-4c8e-8289-cb2e1e8469c9,Fiji Victorian,ae06ee81-f0dc-4fd8-9f15-6112c6cabd5a,NMCA - Jack Kelly Shield,Fiji Victorian - Jack Kelly Shield,Round 11,R11,11,2019-01-19 13:00:00+00:00,Northern Riders Cricket Club,Loss,loss,lost by 2 wickets,Neeraj Sharma 31,Neeraj Sharma 5-22,False
c2dec4ec-a34e-465f-a07f-12f4b099aa2a,fec2e604-1806-4e0f-861e-b7ee37643f96,Summer 2018/19,8bab5224-67bb-4c8e-8289-cb2e1e8469c9,8bab5224-67bb-4c8e-8289-cb2e1e8469c9,Fiji Victorian,ae06ee81-f0dc-4fd8-9f15-6112c6cabd5a,NMCA - Jack Kelly Shield,Fiji Victorian - Jack Kelly Shield,Round 10,R10,10,2019-01-12 13:00:00+00:00,Strathewen Cricket Club,Win,win,won by 3 wickets,Kalpeshkumar Patel 83*,Kalpeshkumar Patel 5-36,False
fc7ae120-fa01-408b-afe4-f21d5281e865,fec2e604-1806-4e0f-861e-b7ee37643f96,Summer 2018/19,8bab5224-67bb-4c8e-8289-cb2e1e8469c9,8bab5224-67bb-4c8e-8289-cb2e1e8469c9,Fiji Victorian,ae06ee81-f0dc-4fd8-9f15-6112c6cabd5a,NMCA - Jack Kelly Shield,Fiji Victorian - Jack Kelly Shield,Round 9,R9,9,2018-12-15 13:00:00+00:00,West Preston Cricket Club,Loss,loss,lost by 18 runs,Kalpeshkumar Patel 60,Kalpeshkumar Patel 3-47,False
3f07cbfb-db75-4acc-b968-7fc7f8a12ab5,fec2e604-1806-4e0f-861e-b7ee37643f96,Summer 2018/19,8bab5224-67bb-4c8e-8289-cb2e1e8469c9,8bab5224-67bb-4c8e-8289-cb2e1e8469c9,Fiji Victorian,ae06ee81-f0dc-4fd8-9f15-6112c6cabd5a,NMCA - Jack Kelly Shield,Fiji Victorian - Jack Kelly Shield,Round 8,R8,8,2018-12-01 13:00:00+00:00,Bellfield Cricket Club,Win,win,won by 5 wickets,Nitin Tanwar 66,Sajendra Shrestha 4-37,False
e15d7d44-ee9a-49e1-bff4-4c821b55b460,fec2e604-1806-4e0f-861e-b7ee37643f96,Summer 2018/19,8bab5224-67bb-4c8e-8289-cb2e1e8469c9,8bab5224-67bb-4c8e-8289-cb2e1e8469c9,Fiji Victorian,ae06ee81-f0dc-4fd8-9f15-6112c6cabd5a,NMCA - Jack Kelly Shield,Fiji Victorian - Jack Kelly Shield,Round 7,R7,7,2018-11-17 13:00:00+00:00,Northern Riders Cricket Club,Win,win,won,Sarfaraz Ahmed 36,Sajendra Shrestha 7-46,False
dc1babe7-9370-4446-8249-d622bf86dbfa,fec2e604-1806-4e0f-861e-b7ee37643f96,Summer 2018/19,8bab5224-67bb-4c8e-8289-cb2e1e8469c9,8bab5224-67bb-4c8e-8289-cb2e1e8469c9,Fiji Victorian,ae06ee81-f0dc-4fd8-9f15-6112c6cabd5a,NMCA - Jack Kelly Shield,Fiji Victorian - Jack Kelly Shield,Round 6,R6,6,2018-11-11 13:00:00+00:00,Old Ivanhoe Cricket Club,Loss,loss,lost by 4 wickets,Kalpeshkumar Patel 41,Vinit Naidu 3-30,False
8a32fa0a-a1af-40ec-9d16-75413a045dcb,fec2e604-1806-4e0f-861e-b7ee37643f96,Summer 2018/19,8bab5224-67bb-4c8e-8289-cb2e1e8469c9,8bab5224-67bb-4c8e-8289-cb2e1e8469c9,Fiji Victorian,ae06ee81-f0dc-4fd8-9f15-6112c6cabd5a,NMCA - Jack Kelly Shield,Fiji Victorian - Jack Kelly Shield,Round 5,R5,5,2018-11-10 13:00:00+00:00,Camrea Cricket Club,Loss,loss,lost by 124 runs,Sajendra Shrestha 34,Prajapati Manubhai 2-32,False
acad75d4-817a-48be-aa68-8e35379a8ced,fec2e604-1806-4e0f-861e-b7ee37643f96,Summer 2018/19,8bab5224-67bb-4c8e-8289-cb2e1e8469c9,8bab5224-67bb-4c8e-8289-cb2e1e8469c9,Fiji Victorian,ae06ee81-f0dc-4fd8-9f15-6112c6cabd5a,NMCA - Jack Kelly Shield,Fiji Victorian - Jack Kelly Shield,Round 4,R4,4,2018-11-03 13:00:00+00:00,Preston Footballers Cricket Club,Loss,loss,lost by 5 wickets,Nitin Tanwar 45,Prajapati Manubhai 2-37,False
f8e9787e-c123-4b0b-95d1-7f9dd0afcaab,fec2e604-1806-4e0f-861e-b7ee37643f96,Summer 2018/19,8bab5224-67bb-4c8e-8289-cb2e1e8469c9,8bab5224-67bb-4c8e-8289-cb2e1e8469c9,Fiji Victorian,ae06ee81-f0dc-4fd8-9f15-6112c6cabd5a,NMCA - Jack Kelly Shield,Fiji Victorian - Jack Kelly Shield,Round 3,R3,3,2018-10-20 13:00:00+00:00,Strathewen Cricket Club,Win,win,won by 5 wickets,Benjamin Frew 50,Rama Bashamoni 5-42,False
d0bed6ba-824d-4749-8ec5-dd26f7ea28c3,fec2e604-1806-4e0f-861e-b7ee37643f96,Summer 2018/19,8bab5224-67bb-4c8e-8289-cb2e1e8469c9,8bab5224-67bb-4c8e-8289-cb2e1e8469c9,Fiji Victorian,ae06ee81-f0dc-4fd8-9f15-6112c6cabd5a,NMCA - Jack Kelly Shield,Fiji Victorian - Jack Kelly Shield,Round 2,R2,2,2018-10-13 13:00:00+00:00,Bellfield Cricket Club,Win,win,won by 7 wickets,Kalpeshkumar Patel 48*,Muhammad Nauman 5-30,False
dcbdf1c0-38ee-45aa-8d4d-5ee4f9504dc3,fec2e604-1806-4e0f-861e-b7ee37643f96,Summer 2018/19,8bab5224-67bb-4c8e-8289-cb2e1e8469c9,8bab5224-67bb-4c8e-8289-cb2e1e8469c9,Fiji Victorian,ae06ee81-f0dc-4fd8-9f15-6112c6cabd5a,NMCA - Jack Kelly Shield,Fiji Victorian - Jack Kelly Shield,Round 1,R1,1,2018-10-06 12:30:00+00:00,West Preston Cricket Club,Win,win,won by 8 wickets,Nitin Tanwar 84*,Damien Vikash 3-16,False
9101a7c0-e053-481e-8548-f69da9acbb05,95aa262f-30aa-4e11-8296-3a374a9fa3aa,Summer 2019/20,9e2b5ab8-ed77-41e5-b68a-db494e0fe821,9e2b5ab8-ed77-41e5-b68a-db494e0fe821,Fiji Victorian,6810400f-9dcc-4909-a2e6-9732c810ac13,NMCA - Jack Kelly Shield,Fiji Victorian - Jack Kelly Shield,Round 14,R14,14,2020-02-22 13:00:00+00:00,West Ivanhoe United Cricket Club,Loss,loss,lost by 1 wickets,Damandeep Sehra 30,Sai Krishna Buddaraju 4-16,False
8a6efadc-174d-4d1c-b5af-3e42b6377334,95aa262f-30aa-4e11-8296-3a374a9fa3aa,Summer 2019/20,9e2b5ab8-ed77-41e5-b68a-db494e0fe821,9e2b5ab8-ed77-41e5-b68a-db494e0fe821,Fiji Victorian,6810400f-9dcc-4909-a2e6-9732c810ac13,NMCA - Jack Kelly Shield,Fiji Victorian - Jack Kelly Shield,Round 13,R13,13,2020-02-08 13:00:00+00:00,Ivanhoe Mavericks Cricket Club,Win,win,won by 69 runs,Kalpeshkumar Patel 35,Sarfaraz Ahmed 4-15,False
4414ee63-b24c-4f61-bf50-7ad5e2864c6b,95aa262f-30aa-4e11-8296-3a374a9fa3aa,Summer 2019/20,9e2b5ab8-ed77-41e5-b68a-db494e0fe821,9e2b5ab8-ed77-41e5-b68a-db494e0fe821,Fiji Victorian,6810400f-9dcc-4909-a2e6-9732c810ac13,NMCA - Jack Kelly Shield,Fiji Victorian - Jack Kelly Shield,Round 12,R12,12,2020-01-25 13:00:00+00:00,Strathewen Cricket Club,Loss,loss,lost by 5 wickets,Neeraj Sharma 36,Sai Krishna Buddaraju 4-20,False
636b7f9d-7826-4e79-acd7-a8b4ed91144d,95aa262f-30aa-4e11-8296-3a374a9fa3aa,Summer 2019/20,9e2b5ab8-ed77-41e5-b68a-db494e0fe821,9e2b5ab8-ed77-41e5-b68a-db494e0fe821,Fiji Victorian,6810400f-9dcc-4909-a2e6-9732c810ac13,NMCA - Jack Kelly Shield,Fiji Victorian - Jack Kelly Shield,Round 11,R11,11,2020-01-18 13:00:00+00:00,West Preston Cricket Club,Loss,loss,lost by 30 runs,Kalpeshkumar Patel 53,Sai Krishna Buddaraju 5-22,False
c99dcafd-b999-406b-837f-9c373d887a9b,95aa262f-30aa-4e11-8296-3a374a9fa3aa,Summer 2019/20,9e2b5ab8-ed77-41e5-b68a-db494e0fe821,9e2b5ab8-ed77-41e5-b68a-db494e0fe821,Fiji Victorian,6810400f-9dcc-4909-a2e6-9732c810ac13,NMCA - Jack Kelly Shield,Fiji Victorian - Jack Kelly Shield,Round 10,R10,10,2020-01-11 13:00:00+00:00,Sagarmatha Cricket Club,Draw,draw,draw,Damien Vikash 40*,Sai Krishna Buddaraju 3-26,False
d0ca99ca-49be-425c-b532-ff67c39980f1,95aa262f-30aa-4e11-8296-3a374a9fa3aa,Summer 2019/20,9e2b5ab8-ed77-41e5-b68a-db494e0fe821,9e2b5ab8-ed77-41e5-b68a-db494e0fe821,Fiji Victorian,6810400f-9dcc-4909-a2e6-9732c810ac13,NMCA - Jack Kelly Shield,Fiji Victorian - Jack Kelly Shield,Round 9,R9,9,2019-12-14 13:00:00+00:00,Darebin Northern Riders Cricket Club,Loss,loss,lost by 1 wickets,Neeraj Sharma 83*,Sai Krishna Buddaraju 3-59,False
09288fed-b91e-4083-91be-f357d53e4bbe,95aa262f-30aa-4e11-8296-3a374a9fa3aa,Summer 2019/20,9e2b5ab8-ed77-41e5-b68a-db494e0fe821,9e2b5ab8-ed77-41e5-b68a-db494e0fe821,Fiji Victorian,6810400f-9dcc-4909-a2e6-9732c810ac13,NMCA - Jack Kelly Shield,Fiji Victorian - Jack Kelly Shield,Round 8,R8,8,2019-11-30 13:00:00+00:00,Preston Footballers Cricket Club,Loss,loss,lost by 10 wickets,Benjamin Frew 42,Sarfaraz Ahmed 4-55,False
f66c2944-7659-4c60-b999-98f74ca08a74,95aa262f-30aa-4e11-8296-3a374a9fa3aa,Summer 2019/20,9e2b5ab8-ed77-41e5-b68a-db494e0fe821,9e2b5ab8-ed77-41e5-b68a-db494e0fe821,Fiji Victorian,6810400f-9dcc-4909-a2e6-9732c810ac13,NMCA - Jack Kelly Shield,Fiji Victorian - Jack Kelly Shield,Round 7,R7,7,2019-11-16 13:00:00+00:00,West Preston Cricket Club,Win,win,won by 1 runs,Sai Krishna Buddaraju 51*,Sarfaraz Ahmed 5-40,False
924149a2-bf3d-4b7d-9db8-de25c2954af4,95aa262f-30aa-4e11-8296-3a374a9fa3aa,Summer 2019/20,9e2b5ab8-ed77-41e5-b68a-db494e0fe821,9e2b5ab8-ed77-41e5-b68a-db494e0fe821,Fiji Victorian,6810400f-9dcc-4909-a2e6-9732c810ac13,NMCA - Jack Kelly Shield,Fiji Victorian - Jack Kelly Shield,Round 6,R6,6,2019-11-10 13:00:00+00:00,West Ivanhoe United Cricket Club,Loss,loss,lost by 43 runs,Danny Singh 34,Sai Krishna Buddaraju 3-12,False
0932dbdc-5e0f-4bbc-943a-d0d6f32fa09a,95aa262f-30aa-4e11-8296-3a374a9fa3aa,Summer 2019/20,9e2b5ab8-ed77-41e5-b68a-db494e0fe821,9e2b5ab8-ed77-41e5-b68a-db494e0fe821,Fiji Victorian,6810400f-9dcc-4909-a2e6-9732c810ac13,NMCA - Jack Kelly Shield,Fiji Victorian - Jack Kelly Shield,Round 5,R5,5,2019-11-09 13:00:00+00:00,Strathewen Cricket Club,Loss,loss,lost by 7 wickets,Benjamin Frew 28,Muhammad Nauman 3-39,False
57a5b6d8-b53b-4d16-b74c-2925143907c7,95aa262f-30aa-4e11-8296-3a374a9fa3aa,Summer 2019/20,9e2b5ab8-ed77-41e5-b68a-db494e0fe821,9e2b5ab8-ed77-41e5-b68a-db494e0fe821,Fiji Victorian,6810400f-9dcc-4909-a2e6-9732c810ac13,NMCA - Jack Kelly Shield,Fiji Victorian - Jack Kelly Shield,Round 4,R4,4,2019-11-02 13:00:00+00:00,Ivanhoe Mavericks Cricket Club,Draw,draw,draw,—,—,False
1c7b21a2-8ce1-4624-8c28-2e112e4a237e,95aa262f-30aa-4e11-8296-3a374a9fa3aa,Summer 2019/20,9e2b5ab8-ed77-41e5-b68a-db494e0fe821,9e2b5ab8-ed77-41e5-b68a-db494e0fe821,Fiji Victorian,6810400f-9dcc-4909-a2e6-9732c810ac13,NMCA - Jack Kelly Shield,Fiji Victorian - Jack Kelly Shield,Round 3,R3,3,2019-10-19 13:00:00+00:00,Sagarmatha Cricket Club,Win,win,won by 1 wickets,Kalpeshkumar Patel 72,Sai Krishna Buddaraju 5-17,False
fe2f1251-f8f8-4448-8236-4957a7de1bdf,95aa262f-30aa-4e11-8296-3a374a9fa3aa,Summer 2019/20,9e2b5ab8-ed77-41e5-b68a-db494e0fe821,9e2b5ab8-ed77-41e5-b68a-db494e0fe821,Fiji Victorian,6810400f-9dcc-4909-a2e6-9732c810ac13,NMCA - Jack Kelly Shield,Fiji Victorian - Jack Kelly Shield,Round 2,R2,2,2019-10-12 13:00:00+00:00,Preston Footballers Cricket Club,Loss,loss,lost by 91 runs,Neeraj Sharma 8,Sai Krishna Buddaraju 6-20,False
518dfda5-44ed-49b5-a1a6-055839805cd5,95aa262f-30aa-4e11-8296-3a374a9fa3aa,Summer 2019/20,9e2b5ab8-ed77-41e5-b68a-db494e0fe821,9e2b5ab8-ed77-41e5-b68a-db494e0fe821,Fiji Victorian,6810400f-9dcc-4909-a2e6-9732c810ac13,NMCA - Jack Kelly Shield,Fiji Victorian - Jack Kelly Shield,Round 1,R1,1,2019-10-05 12:30:00+00:00,Darebin Northern Riders Cricket Club,Loss,loss,lost by 6 wickets,Nitin Tanwar 35,Nikhil Sawant 2-32,False
d51b8949-0711-4e71-9e0d-802344954b7b,95aa262f-30aa-4e11-8296-3a374a9fa3aa,Summer 2019/20,f8893b6a-53fd-4108-a15b-743a0908f2cf,f8893b6a-53fd-4108-a15b-743a0908f2cf,Fiji Victorian 2nd XI,0fb58aff-dcac-4dfa-951d-8d4ec1548dc2,"NMCA - Les Kemp Shield - ""E"" Grade",Fiji Victorian 2nd - E Grade - Les Kemp Shield,Round 13,R13,13,2020-02-22 13:00:00+00:00,Rosebank Cricket Club,Loss,loss,lost by forfeit,—,—,False
8f787bce-3abd-4512-a4d8-f4d943082940,95aa262f-30aa-4e11-8296-3a374a9fa3aa,Summer 2019/20,f8893b6a-53fd-4108-a15b-743a0908f2cf,f8893b6a-53fd-4108-a15b-743a0908f2cf,Fiji Victorian 2nd XI,0fb58aff-dcac-4dfa-951d-8d4ec1548dc2,"NMCA - Les Kemp Shield - ""E"" Grade",Fiji Victorian 2nd - E Grade - Les Kemp Shield,Round 12,R12,12,2020-02-08 13:00:00+00:00,Rivergum Cricket Club,Draw,draw,draw,Muhammad Abidi 12*,Arun Parvathyraj 3-40,False
ec9fd207-0e2a-4661-a214-a994838e43fd,95aa262f-30aa-4e11-8296-3a374a9fa3aa,Summer 2019/20,f8893b6a-53fd-4108-a15b-743a0908f2cf,f8893b6a-53fd-4108-a15b-743a0908f2cf,Fiji Victorian 2nd XI,0fb58aff-dcac-4dfa-951d-8d4ec1548dc2,"NMCA - Les Kemp Shield - ""E"" Grade",Fiji Victorian 2nd - E Grade - Les Kemp Shield,Round 11,R11,11,2020-01-25 13:00:00+00:00,Preston YCW District Cricket Club,Loss,loss,lost by 3 wickets,Damandeep Sehra 44,Syed Shabbir 5-42,False
f107983c-a46f-410b-aeb3-67d12cc3fa6f,95aa262f-30aa-4e11-8296-3a374a9fa3aa,Summer 2019/20,f8893b6a-53fd-4108-a15b-743a0908f2cf,f8893b6a-53fd-4108-a15b-743a0908f2cf,Fiji Victorian 2nd XI,0fb58aff-dcac-4dfa-951d-8d4ec1548dc2,"NMCA - Les Kemp Shield - ""E"" Grade",Fiji Victorian 2nd - E Grade - Les Kemp Shield,Round 10,R10,10,2020-01-18 13:00:00+00:00,Cobras Cricket Club,Win,win,won by 35 runs,Shiv Ganachari 29,Madhu Vadakkedath 3-9,False
fac1f6fd-c910-4386-a4d1-639dc4825436,95aa262f-30aa-4e11-8296-3a374a9fa3aa,Summer 2019/20,f8893b6a-53fd-4108-a15b-743a0908f2cf,f8893b6a-53fd-4108-a15b-743a0908f2cf,Fiji Victorian 2nd XI,0fb58aff-dcac-4dfa-951d-8d4ec1548dc2,"NMCA - Les Kemp Shield - ""E"" Grade",Fiji Victorian 2nd - E Grade - Les Kemp Shield,Round 9,R9,9,2020-01-11 13:00:00+00:00,Holy Trinity Cricket Club,Win,win,won by 12 runs,Damandeep Sehra 77*,Danny Singh 3-22,False
b26aeae9-5a9a-4386-82bb-08228953bc06,95aa262f-30aa-4e11-8296-3a374a9fa3aa,Summer 2019/20,f8893b6a-53fd-4108-a15b-743a0908f2cf,f8893b6a-53fd-4108-a15b-743a0908f2cf,Fiji Victorian 2nd XI,0fb58aff-dcac-4dfa-951d-8d4ec1548dc2,"NMCA - Les Kemp Shield - ""E"" Grade",Fiji Victorian 2nd - E Grade - Les Kemp Shield,Round 8,R8,8,2019-12-14 13:00:00+00:00,Darebin Northern Riders Cricket Club,Loss,loss,lost by 3 wickets,Damien Vikash 101,Syed Shabbir 2-51,False
432a25fe-d903-40da-80ec-e183e610a32d,95aa262f-30aa-4e11-8296-3a374a9fa3aa,Summer 2019/20,f8893b6a-53fd-4108-a15b-743a0908f2cf,f8893b6a-53fd-4108-a15b-743a0908f2cf,Fiji Victorian 2nd XI,0fb58aff-dcac-4dfa-951d-8d4ec1548dc2,"NMCA - Les Kemp Shield - ""E"" Grade",Fiji Victorian 2nd - E Grade - Les Kemp Shield,Round 7,R7,7,2019-11-30 13:00:00+00:00,Preston Baseballers Cricket Club,Loss,loss,lost by an innings and 1 runs,Syed Shabbir 30,Shiv Ganachari 3-40,False
9b01321b-48d1-4eb5-907a-0e118cee73db,95aa262f-30aa-4e11-8296-3a374a9fa3aa,Summer 2019/20,f8893b6a-53fd-4108-a15b-743a0908f2cf,f8893b6a-53fd-4108-a15b-743a0908f2cf,Fiji Victorian 2nd XI,0fb58aff-dcac-4dfa-951d-8d4ec1548dc2,"NMCA - Les Kemp Shield - ""E"" Grade",Fiji Victorian 2nd - E Grade - Les Kemp Shield,Round 6,R6,6,2019-11-16 13:00:00+00:00,Cobras Cricket Club,Loss,loss,lost by 6 wickets,Gilbert Carvalho 64,Amal Krishna 2-37,False
37d0958d-a6e9-4346-91df-1be087b60bef,95aa262f-30aa-4e11-8296-3a374a9fa3aa,Summer 2019/20,f8893b6a-53fd-4108-a15b-743a0908f2cf,f8893b6a-53fd-4108-a15b-743a0908f2cf,Fiji Victorian 2nd XI,0fb58aff-dcac-4dfa-951d-8d4ec1548dc2,"NMCA - Les Kemp Shield - ""E"" Grade",Fiji Victorian 2nd - E Grade - Les Kemp Shield,Round 5,R5,5,2019-11-09 13:30:00+00:00,Preston YCW District Cricket Club,Loss,loss,lost by 7 wickets,Muhammad Abidi 17,Shiv Ganachari 1-7,False
295c24e7-2439-428a-a5ca-4f55b31d26af,95aa262f-30aa-4e11-8296-3a374a9fa3aa,Summer 2019/20,f8893b6a-53fd-4108-a15b-743a0908f2cf,f8893b6a-53fd-4108-a15b-743a0908f2cf,Fiji Victorian 2nd XI,0fb58aff-dcac-4dfa-951d-8d4ec1548dc2,"NMCA - Les Kemp Shield - ""E"" Grade",Fiji Victorian 2nd - E Grade - Les Kemp Shield,Round 4,R4,4,2019-11-02 13:30:00+00:00,Rivergum Cricket Club,Draw,draw,draw,—,—,False
face5208-0c44-4c2d-a759-110f69e6c0e6,95aa262f-30aa-4e11-8296-3a374a9fa3aa,Summer 2019/20,f8893b6a-53fd-4108-a15b-743a0908f2cf,f8893b6a-53fd-4108-a15b-743a0908f2cf,Fiji Victorian 2nd XI,0fb58aff-dcac-4dfa-951d-8d4ec1548dc2,"NMCA - Les Kemp Shield - ""E"" Grade",Fiji Victorian 2nd - E Grade - Les Kemp Shield,Round 3,R3,3,2019-10-19 13:30:00+00:00,Holy Trinity Cricket Club,Loss,loss,lost by 119 runs,Damandeep Sehra 28,Amal Krishna 3-37,False
fd256b4b-ff69-4002-84ab-d5b89e3c31ad,95aa262f-30aa-4e11-8296-3a374a9fa3aa,Summer 2019/20,f8893b6a-53fd-4108-a15b-743a0908f2cf,f8893b6a-53fd-4108-a15b-743a0908f2cf,Fiji Victorian 2nd XI,0fb58aff-dcac-4dfa-951d-8d4ec1548dc2,"NMCA - Les Kemp Shield - ""E"" Grade",Fiji Victorian 2nd - E Grade - Les Kemp Shield,Round 2,R2,2,2019-10-12 13:30:00+00:00,Preston Baseballers Cricket Club,Win,win,won by 3 wickets,Predheesh Valayil Sivanandan 67,Prajapati Manubhai 2-31,False
90075769-99bd-46a1-85f3-b49ce4fdc04d,95aa262f-30aa-4e11-8296-3a374a9fa3aa,Summer 2019/20,f8893b6a-53fd-4108-a15b-743a0908f2cf,f8893b6a-53fd-4108-a15b-743a0908f2cf,Fiji Victorian 2nd XI,0fb58aff-dcac-4dfa-951d-8d4ec1548dc2,"NMCA - Les Kemp Shield - ""E"" Grade",Fiji Victorian 2nd - E Grade - Les Kemp Shield,Round 1,R1,1,2019-10-05 13:00:00+00:00,Darebin Northern Riders Cricket Club,Loss,loss,lost by 6 wickets,Predheesh Valayil Sivanandan 49,Syed Hasan 1-4,False
365a93d2-83d0-456b-aa8a-aee5e6beda80,a387270b-f2fd-4e48-9334-b7f9b59589a5,Summer 2020/21,cc57dd1a-4110-4fef-95aa-44488831afe6,cc57dd1a-4110-4fef-95aa-44488831afe6,Fiji Victorian,fd8d767c-1b7b-47a8-9f40-c29ed10a4c2d,NMCA - Jack Kelly Shield,Fiji Victorian - Jack Kelly Shield,Grand Final,Grand Final,1003,2021-03-20 13:00:00+00:00,Lalor Warriors Cricket Club,Win,win,won by 3 wickets,Kalpeshkumar Patel 59,Balaji Viswanathan 3-34,True
b6910a6e-6eda-408b-9971-34c1421b8f75,a387270b-f2fd-4e48-9334-b7f9b59589a5,Summer 2020/21,cc57dd1a-4110-4fef-95aa-44488831afe6,cc57dd1a-4110-4fef-95aa-44488831afe6,Fiji Victorian,fd8d767c-1b7b-47a8-9f40-c29ed10a4c2d,NMCA - Jack Kelly Shield,Fiji Victorian - Jack Kelly Shield,Preliminary Final,Preliminary Final,1002,2021-03-13 13:00:00+00:00,Preston Baseballers Cricket Club,Draw,draw,draw,Danny Singh 48*,Sajendra Shrestha 0-16,False
56d367bc-11a6-46e5-9d6c-78addf0a3292,a387270b-f2fd-4e48-9334-b7f9b59589a5,Summer 2020/21,cc57dd1a-4110-4fef-95aa-44488831afe6,cc57dd1a-4110-4fef-95aa-44488831afe6,Fiji Victorian,fd8d767c-1b7b-47a8-9f40-c29ed10a4c2d,NMCA - Jack Kelly Shield,Fiji Victorian - Jack Kelly Shield,Semi Finals,Semi Finals,1001,2021-03-06 13:00:00+00:00,Lalor Warriors Cricket Club,Loss,loss,lost by 14 runs,Vinit Naidu 41,Nikhil Sawant 3-38,False
2a3427b3-7dd8-41c6-97b6-a9b3820d2ad3,a387270b-f2fd-4e48-9334-b7f9b59589a5,Summer 2020/21,cc57dd1a-4110-4fef-95aa-44488831afe6,cc57dd1a-4110-4fef-95aa-44488831afe6,Fiji Victorian,fd8d767c-1b7b-47a8-9f40-c29ed10a4c2d,NMCA - Jack Kelly Shield,Fiji Victorian - Jack Kelly Shield,Round 14,R14,14,2021-02-27 13:00:00+00:00,Darebin Northern Riders Cricket Club,Loss,loss,lost by 19 runs,Kalpeshkumar Patel 58,Santhosh Kumar Chappidi 1-21,False
708a9cfb-8ab6-4852-9d95-3f2ce2ca79d4,a387270b-f2fd-4e48-9334-b7f9b59589a5,Summer 2020/21,cc57dd1a-4110-4fef-95aa-44488831afe6,cc57dd1a-4110-4fef-95aa-44488831afe6,Fiji Victorian,fd8d767c-1b7b-47a8-9f40-c29ed10a4c2d,NMCA - Jack Kelly Shield,Fiji Victorian - Jack Kelly Shield,Round 13,R13,13,2021-02-20 13:00:00+00:00,Lalor Warriors Cricket Club,Loss,loss,lost by 6 wickets,Danny Singh 62,Nikhil Sawant 2-19,False
556a3985-fe42-4763-aefb-ff73534c9cf4,a387270b-f2fd-4e48-9334-b7f9b59589a5,Summer 2020/21,cc57dd1a-4110-4fef-95aa-44488831afe6,cc57dd1a-4110-4fef-95aa-44488831afe6,Fiji Victorian,fd8d767c-1b7b-47a8-9f40-c29ed10a4c2d,NMCA - Jack Kelly Shield,Fiji Victorian - Jack Kelly Shield,Round 12,R12,12,2021-02-13 13:00:00+00:00,Ivanhoe Mavericks Cricket Club,Draw,draw,draw,—,—,False
a2be35dc-87ac-4fb1-9176-be75a2dcaf42,a387270b-f2fd-4e48-9334-b7f9b59589a5,Summer 2020/21,cc57dd1a-4110-4fef-95aa-44488831afe6,cc57dd1a-4110-4fef-95aa-44488831afe6,Fiji Victorian,fd8d767c-1b7b-47a8-9f40-c29ed10a4c2d,NMCA - Jack Kelly Shield,Fiji Victorian - Jack Kelly Shield,Round 11,R11,11,2021-02-06 13:00:00+00:00,Darebin Northern Riders Cricket Club,Win,win,won by 91 runs,Vinit Naidu 48,Balaji Viswanathan 7-29,False
47cf6b42-46e6-4108-a12b-745098c1be8e,a387270b-f2fd-4e48-9334-b7f9b59589a5,Summer 2020/21,cc57dd1a-4110-4fef-95aa-44488831afe6,cc57dd1a-4110-4fef-95aa-44488831afe6,Fiji Victorian,fd8d767c-1b7b-47a8-9f40-c29ed10a4c2d,NMCA - Jack Kelly Shield,Fiji Victorian - Jack Kelly Shield,Round 10,R10,10,2021-01-30 13:00:00+00:00,Preston YCW District Cricket Club,Win,win,won by 67 runs,Danny Singh 52*,Balaji Viswanathan 5-23,False
cc3bcb0b-0998-46e0-af0a-012db4053f76,a387270b-f2fd-4e48-9334-b7f9b59589a5,Summer 2020/21,cc57dd1a-4110-4fef-95aa-44488831afe6,cc57dd1a-4110-4fef-95aa-44488831afe6,Fiji Victorian,fd8d767c-1b7b-47a8-9f40-c29ed10a4c2d,NMCA - Jack Kelly Shield,Fiji Victorian - Jack Kelly Shield,Round 9,R9,9,2021-01-17 13:00:00+00:00,Unknown opponent,No Result,none,Result pending,—,—,False
30ad689a-2e6e-4651-9c80-ef340d2458d7,a387270b-f2fd-4e48-9334-b7f9b59589a5,Summer 2020/21,cc57dd1a-4110-4fef-95aa-44488831afe6,cc57dd1a-4110-4fef-95aa-44488831afe6,Fiji Victorian,fd8d767c-1b7b-47a8-9f40-c29ed10a4c2d,NMCA - Jack Kelly Shield,Fiji Victorian - Jack Kelly Shield,Round 8,R8,8,2021-01-16 13:00:00+00:00,West Preston Cricket Club,Tie,tie,tie,Nikhil Sawant 56,Nikhil Sawant 3-13,False
b07a2607-f677-47e7-bb93-974804b49998,a387270b-f2fd-4e48-9334-b7f9b59589a5,Summer 2020/21,cc57dd1a-4110-4fef-95aa-44488831afe6,cc57dd1a-4110-4fef-95aa-44488831afe6,Fiji Victorian,fd8d767c-1b7b-47a8-9f40-c29ed10a4c2d,NMCA - Jack Kelly Shield,Fiji Victorian - Jack Kelly Shield,Round 7,R7,7,2021-01-09 13:00:00+00:00,Preston Baseballers Cricket Club,Win,win,won by 39 runs,Damandeep Sehra 47,Balaji Viswanathan 3-28,False
8fcb19f8-65ae-425b-a6b7-af94e83e1d02,a387270b-f2fd-4e48-9334-b7f9b59589a5,Summer 2020/21,cc57dd1a-4110-4fef-95aa-44488831afe6,cc57dd1a-4110-4fef-95aa-44488831afe6,Fiji Victorian,fd8d767c-1b7b-47a8-9f40-c29ed10a4c2d,NMCA - Jack Kelly Shield,Fiji Victorian - Jack Kelly Shield,Round 6,R6,6,2020-12-19 13:00:00+00:00,Lalor Warriors Cricket Club,Win,win,won by 74 runs,Sai Krishna Buddaraju 53*,Balaji Viswanathan 6-25,False
8468472b-4989-45ea-b2ad-64418f581f0e,a387270b-f2fd-4e48-9334-b7f9b59589a5,Summer 2020/21,cc57dd1a-4110-4fef-95aa-44488831afe6,cc57dd1a-4110-4fef-95aa-44488831afe6,Fiji Victorian,fd8d767c-1b7b-47a8-9f40-c29ed10a4c2d,NMCA - Jack Kelly Shield,Fiji Victorian - Jack Kelly Shield,Round 5,R5,5,2020-12-12 13:00:00+00:00,West Preston Cricket Club,Win,win,won by 3 wickets,Danny Singh 43*,Shaun Vikash 4-22,False
446a7ced-0d40-4357-8a70-692400245be0,a387270b-f2fd-4e48-9334-b7f9b59589a5,Summer 2020/21,cc57dd1a-4110-4fef-95aa-44488831afe6,cc57dd1a-4110-4fef-95aa-44488831afe6,Fiji Victorian,fd8d767c-1b7b-47a8-9f40-c29ed10a4c2d,NMCA - Jack Kelly Shield,Fiji Victorian - Jack Kelly Shield,Round 4,R4,4,2020-12-05 13:00:00+00:00,Unknown opponent,No Result,none,Result pending,—,—,False
4bbc13e5-cba7-47a8-8067-2c26f1f1a0b3,a387270b-f2fd-4e48-9334-b7f9b59589a5,Summer 2020/21,cc57dd1a-4110-4fef-95aa-44488831afe6,cc57dd1a-4110-4fef-95aa-44488831afe6,Fiji Victorian,fd8d767c-1b7b-47a8-9f40-c29ed10a4c2d,NMCA - Jack Kelly Shield,Fiji Victorian - Jack Kelly Shield,Round 3,R3,3,2020-11-28 13:00:00+00:00,Ivanhoe Mavericks Cricket Club,Win,win,won by 7 wickets,Harish Kumar 35*,Balaji Viswanathan 3-12,False
b0ec4083-428d-4caf-af60-20fc5684d17d,a387270b-f2fd-4e48-9334-b7f9b59589a5,Summer 2020/21,cc57dd1a-4110-4fef-95aa-44488831afe6,cc57dd1a-4110-4fef-95aa-44488831afe6,Fiji Victorian,fd8d767c-1b7b-47a8-9f40-c29ed10a4c2d,NMCA - Jack Kelly Shield,Fiji Victorian - Jack Kelly Shield,Round 2,R2,2,2020-11-21 13:00:00+00:00,Preston Baseballers Cricket Club,Loss,loss,lost by 34 runs,Nikhil Sawant 76,Sai Krishna Buddaraju 3-50,False
681f21d7-f067-4c05-a8ac-d7f2e3aeb4b4,a387270b-f2fd-4e48-9334-b7f9b59589a5,Summer 2020/21,cc57dd1a-4110-4fef-95aa-44488831afe6,cc57dd1a-4110-4fef-95aa-44488831afe6,Fiji Victorian,fd8d767c-1b7b-47a8-9f40-c29ed10a4c2d,NMCA - Jack Kelly Shield,Fiji Victorian - Jack Kelly Shield,Round 1,R1,1,2020-11-14 13:00:00+00:00,Preston YCW District Cricket Club,Win,win,won by 10 wickets,Nikhil Sawant 34*,Sandeep Reddy 5-16,False
6dfdd704-4283-4b5a-bac8-bfb648aae1fb,a387270b-f2fd-4e48-9334-b7f9b59589a5,Summer 2020/21,776c5584-87bf-4b96-a886-d480d6e4ab43,776c5584-87bf-4b96-a886-d480d6e4ab43,Fiji Victorian 2nd XI,4e962e98-87b7-468a-b754-457199d76342,"NMCA - Les Kemp Shield - ""E"" Grade",Fiji Victorian 2nd - E Grade - Les Kemp Shield,Semi Finals,Semi Finals,1001,2021-03-06 13:00:00+00:00,Kinglake Cricket Club,Loss,loss,lost by 7 wickets,Ibad Mohammed 46,Shivnyl Naidu 2-15,False
acd1a0d4-8a14-48eb-9a0c-9d190b43d644,a387270b-f2fd-4e48-9334-b7f9b59589a5,Summer 2020/21,776c5584-87bf-4b96-a886-d480d6e4ab43,776c5584-87bf-4b96-a886-d480d6e4ab43,Fiji Victorian 2nd XI,4e962e98-87b7-468a-b754-457199d76342,"NMCA - Les Kemp Shield - ""E"" Grade",Fiji Victorian 2nd - E Grade - Les Kemp Shield,Round 10,R10,10,2021-02-27 13:00:00+00:00,Kinglake Cricket Club,Win,win,won by 9 wickets,Muhammad Anas Mukhtar 47,Sandeep Gill 4-22,False
c4abd38e-cf35-490d-a5ef-e04360cb63d1,a387270b-f2fd-4e48-9334-b7f9b59589a5,Summer 2020/21,776c5584-87bf-4b96-a886-d480d6e4ab43,776c5584-87bf-4b96-a886-d480d6e4ab43,Fiji Victorian 2nd XI,4e962e98-87b7-468a-b754-457199d76342,"NMCA - Les Kemp Shield - ""E"" Grade",Fiji Victorian 2nd - E Grade - Les Kemp Shield,Round 9,R9,9,2021-02-20 13:00:00+00:00,Holy Trinity Cricket Club,Win,win,won by 10 wickets,Dinesh Subedi 43*,Syed Shabbir 3-22,False
04b629d7-e0c9-45e3-914e-dfe49b31d681,a387270b-f2fd-4e48-9334-b7f9b59589a5,Summer 2020/21,776c5584-87bf-4b96-a886-d480d6e4ab43,776c5584-87bf-4b96-a886-d480d6e4ab43,Fiji Victorian 2nd XI,4e962e98-87b7-468a-b754-457199d76342,"NMCA - Les Kemp Shield - ""E"" Grade",Fiji Victorian 2nd - E Grade - Les Kemp Shield,Round 8,R8,8,2021-02-13 13:00:00+00:00,Cobras Cricket Club,Draw,draw,draw,—,—,False
b23e418d-923b-4db5-9939-204e1e872ea0,a387270b-f2fd-4e48-9334-b7f9b59589a5,Summer 2020/21,776c5584-87bf-4b96-a886-d480d6e4ab43,776c5584-87bf-4b96-a886-d480d6e4ab43,Fiji Victorian 2nd XI,4e962e98-87b7-468a-b754-457199d76342,"NMCA - Les Kemp Shield - ""E"" Grade",Fiji Victorian 2nd - E Grade - Les Kemp Shield,Round 7,R7,7,2021-02-06 13:00:00+00:00,Kinglake Cricket Club,Loss,loss,lost by 8 wickets,Sandeep Gill 33,Syed Shabbir 1-21,False
6fc23d69-e300-4c3a-8dfc-b2242778d696,a387270b-f2fd-4e48-9334-b7f9b59589a5,Summer 2020/21,776c5584-87bf-4b96-a886-d480d6e4ab43,776c5584-87bf-4b96-a886-d480d6e4ab43,Fiji Victorian 2nd XI,4e962e98-87b7-468a-b754-457199d76342,"NMCA - Les Kemp Shield - ""E"" Grade",Fiji Victorian 2nd - E Grade - Les Kemp Shield,Round 6,R6,6,2021-01-30 13:00:00+00:00,Bellfield Cricket Club,Win,win,won by 8 wickets,Ibad Mohammed 86*,Syed Shabbir 1-21,False
a1c2c66b-8da8-408c-a029-70467c85db44,a387270b-f2fd-4e48-9334-b7f9b59589a5,Summer 2020/21,776c5584-87bf-4b96-a886-d480d6e4ab43,776c5584-87bf-4b96-a886-d480d6e4ab43,Fiji Victorian 2nd XI,4e962e98-87b7-468a-b754-457199d76342,"NMCA - Les Kemp Shield - ""E"" Grade",Fiji Victorian 2nd - E Grade - Les Kemp Shield,Round 5,R5,5,2020-12-19 13:00:00+00:00,Holy Trinity Cricket Club,Win,win,won by 66 runs,Damandeep Sehra 55*,Syed Shabbir 2-9,False
0ba4a458-520d-4a96-ae59-f5365e36a77b,a387270b-f2fd-4e48-9334-b7f9b59589a5,Summer 2020/21,776c5584-87bf-4b96-a886-d480d6e4ab43,776c5584-87bf-4b96-a886-d480d6e4ab43,Fiji Victorian 2nd XI,4e962e98-87b7-468a-b754-457199d76342,"NMCA - Les Kemp Shield - ""E"" Grade",Fiji Victorian 2nd - E Grade - Les Kemp Shield,Round 4,R4,4,2020-12-12 13:00:00+00:00,Rivergum Cricket Club,Win,win,won by 7 wickets,Shrikant Sharma 46*,Sandeep Gill 3-27,False
2f1b83c3-dc31-4c17-9f5e-527cff4f1247,a387270b-f2fd-4e48-9334-b7f9b59589a5,Summer 2020/21,776c5584-87bf-4b96-a886-d480d6e4ab43,776c5584-87bf-4b96-a886-d480d6e4ab43,Fiji Victorian 2nd XI,4e962e98-87b7-468a-b754-457199d76342,"NMCA - Les Kemp Shield - ""E"" Grade",Fiji Victorian 2nd - E Grade - Les Kemp Shield,Round 3,R3,3,2020-12-05 13:00:00+00:00,Cobras Cricket Club,Win,win,won by 10 wickets,Nitin Tanwar 88*,Jimmy Sharma 3-19,False
05cb8469-27ca-4c54-8d00-f994ca0f5b4e,a387270b-f2fd-4e48-9334-b7f9b59589a5,Summer 2020/21,776c5584-87bf-4b96-a886-d480d6e4ab43,776c5584-87bf-4b96-a886-d480d6e4ab43,Fiji Victorian 2nd XI,4e962e98-87b7-468a-b754-457199d76342,"NMCA - Les Kemp Shield - ""E"" Grade",Fiji Victorian 2nd - E Grade - Les Kemp Shield,Round 2,R2,2,2020-11-28 13:00:00+00:00,Rivergum Cricket Club,Win,win,won by 75 runs,Damien Vikash 60,Sajendra Shrestha 4-27,False
36c28fed-9485-4cd1-aa77-5dfdbed7be21,a387270b-f2fd-4e48-9334-b7f9b59589a5,Summer 2020/21,776c5584-87bf-4b96-a886-d480d6e4ab43,776c5584-87bf-4b96-a886-d480d6e4ab43,Fiji Victorian 2nd XI,4e962e98-87b7-468a-b754-457199d76342,"NMCA - Les Kemp Shield - ""E"" Grade",Fiji Victorian 2nd - E Grade - Les Kemp Shield,Round 1,R1,1,2020-11-21 13:00:00+00:00,Bellfield Cricket Club,Win,win,won by 194 runs,Ibad Mohammed 42,Balaji Viswanathan 6-2,False
5af16539-e99f-4894-bd57-8613ff08226f,a387270b-f2fd-4e48-9334-b7f9b59589a5,Summer 2020/21,2511a949-9015-4e6a-8b08-18abfeb7da69,2511a949-9015-4e6a-8b08-18abfeb7da69,Fiji Victorian OD,90229983-4e26-4388-9a53-6bcd47f00e8d,NMCA - Robert Young - Designated One Day Comp.,Fiji Victorian OD - DODC - Robert Young Shield,Round 10,R10,10,2021-02-27 13:00:00+00:00,Heidelberg West Cricket Club,Loss,loss,lost by 4 wickets,Amresh Bhan 39,Jacob Joseph 2-18,False
7d4b6501-7f6e-4c6f-9a8d-ea416b981674,a387270b-f2fd-4e48-9334-b7f9b59589a5,Summer 2020/21,2511a949-9015-4e6a-8b08-18abfeb7da69,2511a949-9015-4e6a-8b08-18abfeb7da69,Fiji Victorian OD,90229983-4e26-4388-9a53-6bcd47f00e8d,NMCA - Robert Young - Designated One Day Comp.,Fiji Victorian OD - DODC - Robert Young Shield,Round 9,R9,9,2021-02-20 13:00:00+00:00,Holy Trinity Cricket Club,Loss,loss,lost by 5 wickets,Damien Vikash 44*,Amal Krishna 2-20,False
77574c34-797a-4993-ad0b-18c0aa7e3f05,a387270b-f2fd-4e48-9334-b7f9b59589a5,Summer 2020/21,2511a949-9015-4e6a-8b08-18abfeb7da69,2511a949-9015-4e6a-8b08-18abfeb7da69,Fiji Victorian OD,90229983-4e26-4388-9a53-6bcd47f00e8d,NMCA - Robert Young - Designated One Day Comp.,Fiji Victorian OD - DODC - Robert Young Shield,Round 8,R8,8,2021-02-13 13:00:00+00:00,Northern Socials Cricket Club,Draw,draw,draw,—,—,False
3a361def-53c9-470c-810e-08adeb2c3a5c,a387270b-f2fd-4e48-9334-b7f9b59589a5,Summer 2020/21,2511a949-9015-4e6a-8b08-18abfeb7da69,2511a949-9015-4e6a-8b08-18abfeb7da69,Fiji Victorian OD,90229983-4e26-4388-9a53-6bcd47f00e8d,NMCA - Robert Young - Designated One Day Comp.,Fiji Victorian OD - DODC - Robert Young Shield,Round 7,R7,7,2021-02-06 13:00:00+00:00,Heidelberg West Cricket Club,Win,win,won by 58 runs,Sajendra Shrestha 52*,Ravi Chowdary 3-11,False
544d3ec8-7d40-45bf-801f-bc444c0c70d2,a387270b-f2fd-4e48-9334-b7f9b59589a5,Summer 2020/21,2511a949-9015-4e6a-8b08-18abfeb7da69,2511a949-9015-4e6a-8b08-18abfeb7da69,Fiji Victorian OD,90229983-4e26-4388-9a53-6bcd47f00e8d,NMCA - Robert Young - Designated One Day Comp.,Fiji Victorian OD - DODC - Robert Young Shield,Round 6,R6,6,2021-01-30 13:00:00+00:00,Holy Trinity Cricket Club,Loss,loss,lost by 6 wickets,Damien Vikash 50*,Feroz Hassan 1-8,False
4bc45f24-d6c2-4f04-a193-9685f2db68be,a387270b-f2fd-4e48-9334-b7f9b59589a5,Summer 2020/21,2511a949-9015-4e6a-8b08-18abfeb7da69,2511a949-9015-4e6a-8b08-18abfeb7da69,Fiji Victorian OD,90229983-4e26-4388-9a53-6bcd47f00e8d,NMCA - Robert Young - Designated One Day Comp.,Fiji Victorian OD - DODC - Robert Young Shield,Round 5,R5,5,2020-12-19 13:00:00+00:00,Holy Trinity Cricket Club,Loss,loss,lost by 6 wickets,Praveen Lama 47,Praveen Lama 3-31,False
c60bd0c9-673b-48a3-9b17-6525ceb24e73,a387270b-f2fd-4e48-9334-b7f9b59589a5,Summer 2020/21,2511a949-9015-4e6a-8b08-18abfeb7da69,2511a949-9015-4e6a-8b08-18abfeb7da69,Fiji Victorian OD,90229983-4e26-4388-9a53-6bcd47f00e8d,NMCA - Robert Young - Designated One Day Comp.,Fiji Victorian OD - DODC - Robert Young Shield,Round 4,R4,4,2020-12-12 13:00:00+00:00,Dennis Cricket Club,Win,win,won by 52 runs,Praveen Lama 60,Arun Parvathyraj 7-14,False
ac39c87a-ebab-467a-9d57-90d28dbf4dbf,a387270b-f2fd-4e48-9334-b7f9b59589a5,Summer 2020/21,2511a949-9015-4e6a-8b08-18abfeb7da69,2511a949-9015-4e6a-8b08-18abfeb7da69,Fiji Victorian OD,90229983-4e26-4388-9a53-6bcd47f00e8d,NMCA - Robert Young - Designated One Day Comp.,Fiji Victorian OD - DODC - Robert Young Shield,Round 3,R3,3,2020-12-05 13:00:00+00:00,Lalor Warriors Cricket Club,Win,win,won by 3 wickets,Praveen Lama 49,Dinesh Subedi 5-25,False
ebe7c8e9-2d59-4e2a-ba72-6681aab4fd16,a387270b-f2fd-4e48-9334-b7f9b59589a5,Summer 2020/21,2511a949-9015-4e6a-8b08-18abfeb7da69,2511a949-9015-4e6a-8b08-18abfeb7da69,Fiji Victorian OD,90229983-4e26-4388-9a53-6bcd47f00e8d,NMCA - Robert Young - Designated One Day Comp.,Fiji Victorian OD - DODC - Robert Young Shield,Round 2,R2,2,2020-11-28 13:00:00+00:00,Northern Socials Cricket Club,Loss,loss,lost by 4 wickets,Praveen Lama 43,Amal Krishna 2-19,False
1ff3a266-bef1-4188-aac7-a237ad585733,a387270b-f2fd-4e48-9334-b7f9b59589a5,Summer 2020/21,2511a949-9015-4e6a-8b08-18abfeb7da69,2511a949-9015-4e6a-8b08-18abfeb7da69,Fiji Victorian OD,90229983-4e26-4388-9a53-6bcd47f00e8d,NMCA - Robert Young - Designated One Day Comp.,Fiji Victorian OD - DODC - Robert Young Shield,Round 1,R1,1,2020-11-21 13:00:00+00:00,Camrea Cricket Club,Loss,loss,lost by 113 runs,Praveen Lama 10*,Ravi Chowdary 5-17,False
3e66b949-db22-476f-9bee-c189f172c596,aad2a6fe-7bbd-4680-a386-01319b828522,Summer 2021/22,a76da229-e57f-4406-8595-d46d4942a242,a76da229-e57f-4406-8595-d46d4942a242,Fiji Victorian,9b56e8ff-f853-4164-afc7-478df928f984,NMCA - Jack Quick Shield,Fiji Victorian - Jack Quick Shield,Preliminary Final,Preliminary Final,1002,2022-03-05 13:00:00+00:00,Dennis Cricket Club,Loss,loss,lost by 67 runs,Harish Kumar 13,Baurel D'Mello 4-15,False
11a44699-2943-4e8e-a6ec-825c19d3340d,aad2a6fe-7bbd-4680-a386-01319b828522,Summer 2021/22,a76da229-e57f-4406-8595-d46d4942a242,a76da229-e57f-4406-8595-d46d4942a242,Fiji Victorian,9b56e8ff-f853-4164-afc7-478df928f984,NMCA - Jack Quick Shield,Fiji Victorian - Jack Quick Shield,Semi Finals,Semi Finals,1001,2022-02-26 13:00:00+00:00,Old Ivanhoe Cricket Club,Loss,loss,lost by 8 wickets,Kalpeshkumar Patel 45,Ibad Mohammed 1-10,False
d25e9627-e92f-47f3-9112-25f98fba46bb,aad2a6fe-7bbd-4680-a386-01319b828522,Summer 2021/22,a76da229-e57f-4406-8595-d46d4942a242,a76da229-e57f-4406-8595-d46d4942a242,Fiji Victorian,9b56e8ff-f853-4164-afc7-478df928f984,NMCA - Jack Quick Shield,Fiji Victorian - Jack Quick Shield,Round 14,R14,14,2022-02-19 13:00:00+00:00,Cameron Cricket Club,Win,win,won by 7 wickets,Harish Kumar 62*,Ibad Mohammed 2-17,False
12173b4d-7566-4ba4-b1f0-3073e0883aef,aad2a6fe-7bbd-4680-a386-01319b828522,Summer 2021/22,a76da229-e57f-4406-8595-d46d4942a242,a76da229-e57f-4406-8595-d46d4942a242,Fiji Victorian,9b56e8ff-f853-4164-afc7-478df928f984,NMCA - Jack Quick Shield,Fiji Victorian - Jack Quick Shield,Round 13,R13,13,2022-02-12 13:00:00+00:00,Olympic Colts Cricket Club,Win,win,won by 85 runs,Gopi Krishna 57,Nikhil Sawant 5-14,False
fe64522a-51b6-47b0-a517-1b5d88e3c236,aad2a6fe-7bbd-4680-a386-01319b828522,Summer 2021/22,a76da229-e57f-4406-8595-d46d4942a242,a76da229-e57f-4406-8595-d46d4942a242,Fiji Victorian,9b56e8ff-f853-4164-afc7-478df928f984,NMCA - Jack Quick Shield,Fiji Victorian - Jack Quick Shield,Round 12,R12,12,2022-02-05 13:00:00+00:00,Dennis Cricket Club,Loss,loss,lost by 52 runs,Harish Kumar 40,Baurel D'Mello 3-27,False
88465c99-9cfd-49ad-91dd-5d968055337d,aad2a6fe-7bbd-4680-a386-01319b828522,Summer 2021/22,a76da229-e57f-4406-8595-d46d4942a242,a76da229-e57f-4406-8595-d46d4942a242,Fiji Victorian,9b56e8ff-f853-4164-afc7-478df928f984,NMCA - Jack Quick Shield,Fiji Victorian - Jack Quick Shield,Round 11,R11,11,2022-01-29 13:00:00+00:00,Preston Footballers Cricket Club,Win,win,won by 36 runs,Lokesh Ravikumar 94*,Madhu Vadakkedath 5-34,False
0ce0e066-0454-43b9-9703-a6ed9930e96e,aad2a6fe-7bbd-4680-a386-01319b828522,Summer 2021/22,a76da229-e57f-4406-8595-d46d4942a242,a76da229-e57f-4406-8595-d46d4942a242,Fiji Victorian,9b56e8ff-f853-4164-afc7-478df928f984,NMCA - Jack Quick Shield,Fiji Victorian - Jack Quick Shield,Round 10,R10,10,2022-01-22 13:00:00+00:00,Camrea Cricket Club,Win,win,won by 15 runs,Harish Kumar 39,Sandeep Reddy 4-11,False
785457e7-c1cd-4c0c-9ca4-73fcf71c9629,aad2a6fe-7bbd-4680-a386-01319b828522,Summer 2021/22,a76da229-e57f-4406-8595-d46d4942a242,a76da229-e57f-4406-8595-d46d4942a242,Fiji Victorian,9b56e8ff-f853-4164-afc7-478df928f984,NMCA - Jack Quick Shield,Fiji Victorian - Jack Quick Shield,Round 9,R9,9,2022-01-16 14:00:00+00:00,Old Ivanhoe Cricket Club,Loss,loss,lost by 2 wickets,Sai Krishna Buddaraju 69*,Santhosh Kumar Chappidi 2-28,False
da8d7f37-fc75-4cad-af3b-0b3310f18734,aad2a6fe-7bbd-4680-a386-01319b828522,Summer 2021/22,a76da229-e57f-4406-8595-d46d4942a242,a76da229-e57f-4406-8595-d46d4942a242,Fiji Victorian,9b56e8ff-f853-4164-afc7-478df928f984,NMCA - Jack Quick Shield,Fiji Victorian - Jack Quick Shield,Round 8,R8,8,2022-01-15 13:00:00+00:00,Fairfield Cricket Club,Win,win,won by 3 wickets,Muhammad Anas Mukhtar 41,Madhu Vadakkedath 3-12,False
0c159492-8b26-432b-b20b-d26b22a520a6,aad2a6fe-7bbd-4680-a386-01319b828522,Summer 2021/22,a76da229-e57f-4406-8595-d46d4942a242,a76da229-e57f-4406-8595-d46d4942a242,Fiji Victorian,9b56e8ff-f853-4164-afc7-478df928f984,NMCA - Jack Quick Shield,Fiji Victorian - Jack Quick Shield,Round 7,R7,7,2022-01-08 13:00:00+00:00,Old Ivanhoe Cricket Club,Win,win,won by 4 wickets,Muhammad Anas Mukhtar 36,Nikhil Sawant 3-14,False
86e0ceeb-7b17-4863-95ed-ffda048b8473,aad2a6fe-7bbd-4680-a386-01319b828522,Summer 2021/22,a76da229-e57f-4406-8595-d46d4942a242,a76da229-e57f-4406-8595-d46d4942a242,Fiji Victorian,9b56e8ff-f853-4164-afc7-478df928f984,NMCA - Jack Quick Shield,Fiji Victorian - Jack Quick Shield,Round 6,R6,6,2021-12-18 13:00:00+00:00,Cameron Cricket Club,Win,win,won by 6 wickets,Kalpeshkumar Patel 29*,Vinit Naidu 4-15,False
f4d75c89-bd04-4d51-914d-cbb6472135c5,aad2a6fe-7bbd-4680-a386-01319b828522,Summer 2021/22,a76da229-e57f-4406-8595-d46d4942a242,a76da229-e57f-4406-8595-d46d4942a242,Fiji Victorian,9b56e8ff-f853-4164-afc7-478df928f984,NMCA - Jack Quick Shield,Fiji Victorian - Jack Quick Shield,Round 5,R5,5,2021-12-11 13:00:00+00:00,Olympic Colts Cricket Club,Win,win,won by 32 runs,Baurel D'Mello 120,Shaun Vikash 4-28,False
26df187c-2c0b-4623-87fd-cb952eaa1ea9,aad2a6fe-7bbd-4680-a386-01319b828522,Summer 2021/22,a76da229-e57f-4406-8595-d46d4942a242,a76da229-e57f-4406-8595-d46d4942a242,Fiji Victorian,9b56e8ff-f853-4164-afc7-478df928f984,NMCA - Jack Quick Shield,Fiji Victorian - Jack Quick Shield,Round 4,R4,4,2021-12-04 13:00:00+00:00,Dennis Cricket Club,Loss,loss,lost by 1 runs,Harish Kumar 25,Sai Krishna Buddaraju 3-16,False
85a333ca-49c4-4483-bbd0-bf88b5d2de66,aad2a6fe-7bbd-4680-a386-01319b828522,Summer 2021/22,a76da229-e57f-4406-8595-d46d4942a242,a76da229-e57f-4406-8595-d46d4942a242,Fiji Victorian,9b56e8ff-f853-4164-afc7-478df928f984,NMCA - Jack Quick Shield,Fiji Victorian - Jack Quick Shield,Round 3,R3,3,2021-11-27 13:00:00+00:00,Preston Footballers Cricket Club,Win,win,won by 48 runs,Muhammad Anas Mukhtar 32,Ibad Mohammed 4-14,False
629c4ecb-d430-4740-8bbc-b586a95a667b,aad2a6fe-7bbd-4680-a386-01319b828522,Summer 2021/22,a76da229-e57f-4406-8595-d46d4942a242,a76da229-e57f-4406-8595-d46d4942a242,Fiji Victorian,9b56e8ff-f853-4164-afc7-478df928f984,NMCA - Jack Quick Shield,Fiji Victorian - Jack Quick Shield,Round 2,R2,2,2021-11-20 13:00:00+00:00,Camrea Cricket Club,Loss,loss,lost by 7 wickets,Vinit Naidu 20,Baurel D'Mello 1-12,False
1812b760-b7c8-4e80-8be7-9bc474b9c7e6,aad2a6fe-7bbd-4680-a386-01319b828522,Summer 2021/22,a76da229-e57f-4406-8595-d46d4942a242,a76da229-e57f-4406-8595-d46d4942a242,Fiji Victorian,9b56e8ff-f853-4164-afc7-478df928f984,NMCA - Jack Quick Shield,Fiji Victorian - Jack Quick Shield,Round 1,R1,1,2021-11-13 13:00:00+00:00,Fairfield Cricket Club,Draw,draw,draw,—,—,False
533ecc13-cecb-40f1-852b-9194a3891f9a,aad2a6fe-7bbd-4680-a386-01319b828522,Summer 2021/22,c589fd39-b7ef-4d8a-a6ae-644b717b337c,c589fd39-b7ef-4d8a-a6ae-644b717b337c,Fiji Victorian 2nd XI,028d9d87-fe2c-4df1-980f-1dc263c0e6b2,"NMCA - Bob Herman Shield - ""D"" Grade",Fiji Victorian 2nd - D Grade - Bob Herman Shield,Semi Finals,Semi Finals,1001,2022-02-26 13:00:00+00:00,Lalor Warriors Cricket Club,Loss,loss,lost by 6 wickets,Predheesh Valayil Sivanandan 19,Amal Krishna 2-20,False
872f2fd7-3143-464a-8fe8-d402088ed7a0,aad2a6fe-7bbd-4680-a386-01319b828522,Summer 2021/22,c589fd39-b7ef-4d8a-a6ae-644b717b337c,c589fd39-b7ef-4d8a-a6ae-644b717b337c,Fiji Victorian 2nd XI,028d9d87-fe2c-4df1-980f-1dc263c0e6b2,"NMCA - Bob Herman Shield - ""D"" Grade",Fiji Victorian 2nd - D Grade - Bob Herman Shield,Round 13,R13,13,2022-02-19 13:00:00+00:00,Unknown opponent,No Result,none,Result pending,—,—,False
2574652b-006c-45c9-b021-d0ef8e2b13b0,aad2a6fe-7bbd-4680-a386-01319b828522,Summer 2021/22,c589fd39-b7ef-4d8a-a6ae-644b717b337c,c589fd39-b7ef-4d8a-a6ae-644b717b337c,Fiji Victorian 2nd XI,028d9d87-fe2c-4df1-980f-1dc263c0e6b2,"NMCA - Bob Herman Shield - ""D"" Grade",Fiji Victorian 2nd - D Grade - Bob Herman Shield,Round 12,R12,12,2022-02-12 13:00:00+00:00,Holy Trinity Cricket Club,Win,win,won by 60 runs,Benjamin Frew 63,Amal Krishna 3-17,False
b4d9e87a-c8c0-4a97-b997-1d294edd302d,aad2a6fe-7bbd-4680-a386-01319b828522,Summer 2021/22,c589fd39-b7ef-4d8a-a6ae-644b717b337c,c589fd39-b7ef-4d8a-a6ae-644b717b337c,Fiji Victorian 2nd XI,028d9d87-fe2c-4df1-980f-1dc263c0e6b2,"NMCA - Bob Herman Shield - ""D"" Grade",Fiji Victorian 2nd - D Grade - Bob Herman Shield,Round 11,R11,11,2022-02-05 13:00:00+00:00,Lalor Warriors Cricket Club,Win,win,won by 99 runs,Akshat Bodele 42,Amal Krishna 3-17,False
6e776b0f-9de8-4491-952f-75a3f62521ca,aad2a6fe-7bbd-4680-a386-01319b828522,Summer 2021/22,c589fd39-b7ef-4d8a-a6ae-644b717b337c,c589fd39-b7ef-4d8a-a6ae-644b717b337c,Fiji Victorian 2nd XI,028d9d87-fe2c-4df1-980f-1dc263c0e6b2,"NMCA - Bob Herman Shield - ""D"" Grade",Fiji Victorian 2nd - D Grade - Bob Herman Shield,Round 10,R10,10,2022-01-29 13:00:00+00:00,Preston Footballers Cricket Club,Win,win,won by 7 wickets,Gopi Krishna 75,Amal Krishna 3-20,False
5ec78427-a3a8-4d56-be14-21267422ee78,aad2a6fe-7bbd-4680-a386-01319b828522,Summer 2021/22,c589fd39-b7ef-4d8a-a6ae-644b717b337c,c589fd39-b7ef-4d8a-a6ae-644b717b337c,Fiji Victorian 2nd XI,028d9d87-fe2c-4df1-980f-1dc263c0e6b2,"NMCA - Bob Herman Shield - ""D"" Grade",Fiji Victorian 2nd - D Grade - Bob Herman Shield,Round 9,R9,9,2022-01-22 13:00:00+00:00,Preston Baseballers Cricket Club,Win,win,won by 139 runs,Gopi Krishna 112,Danny Singh 3-25,False
e281db0b-42dc-4759-b154-2edc4a7d823c,aad2a6fe-7bbd-4680-a386-01319b828522,Summer 2021/22,c589fd39-b7ef-4d8a-a6ae-644b717b337c,c589fd39-b7ef-4d8a-a6ae-644b717b337c,Fiji Victorian 2nd XI,028d9d87-fe2c-4df1-980f-1dc263c0e6b2,"NMCA - Bob Herman Shield - ""D"" Grade",Fiji Victorian 2nd - D Grade - Bob Herman Shield,Round 8,R8,8,2022-01-15 13:00:00+00:00,Darebin Northern Riders Cricket Club,Win,win,won by 2 wickets,Nitin Tanwar 33,Amal Krishna 3-23,False
24d0ec82-466c-4ffa-8dd8-33e8d0eee47d,aad2a6fe-7bbd-4680-a386-01319b828522,Summer 2021/22,c589fd39-b7ef-4d8a-a6ae-644b717b337c,c589fd39-b7ef-4d8a-a6ae-644b717b337c,Fiji Victorian 2nd XI,028d9d87-fe2c-4df1-980f-1dc263c0e6b2,"NMCA - Bob Herman Shield - ""D"" Grade",Fiji Victorian 2nd - D Grade - Bob Herman Shield,Round 7,R7,7,2022-01-08 13:00:00+00:00,Rivergum Cricket Club,Loss,loss,lost by 96 runs,Benjamin Frew 79,Aravind Boddula 3-24,False
80df4682-6acf-44d2-9319-afd308d060d3,aad2a6fe-7bbd-4680-a386-01319b828522,Summer 2021/22,c589fd39-b7ef-4d8a-a6ae-644b717b337c,c589fd39-b7ef-4d8a-a6ae-644b717b337c,Fiji Victorian 2nd XI,028d9d87-fe2c-4df1-980f-1dc263c0e6b2,"NMCA - Bob Herman Shield - ""D"" Grade",Fiji Victorian 2nd - D Grade - Bob Herman Shield,Round 6,R6,6,2021-12-18 13:00:00+00:00,Unknown opponent,No Result,none,Result pending,—,—,False
eed91037-09e5-426c-a575-1921c18f8e99,aad2a6fe-7bbd-4680-a386-01319b828522,Summer 2021/22,c589fd39-b7ef-4d8a-a6ae-644b717b337c,c589fd39-b7ef-4d8a-a6ae-644b717b337c,Fiji Victorian 2nd XI,028d9d87-fe2c-4df1-980f-1dc263c0e6b2,"NMCA - Bob Herman Shield - ""D"" Grade",Fiji Victorian 2nd - D Grade - Bob Herman Shield,Round 5,R5,5,2021-12-11 13:00:00+00:00,Holy Trinity Cricket Club,Win,win,won by 15 runs,Srikanth Para 25,Madhu Vadakkedath 4-4,False
3823780a-27b6-4179-a487-362ad8cebe40,aad2a6fe-7bbd-4680-a386-01319b828522,Summer 2021/22,c589fd39-b7ef-4d8a-a6ae-644b717b337c,c589fd39-b7ef-4d8a-a6ae-644b717b337c,Fiji Victorian 2nd XI,028d9d87-fe2c-4df1-980f-1dc263c0e6b2,"NMCA - Bob Herman Shield - ""D"" Grade",Fiji Victorian 2nd - D Grade - Bob Herman Shield,Round 4,R4,4,2021-12-04 13:00:00+00:00,Lalor Warriors Cricket Club,Loss,loss,lost by 4 wickets,Akshat Bodele 31*,Shivnyl Naidu 2-19,False
cbbb3146-c6e7-4fe3-836a-974c260ee725,aad2a6fe-7bbd-4680-a386-01319b828522,Summer 2021/22,c589fd39-b7ef-4d8a-a6ae-644b717b337c,c589fd39-b7ef-4d8a-a6ae-644b717b337c,Fiji Victorian 2nd XI,028d9d87-fe2c-4df1-980f-1dc263c0e6b2,"NMCA - Bob Herman Shield - ""D"" Grade",Fiji Victorian 2nd - D Grade - Bob Herman Shield,Round 3,R3,3,2021-11-27 13:00:00+00:00,Preston Footballers Cricket Club,Win,win,won by 66 runs,Nitin Tanwar 97*,Damien Vikash 3-29,False
da03717f-563c-4b22-9c10-1600e0489b1a,aad2a6fe-7bbd-4680-a386-01319b828522,Summer 2021/22,c589fd39-b7ef-4d8a-a6ae-644b717b337c,c589fd39-b7ef-4d8a-a6ae-644b717b337c,Fiji Victorian 2nd XI,028d9d87-fe2c-4df1-980f-1dc263c0e6b2,"NMCA - Bob Herman Shield - ""D"" Grade",Fiji Victorian 2nd - D Grade - Bob Herman Shield,Round 2,R2,2,2021-11-20 13:00:00+00:00,Preston Baseballers Cricket Club,Win,win,won by 7 wickets,Akshat Bodele 47*,Damien Vikash 2-15,False
784e7369-f8a9-4494-934a-74101d50a428,aad2a6fe-7bbd-4680-a386-01319b828522,Summer 2021/22,c589fd39-b7ef-4d8a-a6ae-644b717b337c,c589fd39-b7ef-4d8a-a6ae-644b717b337c,Fiji Victorian 2nd XI,028d9d87-fe2c-4df1-980f-1dc263c0e6b2,"NMCA - Bob Herman Shield - ""D"" Grade",Fiji Victorian 2nd - D Grade - Bob Herman Shield,Round 1,R1,1,2021-11-13 13:00:00+00:00,Darebin Northern Riders Cricket Club,Draw,draw,draw,—,—,False
61c0c2c4-5c70-4856-afe0-be7e1207dd0b,aad2a6fe-7bbd-4680-a386-01319b828522,Summer 2021/22,0b7c4566-30b6-4403-ab68-444f9194295d,0b7c4566-30b6-4403-ab68-444f9194295d,Fiji Victorian 3rd XI,e2e07aa5-b95d-41c1-9912-e6e474c74391,"NMCA - Les Kemp Shield - ""E"" Grade",Fiji Victorian 3rd - E Grade - Les Kemp Shield,Grand Final,Grand Final,1003,2022-03-05 13:00:00+00:00,Reservoir Cobras Cricket Club,Win,win,won by 7 runs,Sravan Donthireddy 26,Amal Krishna 3-12,True
46ec6650-598f-4d15-8fa5-9154e865985d,aad2a6fe-7bbd-4680-a386-01319b828522,Summer 2021/22,0b7c4566-30b6-4403-ab68-444f9194295d,0b7c4566-30b6-4403-ab68-444f9194295d,Fiji Victorian 3rd XI,e2e07aa5-b95d-41c1-9912-e6e474c74391,"NMCA - Les Kemp Shield - ""E"" Grade",Fiji Victorian 3rd - E Grade - Les Kemp Shield,Semi Finals,Semi Finals,1001,2022-02-26 13:00:00+00:00,Old Ivanhoe Cricket Club,Win,win,won by 3 runs,Faraz Khan 45,Ravi Chowdary 4-31,False
710260fc-7e63-402a-8451-f549f0618e25,aad2a6fe-7bbd-4680-a386-01319b828522,Summer 2021/22,0b7c4566-30b6-4403-ab68-444f9194295d,0b7c4566-30b6-4403-ab68-444f9194295d,Fiji Victorian 3rd XI,e2e07aa5-b95d-41c1-9912-e6e474c74391,"NMCA - Les Kemp Shield - ""E"" Grade",Fiji Victorian 3rd - E Grade - Les Kemp Shield,Round 12,R12,12,2022-02-19 13:00:00+00:00,Unknown opponent,No Result,none,Result pending,—,—,False
09b709eb-1269-42e6-bf66-a770bf8ed945,aad2a6fe-7bbd-4680-a386-01319b828522,Summer 2021/22,0b7c4566-30b6-4403-ab68-444f9194295d,0b7c4566-30b6-4403-ab68-444f9194295d,Fiji Victorian 3rd XI,e2e07aa5-b95d-41c1-9912-e6e474c74391,"NMCA - Les Kemp Shield - ""E"" Grade",Fiji Victorian 3rd - E Grade - Les Kemp Shield,Round 11,R11,11,2022-02-12 13:00:00+00:00,West Preston Cricket Club,Win,win,won by 2 runs,Sravan Donthireddy 28,Sravan Donthireddy 2-35,False
898dcd5e-a13c-4177-8b1f-082f7940504d,aad2a6fe-7bbd-4680-a386-01319b828522,Summer 2021/22,0b7c4566-30b6-4403-ab68-444f9194295d,0b7c4566-30b6-4403-ab68-444f9194295d,Fiji Victorian 3rd XI,e2e07aa5-b95d-41c1-9912-e6e474c74391,"NMCA - Les Kemp Shield - ""E"" Grade",Fiji Victorian 3rd - E Grade - Les Kemp Shield,Round 10,R10,10,2022-02-05 13:00:00+00:00,Old Ivanhoe Cricket Club,Loss,loss,lost by 9 wickets,Faraz Khan 47,Jassa Singh 1-33,False
856d6dba-f0ab-4325-978a-6800461429e6,aad2a6fe-7bbd-4680-a386-01319b828522,Summer 2021/22,0b7c4566-30b6-4403-ab68-444f9194295d,0b7c4566-30b6-4403-ab68-444f9194295d,Fiji Victorian 3rd XI,e2e07aa5-b95d-41c1-9912-e6e474c74391,"NMCA - Les Kemp Shield - ""E"" Grade",Fiji Victorian 3rd - E Grade - Les Kemp Shield,Round 9,R9,9,2022-01-29 13:00:00+00:00,Reservoir Cobras Cricket Club,Win,win,won by 2 wickets,Sravan Donthireddy 54*,Sravan Donthireddy 2-14,False
0580144e-7afb-427c-8e0e-5d666eb5f7bd,aad2a6fe-7bbd-4680-a386-01319b828522,Summer 2021/22,0b7c4566-30b6-4403-ab68-444f9194295d,0b7c4566-30b6-4403-ab68-444f9194295d,Fiji Victorian 3rd XI,e2e07aa5-b95d-41c1-9912-e6e474c74391,"NMCA - Les Kemp Shield - ""E"" Grade",Fiji Victorian 3rd - E Grade - Les Kemp Shield,Round 8,R8,8,2022-01-22 13:00:00+00:00,Old Ivanhoe Cricket Club,Loss,loss,lost by 206 runs,Faisal Shahzad 8,Ravi Chowdary 1-22,False
7f0517bc-ca12-43ae-bd6f-908fa40b43d1,aad2a6fe-7bbd-4680-a386-01319b828522,Summer 2021/22,0b7c4566-30b6-4403-ab68-444f9194295d,0b7c4566-30b6-4403-ab68-444f9194295d,Fiji Victorian 3rd XI,e2e07aa5-b95d-41c1-9912-e6e474c74391,"NMCA - Les Kemp Shield - ""E"" Grade",Fiji Victorian 3rd - E Grade - Les Kemp Shield,Round 7,R7,7,2022-01-15 13:00:00+00:00,Bellfield Cricket Club,Loss,loss,lost by 87 runs,Rizwan Mohammed 41*,Faisal Shahzad 1-33,False
f2dda081-f026-4a48-bda3-cf01f97c5be9,aad2a6fe-7bbd-4680-a386-01319b828522,Summer 2021/22,0b7c4566-30b6-4403-ab68-444f9194295d,0b7c4566-30b6-4403-ab68-444f9194295d,Fiji Victorian 3rd XI,e2e07aa5-b95d-41c1-9912-e6e474c74391,"NMCA - Les Kemp Shield - ""E"" Grade",Fiji Victorian 3rd - E Grade - Les Kemp Shield,Round 6,R6,6,2021-12-18 13:00:00+00:00,Bellfield Cricket Club,Loss,loss,lost by 58 runs,Faraz Khan 25,Amal Krishna 3-10,False
275aa403-27a7-47a9-9d92-63ce89c65733,aad2a6fe-7bbd-4680-a386-01319b828522,Summer 2021/22,0b7c4566-30b6-4403-ab68-444f9194295d,0b7c4566-30b6-4403-ab68-444f9194295d,Fiji Victorian 3rd XI,e2e07aa5-b95d-41c1-9912-e6e474c74391,"NMCA - Les Kemp Shield - ""E"" Grade",Fiji Victorian 3rd - E Grade - Les Kemp Shield,Round 5,R5,5,2021-12-11 13:00:00+00:00,West Preston Cricket Club,Win,win,won by 67 runs,Vishnu Para 45,Faisal Shahzad 3-5,False
4454509d-a132-4d02-804f-843e86feef80,aad2a6fe-7bbd-4680-a386-01319b828522,Summer 2021/22,0b7c4566-30b6-4403-ab68-444f9194295d,0b7c4566-30b6-4403-ab68-444f9194295d,Fiji Victorian 3rd XI,e2e07aa5-b95d-41c1-9912-e6e474c74391,"NMCA - Les Kemp Shield - ""E"" Grade",Fiji Victorian 3rd - E Grade - Les Kemp Shield,Round 4,R4,4,2021-12-04 13:00:00+00:00,Old Ivanhoe Cricket Club,Loss,loss,lost by 81 runs,Reuben Sharan 48,Wajhi Syed 5-18,False
9418baba-eebc-4c86-b5ca-7e1f9ab0f3db,aad2a6fe-7bbd-4680-a386-01319b828522,Summer 2021/22,0b7c4566-30b6-4403-ab68-444f9194295d,0b7c4566-30b6-4403-ab68-444f9194295d,Fiji Victorian 3rd XI,e2e07aa5-b95d-41c1-9912-e6e474c74391,"NMCA - Les Kemp Shield - ""E"" Grade",Fiji Victorian 3rd - E Grade - Les Kemp Shield,Round 3,R3,3,2021-11-27 13:00:00+00:00,Reservoir Cobras Cricket Club,Loss,loss,lost by 26 runs,Damandeep Sehra 51,Madhu Vadakkedath 2-21,False
ff8247c5-8307-401d-a3de-e1679f4d1fcb,aad2a6fe-7bbd-4680-a386-01319b828522,Summer 2021/22,0b7c4566-30b6-4403-ab68-444f9194295d,0b7c4566-30b6-4403-ab68-444f9194295d,Fiji Victorian 3rd XI,e2e07aa5-b95d-41c1-9912-e6e474c74391,"NMCA - Les Kemp Shield - ""E"" Grade",Fiji Victorian 3rd - E Grade - Les Kemp Shield,Round 2,R2,2,2021-11-20 13:00:00+00:00,Keon Park Cricket Club,Win,win,won by forfeit,—,—,False
54abd7e7-7505-4c80-b04a-9da7ba7dd920,aad2a6fe-7bbd-4680-a386-01319b828522,Summer 2021/22,0b7c4566-30b6-4403-ab68-444f9194295d,0b7c4566-30b6-4403-ab68-444f9194295d,Fiji Victorian 3rd XI,e2e07aa5-b95d-41c1-9912-e6e474c74391,"NMCA - Les Kemp Shield - ""E"" Grade",Fiji Victorian 3rd - E Grade - Les Kemp Shield,Round 1,R1,1,2021-11-13 13:00:00+00:00,West Preston Cricket Club,Draw,draw,draw,—,—,False
b0115e8e-ab41-4e0e-962c-cc4bda94c725,aad2a6fe-7bbd-4680-a386-01319b828522,Summer 2021/22,02abeb84-d2ec-4396-b417-973585e5d3eb,02abeb84-d2ec-4396-b417-973585e5d3eb,Fiji Victorian 4th XI,ba3b5c2c-1c46-4000-b920-fb9eda681ce6,"NMCA - Syd Sault Shield - ""F"" Grade",Fiji Victorian 4th - F Grade - Syd Sault Shield,Round 12,R12,12,2022-02-19 13:00:00+00:00,Holy Trinity Cricket Club,Win,win,won by 24 runs,Muhammad Anas Mukhtar 131,Rama Suravajjula 3-24,False
2f82d647-026d-4989-b2d4-d45fa95c2516,aad2a6fe-7bbd-4680-a386-01319b828522,Summer 2021/22,02abeb84-d2ec-4396-b417-973585e5d3eb,02abeb84-d2ec-4396-b417-973585e5d3eb,Fiji Victorian 4th XI,ba3b5c2c-1c46-4000-b920-fb9eda681ce6,"NMCA - Syd Sault Shield - ""F"" Grade",Fiji Victorian 4th - F Grade - Syd Sault Shield,Round 11,R11,11,2022-02-12 13:00:00+00:00,Camrea Cricket Club,Loss,loss,lost by forfeit,—,—,False
3049f5d1-325a-4db2-9151-7278e936ce41,aad2a6fe-7bbd-4680-a386-01319b828522,Summer 2021/22,02abeb84-d2ec-4396-b417-973585e5d3eb,02abeb84-d2ec-4396-b417-973585e5d3eb,Fiji Victorian 4th XI,ba3b5c2c-1c46-4000-b920-fb9eda681ce6,"NMCA - Syd Sault Shield - ""F"" Grade",Fiji Victorian 4th - F Grade - Syd Sault Shield,Round 10,R10,10,2022-02-05 13:00:00+00:00,Kinglake Cricket Club,Loss,loss,lost by forfeit,—,—,False
c309dd9e-49ce-40a3-a460-ecf63dae2286,aad2a6fe-7bbd-4680-a386-01319b828522,Summer 2021/22,02abeb84-d2ec-4396-b417-973585e5d3eb,02abeb84-d2ec-4396-b417-973585e5d3eb,Fiji Victorian 4th XI,ba3b5c2c-1c46-4000-b920-fb9eda681ce6,"NMCA - Syd Sault Shield - ""F"" Grade",Fiji Victorian 4th - F Grade - Syd Sault Shield,Round 9,R9,9,2022-01-29 13:00:00+00:00,Dennis Cricket Club,Loss,loss,lost by 5 wickets,Ricky Singh 32*,Suryakumar Patti 4-29,False
9021e654-1480-40f2-b2ed-ad1fdfa29cff,aad2a6fe-7bbd-4680-a386-01319b828522,Summer 2021/22,02abeb84-d2ec-4396-b417-973585e5d3eb,02abeb84-d2ec-4396-b417-973585e5d3eb,Fiji Victorian 4th XI,ba3b5c2c-1c46-4000-b920-fb9eda681ce6,"NMCA - Syd Sault Shield - ""F"" Grade",Fiji Victorian 4th - F Grade - Syd Sault Shield,Round 8,R8,8,2022-01-22 13:00:00+00:00,Kinglake Cricket Club,Loss,loss,lost by 6 wickets,Ajay Rangarajan 11,Rama Suravajjula 3-30,False
829cb2a5-128b-4c2d-9d30-d6fe4e59e8a4,aad2a6fe-7bbd-4680-a386-01319b828522,Summer 2021/22,02abeb84-d2ec-4396-b417-973585e5d3eb,02abeb84-d2ec-4396-b417-973585e5d3eb,Fiji Victorian 4th XI,ba3b5c2c-1c46-4000-b920-fb9eda681ce6,"NMCA - Syd Sault Shield - ""F"" Grade",Fiji Victorian 4th - F Grade - Syd Sault Shield,Round 7,R7,7,2022-01-15 13:00:00+00:00,Camrea Cricket Club,Draw,draw,draw,—,—,False
1723ad10-5b78-43e2-ad68-068918160340,aad2a6fe-7bbd-4680-a386-01319b828522,Summer 2021/22,02abeb84-d2ec-4396-b417-973585e5d3eb,02abeb84-d2ec-4396-b417-973585e5d3eb,Fiji Victorian 4th XI,ba3b5c2c-1c46-4000-b920-fb9eda681ce6,"NMCA - Syd Sault Shield - ""F"" Grade",Fiji Victorian 4th - F Grade - Syd Sault Shield,Round 6,R6,6,2021-12-18 13:00:00+00:00,Rivergum Cricket Club,Win,win,won by 5 wickets,Srikanth Para 35*,Ravi Chowdary 3-17,False
2a540a11-40ef-4342-8744-cf7195a0720e,aad2a6fe-7bbd-4680-a386-01319b828522,Summer 2021/22,02abeb84-d2ec-4396-b417-973585e5d3eb,02abeb84-d2ec-4396-b417-973585e5d3eb,Fiji Victorian 4th XI,ba3b5c2c-1c46-4000-b920-fb9eda681ce6,"NMCA - Syd Sault Shield - ""F"" Grade",Fiji Victorian 4th - F Grade - Syd Sault Shield,Round 5,R5,5,2021-12-11 13:00:00+00:00,Camrea Cricket Club,Loss,loss,lost by 6 wickets,Sunil K Mekala 55,Suryakumar Patti 2-28,False
98536c12-e15a-44c7-a41a-38e3d37cd1fd,aad2a6fe-7bbd-4680-a386-01319b828522,Summer 2021/22,02abeb84-d2ec-4396-b417-973585e5d3eb,02abeb84-d2ec-4396-b417-973585e5d3eb,Fiji Victorian 4th XI,ba3b5c2c-1c46-4000-b920-fb9eda681ce6,"NMCA - Syd Sault Shield - ""F"" Grade",Fiji Victorian 4th - F Grade - Syd Sault Shield,Round 4,R4,4,2021-12-04 13:00:00+00:00,Kinglake Cricket Club,Loss,loss,lost by 100 runs,Rama Suravajjula 28,Lakshman Gundapaneni 5-32,False
6db82a23-7543-49e1-aaf2-74543f50fb4f,aad2a6fe-7bbd-4680-a386-01319b828522,Summer 2021/22,02abeb84-d2ec-4396-b417-973585e5d3eb,02abeb84-d2ec-4396-b417-973585e5d3eb,Fiji Victorian 4th XI,ba3b5c2c-1c46-4000-b920-fb9eda681ce6,"NMCA - Syd Sault Shield - ""F"" Grade",Fiji Victorian 4th - F Grade - Syd Sault Shield,Round 3,R3,3,2021-11-27 13:00:00+00:00,Dennis Cricket Club,Loss,loss,lost by 78 runs,Faisal Shahzad 40,Rama Suravajjula 1-24,False
0536707c-378b-4bc0-b1b1-1d2712d585a6,aad2a6fe-7bbd-4680-a386-01319b828522,Summer 2021/22,02abeb84-d2ec-4396-b417-973585e5d3eb,02abeb84-d2ec-4396-b417-973585e5d3eb,Fiji Victorian 4th XI,ba3b5c2c-1c46-4000-b920-fb9eda681ce6,"NMCA - Syd Sault Shield - ""F"" Grade",Fiji Victorian 4th - F Grade - Syd Sault Shield,Round 2,R2,2,2021-11-20 13:00:00+00:00,Rivergum Cricket Club,Win,win,won by 124 runs,Ricky Singh 67*,Vishnu Para 3-8,False
3378fe18-6e20-43a7-8760-7dbe7401f861,aad2a6fe-7bbd-4680-a386-01319b828522,Summer 2021/22,02abeb84-d2ec-4396-b417-973585e5d3eb,02abeb84-d2ec-4396-b417-973585e5d3eb,Fiji Victorian 4th XI,ba3b5c2c-1c46-4000-b920-fb9eda681ce6,"NMCA - Syd Sault Shield - ""F"" Grade",Fiji Victorian 4th - F Grade - Syd Sault Shield,Round 1,R1,1,2021-11-13 13:00:00+00:00,Holy Trinity Cricket Club,Draw,draw,draw,—,—,False
5be93d6b-d1f2-4aca-a7b6-ff83383155df,3e3a72f9-34fa-49f5-a42e-35d86629a3af,Summer 2022/23,bbc87373-7bf7-4034-b40d-fbd1d41fb586,bbc87373-7bf7-4034-b40d-fbd1d41fb586,Fiji Victorian,11a1be99-f241-4e54-b4ff-352adcdd813d,NMCA - Jack Quick Shield,Fiji Victorian - Jack Quick Shield,Round 14,R14,14,2023-02-25 13:00:00+00:00,Darebin Northern Riders Cricket Club,Loss,loss,lost by 8 wickets,Kalpeshkumar Patel 44,Baurel D'Mello 1-44,False
22a90089-7b28-4927-81be-d9fb24ab64d9,3e3a72f9-34fa-49f5-a42e-35d86629a3af,Summer 2022/23,bbc87373-7bf7-4034-b40d-fbd1d41fb586,bbc87373-7bf7-4034-b40d-fbd1d41fb586,Fiji Victorian,11a1be99-f241-4e54-b4ff-352adcdd813d,NMCA - Jack Quick Shield,Fiji Victorian - Jack Quick Shield,Round 13,R13,13,2023-02-18 13:00:00+00:00,Dennis Cricket Club,Loss,loss,lost by 62 runs,Akshat Bodele 43,Syed Shabbir 2-49,False
7e04f606-debc-40b2-82c9-9e99dd10222a,3e3a72f9-34fa-49f5-a42e-35d86629a3af,Summer 2022/23,bbc87373-7bf7-4034-b40d-fbd1d41fb586,bbc87373-7bf7-4034-b40d-fbd1d41fb586,Fiji Victorian,11a1be99-f241-4e54-b4ff-352adcdd813d,NMCA - Jack Quick Shield,Fiji Victorian - Jack Quick Shield,Round 12,R12,12,2023-02-11 13:00:00+00:00,Camrea Cricket Club,Loss,loss,lost by 108 runs,Akshat Bodele 16,Shaun Vikash 3-26,False
9ba6e3a3-5ff7-466e-9535-2950c6f4054d,3e3a72f9-34fa-49f5-a42e-35d86629a3af,Summer 2022/23,bbc87373-7bf7-4034-b40d-fbd1d41fb586,bbc87373-7bf7-4034-b40d-fbd1d41fb586,Fiji Victorian,11a1be99-f241-4e54-b4ff-352adcdd813d,NMCA - Jack Quick Shield,Fiji Victorian - Jack Quick Shield,Round 11,R11,11,2023-02-04 13:00:00+00:00,Cameron Cricket Club,Win,win,won by 3 wickets,Kalpeshkumar Patel 64,Baurel D'Mello 2-34,False
44f49ae1-1664-4ad8-a3d1-613e9fd5830f,3e3a72f9-34fa-49f5-a42e-35d86629a3af,Summer 2022/23,bbc87373-7bf7-4034-b40d-fbd1d41fb586,bbc87373-7bf7-4034-b40d-fbd1d41fb586,Fiji Victorian,11a1be99-f241-4e54-b4ff-352adcdd813d,NMCA - Jack Quick Shield,Fiji Victorian - Jack Quick Shield,Round 10,R10,10,2023-01-21 13:00:00+00:00,Preston Footballers Cricket Club,Win,win,won by 9 wickets,Reuel Sharan 29,Santhosh Kumar Chappidi 5-17,False
be84e215-ffb6-4d4f-a07c-95c6bad4812b,3e3a72f9-34fa-49f5-a42e-35d86629a3af,Summer 2022/23,bbc87373-7bf7-4034-b40d-fbd1d41fb586,bbc87373-7bf7-4034-b40d-fbd1d41fb586,Fiji Victorian,11a1be99-f241-4e54-b4ff-352adcdd813d,NMCA - Jack Quick Shield,Fiji Victorian - Jack Quick Shield,Round 9,R9,9,2023-01-14 13:00:00+00:00,Lalor Warriors Cricket Club,Loss,loss,lost by 6 wickets,Kalpeshkumar Patel 34,Shivnyl Naidu 3-33,False
79ffc1fa-4618-4f16-a06d-f93ff6f79528,3e3a72f9-34fa-49f5-a42e-35d86629a3af,Summer 2022/23,bbc87373-7bf7-4034-b40d-fbd1d41fb586,bbc87373-7bf7-4034-b40d-fbd1d41fb586,Fiji Victorian,11a1be99-f241-4e54-b4ff-352adcdd813d,NMCA - Jack Quick Shield,Fiji Victorian - Jack Quick Shield,Round 8,R8,8,2023-01-07 13:00:00+00:00,Fairfield Cricket Club,Loss,loss,lost by 7 wickets,Vishnu Para 40,Akshat Bodele 1-19,False
2c5c34e3-2ce5-4511-b909-c7ee30c81ad6,3e3a72f9-34fa-49f5-a42e-35d86629a3af,Summer 2022/23,bbc87373-7bf7-4034-b40d-fbd1d41fb586,bbc87373-7bf7-4034-b40d-fbd1d41fb586,Fiji Victorian,11a1be99-f241-4e54-b4ff-352adcdd813d,NMCA - Jack Quick Shield,Fiji Victorian - Jack Quick Shield,Round 7,R7,7,2022-12-17 13:00:00+00:00,Cameron Cricket Club,Loss,loss,lost by 9 wickets,Ibad Mohammed 25*,Akshat Bodele 1-8,False
ee7af563-28e9-427b-9e94-3980c8d0884a,3e3a72f9-34fa-49f5-a42e-35d86629a3af,Summer 2022/23,bbc87373-7bf7-4034-b40d-fbd1d41fb586,bbc87373-7bf7-4034-b40d-fbd1d41fb586,Fiji Victorian,11a1be99-f241-4e54-b4ff-352adcdd813d,NMCA - Jack Quick Shield,Fiji Victorian - Jack Quick Shield,Round 6,R6,6,2022-12-10 13:00:00+00:00,Preston Footballers Cricket Club,Win,win,won by 6 wickets,Akshat Bodele 38*,Balaji Viswanathan 3-35,False
c8c94f7b-901e-442d-8945-c7a3fe56b791,3e3a72f9-34fa-49f5-a42e-35d86629a3af,Summer 2022/23,bbc87373-7bf7-4034-b40d-fbd1d41fb586,bbc87373-7bf7-4034-b40d-fbd1d41fb586,Fiji Victorian,11a1be99-f241-4e54-b4ff-352adcdd813d,NMCA - Jack Quick Shield,Fiji Victorian - Jack Quick Shield,Round 5,R5,5,2022-12-03 13:00:00+00:00,Darebin Northern Riders Cricket Club,Loss,loss,lost by 7 wickets,Vinit Naidu 13,Balaji Viswanathan 2-14,False
30599a8c-59ed-48f2-ac27-aec6eea7c04c,3e3a72f9-34fa-49f5-a42e-35d86629a3af,Summer 2022/23,bbc87373-7bf7-4034-b40d-fbd1d41fb586,bbc87373-7bf7-4034-b40d-fbd1d41fb586,Fiji Victorian,11a1be99-f241-4e54-b4ff-352adcdd813d,NMCA - Jack Quick Shield,Fiji Victorian - Jack Quick Shield,Round 4,R4,4,2022-11-26 13:00:00+00:00,Dennis Cricket Club,Win,win,won by 9 runs,Harish Kumar 64,Balaji Viswanathan 3-52,False
6bedacc3-d941-4feb-aa43-7dd4dfd9e67c,3e3a72f9-34fa-49f5-a42e-35d86629a3af,Summer 2022/23,bbc87373-7bf7-4034-b40d-fbd1d41fb586,bbc87373-7bf7-4034-b40d-fbd1d41fb586,Fiji Victorian,11a1be99-f241-4e54-b4ff-352adcdd813d,NMCA - Jack Quick Shield,Fiji Victorian - Jack Quick Shield,Round 3,R3,3,2022-11-19 13:00:00+00:00,Lalor Warriors Cricket Club,Win,win,won by 10 runs,Baurel D'Mello 20,Shaun Vikash 3-36,False
43f1807e-70cb-4d58-807c-ff3bc3b8e2e8,3e3a72f9-34fa-49f5-a42e-35d86629a3af,Summer 2022/23,bbc87373-7bf7-4034-b40d-fbd1d41fb586,bbc87373-7bf7-4034-b40d-fbd1d41fb586,Fiji Victorian,11a1be99-f241-4e54-b4ff-352adcdd813d,NMCA - Jack Quick Shield,Fiji Victorian - Jack Quick Shield,Round 2,R2,2,2022-11-12 13:00:00+00:00,Camrea Cricket Club,Loss,loss,lost by 89 runs,Predheesh Valayil Sivanandan 52,Shaun Vikash 3-40,False
84c8459a-b6c7-4bd0-97b7-9dc5e2a1df07,3e3a72f9-34fa-49f5-a42e-35d86629a3af,Summer 2022/23,bbc87373-7bf7-4034-b40d-fbd1d41fb586,bbc87373-7bf7-4034-b40d-fbd1d41fb586,Fiji Victorian,11a1be99-f241-4e54-b4ff-352adcdd813d,NMCA - Jack Quick Shield,Fiji Victorian - Jack Quick Shield,Round 1,R1,1,2022-10-01 12:30:00+00:00,Fairfield Cricket Club,Loss,loss,lost by 143 runs,Sai Krishna Buddaraju 9,Sandeep Reddy 4-37,False
fa4780ec-f9c1-4d69-a039-89d349e6f80b,3e3a72f9-34fa-49f5-a42e-35d86629a3af,Summer 2022/23,c551cb93-3086-4d23-8004-38650657fb60,c551cb93-3086-4d23-8004-38650657fb60,Fiji Victorian 2nd XI,7976d027-f976-46f5-a11d-61fc84d299f2,"NMCA - Les Horne Shield - ""C"" Grade",Fiji Victorian 2nd - C Grade - Les Horne Shield,Semi Finals,Semi Finals,1001,2023-03-04 13:00:00+00:00,Keon Park Cricket Club,Loss,loss,lost by 5 wickets,Reuel Sharan 54,Shivnyl Naidu 2-32,False
621e54cc-556b-4b00-a86e-22f1f00736e3,3e3a72f9-34fa-49f5-a42e-35d86629a3af,Summer 2022/23,c551cb93-3086-4d23-8004-38650657fb60,c551cb93-3086-4d23-8004-38650657fb60,Fiji Victorian 2nd XI,7976d027-f976-46f5-a11d-61fc84d299f2,"NMCA - Les Horne Shield - ""C"" Grade",Fiji Victorian 2nd - C Grade - Les Horne Shield,Round 14,R14,14,2023-02-25 13:00:00+00:00,Northern Socials Cricket Club,Loss,loss,lost by 7 wickets,Muhammad Anas Mukhtar 26,Aravind Boddula 2-26,False
4f0e92a7-af1b-4f9a-b87b-03bd5659b726,3e3a72f9-34fa-49f5-a42e-35d86629a3af,Summer 2022/23,c551cb93-3086-4d23-8004-38650657fb60,c551cb93-3086-4d23-8004-38650657fb60,Fiji Victorian 2nd XI,7976d027-f976-46f5-a11d-61fc84d299f2,"NMCA - Les Horne Shield - ""C"" Grade",Fiji Victorian 2nd - C Grade - Les Horne Shield,Round 13,R13,13,2023-02-18 13:00:00+00:00,Northern Socials Cricket Club,Win,win,won by 82 runs,Reuel Sharan 97*,Vishnu Para 4-40,False
ceb882a9-2674-40ad-944f-56de4f06d9dc,3e3a72f9-34fa-49f5-a42e-35d86629a3af,Summer 2022/23,c551cb93-3086-4d23-8004-38650657fb60,c551cb93-3086-4d23-8004-38650657fb60,Fiji Victorian 2nd XI,7976d027-f976-46f5-a11d-61fc84d299f2,"NMCA - Les Horne Shield - ""C"" Grade",Fiji Victorian 2nd - C Grade - Les Horne Shield,Round 12,R12,12,2023-02-11 13:00:00+00:00,Keon Park Cricket Club,Loss,loss,lost by 8 wickets,Muhammad Anas Mukhtar 30,Danny Singh 2-12,False
9bc326fa-5103-47be-9a93-ee6403a1d680,3e3a72f9-34fa-49f5-a42e-35d86629a3af,Summer 2022/23,c551cb93-3086-4d23-8004-38650657fb60,c551cb93-3086-4d23-8004-38650657fb60,Fiji Victorian 2nd XI,7976d027-f976-46f5-a11d-61fc84d299f2,"NMCA - Les Horne Shield - ""C"" Grade",Fiji Victorian 2nd - C Grade - Les Horne Shield,Round 11,R11,11,2023-02-04 13:00:00+00:00,Cameron Cricket Club,Win,win,won by forfeit,—,—,False
c8982f06-3ee6-4ff9-829d-47455702b23c,3e3a72f9-34fa-49f5-a42e-35d86629a3af,Summer 2022/23,c551cb93-3086-4d23-8004-38650657fb60,c551cb93-3086-4d23-8004-38650657fb60,Fiji Victorian 2nd XI,7976d027-f976-46f5-a11d-61fc84d299f2,"NMCA - Les Horne Shield - ""C"" Grade",Fiji Victorian 2nd - C Grade - Les Horne Shield,Round 10,R10,10,2023-01-21 13:00:00+00:00,West Preston Cricket Club,Win,win,won by 4 wickets,Saleem Shafqat 51,Ravi Chowdary 4-32,False
4d3453df-35c6-4f42-98b7-86d9ac866369,3e3a72f9-34fa-49f5-a42e-35d86629a3af,Summer 2022/23,c551cb93-3086-4d23-8004-38650657fb60,c551cb93-3086-4d23-8004-38650657fb60,Fiji Victorian 2nd XI,7976d027-f976-46f5-a11d-61fc84d299f2,"NMCA - Les Horne Shield - ""C"" Grade",Fiji Victorian 2nd - C Grade - Les Horne Shield,Round 9,R9,9,2023-01-14 13:00:00+00:00,Rivergum Cricket Club,Win,win,won by 28 runs,Danny Singh 46,Ravi Chowdary 3-28,False
4af1d2e5-5506-4ee1-a7b9-d3fd6e3b4a75,3e3a72f9-34fa-49f5-a42e-35d86629a3af,Summer 2022/23,c551cb93-3086-4d23-8004-38650657fb60,c551cb93-3086-4d23-8004-38650657fb60,Fiji Victorian 2nd XI,7976d027-f976-46f5-a11d-61fc84d299f2,"NMCA - Les Horne Shield - ""C"" Grade",Fiji Victorian 2nd - C Grade - Les Horne Shield,Round 8,R8,8,2023-01-07 13:00:00+00:00,Cameron Cricket Club,Win,win,won by 169 runs,Sai Krishna Buddaraju 133*,Sandeep Gill 5-15,False
2d3fac98-59e5-4503-94c1-8ba171702806,3e3a72f9-34fa-49f5-a42e-35d86629a3af,Summer 2022/23,c551cb93-3086-4d23-8004-38650657fb60,c551cb93-3086-4d23-8004-38650657fb60,Fiji Victorian 2nd XI,7976d027-f976-46f5-a11d-61fc84d299f2,"NMCA - Les Horne Shield - ""C"" Grade",Fiji Victorian 2nd - C Grade - Les Horne Shield,Round 7,R7,7,2022-12-17 13:00:00+00:00,Keon Park Cricket Club,Win,win,won by 3 wickets,Vineeth Yamani 23,Vineeth Yamani 4-23,False
b4d84574-7cfe-4454-aef5-90b1cc1b3ff1,3e3a72f9-34fa-49f5-a42e-35d86629a3af,Summer 2022/23,c551cb93-3086-4d23-8004-38650657fb60,c551cb93-3086-4d23-8004-38650657fb60,Fiji Victorian 2nd XI,7976d027-f976-46f5-a11d-61fc84d299f2,"NMCA - Les Horne Shield - ""C"" Grade",Fiji Victorian 2nd - C Grade - Les Horne Shield,Round 6,R6,6,2022-12-10 13:00:00+00:00,West Preston Cricket Club,Loss,loss,lost by 18 runs,Ravi Chowdary 40,Rama Suravajjula 3-21,False
a6759e37-40fe-4743-bcd3-4f2e952a161f,3e3a72f9-34fa-49f5-a42e-35d86629a3af,Summer 2022/23,c551cb93-3086-4d23-8004-38650657fb60,c551cb93-3086-4d23-8004-38650657fb60,Fiji Victorian 2nd XI,7976d027-f976-46f5-a11d-61fc84d299f2,"NMCA - Les Horne Shield - ""C"" Grade",Fiji Victorian 2nd - C Grade - Les Horne Shield,Round 5,R5,5,2022-12-03 13:00:00+00:00,Northern Socials Cricket Club,Tie,tie,tie,Danny Singh 55,Aravind Boddula 2-27,False
968758cb-91a1-47c9-922b-18638eede5b3,3e3a72f9-34fa-49f5-a42e-35d86629a3af,Summer 2022/23,c551cb93-3086-4d23-8004-38650657fb60,c551cb93-3086-4d23-8004-38650657fb60,Fiji Victorian 2nd XI,7976d027-f976-46f5-a11d-61fc84d299f2,"NMCA - Les Horne Shield - ""C"" Grade",Fiji Victorian 2nd - C Grade - Les Horne Shield,Round 4,R4,4,2022-11-26 13:00:00+00:00,Rivergum Cricket Club,Loss,loss,lost by 9 wickets,Reuel Sharan 40,Syed Shabbir 1-24,False
13398114-bed5-42c6-bb6f-a9ee45d088c1,3e3a72f9-34fa-49f5-a42e-35d86629a3af,Summer 2022/23,c551cb93-3086-4d23-8004-38650657fb60,c551cb93-3086-4d23-8004-38650657fb60,Fiji Victorian 2nd XI,7976d027-f976-46f5-a11d-61fc84d299f2,"NMCA - Les Horne Shield - ""C"" Grade",Fiji Victorian 2nd - C Grade - Les Horne Shield,Round 3,R3,3,2022-11-19 13:00:00+00:00,Donath Cricket Club,Win,win,won by 4 wickets,Reuel Sharan 22,Santhosh Kumar Chappidi 2-6,False
2644c7e4-bbfc-4c64-adb6-42ca84d7c31c,3e3a72f9-34fa-49f5-a42e-35d86629a3af,Summer 2022/23,c551cb93-3086-4d23-8004-38650657fb60,c551cb93-3086-4d23-8004-38650657fb60,Fiji Victorian 2nd XI,7976d027-f976-46f5-a11d-61fc84d299f2,"NMCA - Les Horne Shield - ""C"" Grade",Fiji Victorian 2nd - C Grade - Les Horne Shield,Round 2,R2,2,2022-11-12 13:00:00+00:00,Keon Park Cricket Club,Loss,loss,lost by 67 runs,Damandeep Sehra 17,Syed Shabbir 1-15,False
8d0d46d7-835f-4289-aa91-04e27197874f,3e3a72f9-34fa-49f5-a42e-35d86629a3af,Summer 2022/23,c551cb93-3086-4d23-8004-38650657fb60,c551cb93-3086-4d23-8004-38650657fb60,Fiji Victorian 2nd XI,7976d027-f976-46f5-a11d-61fc84d299f2,"NMCA - Les Horne Shield - ""C"" Grade",Fiji Victorian 2nd - C Grade - Les Horne Shield,Round 1,R1,1,2022-10-01 12:30:00+00:00,Olympic Colts Cricket Club,Win,win,won by forfeit,—,—,False
4ce1aa16-e69f-415e-b808-01d74e4c2eeb,3e3a72f9-34fa-49f5-a42e-35d86629a3af,Summer 2022/23,42f585f8-740d-440c-a9fc-2c645ce1849d,42f585f8-740d-440c-a9fc-2c645ce1849d,Fiji Victorian 3rd XI,4c4d03bf-d4f9-447f-beae-7fee1019941e,"NMCA - Les Kemp Shield - ""E"" Grade",Fiji Victorian 3rd - E Grade - Les Kemp Shield,Round 14,R14,14,2023-02-25 13:00:00+00:00,Dennis Cricket Club,Loss,loss,lost by 10 wickets,Damien Vikash 51,Ashwith Amit 0-12,False
24149a9b-cbbb-4824-8b6a-6e0092a313bc,3e3a72f9-34fa-49f5-a42e-35d86629a3af,Summer 2022/23,42f585f8-740d-440c-a9fc-2c645ce1849d,42f585f8-740d-440c-a9fc-2c645ce1849d,Fiji Victorian 3rd XI,4c4d03bf-d4f9-447f-beae-7fee1019941e,"NMCA - Les Kemp Shield - ""E"" Grade",Fiji Victorian 3rd - E Grade - Les Kemp Shield,Round 13,R13,13,2023-02-18 13:00:00+00:00,West Preston Cricket Club,Loss,loss,lost by 60 runs,Shiv Ganachari 91,Siddhanth Chaurasiya 3-46,False
897c49f9-ad76-4cb4-b86a-40a4870e22f0,3e3a72f9-34fa-49f5-a42e-35d86629a3af,Summer 2022/23,42f585f8-740d-440c-a9fc-2c645ce1849d,42f585f8-740d-440c-a9fc-2c645ce1849d,Fiji Victorian 3rd XI,4c4d03bf-d4f9-447f-beae-7fee1019941e,"NMCA - Les Kemp Shield - ""E"" Grade",Fiji Victorian 3rd - E Grade - Les Kemp Shield,Round 12,R12,12,2023-02-11 13:00:00+00:00,Bellfield Cricket Club,Loss,loss,lost by 44 runs,Vijay Sandepudi 45,Madhu Vadakkedath 4-21,False
f3dbad5e-b07b-4f53-8400-f85feb53748c,3e3a72f9-34fa-49f5-a42e-35d86629a3af,Summer 2022/23,42f585f8-740d-440c-a9fc-2c645ce1849d,42f585f8-740d-440c-a9fc-2c645ce1849d,Fiji Victorian 3rd XI,4c4d03bf-d4f9-447f-beae-7fee1019941e,"NMCA - Les Kemp Shield - ""E"" Grade",Fiji Victorian 3rd - E Grade - Les Kemp Shield,Round 11,R11,11,2023-02-04 13:00:00+00:00,Holy Trinity Cricket Club,Win,win,won by 6 wickets,Vijay Sandepudi 51,Shiv Ganachari 3-24,False
44174597-7b1f-4961-8db7-a6125ab39a53,3e3a72f9-34fa-49f5-a42e-35d86629a3af,Summer 2022/23,42f585f8-740d-440c-a9fc-2c645ce1849d,42f585f8-740d-440c-a9fc-2c645ce1849d,Fiji Victorian 3rd XI,4c4d03bf-d4f9-447f-beae-7fee1019941e,"NMCA - Les Kemp Shield - ""E"" Grade",Fiji Victorian 3rd - E Grade - Les Kemp Shield,Round 10,R10,10,2023-01-21 13:00:00+00:00,Preston Baseballers Cricket Club,Win,win,won by 11 runs,Muhammad Anas Mukhtar 83,Sravan Donthireddy 2-25,False
92277076-4691-4b9e-b76e-33f5bef3b53f,3e3a72f9-34fa-49f5-a42e-35d86629a3af,Summer 2022/23,42f585f8-740d-440c-a9fc-2c645ce1849d,42f585f8-740d-440c-a9fc-2c645ce1849d,Fiji Victorian 3rd XI,4c4d03bf-d4f9-447f-beae-7fee1019941e,"NMCA - Les Kemp Shield - ""E"" Grade",Fiji Victorian 3rd - E Grade - Les Kemp Shield,Round 9,R9,9,2023-01-14 13:00:00+00:00,Reservoir Cobras Cricket Club,Loss,loss,lost by forfeit,—,—,False
a95aaeeb-fe74-4b16-b5d9-9b63827295a5,3e3a72f9-34fa-49f5-a42e-35d86629a3af,Summer 2022/23,42f585f8-740d-440c-a9fc-2c645ce1849d,42f585f8-740d-440c-a9fc-2c645ce1849d,Fiji Victorian 3rd XI,4c4d03bf-d4f9-447f-beae-7fee1019941e,"NMCA - Les Kemp Shield - ""E"" Grade",Fiji Victorian 3rd - E Grade - Les Kemp Shield,Round 8,R8,8,2023-01-07 13:00:00+00:00,Old Ivanhoe Cricket Club,Loss,loss,lost by 73 runs,Gopi Krishna 24,Feroz Hassan 1-21,False
801f787b-e8b3-4b63-bee0-851ca38d46ab,3e3a72f9-34fa-49f5-a42e-35d86629a3af,Summer 2022/23,42f585f8-740d-440c-a9fc-2c645ce1849d,42f585f8-740d-440c-a9fc-2c645ce1849d,Fiji Victorian 3rd XI,4c4d03bf-d4f9-447f-beae-7fee1019941e,"NMCA - Les Kemp Shield - ""E"" Grade",Fiji Victorian 3rd - E Grade - Les Kemp Shield,Round 7,R7,7,2022-12-17 13:00:00+00:00,Holy Trinity Cricket Club,Loss,loss,lost by 10 wickets,Anurag Rangineni 6,Abhishek Suresh 0-6,False
5e673554-9eda-497a-a0a8-43196e99746a,3e3a72f9-34fa-49f5-a42e-35d86629a3af,Summer 2022/23,42f585f8-740d-440c-a9fc-2c645ce1849d,42f585f8-740d-440c-a9fc-2c645ce1849d,Fiji Victorian 3rd XI,4c4d03bf-d4f9-447f-beae-7fee1019941e,"NMCA - Les Kemp Shield - ""E"" Grade",Fiji Victorian 3rd - E Grade - Les Kemp Shield,Round 6,R6,6,2022-12-10 13:00:00+00:00,Preston Baseballers Cricket Club,Loss,loss,lost by forfeit,—,—,False
269c6c34-0c79-4a38-97d3-e2e01e15a7ff,3e3a72f9-34fa-49f5-a42e-35d86629a3af,Summer 2022/23,42f585f8-740d-440c-a9fc-2c645ce1849d,42f585f8-740d-440c-a9fc-2c645ce1849d,Fiji Victorian 3rd XI,4c4d03bf-d4f9-447f-beae-7fee1019941e,"NMCA - Les Kemp Shield - ""E"" Grade",Fiji Victorian 3rd - E Grade - Les Kemp Shield,Round 5,R5,5,2022-12-03 13:00:00+00:00,Dennis Cricket Club,Win,win,won by 3 wickets,Gopi Krishna 63*,Vinay Kumar Reddy Kontham 4-29,False
fa1fe2a0-937c-4cc0-9ee9-046f1927b465,3e3a72f9-34fa-49f5-a42e-35d86629a3af,Summer 2022/23,42f585f8-740d-440c-a9fc-2c645ce1849d,42f585f8-740d-440c-a9fc-2c645ce1849d,Fiji Victorian 3rd XI,4c4d03bf-d4f9-447f-beae-7fee1019941e,"NMCA - Les Kemp Shield - ""E"" Grade",Fiji Victorian 3rd - E Grade - Les Kemp Shield,Round 4,R4,4,2022-11-26 13:00:00+00:00,West Preston Cricket Club,Loss,loss,lost by 32 runs,Vijay Sandepudi 46,Vishnu Para 3-28,False
e6f6abe4-9dcf-459b-897a-5c86eba2a0b7,3e3a72f9-34fa-49f5-a42e-35d86629a3af,Summer 2022/23,42f585f8-740d-440c-a9fc-2c645ce1849d,42f585f8-740d-440c-a9fc-2c645ce1849d,Fiji Victorian 3rd XI,4c4d03bf-d4f9-447f-beae-7fee1019941e,"NMCA - Les Kemp Shield - ""E"" Grade",Fiji Victorian 3rd - E Grade - Les Kemp Shield,Round 3,R3,3,2022-11-19 13:00:00+00:00,Reservoir Cobras Cricket Club,Win,win,won by 6 wickets,Vishnu Para 96*,Ravi Chowdary 2-20,False
dbcfcabb-93a6-4f05-8076-6fb484f61870,3e3a72f9-34fa-49f5-a42e-35d86629a3af,Summer 2022/23,42f585f8-740d-440c-a9fc-2c645ce1849d,42f585f8-740d-440c-a9fc-2c645ce1849d,Fiji Victorian 3rd XI,4c4d03bf-d4f9-447f-beae-7fee1019941e,"NMCA - Les Kemp Shield - ""E"" Grade",Fiji Victorian 3rd - E Grade - Les Kemp Shield,Round 2,R2,2,2022-11-12 13:00:00+00:00,Bellfield Cricket Club,Win,win,won by 3 wickets,Sai Krishna Buddaraju 72,Santhosh Reddy Mekala 3-20,False
9baf7962-63b1-4532-bc70-f2ac38db0515,3e3a72f9-34fa-49f5-a42e-35d86629a3af,Summer 2022/23,42f585f8-740d-440c-a9fc-2c645ce1849d,42f585f8-740d-440c-a9fc-2c645ce1849d,Fiji Victorian 3rd XI,4c4d03bf-d4f9-447f-beae-7fee1019941e,"NMCA - Les Kemp Shield - ""E"" Grade",Fiji Victorian 3rd - E Grade - Les Kemp Shield,Round 1,R1,1,2022-10-01 12:30:00+00:00,Old Ivanhoe Cricket Club,Tie,tie,tie,Reuel Sharan 44,Muhammad Nauman 2-28,False
9a66cfd8-ec11-471c-9753-0c8b242ad024,f8ebef3a-ba2d-48c4-95f8-0b13d067e817,Summer 2023/24,0b5a071a-2606-48b0-ba8c-40b13e9f4f1f,0b5a071a-2606-48b0-ba8c-40b13e9f4f1f,Fiji Victorian CC 1st XI,79ed54b2-a85f-4335-adec-993f2e69c45d,02 - Jack Quick Shield,1s - Jack Quick Shield,Preliminary Final,Preliminary Final,1002,2024-03-16 02:00:00+00:00,Dennis Cricket Club,Loss,loss,lost by 4 wickets,Kalpeshkumar Patel 34,Shandil Bhan 2-20,False
0da0dfd5-f45c-4fa4-bae9-83cb6dbb612a,f8ebef3a-ba2d-48c4-95f8-0b13d067e817,Summer 2023/24,0b5a071a-2606-48b0-ba8c-40b13e9f4f1f,0b5a071a-2606-48b0-ba8c-40b13e9f4f1f,Fiji Victorian CC 1st XI,79ed54b2-a85f-4335-adec-993f2e69c45d,02 - Jack Quick Shield,1s - Jack Quick Shield,Finals Round 1,Finals R1,1000,2024-03-09 02:00:00+00:00,Strathewen Cricket Club,Win,win,won by 153 runs,Kalpeshkumar Patel 75,Baurel D'Mello 3-32,False
79219af5-bd7f-4259-9771-8a17fc04ba18,f8ebef3a-ba2d-48c4-95f8-0b13d067e817,Summer 2023/24,0b5a071a-2606-48b0-ba8c-40b13e9f4f1f,0b5a071a-2606-48b0-ba8c-40b13e9f4f1f,Fiji Victorian CC 1st XI,79ed54b2-a85f-4335-adec-993f2e69c45d,02 - Jack Quick Shield,1s - Jack Quick Shield,Round 14,R14,14,2024-02-24 02:00:00+00:00,Holy Trinity Cricket Club,Win,win,won,Baurel D'Mello 137,Baurel D'Mello 4-38,False
840ef7e5-bc71-4c39-bce0-a2affb9c8acb,f8ebef3a-ba2d-48c4-95f8-0b13d067e817,Summer 2023/24,0b5a071a-2606-48b0-ba8c-40b13e9f4f1f,0b5a071a-2606-48b0-ba8c-40b13e9f4f1f,Fiji Victorian CC 1st XI,79ed54b2-a85f-4335-adec-993f2e69c45d,02 - Jack Quick Shield,1s - Jack Quick Shield,Round 13,R13,13,2024-02-10 02:00:00+00:00,Fairfield Cricket Club,Win,win,won by 10 wickets,Shandil Bhan 138,Baurel D'Mello 7-34,False
c8bc2a5c-b158-42b2-ad65-28432ae15398,f8ebef3a-ba2d-48c4-95f8-0b13d067e817,Summer 2023/24,0b5a071a-2606-48b0-ba8c-40b13e9f4f1f,0b5a071a-2606-48b0-ba8c-40b13e9f4f1f,Fiji Victorian CC 1st XI,79ed54b2-a85f-4335-adec-993f2e69c45d,02 - Jack Quick Shield,1s - Jack Quick Shield,Round 12,R12,12,2024-01-27 02:00:00+00:00,Dennis Cricket Club,Loss,loss,lost by 148 runs,Kalpeshkumar Patel 33,Shaun Vikash 4-74,False
785ac19a-584c-40c1-8a35-75f9c6816dcf,f8ebef3a-ba2d-48c4-95f8-0b13d067e817,Summer 2023/24,0b5a071a-2606-48b0-ba8c-40b13e9f4f1f,0b5a071a-2606-48b0-ba8c-40b13e9f4f1f,Fiji Victorian CC 1st XI,79ed54b2-a85f-4335-adec-993f2e69c45d,02 - Jack Quick Shield,1s - Jack Quick Shield,Round 11,R11,11,2024-01-13 02:00:00+00:00,Cameron Cricket Club,Win,win,won by 2 wickets,Reuel Sharan 65,Sajendra Shrestha 5-68,False
c9f6ff23-75d7-479c-9f5e-3e3aca3790b0,f8ebef3a-ba2d-48c4-95f8-0b13d067e817,Summer 2023/24,0b5a071a-2606-48b0-ba8c-40b13e9f4f1f,0b5a071a-2606-48b0-ba8c-40b13e9f4f1f,Fiji Victorian CC 1st XI,79ed54b2-a85f-4335-adec-993f2e69c45d,02 - Jack Quick Shield,1s - Jack Quick Shield,Round 10,R10,10,2024-01-06 02:00:00+00:00,Bellfield Cricket Club,Loss,loss,lost by 5 wickets,Sajendra Shrestha 30,Sajendra Shrestha 2-12,False
e4d50271-133b-44b0-bce7-456a02ccef3a,f8ebef3a-ba2d-48c4-95f8-0b13d067e817,Summer 2023/24,0b5a071a-2606-48b0-ba8c-40b13e9f4f1f,0b5a071a-2606-48b0-ba8c-40b13e9f4f1f,Fiji Victorian CC 1st XI,79ed54b2-a85f-4335-adec-993f2e69c45d,02 - Jack Quick Shield,1s - Jack Quick Shield,Round 9,R9,9,2023-12-16 02:00:00+00:00,Holy Trinity Cricket Club,Loss,loss,lost by 39 runs,Sajendra Shrestha 53,Jude Mendiz 2-15,False
3285972b-9a5f-497e-9bad-e67eb5d43f22,f8ebef3a-ba2d-48c4-95f8-0b13d067e817,Summer 2023/24,0b5a071a-2606-48b0-ba8c-40b13e9f4f1f,0b5a071a-2606-48b0-ba8c-40b13e9f4f1f,Fiji Victorian CC 1st XI,79ed54b2-a85f-4335-adec-993f2e69c45d,02 - Jack Quick Shield,1s - Jack Quick Shield,Round 7,R7,7,2023-11-18 02:00:00+00:00,Strathewen Cricket Club,Loss,loss,lost by 54 runs,Akshat Bodele 29,Shaun Vikash 4-30,False
24ffdcb7-4537-45c5-b3f8-e04164b507ec,f8ebef3a-ba2d-48c4-95f8-0b13d067e817,Summer 2023/24,0b5a071a-2606-48b0-ba8c-40b13e9f4f1f,0b5a071a-2606-48b0-ba8c-40b13e9f4f1f,Fiji Victorian CC 1st XI,79ed54b2-a85f-4335-adec-993f2e69c45d,02 - Jack Quick Shield,1s - Jack Quick Shield,Round 6,R6,6,2023-11-12 02:00:00+00:00,Strathewen Cricket Club,Win,win,won by 5 wickets,Shandil Bhan 47,Srikanth Para 2-8,False
5bbdff24-e88a-4cd6-8b86-5daac6ca44ab,f8ebef3a-ba2d-48c4-95f8-0b13d067e817,Summer 2023/24,0b5a071a-2606-48b0-ba8c-40b13e9f4f1f,0b5a071a-2606-48b0-ba8c-40b13e9f4f1f,Fiji Victorian CC 1st XI,79ed54b2-a85f-4335-adec-993f2e69c45d,02 - Jack Quick Shield,1s - Jack Quick Shield,Round 5,R5,5,2023-11-11 02:00:00+00:00,Dennis Cricket Club,Win,win,won by 3 wickets,Baurel D'Mello 74,Shandil Bhan 3-39,False
83c57e72-ccac-4755-bc98-e2d255df41a2,f8ebef3a-ba2d-48c4-95f8-0b13d067e817,Summer 2023/24,0b5a071a-2606-48b0-ba8c-40b13e9f4f1f,0b5a071a-2606-48b0-ba8c-40b13e9f4f1f,Fiji Victorian CC 1st XI,79ed54b2-a85f-4335-adec-993f2e69c45d,02 - Jack Quick Shield,1s - Jack Quick Shield,Round 4,R4,4,2023-11-04 02:00:00+00:00,Fairfield Cricket Club,Win,win,won by 9 wickets,Jai Bhan 44*,Jude Mendiz 3-12,False
3d2e6f8d-0e88-4300-9624-dc60fb400c93,f8ebef3a-ba2d-48c4-95f8-0b13d067e817,Summer 2023/24,0b5a071a-2606-48b0-ba8c-40b13e9f4f1f,0b5a071a-2606-48b0-ba8c-40b13e9f4f1f,Fiji Victorian CC 1st XI,79ed54b2-a85f-4335-adec-993f2e69c45d,02 - Jack Quick Shield,1s - Jack Quick Shield,Round 3,R3,3,2023-10-21 02:00:00+00:00,Bellfield Cricket Club,Win,win,won,Baurel D'Mello 30,Baurel D'Mello 3-22,False
431a9899-b9e0-4677-87f6-1d45a66dc52f,f8ebef3a-ba2d-48c4-95f8-0b13d067e817,Summer 2023/24,0b5a071a-2606-48b0-ba8c-40b13e9f4f1f,0b5a071a-2606-48b0-ba8c-40b13e9f4f1f,Fiji Victorian CC 1st XI,79ed54b2-a85f-4335-adec-993f2e69c45d,02 - Jack Quick Shield,1s - Jack Quick Shield,Round 2,R2,2,2023-10-14 02:00:00+00:00,Cameron Cricket Club,Win,win,won by 14 runs,Shandil Bhan 25,Shandil Bhan 3-9,False
a60b5cb3-9afe-4339-8c12-4895328c94a9,f8ebef3a-ba2d-48c4-95f8-0b13d067e817,Summer 2023/24,0b5a071a-2606-48b0-ba8c-40b13e9f4f1f,0b5a071a-2606-48b0-ba8c-40b13e9f4f1f,Fiji Victorian CC 1st XI,79ed54b2-a85f-4335-adec-993f2e69c45d,02 - Jack Quick Shield,1s - Jack Quick Shield,Round 1,R1,1,2023-10-07 02:00:00+00:00,Donath Cricket Club,Win,win,won by 4 wickets,Jai Bhan 31,Jimmy Sharma 2-14,False
db27eefe-e965-4856-93d9-b032664ea903,f8ebef3a-ba2d-48c4-95f8-0b13d067e817,Summer 2023/24,780a8939-3979-44a8-a31b-b675e2dc33c5,780a8939-3979-44a8-a31b-b675e2dc33c5,Fiji Victorian CC 2nd XI,4e2e525d-4ba4-4a35-9e22-3fbca5132593,"04 - ""B"" Grade",2s - B Grade - John Adams Shield,Round 13,R13,13,2024-02-24 02:00:00+00:00,Preston Baseballers Cricket Club,Loss,loss,lost by 61 runs,Sandeep Gill 28*,Bishal K C 3-55,False
98204fc0-4c6d-4548-9189-829978bcc59c,f8ebef3a-ba2d-48c4-95f8-0b13d067e817,Summer 2023/24,780a8939-3979-44a8-a31b-b675e2dc33c5,780a8939-3979-44a8-a31b-b675e2dc33c5,Fiji Victorian CC 2nd XI,4e2e525d-4ba4-4a35-9e22-3fbca5132593,"04 - ""B"" Grade",2s - B Grade - John Adams Shield,Round 12,R12,12,2024-02-10 02:00:00+00:00,Balmoral Redbacks Cricket Club,Loss,loss,lost by 42 runs,Shivnyl Naidu 63,Shivnyl Naidu 2-75,False
07866bba-5eca-40b8-bd2e-21e7525d1f26,f8ebef3a-ba2d-48c4-95f8-0b13d067e817,Summer 2023/24,780a8939-3979-44a8-a31b-b675e2dc33c5,780a8939-3979-44a8-a31b-b675e2dc33c5,Fiji Victorian CC 2nd XI,4e2e525d-4ba4-4a35-9e22-3fbca5132593,"04 - ""B"" Grade",2s - B Grade - John Adams Shield,Round 11,R11,11,2024-01-27 02:00:00+00:00,Dennis Cricket Club,Loss,loss,lost by 7 wickets,Ibad Mohammed 66,Syed Shabbir 1-34,False
339d4888-c759-4138-b2d7-6aae41c693f9,f8ebef3a-ba2d-48c4-95f8-0b13d067e817,Summer 2023/24,780a8939-3979-44a8-a31b-b675e2dc33c5,780a8939-3979-44a8-a31b-b675e2dc33c5,Fiji Victorian CC 2nd XI,4e2e525d-4ba4-4a35-9e22-3fbca5132593,"04 - ""B"" Grade",2s - B Grade - John Adams Shield,Round 9,R9,9,2024-01-06 02:00:00+00:00,Camrea Cricket Club,Loss,loss,lost by 5 wickets,Benjamin Frew 40,Aravind Boddula 2-20,False
9e7ec980-d606-4322-9518-0a42c480d1bf,f8ebef3a-ba2d-48c4-95f8-0b13d067e817,Summer 2023/24,780a8939-3979-44a8-a31b-b675e2dc33c5,780a8939-3979-44a8-a31b-b675e2dc33c5,Fiji Victorian CC 2nd XI,4e2e525d-4ba4-4a35-9e22-3fbca5132593,"04 - ""B"" Grade",2s - B Grade - John Adams Shield,Round 8,R8,8,2023-12-16 02:00:00+00:00,Preston Baseballers Cricket Club,Win,win,won by 8 wickets,Reuel Sharan 53*,Syed Shabbir 4-8,False
f640f2fa-6cf9-4055-96a2-b7c282969a78,f8ebef3a-ba2d-48c4-95f8-0b13d067e817,Summer 2023/24,780a8939-3979-44a8-a31b-b675e2dc33c5,780a8939-3979-44a8-a31b-b675e2dc33c5,Fiji Victorian CC 2nd XI,4e2e525d-4ba4-4a35-9e22-3fbca5132593,"04 - ""B"" Grade",2s - B Grade - John Adams Shield,Round 6,R6,6,2023-11-18 02:00:00+00:00,Reservoir Cobras Cricket Club,Win,win,won by 10 wickets,Aravind Boddula 39*,Aravind Boddula 5-34,False
395a7583-4e31-4159-9588-ecaf0bb73947,f8ebef3a-ba2d-48c4-95f8-0b13d067e817,Summer 2023/24,780a8939-3979-44a8-a31b-b675e2dc33c5,780a8939-3979-44a8-a31b-b675e2dc33c5,Fiji Victorian CC 2nd XI,4e2e525d-4ba4-4a35-9e22-3fbca5132593,"04 - ""B"" Grade",2s - B Grade - John Adams Shield,Round 5,R5,5,2023-11-11 02:00:00+00:00,Dennis Cricket Club,Win,win,won by 12 runs,Predheesh Valayil Sivanandan 45,Balaji Viswanathan 2-32,False
45bd7e42-e634-4ff6-87c5-d1f0ec36ee19,f8ebef3a-ba2d-48c4-95f8-0b13d067e817,Summer 2023/24,780a8939-3979-44a8-a31b-b675e2dc33c5,780a8939-3979-44a8-a31b-b675e2dc33c5,Fiji Victorian CC 2nd XI,4e2e525d-4ba4-4a35-9e22-3fbca5132593,"04 - ""B"" Grade",2s - B Grade - John Adams Shield,Round 4,R4,4,2023-11-04 02:00:00+00:00,Balmoral Redbacks Cricket Club,Loss,loss,lost by 38 runs,Nabin Shrestha 38,Aravind Boddula 4-17,False
d8178ad9-b492-4f1d-9134-570103fa6707,f8ebef3a-ba2d-48c4-95f8-0b13d067e817,Summer 2023/24,780a8939-3979-44a8-a31b-b675e2dc33c5,780a8939-3979-44a8-a31b-b675e2dc33c5,Fiji Victorian CC 2nd XI,4e2e525d-4ba4-4a35-9e22-3fbca5132593,"04 - ""B"" Grade",2s - B Grade - John Adams Shield,Round 2,R2,2,2023-10-14 02:00:00+00:00,Preston YCW District Cricket Club,Loss,loss,lost by 21 runs,Saleem Shafqat 33,Syed Shabbir 3-13,False
9db93243-83f3-45f2-8035-527d20adc845,f8ebef3a-ba2d-48c4-95f8-0b13d067e817,Summer 2023/24,780a8939-3979-44a8-a31b-b675e2dc33c5,780a8939-3979-44a8-a31b-b675e2dc33c5,Fiji Victorian CC 2nd XI,4e2e525d-4ba4-4a35-9e22-3fbca5132593,"04 - ""B"" Grade",2s - B Grade - John Adams Shield,Round 1,R1,1,2023-10-07 02:00:00+00:00,Keon Park Cricket Club,Loss,loss,lost by 2 wickets,Sandeep Gill 43*,Santhosh Kumar Chappidi 2-19,False
55fa975e-5ccd-4393-830a-2e0d46864b7b,f8ebef3a-ba2d-48c4-95f8-0b13d067e817,Summer 2023/24,793ed24c-47cf-40c0-9010-eceaa3f401df,793ed24c-47cf-40c0-9010-eceaa3f401df,Fiji Victorian CC 3rd XI,808f246f-0a0d-4f81-bdd8-67babf98339f,"05 - ""C"" Grade",3s - C Grade - Les Horne Shield,Round 13,R13,13,2024-02-24 02:00:00+00:00,Holy Trinity Cricket Club,Loss,loss,lost by forfeit,—,—,False
f204d699-168e-4c01-9947-8aaa8038adc9,f8ebef3a-ba2d-48c4-95f8-0b13d067e817,Summer 2023/24,793ed24c-47cf-40c0-9010-eceaa3f401df,793ed24c-47cf-40c0-9010-eceaa3f401df,Fiji Victorian CC 3rd XI,808f246f-0a0d-4f81-bdd8-67babf98339f,"05 - ""C"" Grade",3s - C Grade - Les Horne Shield,Round 12,R12,12,2024-02-10 02:00:00+00:00,Rivergum Cricket Club,Loss,loss,lost by 90 runs,Gopi Krishna 47,Ramesh Dhanasekaran 2-19,False
aa9141a1-ca45-4f88-afb6-3caf7627919f,f8ebef3a-ba2d-48c4-95f8-0b13d067e817,Summer 2023/24,793ed24c-47cf-40c0-9010-eceaa3f401df,793ed24c-47cf-40c0-9010-eceaa3f401df,Fiji Victorian CC 3rd XI,808f246f-0a0d-4f81-bdd8-67babf98339f,"05 - ""C"" Grade",3s - C Grade - Les Horne Shield,Round 11,R11,11,2024-01-27 02:00:00+00:00,Ivanhoe Mavericks Cricket Club,Loss,loss,lost by 6 wickets,Kieran Bhan 27,Bishal K C 2-24,False
1f37d966-e6c7-4eb0-9fa3-538f35ac9c30,f8ebef3a-ba2d-48c4-95f8-0b13d067e817,Summer 2023/24,793ed24c-47cf-40c0-9010-eceaa3f401df,793ed24c-47cf-40c0-9010-eceaa3f401df,Fiji Victorian CC 3rd XI,808f246f-0a0d-4f81-bdd8-67babf98339f,"05 - ""C"" Grade",3s - C Grade - Les Horne Shield,Round 10,R10,10,2024-01-13 02:00:00+00:00,Royal Park Reds Cricket Club,Loss,loss,lost by 13 runs,Vinay Sharma 49*,Kalpeshkumar Patel 5-17,False
b4d1bac4-9e43-463c-a254-2543aa2d1fe9,f8ebef3a-ba2d-48c4-95f8-0b13d067e817,Summer 2023/24,793ed24c-47cf-40c0-9010-eceaa3f401df,793ed24c-47cf-40c0-9010-eceaa3f401df,Fiji Victorian CC 3rd XI,808f246f-0a0d-4f81-bdd8-67babf98339f,"05 - ""C"" Grade",3s - C Grade - Les Horne Shield,Round 9,R9,9,2024-01-06 02:00:00+00:00,Cameron Cricket Club,Win,win,won by 6 wickets,Vinay Sharma 33,Bishal K C 3-15,False
b719b9db-58f2-4e13-8db7-49df07420f6b,f8ebef3a-ba2d-48c4-95f8-0b13d067e817,Summer 2023/24,793ed24c-47cf-40c0-9010-eceaa3f401df,793ed24c-47cf-40c0-9010-eceaa3f401df,Fiji Victorian CC 3rd XI,808f246f-0a0d-4f81-bdd8-67babf98339f,"05 - ""C"" Grade",3s - C Grade - Les Horne Shield,Round 8,R8,8,2023-12-16 02:00:00+00:00,Holy Trinity Cricket Club,Win,win,won by 4 wickets,Vineeth Yamani 56,Kieran Bhan 2-15,False
67c89ee1-af7c-4c01-a70d-6e0ebea55f0d,f8ebef3a-ba2d-48c4-95f8-0b13d067e817,Summer 2023/24,793ed24c-47cf-40c0-9010-eceaa3f401df,793ed24c-47cf-40c0-9010-eceaa3f401df,Fiji Victorian CC 3rd XI,808f246f-0a0d-4f81-bdd8-67babf98339f,"05 - ""C"" Grade",3s - C Grade - Les Horne Shield,Round 6,R6,6,2023-11-18 02:00:00+00:00,Fairfield Cricket Club,Loss,loss,lost by 5 wickets,Faraz Khan 38,Mehdi Abidi 2-39,False
7bd15011-53f3-4995-919c-03c22ac24b7a,f8ebef3a-ba2d-48c4-95f8-0b13d067e817,Summer 2023/24,793ed24c-47cf-40c0-9010-eceaa3f401df,793ed24c-47cf-40c0-9010-eceaa3f401df,Fiji Victorian CC 3rd XI,808f246f-0a0d-4f81-bdd8-67babf98339f,"05 - ""C"" Grade",3s - C Grade - Les Horne Shield,Round 5,R5,5,2023-11-11 02:00:00+00:00,Ivanhoe Mavericks Cricket Club,Loss,loss,lost by 40 runs,Bishal K C 48,Mehdi Abidi 3-40,False
ccdc1354-28fa-4757-a147-16c5d6829365,f8ebef3a-ba2d-48c4-95f8-0b13d067e817,Summer 2023/24,793ed24c-47cf-40c0-9010-eceaa3f401df,793ed24c-47cf-40c0-9010-eceaa3f401df,Fiji Victorian CC 3rd XI,808f246f-0a0d-4f81-bdd8-67babf98339f,"05 - ""C"" Grade",3s - C Grade - Les Horne Shield,Round 4,R4,4,2023-11-04 02:00:00+00:00,Rivergum Cricket Club,Loss,loss,lost by 45 runs,Wajhi Syed 49,Siddhanth Chaurasiya 3-33,False
47527759-d718-48ce-a8bf-c687104b4ec3,f8ebef3a-ba2d-48c4-95f8-0b13d067e817,Summer 2023/24,793ed24c-47cf-40c0-9010-eceaa3f401df,793ed24c-47cf-40c0-9010-eceaa3f401df,Fiji Victorian CC 3rd XI,808f246f-0a0d-4f81-bdd8-67babf98339f,"05 - ""C"" Grade",3s - C Grade - Les Horne Shield,Round 3,R3,3,2023-10-21 02:00:00+00:00,Cameron Cricket Club,Win,win,won by 9 wickets,Vijay Sandepudi 50*,Praveen Lama 4-30,False
a0a71c28-63e7-4def-b23a-1e01313b9264,f8ebef3a-ba2d-48c4-95f8-0b13d067e817,Summer 2023/24,793ed24c-47cf-40c0-9010-eceaa3f401df,793ed24c-47cf-40c0-9010-eceaa3f401df,Fiji Victorian CC 3rd XI,808f246f-0a0d-4f81-bdd8-67babf98339f,"05 - ""C"" Grade",3s - C Grade - Les Horne Shield,Round 2,R2,2,2023-10-14 02:00:00+00:00,Royal Park Reds Cricket Club,Win,win,won by 5 wickets,Nitin Tanwar 27,Vineeth Yamani 4-9,False
e0b57bab-ecc9-451c-ae87-6ea967941a2f,f8ebef3a-ba2d-48c4-95f8-0b13d067e817,Summer 2023/24,87ba489f-620c-4dad-9a0e-f9d8d7d3a449,87ba489f-620c-4dad-9a0e-f9d8d7d3a449,Fiji Victorian CC OD,12ac33af-31f2-4231-a075-c7e1e2d779fe,08 - Robert Young DODC,DODC - Robert Young Shield,Round 14,R14,14,2024-02-24 02:00:00+00:00,Olympic Colts Cricket Club,Loss,loss,lost by 31 runs,Ravi Chowdary 29*,Ramesh Dhanasekaran 2-17,False
b2880719-aabe-4583-974e-c7488c627418,f8ebef3a-ba2d-48c4-95f8-0b13d067e817,Summer 2023/24,87ba489f-620c-4dad-9a0e-f9d8d7d3a449,87ba489f-620c-4dad-9a0e-f9d8d7d3a449,Fiji Victorian CC OD,12ac33af-31f2-4231-a075-c7e1e2d779fe,08 - Robert Young DODC,DODC - Robert Young Shield,Round 13,R13,13,2024-02-17 02:00:00+00:00,Preston Baseballers Cricket Club,Loss,loss,lost by 33 runs,Kiran Tomy 29,Prasad Rahate 3-30,False
aae091c5-383f-44d4-bc0b-ef4e88d7bd94,f8ebef3a-ba2d-48c4-95f8-0b13d067e817,Summer 2023/24,87ba489f-620c-4dad-9a0e-f9d8d7d3a449,87ba489f-620c-4dad-9a0e-f9d8d7d3a449,Fiji Victorian CC OD,12ac33af-31f2-4231-a075-c7e1e2d779fe,08 - Robert Young DODC,DODC - Robert Young Shield,Round 12,R12,12,2024-02-10 02:00:00+00:00,Northern Socials Cricket Club,Win,win,won by 5 runs,Abcin Thomas 36,Prasad Rahate 3-26,False
56c9ea3f-5bf4-473b-b1e8-8566cfcc3994,f8ebef3a-ba2d-48c4-95f8-0b13d067e817,Summer 2023/24,87ba489f-620c-4dad-9a0e-f9d8d7d3a449,87ba489f-620c-4dad-9a0e-f9d8d7d3a449,Fiji Victorian CC OD,12ac33af-31f2-4231-a075-c7e1e2d779fe,08 - Robert Young DODC,DODC - Robert Young Shield,Round 11,R11,11,2024-02-03 02:00:00+00:00,Holy Trinity Cricket Club,Win,win,won by 126 runs,Saleem Shafqat 50*,Siddhanth Chaurasiya 1-2,False
b95bde98-23d9-4537-81b9-4d2de31bcd55,f8ebef3a-ba2d-48c4-95f8-0b13d067e817,Summer 2023/24,87ba489f-620c-4dad-9a0e-f9d8d7d3a449,87ba489f-620c-4dad-9a0e-f9d8d7d3a449,Fiji Victorian CC OD,12ac33af-31f2-4231-a075-c7e1e2d779fe,08 - Robert Young DODC,DODC - Robert Young Shield,Round 10,R10,10,2024-01-20 02:00:00+00:00,Fairfield Cricket Club,Loss,loss,lost by 43 runs,Wajhi Syed 50,Prasad Rahate 4-19,False
e65cae23-28a8-4fef-bebb-8f14560fd728,f8ebef3a-ba2d-48c4-95f8-0b13d067e817,Summer 2023/24,87ba489f-620c-4dad-9a0e-f9d8d7d3a449,87ba489f-620c-4dad-9a0e-f9d8d7d3a449,Fiji Victorian CC OD,12ac33af-31f2-4231-a075-c7e1e2d779fe,08 - Robert Young DODC,DODC - Robert Young Shield,Round 9,R9,9,2024-01-13 02:00:00+00:00,Royal Park Reds Cricket Club,Win,win,won by 3 wickets,Wajhi Syed 26,Feroz Hassan 4-19,False
d4ca03a5-b787-442b-ae25-1ef4323f83d7,f8ebef3a-ba2d-48c4-95f8-0b13d067e817,Summer 2023/24,87ba489f-620c-4dad-9a0e-f9d8d7d3a449,87ba489f-620c-4dad-9a0e-f9d8d7d3a449,Fiji Victorian CC OD,12ac33af-31f2-4231-a075-c7e1e2d779fe,08 - Robert Young DODC,DODC - Robert Young Shield,Round 8,R8,8,2023-12-16 02:00:00+00:00,Olympic Colts Cricket Club,Loss,loss,lost by 44 runs,Siddhanth Chaurasiya 43,Feroz Hassan 3-13,False
222fdd5f-714a-467e-a84a-fc61287bd776,f8ebef3a-ba2d-48c4-95f8-0b13d067e817,Summer 2023/24,87ba489f-620c-4dad-9a0e-f9d8d7d3a449,87ba489f-620c-4dad-9a0e-f9d8d7d3a449,Fiji Victorian CC OD,12ac33af-31f2-4231-a075-c7e1e2d779fe,08 - Robert Young DODC,DODC - Robert Young Shield,Round 5,R5,5,2023-11-25 02:00:00+00:00,Fairfield Cricket Club,Loss,loss,lost by 5 wickets,Benjamin Frew 28,Kieran Bhan 3-3,False
b5d1626b-664d-4b21-8c4c-8351229e3a0d,f8ebef3a-ba2d-48c4-95f8-0b13d067e817,Summer 2023/24,87ba489f-620c-4dad-9a0e-f9d8d7d3a449,87ba489f-620c-4dad-9a0e-f9d8d7d3a449,Fiji Victorian CC OD,12ac33af-31f2-4231-a075-c7e1e2d779fe,08 - Robert Young DODC,DODC - Robert Young Shield,Round 3,R3,3,2023-11-11 02:00:00+00:00,Holy Trinity Cricket Club,Win,win,won by 1 wickets,Rajarajan Parthipan 34,Ramesh Dhanasekaran 2-8,False
f1440c64-6e68-4da8-a92c-c2cf29d48c4d,f8ebef3a-ba2d-48c4-95f8-0b13d067e817,Summer 2023/24,87ba489f-620c-4dad-9a0e-f9d8d7d3a449,87ba489f-620c-4dad-9a0e-f9d8d7d3a449,Fiji Victorian CC OD,12ac33af-31f2-4231-a075-c7e1e2d779fe,08 - Robert Young DODC,DODC - Robert Young Shield,Round 2,R2,2,2023-10-28 02:00:00+00:00,Dennis Cricket Club,Loss,loss,lost by 31 runs,Nabin Shrestha 58,Damien Vikash 1-9,False
f5b02587-e002-4a12-9336-018928f785e0,f8ebef3a-ba2d-48c4-95f8-0b13d067e817,Summer 2023/24,87ba489f-620c-4dad-9a0e-f9d8d7d3a449,87ba489f-620c-4dad-9a0e-f9d8d7d3a449,Fiji Victorian CC OD,12ac33af-31f2-4231-a075-c7e1e2d779fe,08 - Robert Young DODC,DODC - Robert Young Shield,Round 1,R1,1,2023-10-21 02:00:00+00:00,Bellfield Cricket Club,Loss,loss,lost by 5 wickets,Siddhanth Chaurasiya 27,Ramesh Dhanasekaran 2-19,False
507c4528-da9a-4669-be90-7748f6585a2f,fc1465b6-3c80-4b82-9759-680a784168c2,Summer 2024/25,a796549a-0882-404a-b732-635cce351739,a796549a-0882-404a-b732-635cce351739,Fiji Victorian CC 1st XI,88fee2df-830c-4cfe-9248-c3f9c2cbf04a,02 - Jack Quick Shield,1s - Jack Quick Shield,Grand Final,Grand Final,1003,2025-03-22 01:30:00+00:00,Olympic Colts Cricket Club,Loss,loss,lost by 70 runs,Jude Mendiz 28,Baurel D'Mello 4-50,False
e2abe420-3238-40e1-9a8d-4d33b4f76b62,fc1465b6-3c80-4b82-9759-680a784168c2,Summer 2024/25,a796549a-0882-404a-b732-635cce351739,a796549a-0882-404a-b732-635cce351739,Fiji Victorian CC 1st XI,88fee2df-830c-4cfe-9248-c3f9c2cbf04a,02 - Jack Quick Shield,1s - Jack Quick Shield,Finals Round 1,Finals R1,1000,2025-03-08 01:30:00+00:00,Olympic Colts Cricket Club,Win,win,won by 2 wickets,Baurel D'Mello 43,Baurel D'Mello 4-29,False
728d0a17-5065-4b6a-a41a-4542776aa6c0,fc1465b6-3c80-4b82-9759-680a784168c2,Summer 2024/25,a796549a-0882-404a-b732-635cce351739,a796549a-0882-404a-b732-635cce351739,Fiji Victorian CC 1st XI,88fee2df-830c-4cfe-9248-c3f9c2cbf04a,02 - Jack Quick Shield,1s - Jack Quick Shield,Round 15,R15,15,2025-02-22 01:30:00+00:00,Strathewen Cougars Cricket Club,Win,win,won by forfeit,—,—,False
750aa436-e4a6-4806-b10c-23ba23b955af,fc1465b6-3c80-4b82-9759-680a784168c2,Summer 2024/25,a796549a-0882-404a-b732-635cce351739,a796549a-0882-404a-b732-635cce351739,Fiji Victorian CC 1st XI,88fee2df-830c-4cfe-9248-c3f9c2cbf04a,02 - Jack Quick Shield,1s - Jack Quick Shield,Round 14,R14,14,2025-02-08 01:30:00+00:00,Fairfield Cricket Club,Win,win,won by 146 runs,Baurel D'Mello 81,Nikhil Sawant 6-49,False
cf671dfb-54fb-4b48-affb-cc0aa04f0415,fc1465b6-3c80-4b82-9759-680a784168c2,Summer 2024/25,a796549a-0882-404a-b732-635cce351739,a796549a-0882-404a-b732-635cce351739,Fiji Victorian CC 1st XI,88fee2df-830c-4cfe-9248-c3f9c2cbf04a,02 - Jack Quick Shield,1s - Jack Quick Shield,Round 13,R13,13,2025-01-25 01:30:00+00:00,Bellfield Bulls Cricket Club,Win,win,won by 73 runs,Jude Mendiz 75,Jimmy Sharma 3-32,False
e5f0895c-1f31-4eda-a9ad-c59d26fef175,fc1465b6-3c80-4b82-9759-680a784168c2,Summer 2024/25,a796549a-0882-404a-b732-635cce351739,a796549a-0882-404a-b732-635cce351739,Fiji Victorian CC 1st XI,88fee2df-830c-4cfe-9248-c3f9c2cbf04a,02 - Jack Quick Shield,1s - Jack Quick Shield,Round 12,R12,12,2025-01-18 01:30:00+00:00,Strathewen Cougars Cricket Club,Win,win,won by 57 runs,Jai Bhan 137*,Nikhil Sawant 3-47,False
e101dcd0-32a9-44e0-9812-b5b3d307c77f,fc1465b6-3c80-4b82-9759-680a784168c2,Summer 2024/25,a796549a-0882-404a-b732-635cce351739,a796549a-0882-404a-b732-635cce351739,Fiji Victorian CC 1st XI,88fee2df-830c-4cfe-9248-c3f9c2cbf04a,02 - Jack Quick Shield,1s - Jack Quick Shield,Round 11,R11,11,2025-01-11 01:30:00+00:00,Cameron Cricket Club,Win,win,won by 9 wickets,Jude Mendiz 37*,Nikhil Sawant 5-19,False
32d43958-3e1d-4269-807c-2b08552515ce,fc1465b6-3c80-4b82-9759-680a784168c2,Summer 2024/25,a796549a-0882-404a-b732-635cce351739,a796549a-0882-404a-b732-635cce351739,Fiji Victorian CC 1st XI,88fee2df-830c-4cfe-9248-c3f9c2cbf04a,02 - Jack Quick Shield,1s - Jack Quick Shield,Round 10,R10,10,2024-12-21 01:30:00+00:00,Olympic Colts Cricket Club,Loss,loss,lost by 10 runs,Baurel D'Mello 45,Jimmy Sharma 1-17,False
48e7869c-0d00-4784-a2e2-44daa2302193,fc1465b6-3c80-4b82-9759-680a784168c2,Summer 2024/25,a796549a-0882-404a-b732-635cce351739,a796549a-0882-404a-b732-635cce351739,Fiji Victorian CC 1st XI,88fee2df-830c-4cfe-9248-c3f9c2cbf04a,02 - Jack Quick Shield,1s - Jack Quick Shield,Round 9,R9,9,2024-12-14 01:30:00+00:00,Bellfield Bulls Cricket Club,Win,win,won by 8 runs,Baurel D'Mello 38,Shaun Vikash 3-25,False
386f5e7d-0c8b-408c-83ac-443ce1c272b0,fc1465b6-3c80-4b82-9759-680a784168c2,Summer 2024/25,a796549a-0882-404a-b732-635cce351739,a796549a-0882-404a-b732-635cce351739,Fiji Victorian CC 1st XI,88fee2df-830c-4cfe-9248-c3f9c2cbf04a,02 - Jack Quick Shield,1s - Jack Quick Shield,Round 8,R8,8,2024-12-07 01:30:00+00:00,Cameron Cricket Club,Win,win,won by 211 runs,Baurel D'Mello 130,Nikhil Sawant 4-22,False
b01f2a1d-f3fe-46fc-8c16-fe970734dc4b,fc1465b6-3c80-4b82-9759-680a784168c2,Summer 2024/25,a796549a-0882-404a-b732-635cce351739,a796549a-0882-404a-b732-635cce351739,Fiji Victorian CC 1st XI,88fee2df-830c-4cfe-9248-c3f9c2cbf04a,02 - Jack Quick Shield,1s - Jack Quick Shield,Round 7,R7,7,2024-11-16 01:30:00+00:00,Olympic Colts Cricket Club,Win,win,won by 100 runs,Jimmy Sharma 91*,Jimmy Sharma 4-46,False
f10bd051-f98d-49f2-b257-7ba41871a162,fc1465b6-3c80-4b82-9759-680a784168c2,Summer 2024/25,a796549a-0882-404a-b732-635cce351739,a796549a-0882-404a-b732-635cce351739,Fiji Victorian CC 1st XI,88fee2df-830c-4cfe-9248-c3f9c2cbf04a,02 - Jack Quick Shield,1s - Jack Quick Shield,Round 6,R6,6,2024-11-09 01:30:00+00:00,Fairfield Cricket Club,Win,win,won by 57 runs,Nikhil Sawant 59,Shandil Bhan 3-8,False
9890e049-7a10-470b-bfe4-e8dbbb316f83,fc1465b6-3c80-4b82-9759-680a784168c2,Summer 2024/25,a796549a-0882-404a-b732-635cce351739,a796549a-0882-404a-b732-635cce351739,Fiji Victorian CC 1st XI,88fee2df-830c-4cfe-9248-c3f9c2cbf04a,02 - Jack Quick Shield,1s - Jack Quick Shield,Round 5,R5,5,2024-11-02 01:30:00+00:00,Strathewen Cougars Cricket Club,Win,win,won by 10 wickets,Harish Kumar 44*,Baurel D'Mello 3-12,False
dae09574-73b4-47b0-ba5d-173e843433d5,fc1465b6-3c80-4b82-9759-680a784168c2,Summer 2024/25,a796549a-0882-404a-b732-635cce351739,a796549a-0882-404a-b732-635cce351739,Fiji Victorian CC 1st XI,88fee2df-830c-4cfe-9248-c3f9c2cbf04a,02 - Jack Quick Shield,1s - Jack Quick Shield,Round 4,R4,4,2024-10-26 01:30:00+00:00,Fairfield Cricket Club,Win,win,won by 34 runs,Harish Kumar 43,Sajendra Shrestha 4-18,False
ebb51525-cf20-459b-a2bf-2cd95f2124f4,fc1465b6-3c80-4b82-9759-680a784168c2,Summer 2024/25,a796549a-0882-404a-b732-635cce351739,a796549a-0882-404a-b732-635cce351739,Fiji Victorian CC 1st XI,88fee2df-830c-4cfe-9248-c3f9c2cbf04a,02 - Jack Quick Shield,1s - Jack Quick Shield,Round 2,R2,2,2024-10-12 01:30:00+00:00,Cameron Cricket Club,Win,win,won by 43 runs,Harish Kumar 58*,Jimmy Sharma 3-13,False
1afc286b-de28-4d9b-90b5-90218861dc28,fc1465b6-3c80-4b82-9759-680a784168c2,Summer 2024/25,60ce7fb7-46ff-44fb-91c0-a046e150ca9c,60ce7fb7-46ff-44fb-91c0-a046e150ca9c,Fiji Victorian CC 2nd XI,41139b39-d433-4c64-bc0a-41321ef5dff4,03 - Jack Kelly Shield,2s - Jack Kelly Shield,Grand Final,Grand Final,1003,2025-03-22 01:30:00+00:00,Northern Socials Cricket Club,Win,win,won,Ibad Mohammed 24*,Abcin Thomas 3-33,True
e22cb887-d753-4f51-974b-d39da3b301aa,fc1465b6-3c80-4b82-9759-680a784168c2,Summer 2024/25,60ce7fb7-46ff-44fb-91c0-a046e150ca9c,60ce7fb7-46ff-44fb-91c0-a046e150ca9c,Fiji Victorian CC 2nd XI,41139b39-d433-4c64-bc0a-41321ef5dff4,03 - Jack Kelly Shield,2s - Jack Kelly Shield,Preliminary Final,Preliminary Final,1002,2025-03-15 01:30:00+00:00,West Preston Cricket Club,Draw,draw,draw,Benjamin Frew 58,Abcin Thomas 2-17,False
4fab4eac-5bde-4381-9993-9fa16c2de648,fc1465b6-3c80-4b82-9759-680a784168c2,Summer 2024/25,60ce7fb7-46ff-44fb-91c0-a046e150ca9c,60ce7fb7-46ff-44fb-91c0-a046e150ca9c,Fiji Victorian CC 2nd XI,41139b39-d433-4c64-bc0a-41321ef5dff4,03 - Jack Kelly Shield,2s - Jack Kelly Shield,Finals Round 1,Finals R1,1000,2025-03-08 01:30:00+00:00,Northern Socials Cricket Club,Loss,loss,lost by 6 wickets,Ibad Mohammed 53,Santhosh Kumar Chappidi 2-37,False
c98324bb-ac06-46e4-90ee-9bc3ec8a9534,fc1465b6-3c80-4b82-9759-680a784168c2,Summer 2024/25,60ce7fb7-46ff-44fb-91c0-a046e150ca9c,60ce7fb7-46ff-44fb-91c0-a046e150ca9c,Fiji Victorian CC 2nd XI,41139b39-d433-4c64-bc0a-41321ef5dff4,03 - Jack Kelly Shield,2s - Jack Kelly Shield,Round 15,R15,15,2025-02-22 01:30:00+00:00,Old Ivanhoe Grammarians Cricket Club,Win,win,won by 6 wickets,Ibad Mohammed 47,Santhosh Kumar Chappidi 5-30,False
51b4bfe6-b438-41ec-862a-1dfaca0afd9c,fc1465b6-3c80-4b82-9759-680a784168c2,Summer 2024/25,60ce7fb7-46ff-44fb-91c0-a046e150ca9c,60ce7fb7-46ff-44fb-91c0-a046e150ca9c,Fiji Victorian CC 2nd XI,41139b39-d433-4c64-bc0a-41321ef5dff4,03 - Jack Kelly Shield,2s - Jack Kelly Shield,Round 13,R13,13,2025-01-25 01:30:00+00:00,Ivanhoe Mavericks Cricket Club,Win,win,won by 1 wickets,Abcin Thomas 50,Sandeep Gill 4-38,False
49f2ced5-7946-45a9-bb1a-b9cc703e08fe,fc1465b6-3c80-4b82-9759-680a784168c2,Summer 2024/25,60ce7fb7-46ff-44fb-91c0-a046e150ca9c,60ce7fb7-46ff-44fb-91c0-a046e150ca9c,Fiji Victorian CC 2nd XI,41139b39-d433-4c64-bc0a-41321ef5dff4,03 - Jack Kelly Shield,2s - Jack Kelly Shield,Round 12,R12,12,2025-01-18 01:30:00+00:00,Old Ivanhoe Grammarians Cricket Club,Win,win,won by 7 wickets,Nitin Tanwar 32*,Vishnu Para 3-4,False
01c3eb2f-7776-4e80-bc96-fc333565675f,fc1465b6-3c80-4b82-9759-680a784168c2,Summer 2024/25,60ce7fb7-46ff-44fb-91c0-a046e150ca9c,60ce7fb7-46ff-44fb-91c0-a046e150ca9c,Fiji Victorian CC 2nd XI,41139b39-d433-4c64-bc0a-41321ef5dff4,03 - Jack Kelly Shield,2s - Jack Kelly Shield,Round 11,R11,11,2025-01-11 01:30:00+00:00,West Preston Cricket Club,Win,win,won by 43 runs,Benjamin Frew 71*,Shandil Bhan 3-14,False
e7d82264-d76f-41f6-b938-165cd8e1ffa3,fc1465b6-3c80-4b82-9759-680a784168c2,Summer 2024/25,60ce7fb7-46ff-44fb-91c0-a046e150ca9c,60ce7fb7-46ff-44fb-91c0-a046e150ca9c,Fiji Victorian CC 2nd XI,41139b39-d433-4c64-bc0a-41321ef5dff4,03 - Jack Kelly Shield,2s - Jack Kelly Shield,Round 10,R10,10,2024-12-21 01:30:00+00:00,Northern Socials Cricket Club,Loss,loss,lost by 8 wickets,Danny Singh 67*,Kiran Tomy 2-25,False
7139322b-7308-4943-a020-62e28a177a92,fc1465b6-3c80-4b82-9759-680a784168c2,Summer 2024/25,60ce7fb7-46ff-44fb-91c0-a046e150ca9c,60ce7fb7-46ff-44fb-91c0-a046e150ca9c,Fiji Victorian CC 2nd XI,41139b39-d433-4c64-bc0a-41321ef5dff4,03 - Jack Kelly Shield,2s - Jack Kelly Shield,Round 9,R9,9,2024-12-14 01:30:00+00:00,Ivanhoe Mavericks Cricket Club,Loss,loss,lost by 4 wickets,Vinay Sharma 35*,Shivnyl Naidu 2-32,False
5b1aa6a7-56b5-44dd-a562-7002dc6ed57f,fc1465b6-3c80-4b82-9759-680a784168c2,Summer 2024/25,60ce7fb7-46ff-44fb-91c0-a046e150ca9c,60ce7fb7-46ff-44fb-91c0-a046e150ca9c,Fiji Victorian CC 2nd XI,41139b39-d433-4c64-bc0a-41321ef5dff4,03 - Jack Kelly Shield,2s - Jack Kelly Shield,Round 8,R8,8,2024-12-07 01:30:00+00:00,West Preston Cricket Club,Win,win,won by 8 wickets,Muhammad Anas Mukhtar 49,Balaji Viswanathan 4-24,False
10e7c8a0-e385-4dae-bb6c-b051c1b4f7bb,fc1465b6-3c80-4b82-9759-680a784168c2,Summer 2024/25,60ce7fb7-46ff-44fb-91c0-a046e150ca9c,60ce7fb7-46ff-44fb-91c0-a046e150ca9c,Fiji Victorian CC 2nd XI,41139b39-d433-4c64-bc0a-41321ef5dff4,03 - Jack Kelly Shield,2s - Jack Kelly Shield,Round 7,R7,7,2024-11-16 01:30:00+00:00,Northern Socials Cricket Club,Loss,loss,lost by 126 runs,Ibad Mohammed 72*,Ibad Mohammed 4-32,False
d15529f5-9109-4791-b10d-7784b681e1ed,fc1465b6-3c80-4b82-9759-680a784168c2,Summer 2024/25,60ce7fb7-46ff-44fb-91c0-a046e150ca9c,60ce7fb7-46ff-44fb-91c0-a046e150ca9c,Fiji Victorian CC 2nd XI,41139b39-d433-4c64-bc0a-41321ef5dff4,03 - Jack Kelly Shield,2s - Jack Kelly Shield,Round 6,R6,6,2024-11-09 01:30:00+00:00,Keon Park Cricket Club,Win,win,won by 6 wickets,Muhammad Anas Mukhtar 40,Srikanth Para 3-9,False
75a9af4f-c1c5-427c-b531-a0a3c34f2fd4,fc1465b6-3c80-4b82-9759-680a784168c2,Summer 2024/25,60ce7fb7-46ff-44fb-91c0-a046e150ca9c,60ce7fb7-46ff-44fb-91c0-a046e150ca9c,Fiji Victorian CC 2nd XI,41139b39-d433-4c64-bc0a-41321ef5dff4,03 - Jack Kelly Shield,2s - Jack Kelly Shield,Round 5,R5,5,2024-11-02 01:30:00+00:00,Old Ivanhoe Grammarians Cricket Club,Win,win,won by 2 wickets,Vishnu Para 41,Vishnu Para 2-23,False
380551d8-7c66-4076-b435-0333a718e0e8,fc1465b6-3c80-4b82-9759-680a784168c2,Summer 2024/25,60ce7fb7-46ff-44fb-91c0-a046e150ca9c,60ce7fb7-46ff-44fb-91c0-a046e150ca9c,Fiji Victorian CC 2nd XI,41139b39-d433-4c64-bc0a-41321ef5dff4,03 - Jack Kelly Shield,2s - Jack Kelly Shield,Round 4,R4,4,2024-10-26 01:30:00+00:00,Keon Park Cricket Club,Loss,loss,lost by 48 runs,Danny Singh 39,Sandeep Gill 2-21,False
f7f88548-a880-4246-b844-8b0eef5cc642,fc1465b6-3c80-4b82-9759-680a784168c2,Summer 2024/25,60ce7fb7-46ff-44fb-91c0-a046e150ca9c,60ce7fb7-46ff-44fb-91c0-a046e150ca9c,Fiji Victorian CC 2nd XI,41139b39-d433-4c64-bc0a-41321ef5dff4,03 - Jack Kelly Shield,2s - Jack Kelly Shield,Round 2,R2,2,2024-10-12 01:30:00+00:00,West Preston Cricket Club,Loss,loss,lost by 2 runs,Benjamin Frew 43*,Balaji Viswanathan 4-35,False
aea72fdb-d3ce-48e4-8485-a8d6103189ee,fc1465b6-3c80-4b82-9759-680a784168c2,Summer 2024/25,ba09f282-b759-47da-a8e6-777d83c23390,ba09f282-b759-47da-a8e6-777d83c23390,Fiji Victorian CC 3rd XI,6957edd1-b96a-4069-9aaf-beabf3d4f112,"05 - ""C"" Grade",3s - C Grade - Les Horne Shield,Round 15,R15,15,2025-02-22 01:30:00+00:00,Fairfield Cricket Club,Win,win,won by 83 runs,Nikhil Sawant 62,Wajhi Syed 3-40,False
a75bd76d-c540-4d96-ae90-107d1bad4e81,fc1465b6-3c80-4b82-9759-680a784168c2,Summer 2024/25,ba09f282-b759-47da-a8e6-777d83c23390,ba09f282-b759-47da-a8e6-777d83c23390,Fiji Victorian CC 3rd XI,6957edd1-b96a-4069-9aaf-beabf3d4f112,"05 - ""C"" Grade",3s - C Grade - Les Horne Shield,Round 14,R14,14,2025-02-08 01:30:00+00:00,Royal Park Reds Cricket Club,Win,win,won by 186 runs,Siddhesh Jitendrabhai Vadapalli 50,Wajhi Syed 3-1,False
4d2b7b8a-d6f6-49d3-b36e-539c9470303a,fc1465b6-3c80-4b82-9759-680a784168c2,Summer 2024/25,ba09f282-b759-47da-a8e6-777d83c23390,ba09f282-b759-47da-a8e6-777d83c23390,Fiji Victorian CC 3rd XI,6957edd1-b96a-4069-9aaf-beabf3d4f112,"05 - ""C"" Grade",3s - C Grade - Les Horne Shield,Round 13,R13,13,2025-01-25 01:30:00+00:00,Bellfield Bulls Cricket Club,Win,win,won by 1 wickets,Baurel D'Mello 49,Wajhi Syed 3-21,False
b165d1fa-46e2-4b93-9efd-0bd0ba4c1572,fc1465b6-3c80-4b82-9759-680a784168c2,Summer 2024/25,ba09f282-b759-47da-a8e6-777d83c23390,ba09f282-b759-47da-a8e6-777d83c23390,Fiji Victorian CC 3rd XI,6957edd1-b96a-4069-9aaf-beabf3d4f112,"05 - ""C"" Grade",3s - C Grade - Les Horne Shield,Round 12,R12,12,2025-01-18 01:30:00+00:00,Old Ivanhoe Grammarians Cricket Club,Loss,loss,lost by 4 wickets,Siddhesh Jitendrabhai Vadapalli 34,Siddhesh Jitendrabhai Vadapalli 3-19,False
b7942395-e36d-48b6-a4c5-29754f30b66f,fc1465b6-3c80-4b82-9759-680a784168c2,Summer 2024/25,ba09f282-b759-47da-a8e6-777d83c23390,ba09f282-b759-47da-a8e6-777d83c23390,Fiji Victorian CC 3rd XI,6957edd1-b96a-4069-9aaf-beabf3d4f112,"05 - ""C"" Grade",3s - C Grade - Les Horne Shield,Round 11,R11,11,2025-01-11 01:30:00+00:00,West Preston Cricket Club,Win,win,won by 9 wickets,Kieran Bhan 63*,Wajhi Syed 2-3,False
bf6c8392-5930-4434-9ae9-4ede49e0e1a1,fc1465b6-3c80-4b82-9759-680a784168c2,Summer 2024/25,ba09f282-b759-47da-a8e6-777d83c23390,ba09f282-b759-47da-a8e6-777d83c23390,Fiji Victorian CC 3rd XI,6957edd1-b96a-4069-9aaf-beabf3d4f112,"05 - ""C"" Grade",3s - C Grade - Les Horne Shield,Round 10,R10,10,2024-12-21 01:30:00+00:00,Donath Cricket Club,Win,win,won by 60 runs,Damandeep Sehra 67*,Feroz Hassan 2-6,False
69492d3f-e9a7-48e0-9165-345420cbcd7d,fc1465b6-3c80-4b82-9759-680a784168c2,Summer 2024/25,ba09f282-b759-47da-a8e6-777d83c23390,ba09f282-b759-47da-a8e6-777d83c23390,Fiji Victorian CC 3rd XI,6957edd1-b96a-4069-9aaf-beabf3d4f112,"05 - ""C"" Grade",3s - C Grade - Les Horne Shield,Round 9,R9,9,2024-12-14 01:30:00+00:00,West Preston Cricket Club,Loss,loss,lost by 5 wickets,Mayur Patil 16,Mayur Patil 2-17,False
585a9588-eb09-4319-85c4-33c2be0744c5,fc1465b6-3c80-4b82-9759-680a784168c2,Summer 2024/25,ba09f282-b759-47da-a8e6-777d83c23390,ba09f282-b759-47da-a8e6-777d83c23390,Fiji Victorian CC 3rd XI,6957edd1-b96a-4069-9aaf-beabf3d4f112,"05 - ""C"" Grade",3s - C Grade - Les Horne Shield,Round 8,R8,8,2024-12-07 01:30:00+00:00,Reservoir Cobras Cricket Club,Win,win,won by 2 wickets,Danny Singh 45,Vinit Naidu 1-23,False
16cad14f-a43b-44e7-ab6c-15914508cfd8,fc1465b6-3c80-4b82-9759-680a784168c2,Summer 2024/25,ba09f282-b759-47da-a8e6-777d83c23390,ba09f282-b759-47da-a8e6-777d83c23390,Fiji Victorian CC 3rd XI,6957edd1-b96a-4069-9aaf-beabf3d4f112,"05 - ""C"" Grade",3s - C Grade - Les Horne Shield,Round 7,R7,7,2024-11-16 01:30:00+00:00,Old Ivanhoe Grammarians Cricket Club,Loss,loss,lost by 4 wickets,Mohaneesh Pitre 59,Feroz Hassan 1-15,False
3bb49b47-8436-4086-a300-8224ae9566e7,fc1465b6-3c80-4b82-9759-680a784168c2,Summer 2024/25,ba09f282-b759-47da-a8e6-777d83c23390,ba09f282-b759-47da-a8e6-777d83c23390,Fiji Victorian CC 3rd XI,6957edd1-b96a-4069-9aaf-beabf3d4f112,"05 - ""C"" Grade",3s - C Grade - Les Horne Shield,Round 6,R6,6,2024-11-09 01:30:00+00:00,Fairfield Cricket Club,Win,win,won by 3 wickets,Wajhi Syed 44,Wajhi Syed 4-32,False
cab20691-be05-4e29-a553-d17ba8c68332,fc1465b6-3c80-4b82-9759-680a784168c2,Summer 2024/25,ba09f282-b759-47da-a8e6-777d83c23390,ba09f282-b759-47da-a8e6-777d83c23390,Fiji Victorian CC 3rd XI,6957edd1-b96a-4069-9aaf-beabf3d4f112,"05 - ""C"" Grade",3s - C Grade - Les Horne Shield,Round 5,R5,5,2024-11-02 01:30:00+00:00,Royal Park Reds Cricket Club,Win,win,won by 63 runs,Benjamin Frew 76*,Aravind Boddula 3-15,False
56667c40-cd08-4257-b342-32e0ee82f88d,fc1465b6-3c80-4b82-9759-680a784168c2,Summer 2024/25,ba09f282-b759-47da-a8e6-777d83c23390,ba09f282-b759-47da-a8e6-777d83c23390,Fiji Victorian CC 3rd XI,6957edd1-b96a-4069-9aaf-beabf3d4f112,"05 - ""C"" Grade",3s - C Grade - Les Horne Shield,Round 4,R4,4,2024-10-26 01:30:00+00:00,West Preston Cricket Club,Loss,loss,lost by 3 wickets,Abcin Thomas 49,Wajhi Syed 2-12,False
0024959b-136e-4408-9932-0b259fa62c60,fc1465b6-3c80-4b82-9759-680a784168c2,Summer 2024/25,ba09f282-b759-47da-a8e6-777d83c23390,ba09f282-b759-47da-a8e6-777d83c23390,Fiji Victorian CC 3rd XI,6957edd1-b96a-4069-9aaf-beabf3d4f112,"05 - ""C"" Grade",3s - C Grade - Les Horne Shield,Round 2,R2,2,2024-10-12 01:30:00+00:00,Reservoir Cobras Cricket Club,Loss,loss,lost by 49 runs,Mohaneesh Pitre 17,Siddhanth Chaurasiya 3-15,False
fc9612a0-2ff7-4c9c-8f6b-04b74bf61a34,fc1465b6-3c80-4b82-9759-680a784168c2,Summer 2024/25,169e6e9b-e3e4-43f2-b997-91160ba0c3e1,169e6e9b-e3e4-43f2-b997-91160ba0c3e1,Fiji Victorian CC OD,99826f7f-b534-4593-b6c0-80da5d258f6a,08 - Robert Young DODC,DODC - Robert Young Shield,Round 14,R14,14,2025-03-01 01:30:00+00:00,Bellfield Rocketz Cricket Club,Loss,loss,lost by 28 runs,Siddhesh Jitendrabhai Vadapalli 34,Rama Suravajjula 3-19,False
2b4bebea-66a5-4a22-91e1-eb84052cb74f,fc1465b6-3c80-4b82-9759-680a784168c2,Summer 2024/25,169e6e9b-e3e4-43f2-b997-91160ba0c3e1,169e6e9b-e3e4-43f2-b997-91160ba0c3e1,Fiji Victorian CC OD,99826f7f-b534-4593-b6c0-80da5d258f6a,08 - Robert Young DODC,DODC - Robert Young Shield,Round 13,R13,13,2025-02-22 01:30:00+00:00,Preston Baseballers Cricket Club,Loss,loss,lost by 71 runs,Priyanshu Tomar 45,Padmanabhan Srinivasan 3-23,False
ebbf1a0b-766a-473e-839f-fee5c6b4696f,fc1465b6-3c80-4b82-9759-680a784168c2,Summer 2024/25,169e6e9b-e3e4-43f2-b997-91160ba0c3e1,169e6e9b-e3e4-43f2-b997-91160ba0c3e1,Fiji Victorian CC OD,99826f7f-b534-4593-b6c0-80da5d258f6a,08 - Robert Young DODC,DODC - Robert Young Shield,Round 11,R11,11,2025-02-08 01:30:00+00:00,Kinglake Cricket Club,Loss,loss,lost by 2 wickets,Siddhanth Chaurasiya 22,Padmanabhan Srinivasan 4-30,False
51864f80-b7d6-495a-9a33-758537c568c4,fc1465b6-3c80-4b82-9759-680a784168c2,Summer 2024/25,169e6e9b-e3e4-43f2-b997-91160ba0c3e1,169e6e9b-e3e4-43f2-b997-91160ba0c3e1,Fiji Victorian CC OD,99826f7f-b534-4593-b6c0-80da5d258f6a,08 - Robert Young DODC,DODC - Robert Young Shield,Round 10,R10,10,2025-02-01 01:30:00+00:00,Camrea Cricket Club,Loss,loss,lost by 5 wickets,Ashish Sharma 30,Kartik Nallepalli 3-38,False
f6698954-ed5f-4ec1-a056-e8df346efad6,fc1465b6-3c80-4b82-9759-680a784168c2,Summer 2024/25,169e6e9b-e3e4-43f2-b997-91160ba0c3e1,169e6e9b-e3e4-43f2-b997-91160ba0c3e1,Fiji Victorian CC OD,99826f7f-b534-4593-b6c0-80da5d258f6a,08 - Robert Young DODC,DODC - Robert Young Shield,Round 9,R9,9,2025-01-18 01:30:00+00:00,Cameron Cricket Club,Loss,loss,lost by 6 wickets,Aryan Datta 53,******** 2-16,False
01da8d9c-aefd-4351-a684-0df9cfe774cd,fc1465b6-3c80-4b82-9759-680a784168c2,Summer 2024/25,169e6e9b-e3e4-43f2-b997-91160ba0c3e1,169e6e9b-e3e4-43f2-b997-91160ba0c3e1,Fiji Victorian CC OD,99826f7f-b534-4593-b6c0-80da5d258f6a,08 - Robert Young DODC,DODC - Robert Young Shield,Round 8,R8,8,2024-12-14 01:30:00+00:00,Olympic Colts Cricket Club,Loss,loss,lost by 144 runs,Aryan Datta 23,Padmanabhan Srinivasan 3-25,False
c992aa96-7ed7-49bf-ae7b-13417d691f7d,fc1465b6-3c80-4b82-9759-680a784168c2,Summer 2024/25,169e6e9b-e3e4-43f2-b997-91160ba0c3e1,169e6e9b-e3e4-43f2-b997-91160ba0c3e1,Fiji Victorian CC OD,99826f7f-b534-4593-b6c0-80da5d258f6a,08 - Robert Young DODC,DODC - Robert Young Shield,Round 7,R7,7,2024-12-07 01:30:00+00:00,Preston YCW District Cricket Club,Loss,loss,lost by 84 runs,Kieran Bhan 48,Bikash Naik 1-10,False
d41400fd-2205-4f03-bf08-b781d5dd8ffa,fc1465b6-3c80-4b82-9759-680a784168c2,Summer 2024/25,169e6e9b-e3e4-43f2-b997-91160ba0c3e1,169e6e9b-e3e4-43f2-b997-91160ba0c3e1,Fiji Victorian CC OD,99826f7f-b534-4593-b6c0-80da5d258f6a,08 - Robert Young DODC,DODC - Robert Young Shield,Round 5,R5,5,2024-11-23 01:30:00+00:00,Keon Park Cricket Club,Loss,loss,lost by 7 wickets,******** 10,Prasad Rahate 2-20,False
82b0e3ea-86cf-4c86-b81b-b2715127e2c7,fc1465b6-3c80-4b82-9759-680a784168c2,Summer 2024/25,169e6e9b-e3e4-43f2-b997-91160ba0c3e1,169e6e9b-e3e4-43f2-b997-91160ba0c3e1,Fiji Victorian CC OD,99826f7f-b534-4593-b6c0-80da5d258f6a,08 - Robert Young DODC,DODC - Robert Young Shield,Round 4,R4,4,2024-11-16 01:30:00+00:00,Preston YCW District Cricket Club,Win,win,won by 76 runs,Abcin Thomas 53*,Siddhant Sharma 4-13,False
88912720-471f-4e31-ad64-6de9543b0c5e,fc1465b6-3c80-4b82-9759-680a784168c2,Summer 2024/25,169e6e9b-e3e4-43f2-b997-91160ba0c3e1,169e6e9b-e3e4-43f2-b997-91160ba0c3e1,Fiji Victorian CC OD,99826f7f-b534-4593-b6c0-80da5d258f6a,08 - Robert Young DODC,DODC - Robert Young Shield,Round 3,R3,3,2024-11-09 01:30:00+00:00,Preston Baseballers Cricket Club,Win,win,won by 6 wickets,Aryan Datta 53*,Padmanabhan Srinivasan 2-16,False
7cd0452a-686c-4239-a396-8bc5dd8bebc5,fc1465b6-3c80-4b82-9759-680a784168c2,Summer 2024/25,169e6e9b-e3e4-43f2-b997-91160ba0c3e1,169e6e9b-e3e4-43f2-b997-91160ba0c3e1,Fiji Victorian CC OD,99826f7f-b534-4593-b6c0-80da5d258f6a,08 - Robert Young DODC,DODC - Robert Young Shield,Round 2,R2,2,2024-10-26 01:30:00+00:00,Northern Socials Cricket Club,Loss,loss,lost by 5 runs,Yash Nair 41,Padmanabhan Srinivasan 3-8,False
f8ffcff2-581b-4590-8b39-7e5320842477,a826b403-b813-4318-9805-5bbe4cf7f238,Summer 2025/26,fa410898-8244-46e6-a9c6-d02e6dd1b8b5,fa410898-8244-46e6-a9c6-d02e6dd1b8b5,Fiji Victorian CC 1st XI,c0420577-837e-46d9-80ed-79a16e4e67cb,01 - Jika Shield,1s - Jika Shield,Grand Final,Grand Final,1003,2026-03-21 01:30:00+00:00,Preston Baseballers Cricket Club,Loss,loss,lost by 64 runs,Kalpeshkumar Patel 25,Balaji Viswanathan 3-30,False
d67b063e-89dd-44a5-854c-53718954b0e5,a826b403-b813-4318-9805-5bbe4cf7f238,Summer 2025/26,fa410898-8244-46e6-a9c6-d02e6dd1b8b5,fa410898-8244-46e6-a9c6-d02e6dd1b8b5,Fiji Victorian CC 1st XI,c0420577-837e-46d9-80ed-79a16e4e67cb,01 - Jika Shield,1s - Jika Shield,Preliminary Final,Preliminary Final,1002,2026-03-14 01:30:00+00:00,Northern Socials Cricket Club,Win,win,won by 3 wickets,Baurel D'Mello 94*,Sajendra Shrestha 4-31,False
9fcbcf5a-fb12-41f5-bec0-83c451dd87e9,a826b403-b813-4318-9805-5bbe4cf7f238,Summer 2025/26,fa410898-8244-46e6-a9c6-d02e6dd1b8b5,fa410898-8244-46e6-a9c6-d02e6dd1b8b5,Fiji Victorian CC 1st XI,c0420577-837e-46d9-80ed-79a16e4e67cb,01 - Jika Shield,1s - Jika Shield,Finals Round 1,Finals R1,1000,2026-03-07 01:30:00+00:00,Olympic Colts Cricket Club,Win,win,won by 98 runs,Shandil Bhan 61*,Baurel D'Mello 5-40,False
e6edfbc8-ea0d-4967-9655-b7c0f19beed6,a826b403-b813-4318-9805-5bbe4cf7f238,Summer 2025/26,fa410898-8244-46e6-a9c6-d02e6dd1b8b5,fa410898-8244-46e6-a9c6-d02e6dd1b8b5,Fiji Victorian CC 1st XI,c0420577-837e-46d9-80ed-79a16e4e67cb,01 - Jika Shield,1s - Jika Shield,Round 15,R15,15,2026-02-21 01:30:00+00:00,Olympic Colts Cricket Club,Loss,loss,lost by 85 runs,Baurel D'Mello 27,Shaun Vikash 6-45,False
53f979f1-6039-42bc-82dd-0ff36d0d7169,a826b403-b813-4318-9805-5bbe4cf7f238,Summer 2025/26,fa410898-8244-46e6-a9c6-d02e6dd1b8b5,fa410898-8244-46e6-a9c6-d02e6dd1b8b5,Fiji Victorian CC 1st XI,c0420577-837e-46d9-80ed-79a16e4e67cb,01 - Jika Shield,1s - Jika Shield,Round 14,R14,14,2026-02-07 01:30:00+00:00,Preston Baseballers Cricket Club,Loss,loss,lost by 5 wickets,Baurel D'Mello 83*,Sajendra Shrestha 2-30,False
37776659-5c05-41e6-9f36-b1bac8dfac4d,a826b403-b813-4318-9805-5bbe4cf7f238,Summer 2025/26,fa410898-8244-46e6-a9c6-d02e6dd1b8b5,fa410898-8244-46e6-a9c6-d02e6dd1b8b5,Fiji Victorian CC 1st XI,c0420577-837e-46d9-80ed-79a16e4e67cb,01 - Jika Shield,1s - Jika Shield,Round 13,R13,13,2026-01-31 01:30:00+00:00,Camrea Stingrays Cricket Club,Win,win,won by 25 runs,Kalpeshkumar Patel 72,Nikhil Sawant 2-65,False
3b27101d-e18b-4c83-86ca-9e98bd6d6bf8,a826b403-b813-4318-9805-5bbe4cf7f238,Summer 2025/26,fa410898-8244-46e6-a9c6-d02e6dd1b8b5,fa410898-8244-46e6-a9c6-d02e6dd1b8b5,Fiji Victorian CC 1st XI,c0420577-837e-46d9-80ed-79a16e4e67cb,01 - Jika Shield,1s - Jika Shield,Round 12,R12,12,2026-01-24 00:00:00+00:00,Donath Cricket Club,Loss,loss,lost by 45 runs,Balaji Viswanathan 39,Santhosh Kumar Chappidi 3-30,False
fae8b33d-6e99-4e9a-93a9-773fc8d2fd7a,a826b403-b813-4318-9805-5bbe4cf7f238,Summer 2025/26,fa410898-8244-46e6-a9c6-d02e6dd1b8b5,fa410898-8244-46e6-a9c6-d02e6dd1b8b5,Fiji Victorian CC 1st XI,c0420577-837e-46d9-80ed-79a16e4e67cb,01 - Jika Shield,1s - Jika Shield,Round 11,R11,11,2026-01-17 01:30:00+00:00,Northern Socials Cricket Club,Loss,loss,lost by 2 wickets,Sajendra Shrestha 42*,Kieran Bhan 5-31,False
8ac43931-61b2-467d-8a4d-8d52ff17c249,a826b403-b813-4318-9805-5bbe4cf7f238,Summer 2025/26,fa410898-8244-46e6-a9c6-d02e6dd1b8b5,fa410898-8244-46e6-a9c6-d02e6dd1b8b5,Fiji Victorian CC 1st XI,c0420577-837e-46d9-80ed-79a16e4e67cb,01 - Jika Shield,1s - Jika Shield,Round 10,R10,10,2026-01-10 01:30:00+00:00,Preston Baseballers Cricket Club,Loss,loss,lost by 2 wickets,Kalpeshkumar Patel 50,Kieran Bhan 2-19,False
f84441fd-e69e-4f93-9f0f-88608ae1294b,a826b403-b813-4318-9805-5bbe4cf7f238,Summer 2025/26,fa410898-8244-46e6-a9c6-d02e6dd1b8b5,fa410898-8244-46e6-a9c6-d02e6dd1b8b5,Fiji Victorian CC 1st XI,c0420577-837e-46d9-80ed-79a16e4e67cb,01 - Jika Shield,1s - Jika Shield,Round 9,R9,9,2025-12-20 01:30:00+00:00,Camrea Stingrays Cricket Club,Win,win,won by 6 wickets,Jai Bhan 52*,Balaji Viswanathan 3-30,False
d0ff21ad-0794-4fa1-b3f0-bfda44bf003c,a826b403-b813-4318-9805-5bbe4cf7f238,Summer 2025/26,fa410898-8244-46e6-a9c6-d02e6dd1b8b5,fa410898-8244-46e6-a9c6-d02e6dd1b8b5,Fiji Victorian CC 1st XI,c0420577-837e-46d9-80ed-79a16e4e67cb,01 - Jika Shield,1s - Jika Shield,Round 8,R8,8,2025-12-13 01:30:00+00:00,Olympic Colts Cricket Club,Loss,loss,lost by 5 wickets,Sajendra Shrestha 31,Shaun Vikash 4-36,False
563d113e-f4a4-4605-bc6b-96e9f03b6f1e,a826b403-b813-4318-9805-5bbe4cf7f238,Summer 2025/26,fa410898-8244-46e6-a9c6-d02e6dd1b8b5,fa410898-8244-46e6-a9c6-d02e6dd1b8b5,Fiji Victorian CC 1st XI,c0420577-837e-46d9-80ed-79a16e4e67cb,01 - Jika Shield,1s - Jika Shield,Round 7,R7,7,2025-12-06 01:30:00+00:00,Northern Socials Cricket Club,Loss,loss,lost by 8 wickets,Akshat Bodele 30,Sajendra Shrestha 1-10,False
cda15606-882e-4a69-b57c-3f7965bfd3a4,a826b403-b813-4318-9805-5bbe4cf7f238,Summer 2025/26,fa410898-8244-46e6-a9c6-d02e6dd1b8b5,fa410898-8244-46e6-a9c6-d02e6dd1b8b5,Fiji Victorian CC 1st XI,c0420577-837e-46d9-80ed-79a16e4e67cb,01 - Jika Shield,1s - Jika Shield,Round 6,R6,6,2025-11-15 01:30:00+00:00,Donath Cricket Club,Win,win,won by 57 runs,Priyanshu Tomar 53,Shaun Vikash 4-22,False
e0f411f4-0bca-4a2a-86a3-62d07fb1c0bb,a826b403-b813-4318-9805-5bbe4cf7f238,Summer 2025/26,fa410898-8244-46e6-a9c6-d02e6dd1b8b5,fa410898-8244-46e6-a9c6-d02e6dd1b8b5,Fiji Victorian CC 1st XI,c0420577-837e-46d9-80ed-79a16e4e67cb,01 - Jika Shield,1s - Jika Shield,Round 4,R4,4,2025-11-01 01:30:00+00:00,Olympic Colts Cricket Club,Loss,loss,lost by 3 wickets,Shandil Bhan 48,Jude Mendiz 3-23,False
3afd1998-dd33-4e43-9284-d5907736bfa5,a826b403-b813-4318-9805-5bbe4cf7f238,Summer 2025/26,fa410898-8244-46e6-a9c6-d02e6dd1b8b5,fa410898-8244-46e6-a9c6-d02e6dd1b8b5,Fiji Victorian CC 1st XI,c0420577-837e-46d9-80ed-79a16e4e67cb,01 - Jika Shield,1s - Jika Shield,Round 3,R3,3,2025-10-18 01:30:00+00:00,Camrea Stingrays Cricket Club,Win,win,won by 6 wickets,Shandil Bhan 51,Jude Mendiz 2-17,False
0a1ec941-65d1-479c-bba3-4d65245e2bc2,a826b403-b813-4318-9805-5bbe4cf7f238,Summer 2025/26,fa410898-8244-46e6-a9c6-d02e6dd1b8b5,fa410898-8244-46e6-a9c6-d02e6dd1b8b5,Fiji Victorian CC 1st XI,c0420577-837e-46d9-80ed-79a16e4e67cb,01 - Jika Shield,1s - Jika Shield,Round 2,R2,2,2025-10-11 01:30:00+00:00,Donath Cricket Club,Win,win,won by 14 runs,Priyanshu Tomar 45,Sajendra Shrestha 2-5,False
d7e37a8c-5ef6-4ef2-b887-7b54dc07f050,a826b403-b813-4318-9805-5bbe4cf7f238,Summer 2025/26,fa410898-8244-46e6-a9c6-d02e6dd1b8b5,fa410898-8244-46e6-a9c6-d02e6dd1b8b5,Fiji Victorian CC 1st XI,c0420577-837e-46d9-80ed-79a16e4e67cb,01 - Jika Shield,1s - Jika Shield,Round 1,R1,1,2025-10-04 02:30:00+00:00,Northern Socials Cricket Club,Win,win,won by 30 runs,Jai Bhan 79,Shaun Vikash 3-42,False
8dec88fb-fa54-4c33-9a56-3737abebf51a,a826b403-b813-4318-9805-5bbe4cf7f238,Summer 2025/26,dbf37f51-e5af-454c-85da-840c3368e59d,dbf37f51-e5af-454c-85da-840c3368e59d,Fiji Victorian CC 2nd XI,36c6ec7d-6993-4402-8461-c355a5deade4,02 - Jack Quick Shield,2s - Jack Quick Shield,Grand Final,Grand Final,1003,2026-03-21 01:30:00+00:00,Cameron Cricket Club,Loss,loss,lost by 167 runs,Kieran Bhan 39,Santhosh Kumar Chappidi 1-44,False
58ef2103-37cc-4722-ae19-c6370b8e3784,a826b403-b813-4318-9805-5bbe4cf7f238,Summer 2025/26,dbf37f51-e5af-454c-85da-840c3368e59d,dbf37f51-e5af-454c-85da-840c3368e59d,Fiji Victorian CC 2nd XI,36c6ec7d-6993-4402-8461-c355a5deade4,02 - Jack Quick Shield,2s - Jack Quick Shield,Preliminary Final,Preliminary Final,1002,2026-03-14 01:30:00+00:00,Bellfield Bulls Cricket Club,Win,win,won by 4 runs,Vinay Sharma 33,Vinit Naidu 5-36,False
976436a3-adba-4fb2-b116-35a0f1fec4de,a826b403-b813-4318-9805-5bbe4cf7f238,Summer 2025/26,dbf37f51-e5af-454c-85da-840c3368e59d,dbf37f51-e5af-454c-85da-840c3368e59d,Fiji Victorian CC 2nd XI,36c6ec7d-6993-4402-8461-c355a5deade4,02 - Jack Quick Shield,2s - Jack Quick Shield,Finals Round 1,Finals R1,1000,2026-03-07 01:30:00+00:00,Reservoir Cobras Cricket Club,Win,win,won by 14 runs,Jimmy Sharma 57,Santhosh Kumar Chappidi 5-44,False
04a5329f-d089-4c94-8ff8-c50bff2127ed,a826b403-b813-4318-9805-5bbe4cf7f238,Summer 2025/26,dbf37f51-e5af-454c-85da-840c3368e59d,dbf37f51-e5af-454c-85da-840c3368e59d,Fiji Victorian CC 2nd XI,36c6ec7d-6993-4402-8461-c355a5deade4,02 - Jack Quick Shield,2s - Jack Quick Shield,Round 15,R15,15,2026-02-21 01:30:00+00:00,Bellfield Bulls Cricket Club,Win,win,won by 6 wickets,Kalpeshkumar Patel 70,Jude Mendiz 4-19,False
d6490bd9-0c34-4c32-90e5-b47bf92a25f4,a826b403-b813-4318-9805-5bbe4cf7f238,Summer 2025/26,dbf37f51-e5af-454c-85da-840c3368e59d,dbf37f51-e5af-454c-85da-840c3368e59d,Fiji Victorian CC 2nd XI,36c6ec7d-6993-4402-8461-c355a5deade4,02 - Jack Quick Shield,2s - Jack Quick Shield,Round 14,R14,14,2026-02-07 01:30:00+00:00,Cameron Cricket Club,Loss,loss,lost by 72 runs,Danny Singh 16,Shivnyl Naidu 5-58,False
5887db62-e51a-4f53-be76-e7fdccddce85,a826b403-b813-4318-9805-5bbe4cf7f238,Summer 2025/26,dbf37f51-e5af-454c-85da-840c3368e59d,dbf37f51-e5af-454c-85da-840c3368e59d,Fiji Victorian CC 2nd XI,36c6ec7d-6993-4402-8461-c355a5deade4,02 - Jack Quick Shield,2s - Jack Quick Shield,Round 13,R13,13,2026-01-31 01:30:00+00:00,Reservoir Cobras Cricket Club,Loss,loss,lost by 6 wickets,Shandil Bhan 61,Sohail Ahmed 2-28,False
64cdf8f7-6479-4966-b41b-1b3e50247639,a826b403-b813-4318-9805-5bbe4cf7f238,Summer 2025/26,dbf37f51-e5af-454c-85da-840c3368e59d,dbf37f51-e5af-454c-85da-840c3368e59d,Fiji Victorian CC 2nd XI,36c6ec7d-6993-4402-8461-c355a5deade4,02 - Jack Quick Shield,2s - Jack Quick Shield,Round 12,R12,12,2026-01-24 01:30:00+00:00,Strathewen Cougars Cricket Club,Loss,loss,lost by 7 wickets,Damandeep Sehra 48,Siddhesh Jitendrabhai Vadapalli 1-9,False
a9d0b9e8-253d-41ae-9dae-9080fa1672c5,a826b403-b813-4318-9805-5bbe4cf7f238,Summer 2025/26,dbf37f51-e5af-454c-85da-840c3368e59d,dbf37f51-e5af-454c-85da-840c3368e59d,Fiji Victorian CC 2nd XI,36c6ec7d-6993-4402-8461-c355a5deade4,02 - Jack Quick Shield,2s - Jack Quick Shield,Round 11,R11,11,2026-01-17 01:30:00+00:00,West Preston Cricket Club,Win,win,won by 5 runs,Reuel Sharan 62,Vinit Naidu 3-49,False
b333dee8-fe5f-4237-bfc1-8de9df3f5cbf,a826b403-b813-4318-9805-5bbe4cf7f238,Summer 2025/26,dbf37f51-e5af-454c-85da-840c3368e59d,dbf37f51-e5af-454c-85da-840c3368e59d,Fiji Victorian CC 2nd XI,36c6ec7d-6993-4402-8461-c355a5deade4,02 - Jack Quick Shield,2s - Jack Quick Shield,Round 10,R10,10,2026-01-10 01:30:00+00:00,Cameron Cricket Club,Loss,loss,lost by 80 runs,Vishnu Para 20,Vinit Naidu 3-17,False
4094d54b-13ca-499c-b14d-e384168093dd,a826b403-b813-4318-9805-5bbe4cf7f238,Summer 2025/26,dbf37f51-e5af-454c-85da-840c3368e59d,dbf37f51-e5af-454c-85da-840c3368e59d,Fiji Victorian CC 2nd XI,36c6ec7d-6993-4402-8461-c355a5deade4,02 - Jack Quick Shield,2s - Jack Quick Shield,Round 9,R9,9,2025-12-20 01:30:00+00:00,Reservoir Cobras Cricket Club,Win,win,won by 5 wickets,Kieran Bhan 77,Predheesh Valayil Sivanandan 4-22,False
648ae8c1-ab2e-4480-9510-8274192f7fbf,a826b403-b813-4318-9805-5bbe4cf7f238,Summer 2025/26,dbf37f51-e5af-454c-85da-840c3368e59d,dbf37f51-e5af-454c-85da-840c3368e59d,Fiji Victorian CC 2nd XI,36c6ec7d-6993-4402-8461-c355a5deade4,02 - Jack Quick Shield,2s - Jack Quick Shield,Round 7,R7,7,2025-12-06 01:30:00+00:00,West Preston Cricket Club,Loss,loss,lost by 6 wickets,Vinit Naidu 26,Shivnyl Naidu 2-33,False
6ab2d413-8395-47c9-ab27-3a6a9d4a6df4,a826b403-b813-4318-9805-5bbe4cf7f238,Summer 2025/26,dbf37f51-e5af-454c-85da-840c3368e59d,dbf37f51-e5af-454c-85da-840c3368e59d,Fiji Victorian CC 2nd XI,36c6ec7d-6993-4402-8461-c355a5deade4,02 - Jack Quick Shield,2s - Jack Quick Shield,Round 6,R6,6,2025-11-15 01:30:00+00:00,Strathewen Cougars Cricket Club,Win,win,won by 39 runs,Akshat Bodele 48,Kieran Bhan 5-7,False
f967c091-ca3f-4499-b29c-ef9400edcfa8,a826b403-b813-4318-9805-5bbe4cf7f238,Summer 2025/26,dbf37f51-e5af-454c-85da-840c3368e59d,dbf37f51-e5af-454c-85da-840c3368e59d,Fiji Victorian CC 2nd XI,36c6ec7d-6993-4402-8461-c355a5deade4,02 - Jack Quick Shield,2s - Jack Quick Shield,Round 4,R4,4,2025-11-01 01:30:00+00:00,Bellfield Bulls Cricket Club,Win,win,won by 3 runs,Kalpeshkumar Patel 30,Shivnyl Naidu 3-27,False
cde7a03d-83e5-4cd9-bb0a-cfb89641a8eb,a826b403-b813-4318-9805-5bbe4cf7f238,Summer 2025/26,dbf37f51-e5af-454c-85da-840c3368e59d,dbf37f51-e5af-454c-85da-840c3368e59d,Fiji Victorian CC 2nd XI,36c6ec7d-6993-4402-8461-c355a5deade4,02 - Jack Quick Shield,2s - Jack Quick Shield,Round 3,R3,3,2025-10-18 01:30:00+00:00,Reservoir Cobras Cricket Club,Win,win,won by 7 runs,Reuel Sharan 97,Jimmy Sharma 4-53,False
f3057643-e711-4f00-873f-f2a2071fb922,a826b403-b813-4318-9805-5bbe4cf7f238,Summer 2025/26,dbf37f51-e5af-454c-85da-840c3368e59d,dbf37f51-e5af-454c-85da-840c3368e59d,Fiji Victorian CC 2nd XI,36c6ec7d-6993-4402-8461-c355a5deade4,02 - Jack Quick Shield,2s - Jack Quick Shield,Round 2,R2,2,2025-10-11 01:30:00+00:00,Strathewen Cougars Cricket Club,Loss,loss,lost by 7 wickets,Danny Singh 43,Shivnyl Naidu 1-9,False
673fec0d-6689-4cfb-8d04-eb35eef50bf1,a826b403-b813-4318-9805-5bbe4cf7f238,Summer 2025/26,dbf37f51-e5af-454c-85da-840c3368e59d,dbf37f51-e5af-454c-85da-840c3368e59d,Fiji Victorian CC 2nd XI,36c6ec7d-6993-4402-8461-c355a5deade4,02 - Jack Quick Shield,2s - Jack Quick Shield,Round 1,R1,1,2025-10-04 02:30:00+00:00,West Preston Cricket Club,Loss,loss,lost by 75 runs,Siddhesh Jitendrabhai Vadapalli 37,Vishnu Para 8-29,False
fd329e2f-fa84-4b6b-907c-186a4e35ea57,a826b403-b813-4318-9805-5bbe4cf7f238,Summer 2025/26,c3859c82-3451-460a-a8af-f55240f3fec9,c3859c82-3451-460a-a8af-f55240f3fec9,Fiji Victorian CC 3rd XI,a269e7f1-2dd7-41e1-aeaa-158faa6dfccd,"04 - ""B"" Grade",3s - B Grade - John Adams Shield,Grand Final,Grand Final,1003,2026-03-14 01:30:00+00:00,Wollert Rhinos Cricket Club,Loss,loss,lost by 3 wickets,Reuben Sharan 48,Jayasuriya Sathiaseelan 3-24,False
d576cdea-0c86-452a-a163-28f84717b161,a826b403-b813-4318-9805-5bbe4cf7f238,Summer 2025/26,c3859c82-3451-460a-a8af-f55240f3fec9,c3859c82-3451-460a-a8af-f55240f3fec9,Fiji Victorian CC 3rd XI,a269e7f1-2dd7-41e1-aeaa-158faa6dfccd,"04 - ""B"" Grade",3s - B Grade - John Adams Shield,Semi Finals,Semi Finals,1001,2026-03-07 01:30:00+00:00,Northern Socials Cricket Club,Win,win,won by 50 runs,Kunwardeep Bedi 44,Siddhanth Chaurasiya 2-20,False
b2cc8f38-8964-4a3c-a16c-de616b09301f,a826b403-b813-4318-9805-5bbe4cf7f238,Summer 2025/26,c3859c82-3451-460a-a8af-f55240f3fec9,c3859c82-3451-460a-a8af-f55240f3fec9,Fiji Victorian CC 3rd XI,a269e7f1-2dd7-41e1-aeaa-158faa6dfccd,"04 - ""B"" Grade",3s - B Grade - John Adams Shield,Round 10,R10,10,2026-02-21 01:30:00+00:00,Bellfield Bulls Cricket Club,Win,win,won by 86 runs,Damandeep Sehra 61,Siddhanth Chaurasiya 4-11,False
b3641479-5281-43db-9bd3-8d0e9697b2a4,a826b403-b813-4318-9805-5bbe4cf7f238,Summer 2025/26,c3859c82-3451-460a-a8af-f55240f3fec9,c3859c82-3451-460a-a8af-f55240f3fec9,Fiji Victorian CC 3rd XI,a269e7f1-2dd7-41e1-aeaa-158faa6dfccd,"04 - ""B"" Grade",3s - B Grade - John Adams Shield,Round 9,R9,9,2026-02-07 01:30:00+00:00,Wollert Rhinos Cricket Club,Loss,loss,lost by 4 wickets,Priyanshu Tomar 45,Sandeep Gill 2-21,False
94404ef9-4358-4358-9922-0c46ee81e436,a826b403-b813-4318-9805-5bbe4cf7f238,Summer 2025/26,c3859c82-3451-460a-a8af-f55240f3fec9,c3859c82-3451-460a-a8af-f55240f3fec9,Fiji Victorian CC 3rd XI,a269e7f1-2dd7-41e1-aeaa-158faa6dfccd,"04 - ""B"" Grade",3s - B Grade - John Adams Shield,Round 8,R8,8,2026-01-31 01:30:00+00:00,West Preston Cricket Club,Win,win,won by forfeit,—,—,False
f93992b8-4770-477b-b610-5eb34420f01b,a826b403-b813-4318-9805-5bbe4cf7f238,Summer 2025/26,c3859c82-3451-460a-a8af-f55240f3fec9,c3859c82-3451-460a-a8af-f55240f3fec9,Fiji Victorian CC 3rd XI,a269e7f1-2dd7-41e1-aeaa-158faa6dfccd,"04 - ""B"" Grade",3s - B Grade - John Adams Shield,Round 7,R7,7,2026-01-17 01:30:00+00:00,Fairfield Cricket Club,Win,win,won by 14 runs,Nitin Tanwar 42,Shrikant Sharma 3-42,False
62b1157c-fd98-4bdf-821a-adb2f3622f43,a826b403-b813-4318-9805-5bbe4cf7f238,Summer 2025/26,c3859c82-3451-460a-a8af-f55240f3fec9,c3859c82-3451-460a-a8af-f55240f3fec9,Fiji Victorian CC 3rd XI,a269e7f1-2dd7-41e1-aeaa-158faa6dfccd,"04 - ""B"" Grade",3s - B Grade - John Adams Shield,Round 6,R6,6,2025-12-13 01:30:00+00:00,Bellfield Bulls Cricket Club,Win,win,won by 1 wickets,Siddhanth Chaurasiya 22*,Siddhanth Chaurasiya 4-31,False
fd93f0ad-793c-49dd-9963-da069a4462ad,a826b403-b813-4318-9805-5bbe4cf7f238,Summer 2025/26,c3859c82-3451-460a-a8af-f55240f3fec9,c3859c82-3451-460a-a8af-f55240f3fec9,Fiji Victorian CC 3rd XI,a269e7f1-2dd7-41e1-aeaa-158faa6dfccd,"04 - ""B"" Grade",3s - B Grade - John Adams Shield,Round 5,R5,5,2025-12-06 01:30:00+00:00,Fairfield Cricket Club,Win,win,won by 9 wickets,Faraz Khan 30,Prasad Rahate 3-9,False
48adba9d-7c1b-427d-a16c-fffe2de5f51a,a826b403-b813-4318-9805-5bbe4cf7f238,Summer 2025/26,c3859c82-3451-460a-a8af-f55240f3fec9,c3859c82-3451-460a-a8af-f55240f3fec9,Fiji Victorian CC 3rd XI,a269e7f1-2dd7-41e1-aeaa-158faa6dfccd,"04 - ""B"" Grade",3s - B Grade - John Adams Shield,Round 4,R4,4,2025-11-15 01:30:00+00:00,Northern Socials Cricket Club,Win,win,won by 2 wickets,Damandeep Sehra 66*,Vineeth Yamani 4-20,False
175ea5e8-b9a2-402e-84f9-afb141e16999,a826b403-b813-4318-9805-5bbe4cf7f238,Summer 2025/26,c3859c82-3451-460a-a8af-f55240f3fec9,c3859c82-3451-460a-a8af-f55240f3fec9,Fiji Victorian CC 3rd XI,a269e7f1-2dd7-41e1-aeaa-158faa6dfccd,"04 - ""B"" Grade",3s - B Grade - John Adams Shield,Round 2,R2,2,2025-10-18 01:30:00+00:00,West Preston Cricket Club,Win,win,won by 49 runs,Vinay Sharma 33,Sohail Ahmed 5-32,False
1c40f81b-c4d1-4f37-b443-f3826ac22a3f,a826b403-b813-4318-9805-5bbe4cf7f238,Summer 2025/26,c3859c82-3451-460a-a8af-f55240f3fec9,c3859c82-3451-460a-a8af-f55240f3fec9,Fiji Victorian CC 3rd XI,a269e7f1-2dd7-41e1-aeaa-158faa6dfccd,"04 - ""B"" Grade",3s - B Grade - John Adams Shield,Round 1,R1,1,2025-10-11 01:30:00+00:00,Northern Socials Cricket Club,Win,win,won by 9 wickets,Faraz Khan 32*,Jayasuriya Sathiaseelan 3-13,False
060abbba-4b51-4aac-9fce-6c81d6455deb,a826b403-b813-4318-9805-5bbe4cf7f238,Summer 2025/26,279aa49f-e6a9-4085-9db7-098edac9c90e,279aa49f-e6a9-4085-9db7-098edac9c90e,Fiji Victorian CC 4th XI,33a387a3-4ddd-4a66-9041-9d95772e9358,"05 - ""C"" Grade",4s - C Grade - Les Horne Shield,Round 10,R10,10,2026-02-21 01:30:00+00:00,Bellfield Bulls Cricket Club,Win,win,won by forfeit,—,—,False
08e9bed5-8e70-4e06-b630-8788da1e218c,a826b403-b813-4318-9805-5bbe4cf7f238,Summer 2025/26,279aa49f-e6a9-4085-9db7-098edac9c90e,279aa49f-e6a9-4085-9db7-098edac9c90e,Fiji Victorian CC 4th XI,33a387a3-4ddd-4a66-9041-9d95772e9358,"05 - ""C"" Grade",4s - C Grade - Les Horne Shield,Round 8,R8,8,2026-01-31 01:30:00+00:00,Preston Baseballers Cricket Club,Loss,loss,lost by 61 runs,Kavish Gambhir 59,Mohaneesh Pitre 2-23,False
b4a63d21-b13b-4b12-ac7f-1feb6a466931,a826b403-b813-4318-9805-5bbe4cf7f238,Summer 2025/26,279aa49f-e6a9-4085-9db7-098edac9c90e,279aa49f-e6a9-4085-9db7-098edac9c90e,Fiji Victorian CC 4th XI,33a387a3-4ddd-4a66-9041-9d95772e9358,"05 - ""C"" Grade",4s - C Grade - Les Horne Shield,Round 7,R7,7,2026-01-17 01:30:00+00:00,Reservoir Cobras Cricket Club,Loss,loss,lost by 23 runs,Ashish Sharma 16,Mayur Mohan 2-13,False
fc789240-f7f8-4a9e-b76a-ea719c5885dc,a826b403-b813-4318-9805-5bbe4cf7f238,Summer 2025/26,279aa49f-e6a9-4085-9db7-098edac9c90e,279aa49f-e6a9-4085-9db7-098edac9c90e,Fiji Victorian CC 4th XI,33a387a3-4ddd-4a66-9041-9d95772e9358,"05 - ""C"" Grade",4s - C Grade - Les Horne Shield,Round 6,R6,6,2025-12-13 01:30:00+00:00,Bellfield Bulls Cricket Club,Loss,loss,lost by 59 runs,Predheesh Valayil Sivanandan 54,Predheesh Valayil Sivanandan 2-24,False
81d22cd1-0f50-4e64-be5f-21619407e65d,a826b403-b813-4318-9805-5bbe4cf7f238,Summer 2025/26,279aa49f-e6a9-4085-9db7-098edac9c90e,279aa49f-e6a9-4085-9db7-098edac9c90e,Fiji Victorian CC 4th XI,33a387a3-4ddd-4a66-9041-9d95772e9358,"05 - ""C"" Grade",4s - C Grade - Les Horne Shield,Round 5,R5,5,2025-12-06 01:30:00+00:00,Royal Park Reds Cricket Club,Loss,loss,lost by 65 runs,Kunwardeep Bedi 24*,Padmanabhan Srinivasan 3-23,False
fb3198b9-0982-4c9e-a9ea-bfd412f91f24,a826b403-b813-4318-9805-5bbe4cf7f238,Summer 2025/26,279aa49f-e6a9-4085-9db7-098edac9c90e,279aa49f-e6a9-4085-9db7-098edac9c90e,Fiji Victorian CC 4th XI,33a387a3-4ddd-4a66-9041-9d95772e9358,"05 - ""C"" Grade",4s - C Grade - Les Horne Shield,Round 4,R4,4,2025-11-15 01:30:00+00:00,Bellfield Bulls Cricket Club,Loss,loss,lost by 2 wickets,Prasad Rahate 55,Prasad Rahate 3-28,False
baeccaa8-afcb-4b8e-97c6-7a73cf409f97,a826b403-b813-4318-9805-5bbe4cf7f238,Summer 2025/26,279aa49f-e6a9-4085-9db7-098edac9c90e,279aa49f-e6a9-4085-9db7-098edac9c90e,Fiji Victorian CC 4th XI,33a387a3-4ddd-4a66-9041-9d95772e9358,"05 - ""C"" Grade",4s - C Grade - Les Horne Shield,Round 2,R2,2,2025-10-18 01:30:00+00:00,Preston Baseballers Cricket Club,Loss,loss,lost by 3 wickets,Wajhi Syed 38*,Shrikant Sharma 2-20,False
82279f84-716c-40b3-a54d-093655459d3e,a826b403-b813-4318-9805-5bbe4cf7f238,Summer 2025/26,279aa49f-e6a9-4085-9db7-098edac9c90e,279aa49f-e6a9-4085-9db7-098edac9c90e,Fiji Victorian CC 4th XI,33a387a3-4ddd-4a66-9041-9d95772e9358,"05 - ""C"" Grade",4s - C Grade - Les Horne Shield,Round 1,R1,1,2025-10-11 01:30:00+00:00,Camrea Stingrays Cricket Club,Loss,loss,lost by forfeit,—,—,False
1fa8d587-9843-4c19-be17-0f8179ea8c1a,d5fcf197-b63b-4b8c-92a6-6925538ba1ac,Winter 2019,23d5187b-f9ca-48c1-945c-99bdd3ebe657,23d5187b-f9ca-48c1-945c-99bdd3ebe657,Fiji Victorian,0be03d8c-563f-4dc0-b15c-c3875392fd77,North Division,Fiji Victorian - North Division (Winter),Grand Final,Grand Final,1003,2019-08-17 11:00:00+00:00,Thomastown United Cricket Club,Loss,loss,lost by 3 wickets,Danny Singh 19,Sajendra Shrestha 2-13,False
fc9f9ca0-c12b-4009-9b9c-ed9dede43fd4,d5fcf197-b63b-4b8c-92a6-6925538ba1ac,Winter 2019,23d5187b-f9ca-48c1-945c-99bdd3ebe657,23d5187b-f9ca-48c1-945c-99bdd3ebe657,Fiji Victorian,0be03d8c-563f-4dc0-b15c-c3875392fd77,North Division,Fiji Victorian - North Division (Winter),Semi Finals,Semi Finals,1001,2019-08-10 11:00:00+00:00,La Trobe University Cricket Club,Draw,draw,draw,—,—,False
004534af-6422-48dc-b347-02a93a84a31e,d5fcf197-b63b-4b8c-92a6-6925538ba1ac,Winter 2019,23d5187b-f9ca-48c1-945c-99bdd3ebe657,23d5187b-f9ca-48c1-945c-99bdd3ebe657,Fiji Victorian,0be03d8c-563f-4dc0-b15c-c3875392fd77,North Division,Fiji Victorian - North Division (Winter),Round 9,R9,9,2019-08-03 12:00:00+00:00,Hume Lions Cricket Club,Win,win,won by 111 runs,Kiran Kandel 37,Sajendra Shrestha 2-7,False
18b3576f-1b70-4cef-8af0-aa774a179930,d5fcf197-b63b-4b8c-92a6-6925538ba1ac,Winter 2019,23d5187b-f9ca-48c1-945c-99bdd3ebe657,23d5187b-f9ca-48c1-945c-99bdd3ebe657,Fiji Victorian,0be03d8c-563f-4dc0-b15c-c3875392fd77,North Division,Fiji Victorian - North Division (Winter),Round 8,R8,8,2019-07-20 12:00:00+00:00,Ivanhoe Mavericks Cricket Club,Win,win,won by 5 wickets,Hamza Ali 48,Sajendra Shrestha 3-4,False
2c27d385-525d-47e3-b550-52fc1f94f901,d5fcf197-b63b-4b8c-92a6-6925538ba1ac,Winter 2019,23d5187b-f9ca-48c1-945c-99bdd3ebe657,23d5187b-f9ca-48c1-945c-99bdd3ebe657,Fiji Victorian,0be03d8c-563f-4dc0-b15c-c3875392fd77,North Division,Fiji Victorian - North Division (Winter),Round 7,R7,7,2019-07-06 12:00:00+00:00,Indian Tigers Cricket Club,Win,win,won by 5 runs,Hamza Ali 59*,Sarfaraz Ahmed 3-32,False
8a73a1b4-a31a-4ef0-a5b7-1104a38b1c31,d5fcf197-b63b-4b8c-92a6-6925538ba1ac,Winter 2019,23d5187b-f9ca-48c1-945c-99bdd3ebe657,23d5187b-f9ca-48c1-945c-99bdd3ebe657,Fiji Victorian,0be03d8c-563f-4dc0-b15c-c3875392fd77,North Division,Fiji Victorian - North Division (Winter),Round 6,R6,6,2019-06-22 12:00:00+00:00,Mill Park Cricket Club,Win,win,won by 136 runs,Hamza Ali 52*,Kiran Kandel 3-8,False
f3a74c8b-cb08-433a-bf21-66f49246019c,d5fcf197-b63b-4b8c-92a6-6925538ba1ac,Winter 2019,23d5187b-f9ca-48c1-945c-99bdd3ebe657,23d5187b-f9ca-48c1-945c-99bdd3ebe657,Fiji Victorian,0be03d8c-563f-4dc0-b15c-c3875392fd77,North Division,Fiji Victorian - North Division (Winter),Round 5,R5,5,2019-06-15 12:00:00+00:00,Ivanhoe Mavericks Cricket Club,Loss,loss,lost by 15 runs,Fahad Ali 17,Hamza Ali 4-18,False
c10d07ac-5d18-45dc-91b7-eed7e927d80d,d5fcf197-b63b-4b8c-92a6-6925538ba1ac,Winter 2019,23d5187b-f9ca-48c1-945c-99bdd3ebe657,23d5187b-f9ca-48c1-945c-99bdd3ebe657,Fiji Victorian,0be03d8c-563f-4dc0-b15c-c3875392fd77,North Division,Fiji Victorian - North Division (Winter),Round 4,R4,4,2019-06-01 12:00:00+00:00,La Trobe University Cricket Club,Win,win,won by 7 wickets,Danny Singh 25,Syed Shabbir 3-8,False
29adcfbd-835f-4fde-8dda-b15ebcdcd29b,d5fcf197-b63b-4b8c-92a6-6925538ba1ac,Winter 2019,23d5187b-f9ca-48c1-945c-99bdd3ebe657,23d5187b-f9ca-48c1-945c-99bdd3ebe657,Fiji Victorian,0be03d8c-563f-4dc0-b15c-c3875392fd77,North Division,Fiji Victorian - North Division (Winter),Round 3,R3,3,2019-05-25 12:00:00+00:00,Melbourne Lankans Cricket Club,Win,win,won by 3 wickets,Suraj Thapa 25,Suraj Thapa 4-19,False
4ffe99b8-6d54-4d82-9e8e-bc7f0b82a7ab,d5fcf197-b63b-4b8c-92a6-6925538ba1ac,Winter 2019,23d5187b-f9ca-48c1-945c-99bdd3ebe657,23d5187b-f9ca-48c1-945c-99bdd3ebe657,Fiji Victorian,0be03d8c-563f-4dc0-b15c-c3875392fd77,North Division,Fiji Victorian - North Division (Winter),Round 2,R2,2,2019-05-11 12:00:00+00:00,Hume Lions Cricket Club,Win,win,won by 7 wickets,Danny Singh 32,Sajendra Shrestha 3-15,False
d75acc65-deca-443a-9178-fe6c59acce1d,d5fcf197-b63b-4b8c-92a6-6925538ba1ac,Winter 2019,23d5187b-f9ca-48c1-945c-99bdd3ebe657,23d5187b-f9ca-48c1-945c-99bdd3ebe657,Fiji Victorian,0be03d8c-563f-4dc0-b15c-c3875392fd77,North Division,Fiji Victorian - North Division (Winter),Round 1,R1,1,2019-05-04 12:00:00+00:00,Thomastown United Cricket Club,Loss,loss,lost by 35 runs,Susan Gurung 32,Sai Krishna Buddaraju 4-12,False
79cad919-a9c7-42d5-a8ad-b6a36ff0ba87,3750296e-c0ac-4f67-ada4-9a47266c1f8a,Winter 2021,805a6aa6-ae5a-419c-912b-dd3c9fbf2910,805a6aa6-ae5a-419c-912b-dd3c9fbf2910,Fiji Victorian,fea4630e-beb1-4d1d-8562-9731c22d9173,North Division - Bhatia Shield,Fiji Victorian - North Division - Bhatia Shield (Winter),Round 9,R9,9,2021-07-31 12:00:00+00:00,Old Ivanhoe Cricket Club,Loss,loss,lost by 93 runs,Harish Kumar 21,Gagandip Singh 5-37,False
469cc920-b6fb-4397-8d12-b28df39deafe,3750296e-c0ac-4f67-ada4-9a47266c1f8a,Winter 2021,805a6aa6-ae5a-419c-912b-dd3c9fbf2910,805a6aa6-ae5a-419c-912b-dd3c9fbf2910,Fiji Victorian,fea4630e-beb1-4d1d-8562-9731c22d9173,North Division - Bhatia Shield,Fiji Victorian - North Division - Bhatia Shield (Winter),Round 8,R8,8,2021-08-07 12:00:00+00:00,Mernda United Cricket Club,Draw,draw,draw,—,—,False
8a42a1e3-1bf0-4cb3-892e-8eb7c7b8e895,3750296e-c0ac-4f67-ada4-9a47266c1f8a,Winter 2021,805a6aa6-ae5a-419c-912b-dd3c9fbf2910,805a6aa6-ae5a-419c-912b-dd3c9fbf2910,Fiji Victorian,fea4630e-beb1-4d1d-8562-9731c22d9173,North Division - Bhatia Shield,Fiji Victorian - North Division - Bhatia Shield (Winter),Round 7,R7,7,2021-07-10 12:00:00+00:00,Banyule Cricket Club,Win,win,won by 106 runs,Muhammad Anas Mukhtar 52*,Sai Krishna Buddaraju 3-16,False
2f138f27-c390-4934-8189-fe1bad68a634,3750296e-c0ac-4f67-ada4-9a47266c1f8a,Winter 2021,805a6aa6-ae5a-419c-912b-dd3c9fbf2910,805a6aa6-ae5a-419c-912b-dd3c9fbf2910,Fiji Victorian,fea4630e-beb1-4d1d-8562-9731c22d9173,North Division - Bhatia Shield,Fiji Victorian - North Division - Bhatia Shield (Winter),Round 6,R6,6,2021-06-26 12:00:00+00:00,Melbourne Lankans Cricket Club,Draw,draw,draw,—,—,False
ad00a3f8-2712-4156-953d-bac279f2298b,3750296e-c0ac-4f67-ada4-9a47266c1f8a,Winter 2021,805a6aa6-ae5a-419c-912b-dd3c9fbf2910,805a6aa6-ae5a-419c-912b-dd3c9fbf2910,Fiji Victorian,fea4630e-beb1-4d1d-8562-9731c22d9173,North Division - Bhatia Shield,Fiji Victorian - North Division - Bhatia Shield (Winter),Round 5,R5,5,2021-06-19 12:00:00+00:00,Preston Druids Cricket Club,Win,win,won by 62 runs,Harish Kumar 51*,Ibad Mohammed 4-20,False
56304503-8c96-4845-b4e5-0e0481add4fd,3750296e-c0ac-4f67-ada4-9a47266c1f8a,Winter 2021,805a6aa6-ae5a-419c-912b-dd3c9fbf2910,805a6aa6-ae5a-419c-912b-dd3c9fbf2910,Fiji Victorian,fea4630e-beb1-4d1d-8562-9731c22d9173,North Division - Bhatia Shield,Fiji Victorian - North Division - Bhatia Shield (Winter),Round 4,R4,4,2021-07-03 12:00:00+00:00,Deccan Chargers Cricket Club,Loss,loss,lost by 2 wickets,Ibad Mohammed 65*,Ibad Mohammed 3-34,False
81de8c4d-f13f-4d0f-a349-a822fe88b80d,3750296e-c0ac-4f67-ada4-9a47266c1f8a,Winter 2021,805a6aa6-ae5a-419c-912b-dd3c9fbf2910,805a6aa6-ae5a-419c-912b-dd3c9fbf2910,Fiji Victorian,fea4630e-beb1-4d1d-8562-9731c22d9173,North Division - Bhatia Shield,Fiji Victorian - North Division - Bhatia Shield (Winter),Round 3,R3,3,2021-05-22 12:00:00+00:00,La Trobe University Cricket Club,Loss,loss,lost by 3 wickets,Sai Krishna Buddaraju 36,Sai Krishna Buddaraju 3-27,False
cd15ff3b-00c9-4884-a431-fb31b14f5a1a,3750296e-c0ac-4f67-ada4-9a47266c1f8a,Winter 2021,805a6aa6-ae5a-419c-912b-dd3c9fbf2910,805a6aa6-ae5a-419c-912b-dd3c9fbf2910,Fiji Victorian,fea4630e-beb1-4d1d-8562-9731c22d9173,North Division - Bhatia Shield,Fiji Victorian - North Division - Bhatia Shield (Winter),Round 2,R2,2,2021-05-08 12:00:00+00:00,Preston Footballers Cricket Club,Win,win,won by 4 wickets,Nitin Tanwar 33*,Jimmy Sharma 3-13,False
dcd2dd6f-ae2d-4270-95e4-5fad8b2e1a33,3750296e-c0ac-4f67-ada4-9a47266c1f8a,Winter 2021,805a6aa6-ae5a-419c-912b-dd3c9fbf2910,805a6aa6-ae5a-419c-912b-dd3c9fbf2910,Fiji Victorian,fea4630e-beb1-4d1d-8562-9731c22d9173,North Division - Bhatia Shield,Fiji Victorian - North Division - Bhatia Shield (Winter),Round 1,R1,1,2021-05-01 12:00:00+00:00,Fairfield Cricket Club,Loss,loss,lost by 40 runs,Shivanta De Silva 19,Jimmy Sharma 3-34,False
bd207f31-9462-48b1-ba7a-35bb81a34127,3750296e-c0ac-4f67-ada4-9a47266c1f8a,Winter 2021,d092afde-6380-485a-820d-a9e3cd667dbb,d092afde-6380-485a-820d-a9e3cd667dbb,Fiji Victorian,547f301c-926a-487d-a1bb-6e9ce20e60aa,North Division - SUNDAY,Fiji Victorian - North Division - SUNDAY (Winter),Round 9,R9,9,2021-08-01 12:00:00+00:00,Northern Tigers Cricket Club,Draw,draw,draw,—,—,False
e3542415-0b8f-4f77-a2ad-861c3d44a3a5,3750296e-c0ac-4f67-ada4-9a47266c1f8a,Winter 2021,d092afde-6380-485a-820d-a9e3cd667dbb,d092afde-6380-485a-820d-a9e3cd667dbb,Fiji Victorian,547f301c-926a-487d-a1bb-6e9ce20e60aa,North Division - SUNDAY,Fiji Victorian - North Division - SUNDAY (Winter),Round 8,R8,8,2021-08-08 12:00:00+00:00,Jacana Cricket Club,Draw,draw,draw,—,—,False
96cab709-051d-4f0c-95ff-2b7b738618f6,3750296e-c0ac-4f67-ada4-9a47266c1f8a,Winter 2021,d092afde-6380-485a-820d-a9e3cd667dbb,d092afde-6380-485a-820d-a9e3cd667dbb,Fiji Victorian,547f301c-926a-487d-a1bb-6e9ce20e60aa,North Division - SUNDAY,Fiji Victorian - North Division - SUNDAY (Winter),Round 7,R7,7,2021-07-11 12:00:00+00:00,Jacana Cricket Club,Loss,loss,lost by 36 runs,Ibad Mohammed 64*,Vineeth Yamani 3-38,False
13e15631-f456-426c-8ecf-2c179f97151f,3750296e-c0ac-4f67-ada4-9a47266c1f8a,Winter 2021,d092afde-6380-485a-820d-a9e3cd667dbb,d092afde-6380-485a-820d-a9e3cd667dbb,Fiji Victorian,547f301c-926a-487d-a1bb-6e9ce20e60aa,North Division - SUNDAY,Fiji Victorian - North Division - SUNDAY (Winter),Round 6,R6,6,2021-06-27 12:00:00+00:00,Fateh Warrior Cricket Club,Loss,loss,lost by 6 wickets,Ibad Mohammed 30,Rama Suravajjula 2-38,False
ad117a04-2231-464d-8bb4-28b5fb530e42,3750296e-c0ac-4f67-ada4-9a47266c1f8a,Winter 2021,d092afde-6380-485a-820d-a9e3cd667dbb,d092afde-6380-485a-820d-a9e3cd667dbb,Fiji Victorian,547f301c-926a-487d-a1bb-6e9ce20e60aa,North Division - SUNDAY,Fiji Victorian - North Division - SUNDAY (Winter),Round 5,R5,5,2021-06-20 12:00:00+00:00,Chargers Cricket Club,Loss,loss,lost by 188 runs,Damandeep Sehra 18,Danny Singh 3-48,False
fa289f9c-e673-4512-abd7-2edbbd3d45a4,3750296e-c0ac-4f67-ada4-9a47266c1f8a,Winter 2021,d092afde-6380-485a-820d-a9e3cd667dbb,d092afde-6380-485a-820d-a9e3cd667dbb,Fiji Victorian,547f301c-926a-487d-a1bb-6e9ce20e60aa,North Division - SUNDAY,Fiji Victorian - North Division - SUNDAY (Winter),Round 4,R4,4,2021-07-04 12:00:00+00:00,Northern Tigers Cricket Club,Loss,loss,lost by 8 runs,Danny Singh 55*,Danny Singh 3-32,False
194c1a5d-d988-409c-93aa-a993bc493565,3750296e-c0ac-4f67-ada4-9a47266c1f8a,Winter 2021,d092afde-6380-485a-820d-a9e3cd667dbb,d092afde-6380-485a-820d-a9e3cd667dbb,Fiji Victorian,547f301c-926a-487d-a1bb-6e9ce20e60aa,North Division - SUNDAY,Fiji Victorian - North Division - SUNDAY (Winter),Round 3,R3,3,2021-05-23 12:00:00+00:00,Ivanhoe Mavericks Cricket Club,Loss,loss,lost by 2 wickets,Danny Singh 55*,Akshat Bodele 3-30,False
b3f29b7c-63e0-4221-a965-81eaf5a04a91,3750296e-c0ac-4f67-ada4-9a47266c1f8a,Winter 2021,d092afde-6380-485a-820d-a9e3cd667dbb,d092afde-6380-485a-820d-a9e3cd667dbb,Fiji Victorian,547f301c-926a-487d-a1bb-6e9ce20e60aa,North Division - SUNDAY,Fiji Victorian - North Division - SUNDAY (Winter),Round 2,R2,2,2021-05-09 12:00:00+00:00,Thomastown Cricket Club,Win,win,won by 9 wickets,Harish Kumar 51*,Jacob Joseph 3-23,False
f0c43b41-b015-4ed3-9fc0-9861245572b4,3750296e-c0ac-4f67-ada4-9a47266c1f8a,Winter 2021,d092afde-6380-485a-820d-a9e3cd667dbb,d092afde-6380-485a-820d-a9e3cd667dbb,Fiji Victorian,547f301c-926a-487d-a1bb-6e9ce20e60aa,North Division - SUNDAY,Fiji Victorian - North Division - SUNDAY (Winter),Round 1,R1,1,2021-05-02 12:00:00+00:00,Bellfield Cricket Club,Win,win,won by 29 runs,Harish Kumar 50*,Danny Singh 4-40,False
fdb686d8-6d03-41a8-b525-20a57917e943,b1454afb-68a7-46c3-b05c-4b3fe68077cb,Winter 2022,0f6faac6-137a-432c-9790-8ac47d1393b3,0f6faac6-137a-432c-9790-8ac47d1393b3,Fiji Victorian,65c25b0b-16f0-4b59-a1a2-f0df99f80000,North Division - Bhatia Shield,Fiji Victorian - North Division - Bhatia Shield (Winter),Round 9,R9,9,2022-07-30 12:00:00+00:00,Fairfield Cricket Club,Win,win,won by 3 wickets,—,—,False
566da347-0fa4-47ea-9c04-cdd162462d25,b1454afb-68a7-46c3-b05c-4b3fe68077cb,Winter 2022,0f6faac6-137a-432c-9790-8ac47d1393b3,0f6faac6-137a-432c-9790-8ac47d1393b3,Fiji Victorian,65c25b0b-16f0-4b59-a1a2-f0df99f80000,North Division - Bhatia Shield,Fiji Victorian - North Division - Bhatia Shield (Winter),Round 8,R8,8,2022-07-16 12:00:00+00:00,Darebin Chargers Cricket Club,Loss,loss,lost by 22 runs,Akshat Bodele 37,Sai Krishna Buddaraju 4-48,False
77a53804-757d-4f4e-97d3-2ea8945a8d3e,b1454afb-68a7-46c3-b05c-4b3fe68077cb,Winter 2022,0f6faac6-137a-432c-9790-8ac47d1393b3,0f6faac6-137a-432c-9790-8ac47d1393b3,Fiji Victorian,65c25b0b-16f0-4b59-a1a2-f0df99f80000,North Division - Bhatia Shield,Fiji Victorian - North Division - Bhatia Shield (Winter),Round 7,R7,7,2022-07-02 12:00:00+00:00,Mernda United Cricket Club,Loss,loss,lost by 10 wickets,Muhammad Anas Mukhtar 34,Ramanjeneya Chereddy 0-3,False
9541d1da-63a2-4677-bb47-3bfd0649df47,b1454afb-68a7-46c3-b05c-4b3fe68077cb,Winter 2022,0f6faac6-137a-432c-9790-8ac47d1393b3,0f6faac6-137a-432c-9790-8ac47d1393b3,Fiji Victorian,65c25b0b-16f0-4b59-a1a2-f0df99f80000,North Division - Bhatia Shield,Fiji Victorian - North Division - Bhatia Shield (Winter),Round 6,R6,6,2022-06-18 12:00:00+00:00,Fairfield Cricket Club,Loss,loss,lost by 4 wickets,Akshat Bodele 50*,Santhosh Kumar Chappidi 2-39,False
383cf0c7-55c2-48e5-adda-9b8cd6a13120,b1454afb-68a7-46c3-b05c-4b3fe68077cb,Winter 2022,0f6faac6-137a-432c-9790-8ac47d1393b3,0f6faac6-137a-432c-9790-8ac47d1393b3,Fiji Victorian,65c25b0b-16f0-4b59-a1a2-f0df99f80000,North Division - Bhatia Shield,Fiji Victorian - North Division - Bhatia Shield (Winter),Round 5,R5,5,2022-06-04 12:00:00+00:00,Melbourne Lankans Cricket Club,Loss,loss,lost by 15 runs,Sai Krishna Buddaraju 39,Shivanta De Silva 2-14,False
6a1a9e78-84d6-4509-812d-ec87ccf10604,b1454afb-68a7-46c3-b05c-4b3fe68077cb,Winter 2022,0f6faac6-137a-432c-9790-8ac47d1393b3,0f6faac6-137a-432c-9790-8ac47d1393b3,Fiji Victorian,65c25b0b-16f0-4b59-a1a2-f0df99f80000,North Division - Bhatia Shield,Fiji Victorian - North Division - Bhatia Shield (Winter),Round 4,R4,4,2022-05-28 12:00:00+00:00,La Trobe University Cricket Club,Loss,loss,lost by 27 runs,Shivanta De Silva 46,Vishnu Para 3-31,False
7b1d4fb9-0526-482e-96e0-e379c5ae2618,b1454afb-68a7-46c3-b05c-4b3fe68077cb,Winter 2022,0f6faac6-137a-432c-9790-8ac47d1393b3,0f6faac6-137a-432c-9790-8ac47d1393b3,Fiji Victorian,65c25b0b-16f0-4b59-a1a2-f0df99f80000,North Division - Bhatia Shield,Fiji Victorian - North Division - Bhatia Shield (Winter),Round 3,R3,3,2022-05-21 12:00:00+00:00,Northern Bulls Cricket Club,Loss,loss,lost by 8 wickets,Ibad Mohammed 25,Sai Krishna Buddaraju 1-9,False
ea5ea4ed-bc56-4c53-a14c-005401177b85,b1454afb-68a7-46c3-b05c-4b3fe68077cb,Winter 2022,0f6faac6-137a-432c-9790-8ac47d1393b3,0f6faac6-137a-432c-9790-8ac47d1393b3,Fiji Victorian,65c25b0b-16f0-4b59-a1a2-f0df99f80000,North Division - Bhatia Shield,Fiji Victorian - North Division - Bhatia Shield (Winter),Round 2,R2,2,2022-05-07 12:00:00+00:00,Darebin Chargers Cricket Club,Win,win,won by 4 wickets,Muhammad Anas Mukhtar 50*,Syed Shabbir 2-18,False
3bd4a25d-73b9-4965-81aa-24caee4544f3,b1454afb-68a7-46c3-b05c-4b3fe68077cb,Winter 2022,0f6faac6-137a-432c-9790-8ac47d1393b3,0f6faac6-137a-432c-9790-8ac47d1393b3,Fiji Victorian,65c25b0b-16f0-4b59-a1a2-f0df99f80000,North Division - Bhatia Shield,Fiji Victorian - North Division - Bhatia Shield (Winter),Round 1,R1,1,2022-04-30 12:00:00+00:00,Camrea Cricket Club,Win,win,won by 4 wickets,Nitin Tanwar 51*,Santhosh Kumar Chappidi 4-22,False
f84909a6-ba20-4ccf-a249-0042ec55d0f3,b1454afb-68a7-46c3-b05c-4b3fe68077cb,Winter 2022,daf208a1-3cc1-4a9a-896a-cd7d9b0c82c4,daf208a1-3cc1-4a9a-896a-cd7d9b0c82c4,Fiji Victorian,3485fe76-f200-4a2c-aa3e-dd0e039d849b,North Division - SUNDAY,Fiji Victorian - North Division - SUNDAY (Winter),Round 9,R9,9,2022-07-31 12:00:00+00:00,Northern Tigers Cricket Club,Loss,loss,lost by 132 runs,—,—,False
50ff0a3a-74a0-4f08-a7cd-a72673942dc2,b1454afb-68a7-46c3-b05c-4b3fe68077cb,Winter 2022,daf208a1-3cc1-4a9a-896a-cd7d9b0c82c4,daf208a1-3cc1-4a9a-896a-cd7d9b0c82c4,Fiji Victorian,3485fe76-f200-4a2c-aa3e-dd0e039d849b,North Division - SUNDAY,Fiji Victorian - North Division - SUNDAY (Winter),Round 8,R8,8,2022-07-17 12:00:00+00:00,Chargers Cricket Club,Loss,loss,lost by forfeit,—,—,False
4f56893b-972b-4f90-9545-05f6b201e48e,b1454afb-68a7-46c3-b05c-4b3fe68077cb,Winter 2022,daf208a1-3cc1-4a9a-896a-cd7d9b0c82c4,daf208a1-3cc1-4a9a-896a-cd7d9b0c82c4,Fiji Victorian,3485fe76-f200-4a2c-aa3e-dd0e039d849b,North Division - SUNDAY,Fiji Victorian - North Division - SUNDAY (Winter),Round 7,R7,7,2022-07-03 12:00:00+00:00,Burnley CYMS Cricket Club,Loss,loss,lost by 119 runs,Sai Krishna Buddaraju 41,Srikanth Para 2-33,False
1e5bb640-5e0e-47e7-8f6a-97ca7473d4b4,b1454afb-68a7-46c3-b05c-4b3fe68077cb,Winter 2022,daf208a1-3cc1-4a9a-896a-cd7d9b0c82c4,daf208a1-3cc1-4a9a-896a-cd7d9b0c82c4,Fiji Victorian,3485fe76-f200-4a2c-aa3e-dd0e039d849b,North Division - SUNDAY,Fiji Victorian - North Division - SUNDAY (Winter),Round 6,R6,6,2022-06-19 12:00:00+00:00,Northern Tigers Cricket Club,Loss,loss,lost by 22 runs,Muhammad Anas Mukhtar 53,Sandeep Reddy 5-32,False
edf88e55-96c6-4a19-8a64-0b4ce811af70,b1454afb-68a7-46c3-b05c-4b3fe68077cb,Winter 2022,daf208a1-3cc1-4a9a-896a-cd7d9b0c82c4,daf208a1-3cc1-4a9a-896a-cd7d9b0c82c4,Fiji Victorian,3485fe76-f200-4a2c-aa3e-dd0e039d849b,North Division - SUNDAY,Fiji Victorian - North Division - SUNDAY (Winter),Round 5,R5,5,2022-06-05 12:00:00+00:00,Bellfield Cricket Club,Draw,draw,draw,Ibad Mohammed 72*,Ibad Mohammed 2-2,False
a6c0ccb4-f160-4edd-815b-cbce70a7a583,b1454afb-68a7-46c3-b05c-4b3fe68077cb,Winter 2022,daf208a1-3cc1-4a9a-896a-cd7d9b0c82c4,daf208a1-3cc1-4a9a-896a-cd7d9b0c82c4,Fiji Victorian,3485fe76-f200-4a2c-aa3e-dd0e039d849b,North Division - SUNDAY,Fiji Victorian - North Division - SUNDAY (Winter),Round 4,R4,4,2022-05-29 12:00:00+00:00,Melbourne Rhinos Cricket Club,Loss,loss,lost by 3 wickets,Ibad Mohammed 19,Sai Krishna Buddaraju 2-27,False
683ce851-d712-4afd-b3a2-52cf67cf068c,b1454afb-68a7-46c3-b05c-4b3fe68077cb,Winter 2022,daf208a1-3cc1-4a9a-896a-cd7d9b0c82c4,daf208a1-3cc1-4a9a-896a-cd7d9b0c82c4,Fiji Victorian,3485fe76-f200-4a2c-aa3e-dd0e039d849b,North Division - SUNDAY,Fiji Victorian - North Division - SUNDAY (Winter),Round 3,R3,3,2022-05-22 12:00:00+00:00,Darebin Chargers Cricket Club,Loss,loss,lost by 94 runs,Sai Krishna Buddaraju 45,Sai Krishna Buddaraju 2-35,False
4f45b70d-dffa-4047-aebe-a38da69c9990,b1454afb-68a7-46c3-b05c-4b3fe68077cb,Winter 2022,daf208a1-3cc1-4a9a-896a-cd7d9b0c82c4,daf208a1-3cc1-4a9a-896a-cd7d9b0c82c4,Fiji Victorian,3485fe76-f200-4a2c-aa3e-dd0e039d849b,North Division - SUNDAY,Fiji Victorian - North Division - SUNDAY (Winter),Round 2,R2,2,2022-05-08 12:00:00+00:00,Deccan Chargers Cricket Club,Loss,loss,lost by 5 wickets,Vishnu Para 64*,Sai Krishna Buddaraju 3-38,False
4295735d-80ca-4769-b46d-5f7be21d58e1,b1454afb-68a7-46c3-b05c-4b3fe68077cb,Winter 2022,daf208a1-3cc1-4a9a-896a-cd7d9b0c82c4,daf208a1-3cc1-4a9a-896a-cd7d9b0c82c4,Fiji Victorian,3485fe76-f200-4a2c-aa3e-dd0e039d849b,North Division - SUNDAY,Fiji Victorian - North Division - SUNDAY (Winter),Round 1,R1,1,2022-05-01 12:00:00+00:00,Chargers Cricket Club,Win,win,won by 3 wickets,Srikanth Para 31*,Santhosh Kumar Chappidi 4-18,False
4db01962-99f7-4b10-a382-6f8f3623144b,6169f605-4b96-4f21-87c5-0862f914624f,Winter 2025,b0d2ee4c-be8f-4a75-b138-0740a52970c6,b0d2ee4c-be8f-4a75-b138-0740a52970c6,Fiji Victorian CC Winter XI,8660310e-7b12-4dce-b777-d533d35bd8ff,North Division,North Division (Winter),Round 9,R9,9,2025-07-26 02:00:00+00:00,Jafari Sports Club,Win,win,won by 108 runs,Jai Bhan 52*,Rama Suravajjula 3-7,False
4e5fbe6d-325e-4a21-9982-f080f8605615,6169f605-4b96-4f21-87c5-0862f914624f,Winter 2025,b0d2ee4c-be8f-4a75-b138-0740a52970c6,b0d2ee4c-be8f-4a75-b138-0740a52970c6,Fiji Victorian CC Winter XI,8660310e-7b12-4dce-b777-d533d35bd8ff,North Division,North Division (Winter),Round 8,R8,8,2025-07-12 02:00:00+00:00,Reservoir Cobras Cricket Club,Win,win,won by 75 runs,Armaan Datta 65*,Mohaneesh Pitre 4-23,False
5ee79fc1-2d4e-41d8-964b-e0c0fa6e412c,6169f605-4b96-4f21-87c5-0862f914624f,Winter 2025,b0d2ee4c-be8f-4a75-b138-0740a52970c6,b0d2ee4c-be8f-4a75-b138-0740a52970c6,Fiji Victorian CC Winter XI,8660310e-7b12-4dce-b777-d533d35bd8ff,North Division,North Division (Winter),Round 7,R7,7,2025-07-05 02:00:00+00:00,Wollert Warriors Cricket Club,Loss,loss,lost by 60 runs,Jai Bhan 66*,Siddhanth Chaurasiya 4-44,False
6905f946-64a0-4f33-85e0-0d720095fac6,6169f605-4b96-4f21-87c5-0862f914624f,Winter 2025,b0d2ee4c-be8f-4a75-b138-0740a52970c6,b0d2ee4c-be8f-4a75-b138-0740a52970c6,Fiji Victorian CC Winter XI,8660310e-7b12-4dce-b777-d533d35bd8ff,North Division,North Division (Winter),Round 6,R6,6,2025-06-21 02:00:00+00:00,Brunswick Cricket Club,Loss,loss,lost by 28 runs,Shandil Bhan 50*,Mohaneesh Pitre 1-24,False
05665f84-65b6-4604-a11e-759276140c32,6169f605-4b96-4f21-87c5-0862f914624f,Winter 2025,b0d2ee4c-be8f-4a75-b138-0740a52970c6,b0d2ee4c-be8f-4a75-b138-0740a52970c6,Fiji Victorian CC Winter XI,8660310e-7b12-4dce-b777-d533d35bd8ff,North Division,North Division (Winter),Round 5,R5,5,2025-06-14 02:00:00+00:00,La Trobe University Cricket Club,Win,win,won by 4 wickets,Siddhesh Jitendrabhai Vadapalli 43,Danny Singh 2-6,False
f8533234-6cba-4fd6-88c1-46eb86d908c4,6169f605-4b96-4f21-87c5-0862f914624f,Winter 2025,b0d2ee4c-be8f-4a75-b138-0740a52970c6,b0d2ee4c-be8f-4a75-b138-0740a52970c6,Fiji Victorian CC Winter XI,8660310e-7b12-4dce-b777-d533d35bd8ff,North Division,North Division (Winter),Round 4,R4,4,2025-05-31 02:00:00+00:00,Ivanhoe Mavericks Cricket Club,Loss,loss,lost by 3 wickets,Jai Bhan 53*,Mayur Mohan 2-21,False
2c40c9b2-40eb-4b37-becf-5c817751a1d6,6169f605-4b96-4f21-87c5-0862f914624f,Winter 2025,b0d2ee4c-be8f-4a75-b138-0740a52970c6,b0d2ee4c-be8f-4a75-b138-0740a52970c6,Fiji Victorian CC Winter XI,8660310e-7b12-4dce-b777-d533d35bd8ff,North Division,North Division (Winter),Round 3,R3,3,2025-05-24 02:00:00+00:00,Darebin Chargers Cricket Club,Loss,loss,lost by 29 runs,Siddhesh Jitendrabhai Vadapalli 50*,Kieran Bhan 3-42,False
fbd6e9ad-55b7-4dbd-9810-3e1c4e5bedb7,6169f605-4b96-4f21-87c5-0862f914624f,Winter 2025,b0d2ee4c-be8f-4a75-b138-0740a52970c6,b0d2ee4c-be8f-4a75-b138-0740a52970c6,Fiji Victorian CC Winter XI,8660310e-7b12-4dce-b777-d533d35bd8ff,North Division,North Division (Winter),Round 2,R2,2,2025-05-10 02:00:00+00:00,Jafari Sports Club,Loss,loss,lost by 42 runs,Jai Bhan 67,Abcin Thomas 3-28,False
8918a26c-cd36-4671-93a6-6aeac6a57e98,6169f605-4b96-4f21-87c5-0862f914624f,Winter 2025,b0d2ee4c-be8f-4a75-b138-0740a52970c6,b0d2ee4c-be8f-4a75-b138-0740a52970c6,Fiji Victorian CC Winter XI,8660310e-7b12-4dce-b777-d533d35bd8ff,North Division,North Division (Winter),Round 1,R1,1,2025-05-03 02:00:00+00:00,Reservoir Cobras Cricket Club,Loss,loss,lost by 4 wickets,Armaan Datta 53*,Armaan Datta 2-11,False
dac33336-ad59-4e6d-8495-abb225a45277,6ee98e4e-eb86-4b50-8709-b1d163f4b312,Winter 2026,40fa65ac-11ab-4c5b-8d75-b24db55ec274,40fa65ac-11ab-4c5b-8d75-b24db55ec274,Fiji Victorian CC Winter XI,20d8b9e5-13f3-4915-af30-d99331998b9b,North Division,North Division (Winter),Round 2,R2,2,2026-05-09 02:00:00+00:00,North Alphington Cricket Club,Win,win,won by 64 runs,Jai Bhan 53*,Kartik Nallepalli 2-25,False
57c3ff16-7f4b-46e1-a8fa-a255ff6d7ebb,6ee98e4e-eb86-4b50-8709-b1d163f4b312,Winter 2026,40fa65ac-11ab-4c5b-8d75-b24db55ec274,40fa65ac-11ab-4c5b-8d75-b24db55ec274,Fiji Victorian CC Winter XI,20d8b9e5-13f3-4915-af30-d99331998b9b,North Division,North Division (Winter),Round 1,R1,1,2026-05-02 02:00:00+00:00,Brunswick Cricket Club,Win,win,won by 11 runs,Armaan Datta 102*,Siddhanth Chaurasiya 3-40,False
