match_id,innings_id,batting_team_id,bowling_team_id,over_number,bowler_participant_id,bowler_short_name,runs,wickets,legal_balls,wides,no_balls,boundaries,run_rate_after_over
175ea5e8-b9a2-402e-84f9-afb141e16999,15b2c669-7602-4c61-a36d-a7b729ad4e2b,b8e1f46f-6a93-4d7e-b133-e2de1485d7cc,c3859c82-3451-460a-a8af-f55240f3fec9,0,643f54d7-4a3b-4c87-bf4c-b5d277365b72,S Ahmed,4,0,6,0,0,1,4.0
175ea5e8-b9a2-402e-84f9-afb141e16999,15b2c669-7602-4c61-a36d-a7b729ad4e2b,b8e1f46f-6a93-4d7e-b133-e2de1485d7cc,c3859c82-3451-460a-a8af-f55240f3fec9,1,242a967d-4a20-4cc8-9a32-bf2121ad6d26,k bedi,3,0,6,1,0,0,3.5
175ea5e8-b9a2-402e-84f9-afb141e16999,15b2c669-7602-4c61-a36d-a7b729ad4e2b,b8e1f46f-6a93-4d7e-b133-e2de1485d7cc,c3859c82-3451-460a-a8af-f55240f3fec9,2,643f54d7-4a3b-4c87-bf4c-b5d277365b72,S Ahmed,1,0,6,1,0,0,2.67
175ea5e8-b9a2-402e-84f9-afb141e16999,15b2c669-7602-4c61-a36d-a7b729ad4e2b,b8e1f46f-6a93-4d7e-b133-e2de1485d7cc,c3859c82-3451-460a-a8af-f55240f3fec9,3,242a967d-4a20-4cc8-9a32-bf2121ad6d26,k bedi,9,0,6,5,0,1,4.25
175ea5e8-b9a2-402e-84f9-afb141e16999,15b2c669-7602-4c61-a36d-a7b729ad4e2b,b8e1f46f-6a93-4d7e-b133-e2de1485d7cc,c3859c82-3451-460a-a8af-f55240f3fec9,4,643f54d7-4a3b-4c87-bf4c-b5d277365b72,S Ahmed,2,0,6,0,0,0,3.8
175ea5e8-b9a2-402e-84f9-afb141e16999,15b2c669-7602-4c61-a36d-a7b729ad4e2b,b8e1f46f-6a93-4d7e-b133-e2de1485d7cc,c3859c82-3451-460a-a8af-f55240f3fec9,5,242a967d-4a20-4cc8-9a32-bf2121ad6d26,k bedi,2,0,6,0,0,0,3.5
175ea5e8-b9a2-402e-84f9-afb141e16999,15b2c669-7602-4c61-a36d-a7b729ad4e2b,b8e1f46f-6a93-4d7e-b133-e2de1485d7cc,c3859c82-3451-460a-a8af-f55240f3fec9,6,643f54d7-4a3b-4c87-bf4c-b5d277365b72,S Ahmed,1,1,6,1,0,0,3.14
175ea5e8-b9a2-402e-84f9-afb141e16999,15b2c669-7602-4c61-a36d-a7b729ad4e2b,b8e1f46f-6a93-4d7e-b133-e2de1485d7cc,c3859c82-3451-460a-a8af-f55240f3fec9,7,0ceda279-1aad-42cd-a342-75c5faf3ad14,V Yamani,5,0,6,0,0,1,3.38
175ea5e8-b9a2-402e-84f9-afb141e16999,15b2c669-7602-4c61-a36d-a7b729ad4e2b,b8e1f46f-6a93-4d7e-b133-e2de1485d7cc,c3859c82-3451-460a-a8af-f55240f3fec9,8,643f54d7-4a3b-4c87-bf4c-b5d277365b72,S Ahmed,0,0,6,0,0,0,3.0
175ea5e8-b9a2-402e-84f9-afb141e16999,15b2c669-7602-4c61-a36d-a7b729ad4e2b,b8e1f46f-6a93-4d7e-b133-e2de1485d7cc,c3859c82-3451-460a-a8af-f55240f3fec9,9,0ceda279-1aad-42cd-a342-75c5faf3ad14,V Yamani,5,0,6,0,1,1,3.2
175ea5e8-b9a2-402e-84f9-afb141e16999,15b2c669-7602-4c61-a36d-a7b729ad4e2b,b8e1f46f-6a93-4d7e-b133-e2de1485d7cc,c3859c82-3451-460a-a8af-f55240f3fec9,10,643f54d7-4a3b-4c87-bf4c-b5d277365b72,S Ahmed,4,1,6,0,0,1,3.27
175ea5e8-b9a2-402e-84f9-afb141e16999,15b2c669-7602-4c61-a36d-a7b729ad4e2b,b8e1f46f-6a93-4d7e-b133-e2de1485d7cc,c3859c82-3451-460a-a8af-f55240f3fec9,11,0ceda279-1aad-42cd-a342-75c5faf3ad14,V Yamani,0,1,6,0,0,0,3.0
175ea5e8-b9a2-402e-84f9-afb141e16999,15b2c669-7602-4c61-a36d-a7b729ad4e2b,b8e1f46f-6a93-4d7e-b133-e2de1485d7cc,c3859c82-3451-460a-a8af-f55240f3fec9,12,643f54d7-4a3b-4c87-bf4c-b5d277365b72,S Ahmed,0,1,6,0,0,0,2.77
175ea5e8-b9a2-402e-84f9-afb141e16999,15b2c669-7602-4c61-a36d-a7b729ad4e2b,b8e1f46f-6a93-4d7e-b133-e2de1485d7cc,c3859c82-3451-460a-a8af-f55240f3fec9,13,0ceda279-1aad-42cd-a342-75c5faf3ad14,V Yamani,7,0,6,0,0,1,3.07
175ea5e8-b9a2-402e-84f9-afb141e16999,15b2c669-7602-4c61-a36d-a7b729ad4e2b,b8e1f46f-6a93-4d7e-b133-e2de1485d7cc,c3859c82-3451-460a-a8af-f55240f3fec9,14,643f54d7-4a3b-4c87-bf4c-b5d277365b72,S Ahmed,4,0,6,0,0,1,3.13
175ea5e8-b9a2-402e-84f9-afb141e16999,15b2c669-7602-4c61-a36d-a7b729ad4e2b,b8e1f46f-6a93-4d7e-b133-e2de1485d7cc,c3859c82-3451-460a-a8af-f55240f3fec9,15,0ceda279-1aad-42cd-a342-75c5faf3ad14,V Yamani,0,0,6,0,0,0,2.94
175ea5e8-b9a2-402e-84f9-afb141e16999,15b2c669-7602-4c61-a36d-a7b729ad4e2b,b8e1f46f-6a93-4d7e-b133-e2de1485d7cc,c3859c82-3451-460a-a8af-f55240f3fec9,16,643f54d7-4a3b-4c87-bf4c-b5d277365b72,S Ahmed,1,1,6,1,0,0,2.82
175ea5e8-b9a2-402e-84f9-afb141e16999,15b2c669-7602-4c61-a36d-a7b729ad4e2b,b8e1f46f-6a93-4d7e-b133-e2de1485d7cc,c3859c82-3451-460a-a8af-f55240f3fec9,17,0ceda279-1aad-42cd-a342-75c5faf3ad14,V Yamani,2,0,6,0,0,0,2.78
175ea5e8-b9a2-402e-84f9-afb141e16999,15b2c669-7602-4c61-a36d-a7b729ad4e2b,b8e1f46f-6a93-4d7e-b133-e2de1485d7cc,c3859c82-3451-460a-a8af-f55240f3fec9,18,643f54d7-4a3b-4c87-bf4c-b5d277365b72,S Ahmed,0,0,6,0,0,0,2.63
175ea5e8-b9a2-402e-84f9-afb141e16999,15b2c669-7602-4c61-a36d-a7b729ad4e2b,b8e1f46f-6a93-4d7e-b133-e2de1485d7cc,c3859c82-3451-460a-a8af-f55240f3fec9,19,0ceda279-1aad-42cd-a342-75c5faf3ad14,V Yamani,2,0,6,0,0,0,2.6
175ea5e8-b9a2-402e-84f9-afb141e16999,15b2c669-7602-4c61-a36d-a7b729ad4e2b,b8e1f46f-6a93-4d7e-b133-e2de1485d7cc,c3859c82-3451-460a-a8af-f55240f3fec9,20,643f54d7-4a3b-4c87-bf4c-b5d277365b72,S Ahmed,0,0,6,0,0,0,2.48
175ea5e8-b9a2-402e-84f9-afb141e16999,15b2c669-7602-4c61-a36d-a7b729ad4e2b,b8e1f46f-6a93-4d7e-b133-e2de1485d7cc,c3859c82-3451-460a-a8af-f55240f3fec9,21,0ceda279-1aad-42cd-a342-75c5faf3ad14,V Yamani,8,0,6,0,0,1,2.73
175ea5e8-b9a2-402e-84f9-afb141e16999,15b2c669-7602-4c61-a36d-a7b729ad4e2b,b8e1f46f-6a93-4d7e-b133-e2de1485d7cc,c3859c82-3451-460a-a8af-f55240f3fec9,22,242a967d-4a20-4cc8-9a32-bf2121ad6d26,k bedi,5,0,6,0,0,1,2.83
175ea5e8-b9a2-402e-84f9-afb141e16999,15b2c669-7602-4c61-a36d-a7b729ad4e2b,b8e1f46f-6a93-4d7e-b133-e2de1485d7cc,c3859c82-3451-460a-a8af-f55240f3fec9,23,e76d9035-6b7f-48f7-8b69-e8b983e82080,J Sathiaseelan,0,1,6,0,0,0,2.71
175ea5e8-b9a2-402e-84f9-afb141e16999,15b2c669-7602-4c61-a36d-a7b729ad4e2b,b8e1f46f-6a93-4d7e-b133-e2de1485d7cc,c3859c82-3451-460a-a8af-f55240f3fec9,24,643f54d7-4a3b-4c87-bf4c-b5d277365b72,S Ahmed,2,0,6,0,0,0,2.68
175ea5e8-b9a2-402e-84f9-afb141e16999,15b2c669-7602-4c61-a36d-a7b729ad4e2b,b8e1f46f-6a93-4d7e-b133-e2de1485d7cc,c3859c82-3451-460a-a8af-f55240f3fec9,25,0ceda279-1aad-42cd-a342-75c5faf3ad14,V Yamani,3,0,6,3,0,0,2.69
175ea5e8-b9a2-402e-84f9-afb141e16999,15b2c669-7602-4c61-a36d-a7b729ad4e2b,b8e1f46f-6a93-4d7e-b133-e2de1485d7cc,c3859c82-3451-460a-a8af-f55240f3fec9,26,643f54d7-4a3b-4c87-bf4c-b5d277365b72,S Ahmed,1,0,6,0,0,0,2.63
175ea5e8-b9a2-402e-84f9-afb141e16999,15b2c669-7602-4c61-a36d-a7b729ad4e2b,b8e1f46f-6a93-4d7e-b133-e2de1485d7cc,c3859c82-3451-460a-a8af-f55240f3fec9,27,0ceda279-1aad-42cd-a342-75c5faf3ad14,V Yamani,3,0,6,1,0,0,2.64
175ea5e8-b9a2-402e-84f9-afb141e16999,15b2c669-7602-4c61-a36d-a7b729ad4e2b,b8e1f46f-6a93-4d7e-b133-e2de1485d7cc,c3859c82-3451-460a-a8af-f55240f3fec9,28,643f54d7-4a3b-4c87-bf4c-b5d277365b72,S Ahmed,6,0,6,0,0,0,2.76
175ea5e8-b9a2-402e-84f9-afb141e16999,15b2c669-7602-4c61-a36d-a7b729ad4e2b,b8e1f46f-6a93-4d7e-b133-e2de1485d7cc,c3859c82-3451-460a-a8af-f55240f3fec9,29,0ceda279-1aad-42cd-a342-75c5faf3ad14,V Yamani,1,0,6,0,0,0,2.7
175ea5e8-b9a2-402e-84f9-afb141e16999,15b2c669-7602-4c61-a36d-a7b729ad4e2b,b8e1f46f-6a93-4d7e-b133-e2de1485d7cc,c3859c82-3451-460a-a8af-f55240f3fec9,30,643f54d7-4a3b-4c87-bf4c-b5d277365b72,S Ahmed,5,0,6,0,0,1,2.77
175ea5e8-b9a2-402e-84f9-afb141e16999,15b2c669-7602-4c61-a36d-a7b729ad4e2b,b8e1f46f-6a93-4d7e-b133-e2de1485d7cc,c3859c82-3451-460a-a8af-f55240f3fec9,31,0ceda279-1aad-42cd-a342-75c5faf3ad14,V Yamani,0,0,6,0,0,0,2.69
175ea5e8-b9a2-402e-84f9-afb141e16999,15b2c669-7602-4c61-a36d-a7b729ad4e2b,b8e1f46f-6a93-4d7e-b133-e2de1485d7cc,c3859c82-3451-460a-a8af-f55240f3fec9,32,643f54d7-4a3b-4c87-bf4c-b5d277365b72,S Ahmed,0,0,6,0,0,0,2.61
175ea5e8-b9a2-402e-84f9-afb141e16999,15b2c669-7602-4c61-a36d-a7b729ad4e2b,b8e1f46f-6a93-4d7e-b133-e2de1485d7cc,c3859c82-3451-460a-a8af-f55240f3fec9,33,0ceda279-1aad-42cd-a342-75c5faf3ad14,V Yamani,1,0,6,0,0,0,2.56
175ea5e8-b9a2-402e-84f9-afb141e16999,15b2c669-7602-4c61-a36d-a7b729ad4e2b,b8e1f46f-6a93-4d7e-b133-e2de1485d7cc,c3859c82-3451-460a-a8af-f55240f3fec9,34,643f54d7-4a3b-4c87-bf4c-b5d277365b72,S Ahmed,0,1,6,0,0,0,2.49
175ea5e8-b9a2-402e-84f9-afb141e16999,15b2c669-7602-4c61-a36d-a7b729ad4e2b,b8e1f46f-6a93-4d7e-b133-e2de1485d7cc,c3859c82-3451-460a-a8af-f55240f3fec9,35,0ceda279-1aad-42cd-a342-75c5faf3ad14,V Yamani,3,0,6,0,0,0,2.5
175ea5e8-b9a2-402e-84f9-afb141e16999,15b2c669-7602-4c61-a36d-a7b729ad4e2b,b8e1f46f-6a93-4d7e-b133-e2de1485d7cc,c3859c82-3451-460a-a8af-f55240f3fec9,36,643f54d7-4a3b-4c87-bf4c-b5d277365b72,S Ahmed,2,0,6,1,0,0,2.49
175ea5e8-b9a2-402e-84f9-afb141e16999,15b2c669-7602-4c61-a36d-a7b729ad4e2b,b8e1f46f-6a93-4d7e-b133-e2de1485d7cc,c3859c82-3451-460a-a8af-f55240f3fec9,37,0ceda279-1aad-42cd-a342-75c5faf3ad14,V Yamani,2,0,6,0,0,0,2.47
175ea5e8-b9a2-402e-84f9-afb141e16999,15b2c669-7602-4c61-a36d-a7b729ad4e2b,b8e1f46f-6a93-4d7e-b133-e2de1485d7cc,c3859c82-3451-460a-a8af-f55240f3fec9,38,643f54d7-4a3b-4c87-bf4c-b5d277365b72,S Ahmed,2,0,5,2,0,0,2.47
175ea5e8-b9a2-402e-84f9-afb141e16999,15b2c669-7602-4c61-a36d-a7b729ad4e2b,b8e1f46f-6a93-4d7e-b133-e2de1485d7cc,c3859c82-3451-460a-a8af-f55240f3fec9,39,0ceda279-1aad-42cd-a342-75c5faf3ad14,V Yamani,0,0,6,0,0,0,2.41
175ea5e8-b9a2-402e-84f9-afb141e16999,15b2c669-7602-4c61-a36d-a7b729ad4e2b,b8e1f46f-6a93-4d7e-b133-e2de1485d7cc,c3859c82-3451-460a-a8af-f55240f3fec9,40,68ac86a9-b0a2-4dfe-9c94-f8e2d566269b,K Gambhir,5,0,6,0,0,1,2.47
175ea5e8-b9a2-402e-84f9-afb141e16999,15b2c669-7602-4c61-a36d-a7b729ad4e2b,b8e1f46f-6a93-4d7e-b133-e2de1485d7cc,c3859c82-3451-460a-a8af-f55240f3fec9,41,0ceda279-1aad-42cd-a342-75c5faf3ad14,V Yamani,0,0,6,0,0,0,2.53
175ea5e8-b9a2-402e-84f9-afb141e16999,15b2c669-7602-4c61-a36d-a7b729ad4e2b,b8e1f46f-6a93-4d7e-b133-e2de1485d7cc,c3859c82-3451-460a-a8af-f55240f3fec9,42,68ac86a9-b0a2-4dfe-9c94-f8e2d566269b,K Gambhir,6,0,6,0,0,1,2.61
175ea5e8-b9a2-402e-84f9-afb141e16999,15b2c669-7602-4c61-a36d-a7b729ad4e2b,b8e1f46f-6a93-4d7e-b133-e2de1485d7cc,c3859c82-3451-460a-a8af-f55240f3fec9,43,0ceda279-1aad-42cd-a342-75c5faf3ad14,V Yamani,0,0,6,0,0,0,2.56
175ea5e8-b9a2-402e-84f9-afb141e16999,15b2c669-7602-4c61-a36d-a7b729ad4e2b,b8e1f46f-6a93-4d7e-b133-e2de1485d7cc,c3859c82-3451-460a-a8af-f55240f3fec9,44,68ac86a9-b0a2-4dfe-9c94-f8e2d566269b,K Gambhir,3,1,6,1,0,0,2.57
175ea5e8-b9a2-402e-84f9-afb141e16999,15b2c669-7602-4c61-a36d-a7b729ad4e2b,b8e1f46f-6a93-4d7e-b133-e2de1485d7cc,c3859c82-3451-460a-a8af-f55240f3fec9,45,0ceda279-1aad-42cd-a342-75c5faf3ad14,V Yamani,1,0,6,0,0,0,2.53
175ea5e8-b9a2-402e-84f9-afb141e16999,15b2c669-7602-4c61-a36d-a7b729ad4e2b,b8e1f46f-6a93-4d7e-b133-e2de1485d7cc,c3859c82-3451-460a-a8af-f55240f3fec9,46,68ac86a9-b0a2-4dfe-9c94-f8e2d566269b,K Gambhir,10,0,6,0,0,2,2.69
175ea5e8-b9a2-402e-84f9-afb141e16999,15b2c669-7602-4c61-a36d-a7b729ad4e2b,b8e1f46f-6a93-4d7e-b133-e2de1485d7cc,c3859c82-3451-460a-a8af-f55240f3fec9,47,e76d9035-6b7f-48f7-8b69-e8b983e82080,J Sathiaseelan,0,0,6,0,0,0,2.63
175ea5e8-b9a2-402e-84f9-afb141e16999,15b2c669-7602-4c61-a36d-a7b729ad4e2b,b8e1f46f-6a93-4d7e-b133-e2de1485d7cc,c3859c82-3451-460a-a8af-f55240f3fec9,48,643f54d7-4a3b-4c87-bf4c-b5d277365b72,S Ahmed,1,0,6,0,0,0,2.6
175ea5e8-b9a2-402e-84f9-afb141e16999,15b2c669-7602-4c61-a36d-a7b729ad4e2b,b8e1f46f-6a93-4d7e-b133-e2de1485d7cc,c3859c82-3451-460a-a8af-f55240f3fec9,49,e76d9035-6b7f-48f7-8b69-e8b983e82080,J Sathiaseelan,4,1,3,0,0,1,2.66
175ea5e8-b9a2-402e-84f9-afb141e16999,a72b2069-75e9-414e-989a-b4ea330ae5e5,c3859c82-3451-460a-a8af-f55240f3fec9,b8e1f46f-6a93-4d7e-b133-e2de1485d7cc,0,a3034213-690f-44d2-b2cc-5d367a573ed9,B Khan,2,0,6,0,0,0,2.0
175ea5e8-b9a2-402e-84f9-afb141e16999,a72b2069-75e9-414e-989a-b4ea330ae5e5,c3859c82-3451-460a-a8af-f55240f3fec9,b8e1f46f-6a93-4d7e-b133-e2de1485d7cc,1,1c61da15-9c62-4f67-9e3b-22dc1f59f724,N Jogendran,8,0,6,0,0,1,5.0
175ea5e8-b9a2-402e-84f9-afb141e16999,a72b2069-75e9-414e-989a-b4ea330ae5e5,c3859c82-3451-460a-a8af-f55240f3fec9,b8e1f46f-6a93-4d7e-b133-e2de1485d7cc,2,a3034213-690f-44d2-b2cc-5d367a573ed9,B Khan,8,0,6,0,0,2,6.0
175ea5e8-b9a2-402e-84f9-afb141e16999,a72b2069-75e9-414e-989a-b4ea330ae5e5,c3859c82-3451-460a-a8af-f55240f3fec9,b8e1f46f-6a93-4d7e-b133-e2de1485d7cc,3,1c61da15-9c62-4f67-9e3b-22dc1f59f724,N Jogendran,5,0,6,0,0,1,5.75
175ea5e8-b9a2-402e-84f9-afb141e16999,a72b2069-75e9-414e-989a-b4ea330ae5e5,c3859c82-3451-460a-a8af-f55240f3fec9,b8e1f46f-6a93-4d7e-b133-e2de1485d7cc,4,a3034213-690f-44d2-b2cc-5d367a573ed9,B Khan,6,0,6,0,0,1,5.8
175ea5e8-b9a2-402e-84f9-afb141e16999,a72b2069-75e9-414e-989a-b4ea330ae5e5,c3859c82-3451-460a-a8af-f55240f3fec9,b8e1f46f-6a93-4d7e-b133-e2de1485d7cc,5,1c61da15-9c62-4f67-9e3b-22dc1f59f724,N Jogendran,3,0,6,0,0,0,5.33
175ea5e8-b9a2-402e-84f9-afb141e16999,a72b2069-75e9-414e-989a-b4ea330ae5e5,c3859c82-3451-460a-a8af-f55240f3fec9,b8e1f46f-6a93-4d7e-b133-e2de1485d7cc,6,a3034213-690f-44d2-b2cc-5d367a573ed9,B Khan,8,0,6,0,0,2,5.71
175ea5e8-b9a2-402e-84f9-afb141e16999,a72b2069-75e9-414e-989a-b4ea330ae5e5,c3859c82-3451-460a-a8af-f55240f3fec9,b8e1f46f-6a93-4d7e-b133-e2de1485d7cc,7,9ac9099a-29ac-4ba9-8e74-f8ecf71c67b5,G Sachar,5,0,6,1,0,1,5.62
175ea5e8-b9a2-402e-84f9-afb141e16999,a72b2069-75e9-414e-989a-b4ea330ae5e5,c3859c82-3451-460a-a8af-f55240f3fec9,b8e1f46f-6a93-4d7e-b133-e2de1485d7cc,8,a3034213-690f-44d2-b2cc-5d367a573ed9,B Khan,0,1,6,0,0,0,5.0
175ea5e8-b9a2-402e-84f9-afb141e16999,a72b2069-75e9-414e-989a-b4ea330ae5e5,c3859c82-3451-460a-a8af-f55240f3fec9,b8e1f46f-6a93-4d7e-b133-e2de1485d7cc,9,9ac9099a-29ac-4ba9-8e74-f8ecf71c67b5,G Sachar,1,0,6,0,0,0,4.6
175ea5e8-b9a2-402e-84f9-afb141e16999,a72b2069-75e9-414e-989a-b4ea330ae5e5,c3859c82-3451-460a-a8af-f55240f3fec9,b8e1f46f-6a93-4d7e-b133-e2de1485d7cc,10,a3034213-690f-44d2-b2cc-5d367a573ed9,B Khan,0,1,6,0,0,0,4.18
175ea5e8-b9a2-402e-84f9-afb141e16999,a72b2069-75e9-414e-989a-b4ea330ae5e5,c3859c82-3451-460a-a8af-f55240f3fec9,b8e1f46f-6a93-4d7e-b133-e2de1485d7cc,11,9ac9099a-29ac-4ba9-8e74-f8ecf71c67b5,G Sachar,2,1,6,1,1,0,4.0
175ea5e8-b9a2-402e-84f9-afb141e16999,a72b2069-75e9-414e-989a-b4ea330ae5e5,c3859c82-3451-460a-a8af-f55240f3fec9,b8e1f46f-6a93-4d7e-b133-e2de1485d7cc,12,ec6680f6-03b5-4a08-a9e0-19f71c62c6c8,Y Sachar,7,0,6,1,0,1,4.23
175ea5e8-b9a2-402e-84f9-afb141e16999,a72b2069-75e9-414e-989a-b4ea330ae5e5,c3859c82-3451-460a-a8af-f55240f3fec9,b8e1f46f-6a93-4d7e-b133-e2de1485d7cc,13,af320ad8-579b-494e-b6d5-c43c440dc31e,M Nitish,4,0,6,0,0,1,4.21
175ea5e8-b9a2-402e-84f9-afb141e16999,a72b2069-75e9-414e-989a-b4ea330ae5e5,c3859c82-3451-460a-a8af-f55240f3fec9,b8e1f46f-6a93-4d7e-b133-e2de1485d7cc,14,9ac9099a-29ac-4ba9-8e74-f8ecf71c67b5,G Sachar,2,0,6,0,0,0,4.07
175ea5e8-b9a2-402e-84f9-afb141e16999,a72b2069-75e9-414e-989a-b4ea330ae5e5,c3859c82-3451-460a-a8af-f55240f3fec9,b8e1f46f-6a93-4d7e-b133-e2de1485d7cc,15,af320ad8-579b-494e-b6d5-c43c440dc31e,M Nitish,8,0,6,0,0,1,4.31
175ea5e8-b9a2-402e-84f9-afb141e16999,a72b2069-75e9-414e-989a-b4ea330ae5e5,c3859c82-3451-460a-a8af-f55240f3fec9,b8e1f46f-6a93-4d7e-b133-e2de1485d7cc,16,9ac9099a-29ac-4ba9-8e74-f8ecf71c67b5,G Sachar,3,0,6,1,0,0,4.24
175ea5e8-b9a2-402e-84f9-afb141e16999,a72b2069-75e9-414e-989a-b4ea330ae5e5,c3859c82-3451-460a-a8af-f55240f3fec9,b8e1f46f-6a93-4d7e-b133-e2de1485d7cc,17,4caa757a-8208-4e86-a136-34b10545fe49,K Kotanidis,3,0,6,1,0,0,4.17
175ea5e8-b9a2-402e-84f9-afb141e16999,a72b2069-75e9-414e-989a-b4ea330ae5e5,c3859c82-3451-460a-a8af-f55240f3fec9,b8e1f46f-6a93-4d7e-b133-e2de1485d7cc,18,9ac9099a-29ac-4ba9-8e74-f8ecf71c67b5,G Sachar,3,0,6,1,0,0,4.11
175ea5e8-b9a2-402e-84f9-afb141e16999,a72b2069-75e9-414e-989a-b4ea330ae5e5,c3859c82-3451-460a-a8af-f55240f3fec9,b8e1f46f-6a93-4d7e-b133-e2de1485d7cc,19,4caa757a-8208-4e86-a136-34b10545fe49,K Kotanidis,9,0,6,1,0,2,4.35
175ea5e8-b9a2-402e-84f9-afb141e16999,a72b2069-75e9-414e-989a-b4ea330ae5e5,c3859c82-3451-460a-a8af-f55240f3fec9,b8e1f46f-6a93-4d7e-b133-e2de1485d7cc,20,9ac9099a-29ac-4ba9-8e74-f8ecf71c67b5,G Sachar,3,0,6,0,0,0,4.29
175ea5e8-b9a2-402e-84f9-afb141e16999,a72b2069-75e9-414e-989a-b4ea330ae5e5,c3859c82-3451-460a-a8af-f55240f3fec9,b8e1f46f-6a93-4d7e-b133-e2de1485d7cc,21,00000000-0000-0000-0000-000000000001,********,5,1,6,0,0,1,4.32
175ea5e8-b9a2-402e-84f9-afb141e16999,a72b2069-75e9-414e-989a-b4ea330ae5e5,c3859c82-3451-460a-a8af-f55240f3fec9,b8e1f46f-6a93-4d7e-b133-e2de1485d7cc,22,9ac9099a-29ac-4ba9-8e74-f8ecf71c67b5,G Sachar,1,0,6,0,0,0,4.17
175ea5e8-b9a2-402e-84f9-afb141e16999,a72b2069-75e9-414e-989a-b4ea330ae5e5,c3859c82-3451-460a-a8af-f55240f3fec9,b8e1f46f-6a93-4d7e-b133-e2de1485d7cc,23,00000000-0000-0000-0000-000000000001,********,6,0,6,0,0,1,4.25
175ea5e8-b9a2-402e-84f9-afb141e16999,a72b2069-75e9-414e-989a-b4ea330ae5e5,c3859c82-3451-460a-a8af-f55240f3fec9,b8e1f46f-6a93-4d7e-b133-e2de1485d7cc,24,9ac9099a-29ac-4ba9-8e74-f8ecf71c67b5,G Sachar,1,1,6,0,0,0,4.12
175ea5e8-b9a2-402e-84f9-afb141e16999,a72b2069-75e9-414e-989a-b4ea330ae5e5,c3859c82-3451-460a-a8af-f55240f3fec9,b8e1f46f-6a93-4d7e-b133-e2de1485d7cc,25,00000000-0000-0000-0000-000000000001,********,0,1,6,0,0,0,3.96
175ea5e8-b9a2-402e-84f9-afb141e16999,a72b2069-75e9-414e-989a-b4ea330ae5e5,c3859c82-3451-460a-a8af-f55240f3fec9,b8e1f46f-6a93-4d7e-b133-e2de1485d7cc,26,9ac9099a-29ac-4ba9-8e74-f8ecf71c67b5,G Sachar,5,0,6,0,0,1,4.0
175ea5e8-b9a2-402e-84f9-afb141e16999,a72b2069-75e9-414e-989a-b4ea330ae5e5,c3859c82-3451-460a-a8af-f55240f3fec9,b8e1f46f-6a93-4d7e-b133-e2de1485d7cc,27,00000000-0000-0000-0000-000000000001,********,1,0,6,1,0,0,3.89
175ea5e8-b9a2-402e-84f9-afb141e16999,a72b2069-75e9-414e-989a-b4ea330ae5e5,c3859c82-3451-460a-a8af-f55240f3fec9,b8e1f46f-6a93-4d7e-b133-e2de1485d7cc,28,9ac9099a-29ac-4ba9-8e74-f8ecf71c67b5,G Sachar,6,0,6,0,0,1,4.14
175ea5e8-b9a2-402e-84f9-afb141e16999,a72b2069-75e9-414e-989a-b4ea330ae5e5,c3859c82-3451-460a-a8af-f55240f3fec9,b8e1f46f-6a93-4d7e-b133-e2de1485d7cc,29,00000000-0000-0000-0000-000000000001,********,3,0,6,1,0,0,4.1
175ea5e8-b9a2-402e-84f9-afb141e16999,a72b2069-75e9-414e-989a-b4ea330ae5e5,c3859c82-3451-460a-a8af-f55240f3fec9,b8e1f46f-6a93-4d7e-b133-e2de1485d7cc,30,9ac9099a-29ac-4ba9-8e74-f8ecf71c67b5,G Sachar,10,0,6,0,0,2,4.29
175ea5e8-b9a2-402e-84f9-afb141e16999,a72b2069-75e9-414e-989a-b4ea330ae5e5,c3859c82-3451-460a-a8af-f55240f3fec9,b8e1f46f-6a93-4d7e-b133-e2de1485d7cc,31,00000000-0000-0000-0000-000000000001,********,0,0,6,0,0,0,4.16
175ea5e8-b9a2-402e-84f9-afb141e16999,a72b2069-75e9-414e-989a-b4ea330ae5e5,c3859c82-3451-460a-a8af-f55240f3fec9,b8e1f46f-6a93-4d7e-b133-e2de1485d7cc,32,a3034213-690f-44d2-b2cc-5d367a573ed9,B Khan,10,0,6,0,0,2,4.33
175ea5e8-b9a2-402e-84f9-afb141e16999,a72b2069-75e9-414e-989a-b4ea330ae5e5,c3859c82-3451-460a-a8af-f55240f3fec9,b8e1f46f-6a93-4d7e-b133-e2de1485d7cc,33,00000000-0000-0000-0000-000000000001,********,1,0,6,1,0,0,4.24
175ea5e8-b9a2-402e-84f9-afb141e16999,a72b2069-75e9-414e-989a-b4ea330ae5e5,c3859c82-3451-460a-a8af-f55240f3fec9,b8e1f46f-6a93-4d7e-b133-e2de1485d7cc,34,af320ad8-579b-494e-b6d5-c43c440dc31e,M Nitish,3,1,6,0,0,0,4.2
175ea5e8-b9a2-402e-84f9-afb141e16999,a72b2069-75e9-414e-989a-b4ea330ae5e5,c3859c82-3451-460a-a8af-f55240f3fec9,b8e1f46f-6a93-4d7e-b133-e2de1485d7cc,35,ec6680f6-03b5-4a08-a9e0-19f71c62c6c8,Y Sachar,1,0,6,0,0,0,4.11
175ea5e8-b9a2-402e-84f9-afb141e16999,a72b2069-75e9-414e-989a-b4ea330ae5e5,c3859c82-3451-460a-a8af-f55240f3fec9,b8e1f46f-6a93-4d7e-b133-e2de1485d7cc,36,af320ad8-579b-494e-b6d5-c43c440dc31e,M Nitish,3,1,6,0,0,0,4.08
175ea5e8-b9a2-402e-84f9-afb141e16999,a72b2069-75e9-414e-989a-b4ea330ae5e5,c3859c82-3451-460a-a8af-f55240f3fec9,b8e1f46f-6a93-4d7e-b133-e2de1485d7cc,37,ec6680f6-03b5-4a08-a9e0-19f71c62c6c8,Y Sachar,11,0,6,1,0,2,4.26
175ea5e8-b9a2-402e-84f9-afb141e16999,a72b2069-75e9-414e-989a-b4ea330ae5e5,c3859c82-3451-460a-a8af-f55240f3fec9,b8e1f46f-6a93-4d7e-b133-e2de1485d7cc,38,af320ad8-579b-494e-b6d5-c43c440dc31e,M Nitish,3,1,6,0,0,0,4.23
175ea5e8-b9a2-402e-84f9-afb141e16999,a72b2069-75e9-414e-989a-b4ea330ae5e5,c3859c82-3451-460a-a8af-f55240f3fec9,b8e1f46f-6a93-4d7e-b133-e2de1485d7cc,39,ec6680f6-03b5-4a08-a9e0-19f71c62c6c8,Y Sachar,4,0,6,0,0,0,4.23
175ea5e8-b9a2-402e-84f9-afb141e16999,a72b2069-75e9-414e-989a-b4ea330ae5e5,c3859c82-3451-460a-a8af-f55240f3fec9,b8e1f46f-6a93-4d7e-b133-e2de1485d7cc,40,af320ad8-579b-494e-b6d5-c43c440dc31e,M Nitish,11,1,6,1,0,2,4.39
48adba9d-7c1b-427d-a16c-fffe2de5f51a,15e24d96-a626-4986-897a-351ba5e6392f,692e6f5f-2531-4d30-9dd8-737ba949ee96,c3859c82-3451-460a-a8af-f55240f3fec9,0,ef15fcc4-a2d8-47af-af3f-9c4391db7c4a,S Gill,0,1,6,0,0,0,0.0
48adba9d-7c1b-427d-a16c-fffe2de5f51a,15e24d96-a626-4986-897a-351ba5e6392f,692e6f5f-2531-4d30-9dd8-737ba949ee96,c3859c82-3451-460a-a8af-f55240f3fec9,1,242a967d-4a20-4cc8-9a32-bf2121ad6d26,k bedi,8,0,6,1,0,1,4.0
48adba9d-7c1b-427d-a16c-fffe2de5f51a,15e24d96-a626-4986-897a-351ba5e6392f,692e6f5f-2531-4d30-9dd8-737ba949ee96,c3859c82-3451-460a-a8af-f55240f3fec9,2,ef15fcc4-a2d8-47af-af3f-9c4391db7c4a,S Gill,3,0,6,1,0,0,3.67
48adba9d-7c1b-427d-a16c-fffe2de5f51a,15e24d96-a626-4986-897a-351ba5e6392f,692e6f5f-2531-4d30-9dd8-737ba949ee96,c3859c82-3451-460a-a8af-f55240f3fec9,3,242a967d-4a20-4cc8-9a32-bf2121ad6d26,k bedi,1,0,6,1,0,0,3.0
48adba9d-7c1b-427d-a16c-fffe2de5f51a,15e24d96-a626-4986-897a-351ba5e6392f,692e6f5f-2531-4d30-9dd8-737ba949ee96,c3859c82-3451-460a-a8af-f55240f3fec9,4,ef15fcc4-a2d8-47af-af3f-9c4391db7c4a,S Gill,0,0,6,0,0,0,2.4
48adba9d-7c1b-427d-a16c-fffe2de5f51a,15e24d96-a626-4986-897a-351ba5e6392f,692e6f5f-2531-4d30-9dd8-737ba949ee96,c3859c82-3451-460a-a8af-f55240f3fec9,5,242a967d-4a20-4cc8-9a32-bf2121ad6d26,k bedi,2,0,6,0,0,0,2.33
48adba9d-7c1b-427d-a16c-fffe2de5f51a,15e24d96-a626-4986-897a-351ba5e6392f,692e6f5f-2531-4d30-9dd8-737ba949ee96,c3859c82-3451-460a-a8af-f55240f3fec9,6,ef15fcc4-a2d8-47af-af3f-9c4391db7c4a,S Gill,0,0,6,0,0,0,2.0
48adba9d-7c1b-427d-a16c-fffe2de5f51a,15e24d96-a626-4986-897a-351ba5e6392f,692e6f5f-2531-4d30-9dd8-737ba949ee96,c3859c82-3451-460a-a8af-f55240f3fec9,7,242a967d-4a20-4cc8-9a32-bf2121ad6d26,k bedi,2,0,6,1,0,0,2.0
48adba9d-7c1b-427d-a16c-fffe2de5f51a,15e24d96-a626-4986-897a-351ba5e6392f,692e6f5f-2531-4d30-9dd8-737ba949ee96,c3859c82-3451-460a-a8af-f55240f3fec9,8,ef15fcc4-a2d8-47af-af3f-9c4391db7c4a,S Gill,1,0,6,0,0,0,1.89
48adba9d-7c1b-427d-a16c-fffe2de5f51a,15e24d96-a626-4986-897a-351ba5e6392f,692e6f5f-2531-4d30-9dd8-737ba949ee96,c3859c82-3451-460a-a8af-f55240f3fec9,9,242a967d-4a20-4cc8-9a32-bf2121ad6d26,k bedi,0,0,6,0,0,0,1.7
48adba9d-7c1b-427d-a16c-fffe2de5f51a,15e24d96-a626-4986-897a-351ba5e6392f,692e6f5f-2531-4d30-9dd8-737ba949ee96,c3859c82-3451-460a-a8af-f55240f3fec9,10,ef15fcc4-a2d8-47af-af3f-9c4391db7c4a,S Gill,0,0,6,0,0,0,1.55
48adba9d-7c1b-427d-a16c-fffe2de5f51a,15e24d96-a626-4986-897a-351ba5e6392f,692e6f5f-2531-4d30-9dd8-737ba949ee96,c3859c82-3451-460a-a8af-f55240f3fec9,11,242a967d-4a20-4cc8-9a32-bf2121ad6d26,k bedi,1,1,6,0,0,0,1.5
48adba9d-7c1b-427d-a16c-fffe2de5f51a,15e24d96-a626-4986-897a-351ba5e6392f,692e6f5f-2531-4d30-9dd8-737ba949ee96,c3859c82-3451-460a-a8af-f55240f3fec9,12,ef15fcc4-a2d8-47af-af3f-9c4391db7c4a,S Gill,4,2,6,0,0,1,1.69
48adba9d-7c1b-427d-a16c-fffe2de5f51a,15e24d96-a626-4986-897a-351ba5e6392f,692e6f5f-2531-4d30-9dd8-737ba949ee96,c3859c82-3451-460a-a8af-f55240f3fec9,13,242a967d-4a20-4cc8-9a32-bf2121ad6d26,k bedi,9,0,6,0,0,2,2.21
48adba9d-7c1b-427d-a16c-fffe2de5f51a,15e24d96-a626-4986-897a-351ba5e6392f,692e6f5f-2531-4d30-9dd8-737ba949ee96,c3859c82-3451-460a-a8af-f55240f3fec9,14,ef15fcc4-a2d8-47af-af3f-9c4391db7c4a,S Gill,5,0,6,0,0,1,2.4
48adba9d-7c1b-427d-a16c-fffe2de5f51a,15e24d96-a626-4986-897a-351ba5e6392f,692e6f5f-2531-4d30-9dd8-737ba949ee96,c3859c82-3451-460a-a8af-f55240f3fec9,15,242a967d-4a20-4cc8-9a32-bf2121ad6d26,k bedi,7,0,6,1,0,1,2.69
48adba9d-7c1b-427d-a16c-fffe2de5f51a,15e24d96-a626-4986-897a-351ba5e6392f,692e6f5f-2531-4d30-9dd8-737ba949ee96,c3859c82-3451-460a-a8af-f55240f3fec9,16,ef15fcc4-a2d8-47af-af3f-9c4391db7c4a,S Gill,0,0,6,0,0,0,2.53
48adba9d-7c1b-427d-a16c-fffe2de5f51a,15e24d96-a626-4986-897a-351ba5e6392f,692e6f5f-2531-4d30-9dd8-737ba949ee96,c3859c82-3451-460a-a8af-f55240f3fec9,17,71ca36a8-b853-449e-b7fd-ac601222e885,K Nallepalli,2,0,6,0,0,0,2.5
48adba9d-7c1b-427d-a16c-fffe2de5f51a,15e24d96-a626-4986-897a-351ba5e6392f,692e6f5f-2531-4d30-9dd8-737ba949ee96,c3859c82-3451-460a-a8af-f55240f3fec9,18,478c050c-6e97-4198-ba77-24f46dd329d7,S SHARMA,7,0,6,0,0,0,2.74
48adba9d-7c1b-427d-a16c-fffe2de5f51a,15e24d96-a626-4986-897a-351ba5e6392f,692e6f5f-2531-4d30-9dd8-737ba949ee96,c3859c82-3451-460a-a8af-f55240f3fec9,19,71ca36a8-b853-449e-b7fd-ac601222e885,K Nallepalli,3,0,6,2,0,0,2.75
48adba9d-7c1b-427d-a16c-fffe2de5f51a,15e24d96-a626-4986-897a-351ba5e6392f,692e6f5f-2531-4d30-9dd8-737ba949ee96,c3859c82-3451-460a-a8af-f55240f3fec9,20,0ceda279-1aad-42cd-a342-75c5faf3ad14,V Yamani,6,1,6,0,1,1,2.9
48adba9d-7c1b-427d-a16c-fffe2de5f51a,15e24d96-a626-4986-897a-351ba5e6392f,692e6f5f-2531-4d30-9dd8-737ba949ee96,c3859c82-3451-460a-a8af-f55240f3fec9,21,71ca36a8-b853-449e-b7fd-ac601222e885,K Nallepalli,5,0,6,0,0,0,3.0
48adba9d-7c1b-427d-a16c-fffe2de5f51a,15e24d96-a626-4986-897a-351ba5e6392f,692e6f5f-2531-4d30-9dd8-737ba949ee96,c3859c82-3451-460a-a8af-f55240f3fec9,22,0ceda279-1aad-42cd-a342-75c5faf3ad14,V Yamani,8,0,6,0,0,2,3.22
48adba9d-7c1b-427d-a16c-fffe2de5f51a,15e24d96-a626-4986-897a-351ba5e6392f,692e6f5f-2531-4d30-9dd8-737ba949ee96,c3859c82-3451-460a-a8af-f55240f3fec9,23,71ca36a8-b853-449e-b7fd-ac601222e885,K Nallepalli,0,0,6,0,0,0,3.08
48adba9d-7c1b-427d-a16c-fffe2de5f51a,15e24d96-a626-4986-897a-351ba5e6392f,692e6f5f-2531-4d30-9dd8-737ba949ee96,c3859c82-3451-460a-a8af-f55240f3fec9,24,0ceda279-1aad-42cd-a342-75c5faf3ad14,V Yamani,0,1,6,0,0,0,2.96
48adba9d-7c1b-427d-a16c-fffe2de5f51a,15e24d96-a626-4986-897a-351ba5e6392f,692e6f5f-2531-4d30-9dd8-737ba949ee96,c3859c82-3451-460a-a8af-f55240f3fec9,25,71ca36a8-b853-449e-b7fd-ac601222e885,K Nallepalli,2,0,6,0,0,0,2.92
48adba9d-7c1b-427d-a16c-fffe2de5f51a,15e24d96-a626-4986-897a-351ba5e6392f,692e6f5f-2531-4d30-9dd8-737ba949ee96,c3859c82-3451-460a-a8af-f55240f3fec9,26,0ceda279-1aad-42cd-a342-75c5faf3ad14,V Yamani,0,2,6,0,0,0,2.81
48adba9d-7c1b-427d-a16c-fffe2de5f51a,15e24d96-a626-4986-897a-351ba5e6392f,692e6f5f-2531-4d30-9dd8-737ba949ee96,c3859c82-3451-460a-a8af-f55240f3fec9,27,71ca36a8-b853-449e-b7fd-ac601222e885,K Nallepalli,1,1,6,0,0,0,2.75
48adba9d-7c1b-427d-a16c-fffe2de5f51a,15e24d96-a626-4986-897a-351ba5e6392f,692e6f5f-2531-4d30-9dd8-737ba949ee96,c3859c82-3451-460a-a8af-f55240f3fec9,28,0ceda279-1aad-42cd-a342-75c5faf3ad14,V Yamani,0,0,6,0,0,0,2.66
48adba9d-7c1b-427d-a16c-fffe2de5f51a,15e24d96-a626-4986-897a-351ba5e6392f,692e6f5f-2531-4d30-9dd8-737ba949ee96,c3859c82-3451-460a-a8af-f55240f3fec9,29,71ca36a8-b853-449e-b7fd-ac601222e885,K Nallepalli,0,0,6,0,0,0,2.57
48adba9d-7c1b-427d-a16c-fffe2de5f51a,15e24d96-a626-4986-897a-351ba5e6392f,692e6f5f-2531-4d30-9dd8-737ba949ee96,c3859c82-3451-460a-a8af-f55240f3fec9,30,0ceda279-1aad-42cd-a342-75c5faf3ad14,V Yamani,0,0,6,0,0,0,2.48
48adba9d-7c1b-427d-a16c-fffe2de5f51a,15e24d96-a626-4986-897a-351ba5e6392f,692e6f5f-2531-4d30-9dd8-737ba949ee96,c3859c82-3451-460a-a8af-f55240f3fec9,31,71ca36a8-b853-449e-b7fd-ac601222e885,K Nallepalli,0,0,6,0,0,0,2.41
48adba9d-7c1b-427d-a16c-fffe2de5f51a,15e24d96-a626-4986-897a-351ba5e6392f,692e6f5f-2531-4d30-9dd8-737ba949ee96,c3859c82-3451-460a-a8af-f55240f3fec9,32,0ceda279-1aad-42cd-a342-75c5faf3ad14,V Yamani,0,0,6,0,0,0,2.33
48adba9d-7c1b-427d-a16c-fffe2de5f51a,15e24d96-a626-4986-897a-351ba5e6392f,692e6f5f-2531-4d30-9dd8-737ba949ee96,c3859c82-3451-460a-a8af-f55240f3fec9,33,478c050c-6e97-4198-ba77-24f46dd329d7,S SHARMA,0,0,6,0,0,0,2.26
48adba9d-7c1b-427d-a16c-fffe2de5f51a,15e24d96-a626-4986-897a-351ba5e6392f,692e6f5f-2531-4d30-9dd8-737ba949ee96,c3859c82-3451-460a-a8af-f55240f3fec9,34,0ceda279-1aad-42cd-a342-75c5faf3ad14,V Yamani,1,0,6,0,0,0,2.23
48adba9d-7c1b-427d-a16c-fffe2de5f51a,15e24d96-a626-4986-897a-351ba5e6392f,692e6f5f-2531-4d30-9dd8-737ba949ee96,c3859c82-3451-460a-a8af-f55240f3fec9,35,478c050c-6e97-4198-ba77-24f46dd329d7,S SHARMA,1,0,6,0,0,0,2.19
48adba9d-7c1b-427d-a16c-fffe2de5f51a,15e24d96-a626-4986-897a-351ba5e6392f,692e6f5f-2531-4d30-9dd8-737ba949ee96,c3859c82-3451-460a-a8af-f55240f3fec9,36,0ceda279-1aad-42cd-a342-75c5faf3ad14,V Yamani,6,0,6,0,0,1,2.3
48adba9d-7c1b-427d-a16c-fffe2de5f51a,15e24d96-a626-4986-897a-351ba5e6392f,692e6f5f-2531-4d30-9dd8-737ba949ee96,c3859c82-3451-460a-a8af-f55240f3fec9,37,478c050c-6e97-4198-ba77-24f46dd329d7,S SHARMA,0,0,6,0,0,0,2.24
48adba9d-7c1b-427d-a16c-fffe2de5f51a,15e24d96-a626-4986-897a-351ba5e6392f,692e6f5f-2531-4d30-9dd8-737ba949ee96,c3859c82-3451-460a-a8af-f55240f3fec9,38,ef15fcc4-a2d8-47af-af3f-9c4391db7c4a,S Gill,0,0,6,0,0,0,2.18
48adba9d-7c1b-427d-a16c-fffe2de5f51a,15e24d96-a626-4986-897a-351ba5e6392f,692e6f5f-2531-4d30-9dd8-737ba949ee96,c3859c82-3451-460a-a8af-f55240f3fec9,39,478c050c-6e97-4198-ba77-24f46dd329d7,S SHARMA,0,0,6,0,0,0,2.12
48adba9d-7c1b-427d-a16c-fffe2de5f51a,15e24d96-a626-4986-897a-351ba5e6392f,692e6f5f-2531-4d30-9dd8-737ba949ee96,c3859c82-3451-460a-a8af-f55240f3fec9,40,ef15fcc4-a2d8-47af-af3f-9c4391db7c4a,S Gill,1,0,6,0,0,0,2.1
48adba9d-7c1b-427d-a16c-fffe2de5f51a,15e24d96-a626-4986-897a-351ba5e6392f,692e6f5f-2531-4d30-9dd8-737ba949ee96,c3859c82-3451-460a-a8af-f55240f3fec9,41,478c050c-6e97-4198-ba77-24f46dd329d7,S SHARMA,2,0,6,0,0,0,2.1
48adba9d-7c1b-427d-a16c-fffe2de5f51a,15e24d96-a626-4986-897a-351ba5e6392f,692e6f5f-2531-4d30-9dd8-737ba949ee96,c3859c82-3451-460a-a8af-f55240f3fec9,42,ef15fcc4-a2d8-47af-af3f-9c4391db7c4a,S Gill,0,0,6,0,0,0,2.05
48adba9d-7c1b-427d-a16c-fffe2de5f51a,15e24d96-a626-4986-897a-351ba5e6392f,692e6f5f-2531-4d30-9dd8-737ba949ee96,c3859c82-3451-460a-a8af-f55240f3fec9,43,478c050c-6e97-4198-ba77-24f46dd329d7,S SHARMA,1,0,6,1,0,0,2.02
48adba9d-7c1b-427d-a16c-fffe2de5f51a,15e24d96-a626-4986-897a-351ba5e6392f,692e6f5f-2531-4d30-9dd8-737ba949ee96,c3859c82-3451-460a-a8af-f55240f3fec9,44,6b74d336-b105-407c-b4ef-f68e2fba7862,D Sehra,1,1,6,0,0,0,2.0
48adba9d-7c1b-427d-a16c-fffe2de5f51a,cdf96d07-8203-4187-a7e2-4b989e975788,c3859c82-3451-460a-a8af-f55240f3fec9,692e6f5f-2531-4d30-9dd8-737ba949ee96,0,2074c893-2aa2-43ce-9231-0e85f39c22bf,S Newitt,2,1,6,0,0,0,2.0
48adba9d-7c1b-427d-a16c-fffe2de5f51a,cdf96d07-8203-4187-a7e2-4b989e975788,c3859c82-3451-460a-a8af-f55240f3fec9,692e6f5f-2531-4d30-9dd8-737ba949ee96,1,982b6348-f68c-465a-8b2e-3d506987db3e,J Dimitrovski,8,0,6,0,0,2,5.0
48adba9d-7c1b-427d-a16c-fffe2de5f51a,cdf96d07-8203-4187-a7e2-4b989e975788,c3859c82-3451-460a-a8af-f55240f3fec9,692e6f5f-2531-4d30-9dd8-737ba949ee96,2,2074c893-2aa2-43ce-9231-0e85f39c22bf,S Newitt,0,0,6,0,0,0,3.33
48adba9d-7c1b-427d-a16c-fffe2de5f51a,cdf96d07-8203-4187-a7e2-4b989e975788,c3859c82-3451-460a-a8af-f55240f3fec9,692e6f5f-2531-4d30-9dd8-737ba949ee96,3,982b6348-f68c-465a-8b2e-3d506987db3e,J Dimitrovski,1,0,6,0,0,0,2.75
48adba9d-7c1b-427d-a16c-fffe2de5f51a,cdf96d07-8203-4187-a7e2-4b989e975788,c3859c82-3451-460a-a8af-f55240f3fec9,692e6f5f-2531-4d30-9dd8-737ba949ee96,4,2074c893-2aa2-43ce-9231-0e85f39c22bf,S Newitt,1,0,6,0,0,0,2.4
48adba9d-7c1b-427d-a16c-fffe2de5f51a,cdf96d07-8203-4187-a7e2-4b989e975788,c3859c82-3451-460a-a8af-f55240f3fec9,692e6f5f-2531-4d30-9dd8-737ba949ee96,5,982b6348-f68c-465a-8b2e-3d506987db3e,J Dimitrovski,5,0,6,0,0,1,2.83
48adba9d-7c1b-427d-a16c-fffe2de5f51a,cdf96d07-8203-4187-a7e2-4b989e975788,c3859c82-3451-460a-a8af-f55240f3fec9,692e6f5f-2531-4d30-9dd8-737ba949ee96,6,2074c893-2aa2-43ce-9231-0e85f39c22bf,S Newitt,2,0,6,0,0,0,2.71
48adba9d-7c1b-427d-a16c-fffe2de5f51a,cdf96d07-8203-4187-a7e2-4b989e975788,c3859c82-3451-460a-a8af-f55240f3fec9,692e6f5f-2531-4d30-9dd8-737ba949ee96,7,982b6348-f68c-465a-8b2e-3d506987db3e,J Dimitrovski,0,0,6,0,0,0,2.38
48adba9d-7c1b-427d-a16c-fffe2de5f51a,cdf96d07-8203-4187-a7e2-4b989e975788,c3859c82-3451-460a-a8af-f55240f3fec9,692e6f5f-2531-4d30-9dd8-737ba949ee96,8,2074c893-2aa2-43ce-9231-0e85f39c22bf,S Newitt,4,0,6,0,0,1,2.56
48adba9d-7c1b-427d-a16c-fffe2de5f51a,cdf96d07-8203-4187-a7e2-4b989e975788,c3859c82-3451-460a-a8af-f55240f3fec9,692e6f5f-2531-4d30-9dd8-737ba949ee96,9,982b6348-f68c-465a-8b2e-3d506987db3e,J Dimitrovski,3,1,6,0,1,0,2.6
48adba9d-7c1b-427d-a16c-fffe2de5f51a,cdf96d07-8203-4187-a7e2-4b989e975788,c3859c82-3451-460a-a8af-f55240f3fec9,692e6f5f-2531-4d30-9dd8-737ba949ee96,10,2074c893-2aa2-43ce-9231-0e85f39c22bf,S Newitt,4,0,6,0,0,0,2.73
48adba9d-7c1b-427d-a16c-fffe2de5f51a,cdf96d07-8203-4187-a7e2-4b989e975788,c3859c82-3451-460a-a8af-f55240f3fec9,692e6f5f-2531-4d30-9dd8-737ba949ee96,11,982b6348-f68c-465a-8b2e-3d506987db3e,J Dimitrovski,1,1,6,0,1,0,2.58
48adba9d-7c1b-427d-a16c-fffe2de5f51a,cdf96d07-8203-4187-a7e2-4b989e975788,c3859c82-3451-460a-a8af-f55240f3fec9,692e6f5f-2531-4d30-9dd8-737ba949ee96,12,2074c893-2aa2-43ce-9231-0e85f39c22bf,S Newitt,0,0,6,0,0,0,2.38
48adba9d-7c1b-427d-a16c-fffe2de5f51a,cdf96d07-8203-4187-a7e2-4b989e975788,c3859c82-3451-460a-a8af-f55240f3fec9,692e6f5f-2531-4d30-9dd8-737ba949ee96,13,982b6348-f68c-465a-8b2e-3d506987db3e,J Dimitrovski,3,0,6,0,1,0,2.43
48adba9d-7c1b-427d-a16c-fffe2de5f51a,cdf96d07-8203-4187-a7e2-4b989e975788,c3859c82-3451-460a-a8af-f55240f3fec9,692e6f5f-2531-4d30-9dd8-737ba949ee96,14,2074c893-2aa2-43ce-9231-0e85f39c22bf,S Newitt,4,0,6,0,0,1,2.53
48adba9d-7c1b-427d-a16c-fffe2de5f51a,cdf96d07-8203-4187-a7e2-4b989e975788,c3859c82-3451-460a-a8af-f55240f3fec9,692e6f5f-2531-4d30-9dd8-737ba949ee96,15,982b6348-f68c-465a-8b2e-3d506987db3e,J Dimitrovski,2,0,6,0,0,0,2.5
48adba9d-7c1b-427d-a16c-fffe2de5f51a,cdf96d07-8203-4187-a7e2-4b989e975788,c3859c82-3451-460a-a8af-f55240f3fec9,692e6f5f-2531-4d30-9dd8-737ba949ee96,16,2074c893-2aa2-43ce-9231-0e85f39c22bf,S Newitt,2,0,6,0,0,0,2.47
48adba9d-7c1b-427d-a16c-fffe2de5f51a,cdf96d07-8203-4187-a7e2-4b989e975788,c3859c82-3451-460a-a8af-f55240f3fec9,692e6f5f-2531-4d30-9dd8-737ba949ee96,17,eeba2589-9965-4ab9-9244-c9a3e01ad345,********,6,0,6,2,0,1,2.67
48adba9d-7c1b-427d-a16c-fffe2de5f51a,cdf96d07-8203-4187-a7e2-4b989e975788,c3859c82-3451-460a-a8af-f55240f3fec9,692e6f5f-2531-4d30-9dd8-737ba949ee96,18,2074c893-2aa2-43ce-9231-0e85f39c22bf,S Newitt,4,1,6,0,0,0,2.74
48adba9d-7c1b-427d-a16c-fffe2de5f51a,cdf96d07-8203-4187-a7e2-4b989e975788,c3859c82-3451-460a-a8af-f55240f3fec9,692e6f5f-2531-4d30-9dd8-737ba949ee96,19,eeba2589-9965-4ab9-9244-c9a3e01ad345,********,7,0,6,0,0,1,2.95
48adba9d-7c1b-427d-a16c-fffe2de5f51a,cdf96d07-8203-4187-a7e2-4b989e975788,c3859c82-3451-460a-a8af-f55240f3fec9,692e6f5f-2531-4d30-9dd8-737ba949ee96,20,2074c893-2aa2-43ce-9231-0e85f39c22bf,S Newitt,7,0,6,0,0,1,3.14
48adba9d-7c1b-427d-a16c-fffe2de5f51a,cdf96d07-8203-4187-a7e2-4b989e975788,c3859c82-3451-460a-a8af-f55240f3fec9,692e6f5f-2531-4d30-9dd8-737ba949ee96,21,eeba2589-9965-4ab9-9244-c9a3e01ad345,********,5,0,6,0,0,0,3.23
48adba9d-7c1b-427d-a16c-fffe2de5f51a,cdf96d07-8203-4187-a7e2-4b989e975788,c3859c82-3451-460a-a8af-f55240f3fec9,692e6f5f-2531-4d30-9dd8-737ba949ee96,22,2074c893-2aa2-43ce-9231-0e85f39c22bf,S Newitt,11,0,6,0,0,2,3.57
48adba9d-7c1b-427d-a16c-fffe2de5f51a,cdf96d07-8203-4187-a7e2-4b989e975788,c3859c82-3451-460a-a8af-f55240f3fec9,692e6f5f-2531-4d30-9dd8-737ba949ee96,23,eeba2589-9965-4ab9-9244-c9a3e01ad345,********,7,0,6,2,0,1,3.71
48adba9d-7c1b-427d-a16c-fffe2de5f51a,cdf96d07-8203-4187-a7e2-4b989e975788,c3859c82-3451-460a-a8af-f55240f3fec9,692e6f5f-2531-4d30-9dd8-737ba949ee96,24,02fb2e31-f568-44f7-a8cb-b3608a133907,P Firebrace,6,0,6,5,0,0,3.8
48adba9d-7c1b-427d-a16c-fffe2de5f51a,cdf96d07-8203-4187-a7e2-4b989e975788,c3859c82-3451-460a-a8af-f55240f3fec9,692e6f5f-2531-4d30-9dd8-737ba949ee96,25,2074c893-2aa2-43ce-9231-0e85f39c22bf,S Newitt,6,0,6,0,0,1,4.0
48adba9d-7c1b-427d-a16c-fffe2de5f51a,cdf96d07-8203-4187-a7e2-4b989e975788,c3859c82-3451-460a-a8af-f55240f3fec9,692e6f5f-2531-4d30-9dd8-737ba949ee96,26,982b6348-f68c-465a-8b2e-3d506987db3e,J Dimitrovski,13,0,6,1,0,2,4.33
48adba9d-7c1b-427d-a16c-fffe2de5f51a,cdf96d07-8203-4187-a7e2-4b989e975788,c3859c82-3451-460a-a8af-f55240f3fec9,692e6f5f-2531-4d30-9dd8-737ba949ee96,27,2074c893-2aa2-43ce-9231-0e85f39c22bf,S Newitt,5,0,6,0,0,0,4.36
48adba9d-7c1b-427d-a16c-fffe2de5f51a,cdf96d07-8203-4187-a7e2-4b989e975788,c3859c82-3451-460a-a8af-f55240f3fec9,692e6f5f-2531-4d30-9dd8-737ba949ee96,28,982b6348-f68c-465a-8b2e-3d506987db3e,J Dimitrovski,3,0,6,1,0,0,4.31
48adba9d-7c1b-427d-a16c-fffe2de5f51a,cdf96d07-8203-4187-a7e2-4b989e975788,c3859c82-3451-460a-a8af-f55240f3fec9,692e6f5f-2531-4d30-9dd8-737ba949ee96,29,2074c893-2aa2-43ce-9231-0e85f39c22bf,S Newitt,6,1,6,0,0,0,4.37
48adba9d-7c1b-427d-a16c-fffe2de5f51a,cdf96d07-8203-4187-a7e2-4b989e975788,c3859c82-3451-460a-a8af-f55240f3fec9,692e6f5f-2531-4d30-9dd8-737ba949ee96,30,37aa36e0-bcce-4d05-927b-de91bbdeb19b,D Newitt,6,0,6,0,0,1,4.42
48adba9d-7c1b-427d-a16c-fffe2de5f51a,cdf96d07-8203-4187-a7e2-4b989e975788,c3859c82-3451-460a-a8af-f55240f3fec9,692e6f5f-2531-4d30-9dd8-737ba949ee96,31,2074c893-2aa2-43ce-9231-0e85f39c22bf,S Newitt,6,1,6,0,0,1,4.47
48adba9d-7c1b-427d-a16c-fffe2de5f51a,cdf96d07-8203-4187-a7e2-4b989e975788,c3859c82-3451-460a-a8af-f55240f3fec9,692e6f5f-2531-4d30-9dd8-737ba949ee96,32,37aa36e0-bcce-4d05-927b-de91bbdeb19b,D Newitt,2,1,6,0,0,0,4.39
48adba9d-7c1b-427d-a16c-fffe2de5f51a,cdf96d07-8203-4187-a7e2-4b989e975788,c3859c82-3451-460a-a8af-f55240f3fec9,692e6f5f-2531-4d30-9dd8-737ba949ee96,33,2074c893-2aa2-43ce-9231-0e85f39c22bf,S Newitt,0,0,6,0,0,0,4.26
48adba9d-7c1b-427d-a16c-fffe2de5f51a,cdf96d07-8203-4187-a7e2-4b989e975788,c3859c82-3451-460a-a8af-f55240f3fec9,692e6f5f-2531-4d30-9dd8-737ba949ee96,34,37aa36e0-bcce-4d05-927b-de91bbdeb19b,D Newitt,4,0,6,0,0,0,4.26
48adba9d-7c1b-427d-a16c-fffe2de5f51a,cdf96d07-8203-4187-a7e2-4b989e975788,c3859c82-3451-460a-a8af-f55240f3fec9,692e6f5f-2531-4d30-9dd8-737ba949ee96,35,2074c893-2aa2-43ce-9231-0e85f39c22bf,S Newitt,8,0,6,0,0,2,4.36
48adba9d-7c1b-427d-a16c-fffe2de5f51a,cdf96d07-8203-4187-a7e2-4b989e975788,c3859c82-3451-460a-a8af-f55240f3fec9,692e6f5f-2531-4d30-9dd8-737ba949ee96,36,37aa36e0-bcce-4d05-927b-de91bbdeb19b,D Newitt,11,0,6,0,0,2,4.54
48adba9d-7c1b-427d-a16c-fffe2de5f51a,cdf96d07-8203-4187-a7e2-4b989e975788,c3859c82-3451-460a-a8af-f55240f3fec9,692e6f5f-2531-4d30-9dd8-737ba949ee96,37,2074c893-2aa2-43ce-9231-0e85f39c22bf,S Newitt,2,0,6,0,0,0,4.47
48adba9d-7c1b-427d-a16c-fffe2de5f51a,cdf96d07-8203-4187-a7e2-4b989e975788,c3859c82-3451-460a-a8af-f55240f3fec9,692e6f5f-2531-4d30-9dd8-737ba949ee96,38,37aa36e0-bcce-4d05-927b-de91bbdeb19b,D Newitt,7,0,6,0,0,1,4.54
48adba9d-7c1b-427d-a16c-fffe2de5f51a,cdf96d07-8203-4187-a7e2-4b989e975788,c3859c82-3451-460a-a8af-f55240f3fec9,692e6f5f-2531-4d30-9dd8-737ba949ee96,39,2074c893-2aa2-43ce-9231-0e85f39c22bf,S Newitt,10,0,6,0,0,2,4.67
48adba9d-7c1b-427d-a16c-fffe2de5f51a,cdf96d07-8203-4187-a7e2-4b989e975788,c3859c82-3451-460a-a8af-f55240f3fec9,692e6f5f-2531-4d30-9dd8-737ba949ee96,40,37aa36e0-bcce-4d05-927b-de91bbdeb19b,D Newitt,7,1,6,0,0,1,4.73
48adba9d-7c1b-427d-a16c-fffe2de5f51a,cdf96d07-8203-4187-a7e2-4b989e975788,c3859c82-3451-460a-a8af-f55240f3fec9,692e6f5f-2531-4d30-9dd8-737ba949ee96,41,ec3a37ae-65cf-441a-a1b8-89bae221edfb,Z York,12,0,6,0,1,2,4.9
48adba9d-7c1b-427d-a16c-fffe2de5f51a,ffa15aaf-e9a0-4496-b8a6-b5485e9abca7,692e6f5f-2531-4d30-9dd8-737ba949ee96,c3859c82-3451-460a-a8af-f55240f3fec9,0,71ca36a8-b853-449e-b7fd-ac601222e885,K Nallepalli,0,0,6,0,0,0,0.0
48adba9d-7c1b-427d-a16c-fffe2de5f51a,ffa15aaf-e9a0-4496-b8a6-b5485e9abca7,692e6f5f-2531-4d30-9dd8-737ba949ee96,c3859c82-3451-460a-a8af-f55240f3fec9,1,242a967d-4a20-4cc8-9a32-bf2121ad6d26,k bedi,4,0,6,0,1,0,2.0
48adba9d-7c1b-427d-a16c-fffe2de5f51a,ffa15aaf-e9a0-4496-b8a6-b5485e9abca7,692e6f5f-2531-4d30-9dd8-737ba949ee96,c3859c82-3451-460a-a8af-f55240f3fec9,2,71ca36a8-b853-449e-b7fd-ac601222e885,K Nallepalli,10,1,6,0,0,2,4.67
48adba9d-7c1b-427d-a16c-fffe2de5f51a,ffa15aaf-e9a0-4496-b8a6-b5485e9abca7,692e6f5f-2531-4d30-9dd8-737ba949ee96,c3859c82-3451-460a-a8af-f55240f3fec9,3,242a967d-4a20-4cc8-9a32-bf2121ad6d26,k bedi,1,0,6,1,0,0,3.75
48adba9d-7c1b-427d-a16c-fffe2de5f51a,ffa15aaf-e9a0-4496-b8a6-b5485e9abca7,692e6f5f-2531-4d30-9dd8-737ba949ee96,c3859c82-3451-460a-a8af-f55240f3fec9,4,71ca36a8-b853-449e-b7fd-ac601222e885,K Nallepalli,4,0,6,0,0,0,3.8
48adba9d-7c1b-427d-a16c-fffe2de5f51a,ffa15aaf-e9a0-4496-b8a6-b5485e9abca7,692e6f5f-2531-4d30-9dd8-737ba949ee96,c3859c82-3451-460a-a8af-f55240f3fec9,5,242a967d-4a20-4cc8-9a32-bf2121ad6d26,k bedi,8,0,6,2,0,1,4.5
48adba9d-7c1b-427d-a16c-fffe2de5f51a,ffa15aaf-e9a0-4496-b8a6-b5485e9abca7,692e6f5f-2531-4d30-9dd8-737ba949ee96,c3859c82-3451-460a-a8af-f55240f3fec9,6,71ca36a8-b853-449e-b7fd-ac601222e885,K Nallepalli,1,0,6,0,0,0,4.0
48adba9d-7c1b-427d-a16c-fffe2de5f51a,ffa15aaf-e9a0-4496-b8a6-b5485e9abca7,692e6f5f-2531-4d30-9dd8-737ba949ee96,c3859c82-3451-460a-a8af-f55240f3fec9,7,0ceda279-1aad-42cd-a342-75c5faf3ad14,V Yamani,1,0,7,0,1,0,3.67
48adba9d-7c1b-427d-a16c-fffe2de5f51a,ffa15aaf-e9a0-4496-b8a6-b5485e9abca7,692e6f5f-2531-4d30-9dd8-737ba949ee96,c3859c82-3451-460a-a8af-f55240f3fec9,8,71ca36a8-b853-449e-b7fd-ac601222e885,K Nallepalli,6,0,6,0,0,1,3.93
48adba9d-7c1b-427d-a16c-fffe2de5f51a,ffa15aaf-e9a0-4496-b8a6-b5485e9abca7,692e6f5f-2531-4d30-9dd8-737ba949ee96,c3859c82-3451-460a-a8af-f55240f3fec9,9,0ceda279-1aad-42cd-a342-75c5faf3ad14,V Yamani,8,0,6,0,0,2,4.33
48adba9d-7c1b-427d-a16c-fffe2de5f51a,ffa15aaf-e9a0-4496-b8a6-b5485e9abca7,692e6f5f-2531-4d30-9dd8-737ba949ee96,c3859c82-3451-460a-a8af-f55240f3fec9,10,71ca36a8-b853-449e-b7fd-ac601222e885,K Nallepalli,5,0,6,0,0,1,4.39
48adba9d-7c1b-427d-a16c-fffe2de5f51a,ffa15aaf-e9a0-4496-b8a6-b5485e9abca7,692e6f5f-2531-4d30-9dd8-737ba949ee96,c3859c82-3451-460a-a8af-f55240f3fec9,11,478c050c-6e97-4198-ba77-24f46dd329d7,S SHARMA,4,0,6,0,0,0,4.36
48adba9d-7c1b-427d-a16c-fffe2de5f51a,ffa15aaf-e9a0-4496-b8a6-b5485e9abca7,692e6f5f-2531-4d30-9dd8-737ba949ee96,c3859c82-3451-460a-a8af-f55240f3fec9,12,71ca36a8-b853-449e-b7fd-ac601222e885,K Nallepalli,0,0,6,0,0,0,4.03
48adba9d-7c1b-427d-a16c-fffe2de5f51a,ffa15aaf-e9a0-4496-b8a6-b5485e9abca7,692e6f5f-2531-4d30-9dd8-737ba949ee96,c3859c82-3451-460a-a8af-f55240f3fec9,13,478c050c-6e97-4198-ba77-24f46dd329d7,S SHARMA,2,0,6,0,0,0,3.88
48adba9d-7c1b-427d-a16c-fffe2de5f51a,ffa15aaf-e9a0-4496-b8a6-b5485e9abca7,692e6f5f-2531-4d30-9dd8-737ba949ee96,c3859c82-3451-460a-a8af-f55240f3fec9,14,71ca36a8-b853-449e-b7fd-ac601222e885,K Nallepalli,0,0,6,0,0,0,3.63
48adba9d-7c1b-427d-a16c-fffe2de5f51a,ffa15aaf-e9a0-4496-b8a6-b5485e9abca7,692e6f5f-2531-4d30-9dd8-737ba949ee96,c3859c82-3451-460a-a8af-f55240f3fec9,15,478c050c-6e97-4198-ba77-24f46dd329d7,S SHARMA,4,0,6,0,0,1,3.53
48adba9d-7c1b-427d-a16c-fffe2de5f51a,ffa15aaf-e9a0-4496-b8a6-b5485e9abca7,692e6f5f-2531-4d30-9dd8-737ba949ee96,c3859c82-3451-460a-a8af-f55240f3fec9,16,71ca36a8-b853-449e-b7fd-ac601222e885,K Nallepalli,2,0,6,0,0,0,3.44
48adba9d-7c1b-427d-a16c-fffe2de5f51a,ffa15aaf-e9a0-4496-b8a6-b5485e9abca7,692e6f5f-2531-4d30-9dd8-737ba949ee96,c3859c82-3451-460a-a8af-f55240f3fec9,17,478c050c-6e97-4198-ba77-24f46dd329d7,S SHARMA,1,0,6,0,0,0,3.3
48adba9d-7c1b-427d-a16c-fffe2de5f51a,ffa15aaf-e9a0-4496-b8a6-b5485e9abca7,692e6f5f-2531-4d30-9dd8-737ba949ee96,c3859c82-3451-460a-a8af-f55240f3fec9,18,71ca36a8-b853-449e-b7fd-ac601222e885,K Nallepalli,3,0,6,0,0,0,3.29
48adba9d-7c1b-427d-a16c-fffe2de5f51a,ffa15aaf-e9a0-4496-b8a6-b5485e9abca7,692e6f5f-2531-4d30-9dd8-737ba949ee96,c3859c82-3451-460a-a8af-f55240f3fec9,19,478c050c-6e97-4198-ba77-24f46dd329d7,S SHARMA,5,0,6,0,0,0,3.37
48adba9d-7c1b-427d-a16c-fffe2de5f51a,ffa15aaf-e9a0-4496-b8a6-b5485e9abca7,692e6f5f-2531-4d30-9dd8-737ba949ee96,c3859c82-3451-460a-a8af-f55240f3fec9,20,ef15fcc4-a2d8-47af-af3f-9c4391db7c4a,S Gill,4,0,6,0,0,0,3.4
48adba9d-7c1b-427d-a16c-fffe2de5f51a,ffa15aaf-e9a0-4496-b8a6-b5485e9abca7,692e6f5f-2531-4d30-9dd8-737ba949ee96,c3859c82-3451-460a-a8af-f55240f3fec9,21,478c050c-6e97-4198-ba77-24f46dd329d7,S SHARMA,6,0,6,0,0,1,3.52
48adba9d-7c1b-427d-a16c-fffe2de5f51a,ffa15aaf-e9a0-4496-b8a6-b5485e9abca7,692e6f5f-2531-4d30-9dd8-737ba949ee96,c3859c82-3451-460a-a8af-f55240f3fec9,22,ef15fcc4-a2d8-47af-af3f-9c4391db7c4a,S Gill,1,0,7,0,0,0,3.43
48adba9d-7c1b-427d-a16c-fffe2de5f51a,ffa15aaf-e9a0-4496-b8a6-b5485e9abca7,692e6f5f-2531-4d30-9dd8-737ba949ee96,c3859c82-3451-460a-a8af-f55240f3fec9,23,478c050c-6e97-4198-ba77-24f46dd329d7,S SHARMA,3,0,6,0,0,0,3.41
48adba9d-7c1b-427d-a16c-fffe2de5f51a,ffa15aaf-e9a0-4496-b8a6-b5485e9abca7,692e6f5f-2531-4d30-9dd8-737ba949ee96,c3859c82-3451-460a-a8af-f55240f3fec9,24,ef15fcc4-a2d8-47af-af3f-9c4391db7c4a,S Gill,3,0,6,0,0,0,3.39
48adba9d-7c1b-427d-a16c-fffe2de5f51a,ffa15aaf-e9a0-4496-b8a6-b5485e9abca7,692e6f5f-2531-4d30-9dd8-737ba949ee96,c3859c82-3451-460a-a8af-f55240f3fec9,25,0ceda279-1aad-42cd-a342-75c5faf3ad14,V Yamani,4,0,6,0,0,1,3.42
48adba9d-7c1b-427d-a16c-fffe2de5f51a,ffa15aaf-e9a0-4496-b8a6-b5485e9abca7,692e6f5f-2531-4d30-9dd8-737ba949ee96,c3859c82-3451-460a-a8af-f55240f3fec9,26,ef15fcc4-a2d8-47af-af3f-9c4391db7c4a,S Gill,9,0,6,0,0,2,3.62
48adba9d-7c1b-427d-a16c-fffe2de5f51a,ffa15aaf-e9a0-4496-b8a6-b5485e9abca7,692e6f5f-2531-4d30-9dd8-737ba949ee96,c3859c82-3451-460a-a8af-f55240f3fec9,27,0ceda279-1aad-42cd-a342-75c5faf3ad14,V Yamani,2,0,6,0,0,0,3.56
48adba9d-7c1b-427d-a16c-fffe2de5f51a,ffa15aaf-e9a0-4496-b8a6-b5485e9abca7,692e6f5f-2531-4d30-9dd8-737ba949ee96,c3859c82-3451-460a-a8af-f55240f3fec9,28,6b74d336-b105-407c-b4ef-f68e2fba7862,D Sehra,5,0,6,0,0,1,3.61
48adba9d-7c1b-427d-a16c-fffe2de5f51a,ffa15aaf-e9a0-4496-b8a6-b5485e9abca7,692e6f5f-2531-4d30-9dd8-737ba949ee96,c3859c82-3451-460a-a8af-f55240f3fec9,29,0ceda279-1aad-42cd-a342-75c5faf3ad14,V Yamani,5,0,6,0,0,1,3.66
48adba9d-7c1b-427d-a16c-fffe2de5f51a,ffa15aaf-e9a0-4496-b8a6-b5485e9abca7,692e6f5f-2531-4d30-9dd8-737ba949ee96,c3859c82-3451-460a-a8af-f55240f3fec9,30,6b74d336-b105-407c-b4ef-f68e2fba7862,D Sehra,3,1,7,0,0,0,3.65
48adba9d-7c1b-427d-a16c-fffe2de5f51a,ffa15aaf-e9a0-4496-b8a6-b5485e9abca7,692e6f5f-2531-4d30-9dd8-737ba949ee96,c3859c82-3451-460a-a8af-f55240f3fec9,31,0ceda279-1aad-42cd-a342-75c5faf3ad14,V Yamani,12,0,6,0,0,3,3.91
48adba9d-7c1b-427d-a16c-fffe2de5f51a,ffa15aaf-e9a0-4496-b8a6-b5485e9abca7,692e6f5f-2531-4d30-9dd8-737ba949ee96,c3859c82-3451-460a-a8af-f55240f3fec9,32,6b74d336-b105-407c-b4ef-f68e2fba7862,D Sehra,0,0,6,0,0,0,3.79
48adba9d-7c1b-427d-a16c-fffe2de5f51a,ffa15aaf-e9a0-4496-b8a6-b5485e9abca7,692e6f5f-2531-4d30-9dd8-737ba949ee96,c3859c82-3451-460a-a8af-f55240f3fec9,33,400e4752-f236-4ca7-93e9-fd8ebee6735e,S Chaurasiya,7,0,6,0,0,1,3.88
48adba9d-7c1b-427d-a16c-fffe2de5f51a,ffa15aaf-e9a0-4496-b8a6-b5485e9abca7,692e6f5f-2531-4d30-9dd8-737ba949ee96,c3859c82-3451-460a-a8af-f55240f3fec9,34,6b74d336-b105-407c-b4ef-f68e2fba7862,D Sehra,5,0,6,0,0,1,3.92
48adba9d-7c1b-427d-a16c-fffe2de5f51a,ffa15aaf-e9a0-4496-b8a6-b5485e9abca7,692e6f5f-2531-4d30-9dd8-737ba949ee96,c3859c82-3451-460a-a8af-f55240f3fec9,35,400e4752-f236-4ca7-93e9-fd8ebee6735e,S Chaurasiya,1,1,6,0,0,0,3.84
48adba9d-7c1b-427d-a16c-fffe2de5f51a,ffa15aaf-e9a0-4496-b8a6-b5485e9abca7,692e6f5f-2531-4d30-9dd8-737ba949ee96,c3859c82-3451-460a-a8af-f55240f3fec9,36,6b74d336-b105-407c-b4ef-f68e2fba7862,D Sehra,5,0,6,0,0,0,3.87
48adba9d-7c1b-427d-a16c-fffe2de5f51a,ffa15aaf-e9a0-4496-b8a6-b5485e9abca7,692e6f5f-2531-4d30-9dd8-737ba949ee96,c3859c82-3451-460a-a8af-f55240f3fec9,37,400e4752-f236-4ca7-93e9-fd8ebee6735e,S Chaurasiya,0,0,6,0,0,0,3.77
48adba9d-7c1b-427d-a16c-fffe2de5f51a,ffa15aaf-e9a0-4496-b8a6-b5485e9abca7,692e6f5f-2531-4d30-9dd8-737ba949ee96,c3859c82-3451-460a-a8af-f55240f3fec9,38,6b74d336-b105-407c-b4ef-f68e2fba7862,D Sehra,0,0,6,0,0,0,3.67
48adba9d-7c1b-427d-a16c-fffe2de5f51a,ffa15aaf-e9a0-4496-b8a6-b5485e9abca7,692e6f5f-2531-4d30-9dd8-737ba949ee96,c3859c82-3451-460a-a8af-f55240f3fec9,39,400e4752-f236-4ca7-93e9-fd8ebee6735e,S Chaurasiya,3,0,6,0,0,0,3.65
62b1157c-fd98-4bdf-821a-adb2f3622f43,1dccddd6-dd31-4d8a-a120-3f0cf7be15ce,cfc49d2c-a367-40e3-8b51-ba9dd4ba5958,c3859c82-3451-460a-a8af-f55240f3fec9,0,17d58ef7-cae1-444e-adba-71c74067872b,P Rahate,10,0,6,0,0,2,10.0
62b1157c-fd98-4bdf-821a-adb2f3622f43,1dccddd6-dd31-4d8a-a120-3f0cf7be15ce,cfc49d2c-a367-40e3-8b51-ba9dd4ba5958,c3859c82-3451-460a-a8af-f55240f3fec9,1,71ca36a8-b853-449e-b7fd-ac601222e885,K Nallepalli,0,0,6,0,0,0,5.0
62b1157c-fd98-4bdf-821a-adb2f3622f43,1dccddd6-dd31-4d8a-a120-3f0cf7be15ce,cfc49d2c-a367-40e3-8b51-ba9dd4ba5958,c3859c82-3451-460a-a8af-f55240f3fec9,2,17d58ef7-cae1-444e-adba-71c74067872b,P Rahate,0,1,6,0,0,0,3.33
62b1157c-fd98-4bdf-821a-adb2f3622f43,1dccddd6-dd31-4d8a-a120-3f0cf7be15ce,cfc49d2c-a367-40e3-8b51-ba9dd4ba5958,c3859c82-3451-460a-a8af-f55240f3fec9,3,71ca36a8-b853-449e-b7fd-ac601222e885,K Nallepalli,3,0,6,0,0,0,3.25
62b1157c-fd98-4bdf-821a-adb2f3622f43,1dccddd6-dd31-4d8a-a120-3f0cf7be15ce,cfc49d2c-a367-40e3-8b51-ba9dd4ba5958,c3859c82-3451-460a-a8af-f55240f3fec9,4,17d58ef7-cae1-444e-adba-71c74067872b,P Rahate,12,0,6,0,0,3,5.0
62b1157c-fd98-4bdf-821a-adb2f3622f43,1dccddd6-dd31-4d8a-a120-3f0cf7be15ce,cfc49d2c-a367-40e3-8b51-ba9dd4ba5958,c3859c82-3451-460a-a8af-f55240f3fec9,5,71ca36a8-b853-449e-b7fd-ac601222e885,K Nallepalli,6,0,6,0,0,1,5.17
62b1157c-fd98-4bdf-821a-adb2f3622f43,1dccddd6-dd31-4d8a-a120-3f0cf7be15ce,cfc49d2c-a367-40e3-8b51-ba9dd4ba5958,c3859c82-3451-460a-a8af-f55240f3fec9,6,17d58ef7-cae1-444e-adba-71c74067872b,P Rahate,5,0,6,2,0,0,5.14
62b1157c-fd98-4bdf-821a-adb2f3622f43,1dccddd6-dd31-4d8a-a120-3f0cf7be15ce,cfc49d2c-a367-40e3-8b51-ba9dd4ba5958,c3859c82-3451-460a-a8af-f55240f3fec9,7,71ca36a8-b853-449e-b7fd-ac601222e885,K Nallepalli,7,0,6,1,0,1,5.38
62b1157c-fd98-4bdf-821a-adb2f3622f43,1dccddd6-dd31-4d8a-a120-3f0cf7be15ce,cfc49d2c-a367-40e3-8b51-ba9dd4ba5958,c3859c82-3451-460a-a8af-f55240f3fec9,8,17d58ef7-cae1-444e-adba-71c74067872b,P Rahate,6,0,6,0,0,0,5.44
62b1157c-fd98-4bdf-821a-adb2f3622f43,1dccddd6-dd31-4d8a-a120-3f0cf7be15ce,cfc49d2c-a367-40e3-8b51-ba9dd4ba5958,c3859c82-3451-460a-a8af-f55240f3fec9,9,8817f6bc-348d-4f63-81c9-deefc3b714ff,W Syed,2,0,6,0,0,0,5.1
62b1157c-fd98-4bdf-821a-adb2f3622f43,1dccddd6-dd31-4d8a-a120-3f0cf7be15ce,cfc49d2c-a367-40e3-8b51-ba9dd4ba5958,c3859c82-3451-460a-a8af-f55240f3fec9,10,ef15fcc4-a2d8-47af-af3f-9c4391db7c4a,S Gill,5,0,6,0,0,1,5.09
62b1157c-fd98-4bdf-821a-adb2f3622f43,1dccddd6-dd31-4d8a-a120-3f0cf7be15ce,cfc49d2c-a367-40e3-8b51-ba9dd4ba5958,c3859c82-3451-460a-a8af-f55240f3fec9,11,8817f6bc-348d-4f63-81c9-deefc3b714ff,W Syed,6,0,6,0,0,0,5.17
62b1157c-fd98-4bdf-821a-adb2f3622f43,1dccddd6-dd31-4d8a-a120-3f0cf7be15ce,cfc49d2c-a367-40e3-8b51-ba9dd4ba5958,c3859c82-3451-460a-a8af-f55240f3fec9,12,ef15fcc4-a2d8-47af-af3f-9c4391db7c4a,S Gill,5,0,6,0,0,1,5.15
62b1157c-fd98-4bdf-821a-adb2f3622f43,1dccddd6-dd31-4d8a-a120-3f0cf7be15ce,cfc49d2c-a367-40e3-8b51-ba9dd4ba5958,c3859c82-3451-460a-a8af-f55240f3fec9,13,8817f6bc-348d-4f63-81c9-deefc3b714ff,W Syed,6,0,6,1,0,0,5.21
62b1157c-fd98-4bdf-821a-adb2f3622f43,1dccddd6-dd31-4d8a-a120-3f0cf7be15ce,cfc49d2c-a367-40e3-8b51-ba9dd4ba5958,c3859c82-3451-460a-a8af-f55240f3fec9,14,ef15fcc4-a2d8-47af-af3f-9c4391db7c4a,S Gill,8,0,6,0,0,1,5.4
62b1157c-fd98-4bdf-821a-adb2f3622f43,1dccddd6-dd31-4d8a-a120-3f0cf7be15ce,cfc49d2c-a367-40e3-8b51-ba9dd4ba5958,c3859c82-3451-460a-a8af-f55240f3fec9,15,8817f6bc-348d-4f63-81c9-deefc3b714ff,W Syed,2,0,6,0,0,0,5.19
62b1157c-fd98-4bdf-821a-adb2f3622f43,1dccddd6-dd31-4d8a-a120-3f0cf7be15ce,cfc49d2c-a367-40e3-8b51-ba9dd4ba5958,c3859c82-3451-460a-a8af-f55240f3fec9,16,ef15fcc4-a2d8-47af-af3f-9c4391db7c4a,S Gill,4,0,6,0,0,0,5.12
62b1157c-fd98-4bdf-821a-adb2f3622f43,1dccddd6-dd31-4d8a-a120-3f0cf7be15ce,cfc49d2c-a367-40e3-8b51-ba9dd4ba5958,c3859c82-3451-460a-a8af-f55240f3fec9,17,8817f6bc-348d-4f63-81c9-deefc3b714ff,W Syed,3,0,6,1,0,0,5.0
62b1157c-fd98-4bdf-821a-adb2f3622f43,1dccddd6-dd31-4d8a-a120-3f0cf7be15ce,cfc49d2c-a367-40e3-8b51-ba9dd4ba5958,c3859c82-3451-460a-a8af-f55240f3fec9,18,71ca36a8-b853-449e-b7fd-ac601222e885,K Nallepalli,8,0,6,1,0,1,5.16
62b1157c-fd98-4bdf-821a-adb2f3622f43,1dccddd6-dd31-4d8a-a120-3f0cf7be15ce,cfc49d2c-a367-40e3-8b51-ba9dd4ba5958,c3859c82-3451-460a-a8af-f55240f3fec9,19,8817f6bc-348d-4f63-81c9-deefc3b714ff,W Syed,4,0,6,0,0,0,5.1
62b1157c-fd98-4bdf-821a-adb2f3622f43,1dccddd6-dd31-4d8a-a120-3f0cf7be15ce,cfc49d2c-a367-40e3-8b51-ba9dd4ba5958,c3859c82-3451-460a-a8af-f55240f3fec9,20,400e4752-f236-4ca7-93e9-fd8ebee6735e,S Chaurasiya,4,1,6,0,0,1,5.05
62b1157c-fd98-4bdf-821a-adb2f3622f43,1dccddd6-dd31-4d8a-a120-3f0cf7be15ce,cfc49d2c-a367-40e3-8b51-ba9dd4ba5958,c3859c82-3451-460a-a8af-f55240f3fec9,21,8817f6bc-348d-4f63-81c9-deefc3b714ff,W Syed,5,2,6,1,0,0,5.05
62b1157c-fd98-4bdf-821a-adb2f3622f43,1dccddd6-dd31-4d8a-a120-3f0cf7be15ce,cfc49d2c-a367-40e3-8b51-ba9dd4ba5958,c3859c82-3451-460a-a8af-f55240f3fec9,22,400e4752-f236-4ca7-93e9-fd8ebee6735e,S Chaurasiya,2,0,6,0,0,0,4.91
62b1157c-fd98-4bdf-821a-adb2f3622f43,1dccddd6-dd31-4d8a-a120-3f0cf7be15ce,cfc49d2c-a367-40e3-8b51-ba9dd4ba5958,c3859c82-3451-460a-a8af-f55240f3fec9,23,71ca36a8-b853-449e-b7fd-ac601222e885,K Nallepalli,5,0,6,0,0,0,4.92
62b1157c-fd98-4bdf-821a-adb2f3622f43,1dccddd6-dd31-4d8a-a120-3f0cf7be15ce,cfc49d2c-a367-40e3-8b51-ba9dd4ba5958,c3859c82-3451-460a-a8af-f55240f3fec9,24,400e4752-f236-4ca7-93e9-fd8ebee6735e,S Chaurasiya,10,0,6,3,0,1,5.12
62b1157c-fd98-4bdf-821a-adb2f3622f43,1dccddd6-dd31-4d8a-a120-3f0cf7be15ce,cfc49d2c-a367-40e3-8b51-ba9dd4ba5958,c3859c82-3451-460a-a8af-f55240f3fec9,25,71ca36a8-b853-449e-b7fd-ac601222e885,K Nallepalli,5,0,6,0,0,1,5.12
62b1157c-fd98-4bdf-821a-adb2f3622f43,1dccddd6-dd31-4d8a-a120-3f0cf7be15ce,cfc49d2c-a367-40e3-8b51-ba9dd4ba5958,c3859c82-3451-460a-a8af-f55240f3fec9,26,400e4752-f236-4ca7-93e9-fd8ebee6735e,S Chaurasiya,6,1,6,1,0,0,5.15
62b1157c-fd98-4bdf-821a-adb2f3622f43,1dccddd6-dd31-4d8a-a120-3f0cf7be15ce,cfc49d2c-a367-40e3-8b51-ba9dd4ba5958,c3859c82-3451-460a-a8af-f55240f3fec9,27,ef15fcc4-a2d8-47af-af3f-9c4391db7c4a,S Gill,1,1,6,1,0,0,5.0
62b1157c-fd98-4bdf-821a-adb2f3622f43,1dccddd6-dd31-4d8a-a120-3f0cf7be15ce,cfc49d2c-a367-40e3-8b51-ba9dd4ba5958,c3859c82-3451-460a-a8af-f55240f3fec9,28,400e4752-f236-4ca7-93e9-fd8ebee6735e,S Chaurasiya,2,1,6,0,0,0,4.9
62b1157c-fd98-4bdf-821a-adb2f3622f43,1dccddd6-dd31-4d8a-a120-3f0cf7be15ce,cfc49d2c-a367-40e3-8b51-ba9dd4ba5958,c3859c82-3451-460a-a8af-f55240f3fec9,29,ef15fcc4-a2d8-47af-af3f-9c4391db7c4a,S Gill,0,2,6,0,0,0,4.73
62b1157c-fd98-4bdf-821a-adb2f3622f43,1dccddd6-dd31-4d8a-a120-3f0cf7be15ce,cfc49d2c-a367-40e3-8b51-ba9dd4ba5958,c3859c82-3451-460a-a8af-f55240f3fec9,30,400e4752-f236-4ca7-93e9-fd8ebee6735e,S Chaurasiya,3,0,6,1,0,0,4.68
62b1157c-fd98-4bdf-821a-adb2f3622f43,1dccddd6-dd31-4d8a-a120-3f0cf7be15ce,cfc49d2c-a367-40e3-8b51-ba9dd4ba5958,c3859c82-3451-460a-a8af-f55240f3fec9,31,ef15fcc4-a2d8-47af-af3f-9c4391db7c4a,S Gill,4,0,6,0,0,0,4.66
62b1157c-fd98-4bdf-821a-adb2f3622f43,1dccddd6-dd31-4d8a-a120-3f0cf7be15ce,cfc49d2c-a367-40e3-8b51-ba9dd4ba5958,c3859c82-3451-460a-a8af-f55240f3fec9,32,17d58ef7-cae1-444e-adba-71c74067872b,P Rahate,5,0,6,0,0,0,4.67
62b1157c-fd98-4bdf-821a-adb2f3622f43,1dccddd6-dd31-4d8a-a120-3f0cf7be15ce,cfc49d2c-a367-40e3-8b51-ba9dd4ba5958,c3859c82-3451-460a-a8af-f55240f3fec9,33,400e4752-f236-4ca7-93e9-fd8ebee6735e,S Chaurasiya,4,1,3,0,0,1,4.72
62b1157c-fd98-4bdf-821a-adb2f3622f43,9392cade-029a-4191-9c0d-fca5fc219226,c3859c82-3451-460a-a8af-f55240f3fec9,cfc49d2c-a367-40e3-8b51-ba9dd4ba5958,0,32879053-ac54-40b3-846f-30b526fbd46d,S Mothe,4,0,6,0,0,0,4.0
62b1157c-fd98-4bdf-821a-adb2f3622f43,9392cade-029a-4191-9c0d-fca5fc219226,c3859c82-3451-460a-a8af-f55240f3fec9,cfc49d2c-a367-40e3-8b51-ba9dd4ba5958,1,a7ec3098-caaf-4777-9ef1-508a80d5408b,K Peddagolla,1,0,6,1,0,0,2.5
62b1157c-fd98-4bdf-821a-adb2f3622f43,9392cade-029a-4191-9c0d-fca5fc219226,c3859c82-3451-460a-a8af-f55240f3fec9,cfc49d2c-a367-40e3-8b51-ba9dd4ba5958,2,32879053-ac54-40b3-846f-30b526fbd46d,S Mothe,4,0,6,1,0,0,3.0
62b1157c-fd98-4bdf-821a-adb2f3622f43,9392cade-029a-4191-9c0d-fca5fc219226,c3859c82-3451-460a-a8af-f55240f3fec9,cfc49d2c-a367-40e3-8b51-ba9dd4ba5958,3,a7ec3098-caaf-4777-9ef1-508a80d5408b,K Peddagolla,3,0,6,0,0,0,3.0
62b1157c-fd98-4bdf-821a-adb2f3622f43,9392cade-029a-4191-9c0d-fca5fc219226,c3859c82-3451-460a-a8af-f55240f3fec9,cfc49d2c-a367-40e3-8b51-ba9dd4ba5958,4,32879053-ac54-40b3-846f-30b526fbd46d,S Mothe,2,1,6,1,0,0,2.8
62b1157c-fd98-4bdf-821a-adb2f3622f43,9392cade-029a-4191-9c0d-fca5fc219226,c3859c82-3451-460a-a8af-f55240f3fec9,cfc49d2c-a367-40e3-8b51-ba9dd4ba5958,5,a7ec3098-caaf-4777-9ef1-508a80d5408b,K Peddagolla,3,0,6,0,0,0,2.83
62b1157c-fd98-4bdf-821a-adb2f3622f43,9392cade-029a-4191-9c0d-fca5fc219226,c3859c82-3451-460a-a8af-f55240f3fec9,cfc49d2c-a367-40e3-8b51-ba9dd4ba5958,6,32879053-ac54-40b3-846f-30b526fbd46d,S Mothe,2,1,6,2,0,0,3.29
62b1157c-fd98-4bdf-821a-adb2f3622f43,9392cade-029a-4191-9c0d-fca5fc219226,c3859c82-3451-460a-a8af-f55240f3fec9,cfc49d2c-a367-40e3-8b51-ba9dd4ba5958,7,a7ec3098-caaf-4777-9ef1-508a80d5408b,K Peddagolla,3,0,6,3,0,0,3.25
62b1157c-fd98-4bdf-821a-adb2f3622f43,9392cade-029a-4191-9c0d-fca5fc219226,c3859c82-3451-460a-a8af-f55240f3fec9,cfc49d2c-a367-40e3-8b51-ba9dd4ba5958,8,a7763984-cfdd-4af7-a5a0-352b5bad3091,C Koudampally,13,0,6,4,0,1,4.33
62b1157c-fd98-4bdf-821a-adb2f3622f43,9392cade-029a-4191-9c0d-fca5fc219226,c3859c82-3451-460a-a8af-f55240f3fec9,cfc49d2c-a367-40e3-8b51-ba9dd4ba5958,9,a7ec3098-caaf-4777-9ef1-508a80d5408b,K Peddagolla,3,1,6,1,0,0,4.2
62b1157c-fd98-4bdf-821a-adb2f3622f43,9392cade-029a-4191-9c0d-fca5fc219226,c3859c82-3451-460a-a8af-f55240f3fec9,cfc49d2c-a367-40e3-8b51-ba9dd4ba5958,10,e32163e9-8d15-4171-8a16-b0400369a2bb,S Paudel,5,0,6,1,0,0,4.27
62b1157c-fd98-4bdf-821a-adb2f3622f43,9392cade-029a-4191-9c0d-fca5fc219226,c3859c82-3451-460a-a8af-f55240f3fec9,cfc49d2c-a367-40e3-8b51-ba9dd4ba5958,11,a7763984-cfdd-4af7-a5a0-352b5bad3091,C Koudampally,8,0,6,2,1,0,4.58
62b1157c-fd98-4bdf-821a-adb2f3622f43,9392cade-029a-4191-9c0d-fca5fc219226,c3859c82-3451-460a-a8af-f55240f3fec9,cfc49d2c-a367-40e3-8b51-ba9dd4ba5958,12,e32163e9-8d15-4171-8a16-b0400369a2bb,S Paudel,2,0,6,0,0,0,4.38
62b1157c-fd98-4bdf-821a-adb2f3622f43,9392cade-029a-4191-9c0d-fca5fc219226,c3859c82-3451-460a-a8af-f55240f3fec9,cfc49d2c-a367-40e3-8b51-ba9dd4ba5958,13,a7763984-cfdd-4af7-a5a0-352b5bad3091,C Koudampally,1,0,6,1,0,0,4.14
62b1157c-fd98-4bdf-821a-adb2f3622f43,9392cade-029a-4191-9c0d-fca5fc219226,c3859c82-3451-460a-a8af-f55240f3fec9,cfc49d2c-a367-40e3-8b51-ba9dd4ba5958,14,e32163e9-8d15-4171-8a16-b0400369a2bb,S Paudel,6,1,6,3,0,0,4.27
62b1157c-fd98-4bdf-821a-adb2f3622f43,9392cade-029a-4191-9c0d-fca5fc219226,c3859c82-3451-460a-a8af-f55240f3fec9,cfc49d2c-a367-40e3-8b51-ba9dd4ba5958,15,a7763984-cfdd-4af7-a5a0-352b5bad3091,C Koudampally,8,0,6,2,1,1,4.5
62b1157c-fd98-4bdf-821a-adb2f3622f43,9392cade-029a-4191-9c0d-fca5fc219226,c3859c82-3451-460a-a8af-f55240f3fec9,cfc49d2c-a367-40e3-8b51-ba9dd4ba5958,16,cb2ec6dd-d0e1-4be7-b6c8-debc48bd7dbc,C Miryala,5,0,6,2,0,0,4.53
62b1157c-fd98-4bdf-821a-adb2f3622f43,9392cade-029a-4191-9c0d-fca5fc219226,c3859c82-3451-460a-a8af-f55240f3fec9,cfc49d2c-a367-40e3-8b51-ba9dd4ba5958,17,d22eb494-e6b9-4d34-aeb0-da8254abd5e4,A Madagoni,10,0,6,7,0,0,4.83
62b1157c-fd98-4bdf-821a-adb2f3622f43,9392cade-029a-4191-9c0d-fca5fc219226,c3859c82-3451-460a-a8af-f55240f3fec9,cfc49d2c-a367-40e3-8b51-ba9dd4ba5958,18,32879053-ac54-40b3-846f-30b526fbd46d,S Mothe,6,0,6,1,0,0,4.89
62b1157c-fd98-4bdf-821a-adb2f3622f43,9392cade-029a-4191-9c0d-fca5fc219226,c3859c82-3451-460a-a8af-f55240f3fec9,cfc49d2c-a367-40e3-8b51-ba9dd4ba5958,19,a7ec3098-caaf-4777-9ef1-508a80d5408b,K Peddagolla,3,0,6,0,0,0,4.8
62b1157c-fd98-4bdf-821a-adb2f3622f43,9392cade-029a-4191-9c0d-fca5fc219226,c3859c82-3451-460a-a8af-f55240f3fec9,cfc49d2c-a367-40e3-8b51-ba9dd4ba5958,20,32879053-ac54-40b3-846f-30b526fbd46d,S Mothe,0,2,6,0,0,0,4.57
62b1157c-fd98-4bdf-821a-adb2f3622f43,9392cade-029a-4191-9c0d-fca5fc219226,c3859c82-3451-460a-a8af-f55240f3fec9,cfc49d2c-a367-40e3-8b51-ba9dd4ba5958,21,a7ec3098-caaf-4777-9ef1-508a80d5408b,K Peddagolla,2,0,6,1,1,0,4.45
62b1157c-fd98-4bdf-821a-adb2f3622f43,9392cade-029a-4191-9c0d-fca5fc219226,c3859c82-3451-460a-a8af-f55240f3fec9,cfc49d2c-a367-40e3-8b51-ba9dd4ba5958,22,32879053-ac54-40b3-846f-30b526fbd46d,S Mothe,3,0,6,1,0,0,4.39
62b1157c-fd98-4bdf-821a-adb2f3622f43,9392cade-029a-4191-9c0d-fca5fc219226,c3859c82-3451-460a-a8af-f55240f3fec9,cfc49d2c-a367-40e3-8b51-ba9dd4ba5958,23,e32163e9-8d15-4171-8a16-b0400369a2bb,S Paudel,4,1,6,2,0,0,4.38
62b1157c-fd98-4bdf-821a-adb2f3622f43,9392cade-029a-4191-9c0d-fca5fc219226,c3859c82-3451-460a-a8af-f55240f3fec9,cfc49d2c-a367-40e3-8b51-ba9dd4ba5958,24,16d52855-c88c-4f9c-b30b-590be818bf7e,L Nisankarrao,6,0,6,0,0,1,4.44
62b1157c-fd98-4bdf-821a-adb2f3622f43,9392cade-029a-4191-9c0d-fca5fc219226,c3859c82-3451-460a-a8af-f55240f3fec9,cfc49d2c-a367-40e3-8b51-ba9dd4ba5958,25,cb2ec6dd-d0e1-4be7-b6c8-debc48bd7dbc,C Miryala,10,0,6,1,0,1,4.65
62b1157c-fd98-4bdf-821a-adb2f3622f43,9392cade-029a-4191-9c0d-fca5fc219226,c3859c82-3451-460a-a8af-f55240f3fec9,cfc49d2c-a367-40e3-8b51-ba9dd4ba5958,26,2375d52f-918a-4308-867d-effea2e49a4d,Z Shaik,3,1,6,3,0,0,4.59
62b1157c-fd98-4bdf-821a-adb2f3622f43,9392cade-029a-4191-9c0d-fca5fc219226,c3859c82-3451-460a-a8af-f55240f3fec9,cfc49d2c-a367-40e3-8b51-ba9dd4ba5958,27,16d52855-c88c-4f9c-b30b-590be818bf7e,L Nisankarrao,4,0,6,0,0,0,4.57
62b1157c-fd98-4bdf-821a-adb2f3622f43,9392cade-029a-4191-9c0d-fca5fc219226,c3859c82-3451-460a-a8af-f55240f3fec9,cfc49d2c-a367-40e3-8b51-ba9dd4ba5958,28,2375d52f-918a-4308-867d-effea2e49a4d,Z Shaik,7,0,6,0,0,1,4.66
62b1157c-fd98-4bdf-821a-adb2f3622f43,9392cade-029a-4191-9c0d-fca5fc219226,c3859c82-3451-460a-a8af-f55240f3fec9,cfc49d2c-a367-40e3-8b51-ba9dd4ba5958,29,a7763984-cfdd-4af7-a5a0-352b5bad3091,C Koudampally,7,0,6,2,0,0,4.73
62b1157c-fd98-4bdf-821a-adb2f3622f43,9392cade-029a-4191-9c0d-fca5fc219226,c3859c82-3451-460a-a8af-f55240f3fec9,cfc49d2c-a367-40e3-8b51-ba9dd4ba5958,30,2375d52f-918a-4308-867d-effea2e49a4d,Z Shaik,10,1,6,5,0,1,4.9
62b1157c-fd98-4bdf-821a-adb2f3622f43,9392cade-029a-4191-9c0d-fca5fc219226,c3859c82-3451-460a-a8af-f55240f3fec9,cfc49d2c-a367-40e3-8b51-ba9dd4ba5958,31,16d52855-c88c-4f9c-b30b-590be818bf7e,L Nisankarrao,7,0,6,1,0,1,4.97
b2cc8f38-8964-4a3c-a16c-de616b09301f,424de2cb-d700-49c9-9502-2d0af91f6e9a,c3859c82-3451-460a-a8af-f55240f3fec9,cfc49d2c-a367-40e3-8b51-ba9dd4ba5958,0,32879053-ac54-40b3-846f-30b526fbd46d,S Mothe,1,0,6,0,0,0,1.0
b2cc8f38-8964-4a3c-a16c-de616b09301f,424de2cb-d700-49c9-9502-2d0af91f6e9a,c3859c82-3451-460a-a8af-f55240f3fec9,cfc49d2c-a367-40e3-8b51-ba9dd4ba5958,1,a7ec3098-caaf-4777-9ef1-508a80d5408b,K Peddagolla,5,0,6,2,0,0,3.0
b2cc8f38-8964-4a3c-a16c-de616b09301f,424de2cb-d700-49c9-9502-2d0af91f6e9a,c3859c82-3451-460a-a8af-f55240f3fec9,cfc49d2c-a367-40e3-8b51-ba9dd4ba5958,2,32879053-ac54-40b3-846f-30b526fbd46d,S Mothe,1,1,6,1,0,0,2.33
b2cc8f38-8964-4a3c-a16c-de616b09301f,424de2cb-d700-49c9-9502-2d0af91f6e9a,c3859c82-3451-460a-a8af-f55240f3fec9,cfc49d2c-a367-40e3-8b51-ba9dd4ba5958,3,a7ec3098-caaf-4777-9ef1-508a80d5408b,K Peddagolla,8,0,6,0,0,1,3.75
b2cc8f38-8964-4a3c-a16c-de616b09301f,424de2cb-d700-49c9-9502-2d0af91f6e9a,c3859c82-3451-460a-a8af-f55240f3fec9,cfc49d2c-a367-40e3-8b51-ba9dd4ba5958,4,32879053-ac54-40b3-846f-30b526fbd46d,S Mothe,1,0,6,0,0,0,3.2
b2cc8f38-8964-4a3c-a16c-de616b09301f,424de2cb-d700-49c9-9502-2d0af91f6e9a,c3859c82-3451-460a-a8af-f55240f3fec9,cfc49d2c-a367-40e3-8b51-ba9dd4ba5958,5,a7ec3098-caaf-4777-9ef1-508a80d5408b,K Peddagolla,0,0,6,0,0,0,2.67
b2cc8f38-8964-4a3c-a16c-de616b09301f,424de2cb-d700-49c9-9502-2d0af91f6e9a,c3859c82-3451-460a-a8af-f55240f3fec9,cfc49d2c-a367-40e3-8b51-ba9dd4ba5958,6,32879053-ac54-40b3-846f-30b526fbd46d,S Mothe,3,0,6,0,0,0,2.71
b2cc8f38-8964-4a3c-a16c-de616b09301f,424de2cb-d700-49c9-9502-2d0af91f6e9a,c3859c82-3451-460a-a8af-f55240f3fec9,cfc49d2c-a367-40e3-8b51-ba9dd4ba5958,7,5306a709-ad82-40b4-b82d-8f5cf37db1f6,S Monapati,2,0,6,1,0,0,2.62
b2cc8f38-8964-4a3c-a16c-de616b09301f,424de2cb-d700-49c9-9502-2d0af91f6e9a,c3859c82-3451-460a-a8af-f55240f3fec9,cfc49d2c-a367-40e3-8b51-ba9dd4ba5958,8,a7763984-cfdd-4af7-a5a0-352b5bad3091,C Koudampally,3,0,6,0,0,0,2.67
b2cc8f38-8964-4a3c-a16c-de616b09301f,424de2cb-d700-49c9-9502-2d0af91f6e9a,c3859c82-3451-460a-a8af-f55240f3fec9,cfc49d2c-a367-40e3-8b51-ba9dd4ba5958,9,5306a709-ad82-40b4-b82d-8f5cf37db1f6,S Monapati,1,0,6,1,0,0,2.5
b2cc8f38-8964-4a3c-a16c-de616b09301f,424de2cb-d700-49c9-9502-2d0af91f6e9a,c3859c82-3451-460a-a8af-f55240f3fec9,cfc49d2c-a367-40e3-8b51-ba9dd4ba5958,10,a7763984-cfdd-4af7-a5a0-352b5bad3091,C Koudampally,0,0,6,0,0,0,2.27
b2cc8f38-8964-4a3c-a16c-de616b09301f,424de2cb-d700-49c9-9502-2d0af91f6e9a,c3859c82-3451-460a-a8af-f55240f3fec9,cfc49d2c-a367-40e3-8b51-ba9dd4ba5958,11,5306a709-ad82-40b4-b82d-8f5cf37db1f6,S Monapati,0,0,6,0,0,0,2.08
b2cc8f38-8964-4a3c-a16c-de616b09301f,424de2cb-d700-49c9-9502-2d0af91f6e9a,c3859c82-3451-460a-a8af-f55240f3fec9,cfc49d2c-a367-40e3-8b51-ba9dd4ba5958,12,a7763984-cfdd-4af7-a5a0-352b5bad3091,C Koudampally,2,0,6,0,0,0,2.08
b2cc8f38-8964-4a3c-a16c-de616b09301f,424de2cb-d700-49c9-9502-2d0af91f6e9a,c3859c82-3451-460a-a8af-f55240f3fec9,cfc49d2c-a367-40e3-8b51-ba9dd4ba5958,13,5306a709-ad82-40b4-b82d-8f5cf37db1f6,S Monapati,1,0,6,1,0,0,2.0
b2cc8f38-8964-4a3c-a16c-de616b09301f,424de2cb-d700-49c9-9502-2d0af91f6e9a,c3859c82-3451-460a-a8af-f55240f3fec9,cfc49d2c-a367-40e3-8b51-ba9dd4ba5958,14,a7763984-cfdd-4af7-a5a0-352b5bad3091,C Koudampally,4,0,6,0,0,0,2.13
b2cc8f38-8964-4a3c-a16c-de616b09301f,424de2cb-d700-49c9-9502-2d0af91f6e9a,c3859c82-3451-460a-a8af-f55240f3fec9,cfc49d2c-a367-40e3-8b51-ba9dd4ba5958,15,a7ec3098-caaf-4777-9ef1-508a80d5408b,K Peddagolla,1,0,6,0,0,0,2.06
b2cc8f38-8964-4a3c-a16c-de616b09301f,424de2cb-d700-49c9-9502-2d0af91f6e9a,c3859c82-3451-460a-a8af-f55240f3fec9,cfc49d2c-a367-40e3-8b51-ba9dd4ba5958,16,2375d52f-918a-4308-867d-effea2e49a4d,Z Shaik,0,0,6,0,0,0,1.94
b2cc8f38-8964-4a3c-a16c-de616b09301f,424de2cb-d700-49c9-9502-2d0af91f6e9a,c3859c82-3451-460a-a8af-f55240f3fec9,cfc49d2c-a367-40e3-8b51-ba9dd4ba5958,17,32879053-ac54-40b3-846f-30b526fbd46d,S Mothe,1,0,6,1,0,0,1.89
b2cc8f38-8964-4a3c-a16c-de616b09301f,424de2cb-d700-49c9-9502-2d0af91f6e9a,c3859c82-3451-460a-a8af-f55240f3fec9,cfc49d2c-a367-40e3-8b51-ba9dd4ba5958,18,2375d52f-918a-4308-867d-effea2e49a4d,Z Shaik,1,0,6,0,0,0,1.84
b2cc8f38-8964-4a3c-a16c-de616b09301f,424de2cb-d700-49c9-9502-2d0af91f6e9a,c3859c82-3451-460a-a8af-f55240f3fec9,cfc49d2c-a367-40e3-8b51-ba9dd4ba5958,19,32879053-ac54-40b3-846f-30b526fbd46d,S Mothe,1,0,6,0,0,0,1.8
b2cc8f38-8964-4a3c-a16c-de616b09301f,424de2cb-d700-49c9-9502-2d0af91f6e9a,c3859c82-3451-460a-a8af-f55240f3fec9,cfc49d2c-a367-40e3-8b51-ba9dd4ba5958,20,2375d52f-918a-4308-867d-effea2e49a4d,Z Shaik,0,0,6,0,0,0,1.71
b2cc8f38-8964-4a3c-a16c-de616b09301f,424de2cb-d700-49c9-9502-2d0af91f6e9a,c3859c82-3451-460a-a8af-f55240f3fec9,cfc49d2c-a367-40e3-8b51-ba9dd4ba5958,21,6a4be365-bcb9-4cb8-a77c-da2752ad959a,M Shaik,0,0,6,0,0,0,1.64
b2cc8f38-8964-4a3c-a16c-de616b09301f,424de2cb-d700-49c9-9502-2d0af91f6e9a,c3859c82-3451-460a-a8af-f55240f3fec9,cfc49d2c-a367-40e3-8b51-ba9dd4ba5958,22,2375d52f-918a-4308-867d-effea2e49a4d,Z Shaik,2,0,6,0,0,0,1.65
b2cc8f38-8964-4a3c-a16c-de616b09301f,424de2cb-d700-49c9-9502-2d0af91f6e9a,c3859c82-3451-460a-a8af-f55240f3fec9,cfc49d2c-a367-40e3-8b51-ba9dd4ba5958,23,6a4be365-bcb9-4cb8-a77c-da2752ad959a,M Shaik,4,0,6,0,0,1,1.75
b2cc8f38-8964-4a3c-a16c-de616b09301f,424de2cb-d700-49c9-9502-2d0af91f6e9a,c3859c82-3451-460a-a8af-f55240f3fec9,cfc49d2c-a367-40e3-8b51-ba9dd4ba5958,24,2375d52f-918a-4308-867d-effea2e49a4d,Z Shaik,2,0,6,1,0,0,1.76
b2cc8f38-8964-4a3c-a16c-de616b09301f,424de2cb-d700-49c9-9502-2d0af91f6e9a,c3859c82-3451-460a-a8af-f55240f3fec9,cfc49d2c-a367-40e3-8b51-ba9dd4ba5958,25,6a4be365-bcb9-4cb8-a77c-da2752ad959a,M Shaik,0,0,6,0,0,0,1.69
b2cc8f38-8964-4a3c-a16c-de616b09301f,424de2cb-d700-49c9-9502-2d0af91f6e9a,c3859c82-3451-460a-a8af-f55240f3fec9,cfc49d2c-a367-40e3-8b51-ba9dd4ba5958,26,a7763984-cfdd-4af7-a5a0-352b5bad3091,C Koudampally,4,0,6,0,0,1,1.78
b2cc8f38-8964-4a3c-a16c-de616b09301f,424de2cb-d700-49c9-9502-2d0af91f6e9a,c3859c82-3451-460a-a8af-f55240f3fec9,cfc49d2c-a367-40e3-8b51-ba9dd4ba5958,27,6a4be365-bcb9-4cb8-a77c-da2752ad959a,M Shaik,2,0,6,1,0,0,1.79
b2cc8f38-8964-4a3c-a16c-de616b09301f,424de2cb-d700-49c9-9502-2d0af91f6e9a,c3859c82-3451-460a-a8af-f55240f3fec9,cfc49d2c-a367-40e3-8b51-ba9dd4ba5958,28,a7763984-cfdd-4af7-a5a0-352b5bad3091,C Koudampally,7,0,6,0,0,0,2.0
b2cc8f38-8964-4a3c-a16c-de616b09301f,424de2cb-d700-49c9-9502-2d0af91f6e9a,c3859c82-3451-460a-a8af-f55240f3fec9,cfc49d2c-a367-40e3-8b51-ba9dd4ba5958,29,6a4be365-bcb9-4cb8-a77c-da2752ad959a,M Shaik,0,0,6,0,0,0,1.93
b2cc8f38-8964-4a3c-a16c-de616b09301f,424de2cb-d700-49c9-9502-2d0af91f6e9a,c3859c82-3451-460a-a8af-f55240f3fec9,cfc49d2c-a367-40e3-8b51-ba9dd4ba5958,30,16d52855-c88c-4f9c-b30b-590be818bf7e,L Nisankarrao,3,0,6,0,1,0,1.97
b2cc8f38-8964-4a3c-a16c-de616b09301f,424de2cb-d700-49c9-9502-2d0af91f6e9a,c3859c82-3451-460a-a8af-f55240f3fec9,cfc49d2c-a367-40e3-8b51-ba9dd4ba5958,31,6a4be365-bcb9-4cb8-a77c-da2752ad959a,M Shaik,4,1,6,0,0,1,2.03
b2cc8f38-8964-4a3c-a16c-de616b09301f,424de2cb-d700-49c9-9502-2d0af91f6e9a,c3859c82-3451-460a-a8af-f55240f3fec9,cfc49d2c-a367-40e3-8b51-ba9dd4ba5958,32,16d52855-c88c-4f9c-b30b-590be818bf7e,L Nisankarrao,3,0,6,0,0,0,2.06
b2cc8f38-8964-4a3c-a16c-de616b09301f,424de2cb-d700-49c9-9502-2d0af91f6e9a,c3859c82-3451-460a-a8af-f55240f3fec9,cfc49d2c-a367-40e3-8b51-ba9dd4ba5958,33,6a4be365-bcb9-4cb8-a77c-da2752ad959a,M Shaik,2,0,6,0,0,0,2.06
b2cc8f38-8964-4a3c-a16c-de616b09301f,424de2cb-d700-49c9-9502-2d0af91f6e9a,c3859c82-3451-460a-a8af-f55240f3fec9,cfc49d2c-a367-40e3-8b51-ba9dd4ba5958,34,16d52855-c88c-4f9c-b30b-590be818bf7e,L Nisankarrao,4,0,6,0,0,1,2.11
b2cc8f38-8964-4a3c-a16c-de616b09301f,424de2cb-d700-49c9-9502-2d0af91f6e9a,c3859c82-3451-460a-a8af-f55240f3fec9,cfc49d2c-a367-40e3-8b51-ba9dd4ba5958,35,6a4be365-bcb9-4cb8-a77c-da2752ad959a,M Shaik,4,0,6,2,0,0,2.17
b2cc8f38-8964-4a3c-a16c-de616b09301f,424de2cb-d700-49c9-9502-2d0af91f6e9a,c3859c82-3451-460a-a8af-f55240f3fec9,cfc49d2c-a367-40e3-8b51-ba9dd4ba5958,36,5306a709-ad82-40b4-b82d-8f5cf37db1f6,S Monapati,6,0,6,0,0,1,2.27
b2cc8f38-8964-4a3c-a16c-de616b09301f,424de2cb-d700-49c9-9502-2d0af91f6e9a,c3859c82-3451-460a-a8af-f55240f3fec9,cfc49d2c-a367-40e3-8b51-ba9dd4ba5958,37,2375d52f-918a-4308-867d-effea2e49a4d,Z Shaik,0,0,6,0,0,0,2.21
b2cc8f38-8964-4a3c-a16c-de616b09301f,424de2cb-d700-49c9-9502-2d0af91f6e9a,c3859c82-3451-460a-a8af-f55240f3fec9,cfc49d2c-a367-40e3-8b51-ba9dd4ba5958,38,5306a709-ad82-40b4-b82d-8f5cf37db1f6,S Monapati,0,0,6,0,0,0,2.15
b2cc8f38-8964-4a3c-a16c-de616b09301f,424de2cb-d700-49c9-9502-2d0af91f6e9a,c3859c82-3451-460a-a8af-f55240f3fec9,cfc49d2c-a367-40e3-8b51-ba9dd4ba5958,39,2375d52f-918a-4308-867d-effea2e49a4d,Z Shaik,3,1,6,0,0,0,2.17
b2cc8f38-8964-4a3c-a16c-de616b09301f,424de2cb-d700-49c9-9502-2d0af91f6e9a,c3859c82-3451-460a-a8af-f55240f3fec9,cfc49d2c-a367-40e3-8b51-ba9dd4ba5958,40,5306a709-ad82-40b4-b82d-8f5cf37db1f6,S Monapati,4,1,6,0,0,1,2.22
b2cc8f38-8964-4a3c-a16c-de616b09301f,424de2cb-d700-49c9-9502-2d0af91f6e9a,c3859c82-3451-460a-a8af-f55240f3fec9,cfc49d2c-a367-40e3-8b51-ba9dd4ba5958,41,2375d52f-918a-4308-867d-effea2e49a4d,Z Shaik,11,1,6,0,0,2,2.43
b2cc8f38-8964-4a3c-a16c-de616b09301f,424de2cb-d700-49c9-9502-2d0af91f6e9a,c3859c82-3451-460a-a8af-f55240f3fec9,cfc49d2c-a367-40e3-8b51-ba9dd4ba5958,42,5306a709-ad82-40b4-b82d-8f5cf37db1f6,S Monapati,7,0,6,2,1,1,2.53
b2cc8f38-8964-4a3c-a16c-de616b09301f,424de2cb-d700-49c9-9502-2d0af91f6e9a,c3859c82-3451-460a-a8af-f55240f3fec9,cfc49d2c-a367-40e3-8b51-ba9dd4ba5958,43,2375d52f-918a-4308-867d-effea2e49a4d,Z Shaik,5,0,6,0,0,0,2.59
b2cc8f38-8964-4a3c-a16c-de616b09301f,424de2cb-d700-49c9-9502-2d0af91f6e9a,c3859c82-3451-460a-a8af-f55240f3fec9,cfc49d2c-a367-40e3-8b51-ba9dd4ba5958,44,a7763984-cfdd-4af7-a5a0-352b5bad3091,C Koudampally,4,0,6,0,0,1,2.62
b2cc8f38-8964-4a3c-a16c-de616b09301f,424de2cb-d700-49c9-9502-2d0af91f6e9a,c3859c82-3451-460a-a8af-f55240f3fec9,cfc49d2c-a367-40e3-8b51-ba9dd4ba5958,45,32879053-ac54-40b3-846f-30b526fbd46d,S Mothe,5,0,6,0,1,0,2.67
b2cc8f38-8964-4a3c-a16c-de616b09301f,424de2cb-d700-49c9-9502-2d0af91f6e9a,c3859c82-3451-460a-a8af-f55240f3fec9,cfc49d2c-a367-40e3-8b51-ba9dd4ba5958,46,a7763984-cfdd-4af7-a5a0-352b5bad3091,C Koudampally,2,0,6,1,0,0,2.66
b2cc8f38-8964-4a3c-a16c-de616b09301f,424de2cb-d700-49c9-9502-2d0af91f6e9a,c3859c82-3451-460a-a8af-f55240f3fec9,cfc49d2c-a367-40e3-8b51-ba9dd4ba5958,47,a7ec3098-caaf-4777-9ef1-508a80d5408b,K Peddagolla,5,0,6,3,1,0,2.71
b2cc8f38-8964-4a3c-a16c-de616b09301f,424de2cb-d700-49c9-9502-2d0af91f6e9a,c3859c82-3451-460a-a8af-f55240f3fec9,cfc49d2c-a367-40e3-8b51-ba9dd4ba5958,48,a7763984-cfdd-4af7-a5a0-352b5bad3091,C Koudampally,0,0,6,0,0,0,2.65
b2cc8f38-8964-4a3c-a16c-de616b09301f,424de2cb-d700-49c9-9502-2d0af91f6e9a,c3859c82-3451-460a-a8af-f55240f3fec9,cfc49d2c-a367-40e3-8b51-ba9dd4ba5958,49,32879053-ac54-40b3-846f-30b526fbd46d,S Mothe,0,0,6,0,0,0,2.6
b2cc8f38-8964-4a3c-a16c-de616b09301f,424de2cb-d700-49c9-9502-2d0af91f6e9a,c3859c82-3451-460a-a8af-f55240f3fec9,cfc49d2c-a367-40e3-8b51-ba9dd4ba5958,50,a7763984-cfdd-4af7-a5a0-352b5bad3091,C Koudampally,5,0,6,0,0,1,2.65
b2cc8f38-8964-4a3c-a16c-de616b09301f,424de2cb-d700-49c9-9502-2d0af91f6e9a,c3859c82-3451-460a-a8af-f55240f3fec9,cfc49d2c-a367-40e3-8b51-ba9dd4ba5958,51,32879053-ac54-40b3-846f-30b526fbd46d,S Mothe,9,0,6,0,0,1,2.77
b2cc8f38-8964-4a3c-a16c-de616b09301f,424de2cb-d700-49c9-9502-2d0af91f6e9a,c3859c82-3451-460a-a8af-f55240f3fec9,cfc49d2c-a367-40e3-8b51-ba9dd4ba5958,52,a7763984-cfdd-4af7-a5a0-352b5bad3091,C Koudampally,6,0,6,0,0,1,2.83
b2cc8f38-8964-4a3c-a16c-de616b09301f,424de2cb-d700-49c9-9502-2d0af91f6e9a,c3859c82-3451-460a-a8af-f55240f3fec9,cfc49d2c-a367-40e3-8b51-ba9dd4ba5958,53,32879053-ac54-40b3-846f-30b526fbd46d,S Mothe,1,1,6,1,0,0,2.8
b2cc8f38-8964-4a3c-a16c-de616b09301f,424de2cb-d700-49c9-9502-2d0af91f6e9a,c3859c82-3451-460a-a8af-f55240f3fec9,cfc49d2c-a367-40e3-8b51-ba9dd4ba5958,54,5306a709-ad82-40b4-b82d-8f5cf37db1f6,S Monapati,0,1,6,0,0,0,2.75
b2cc8f38-8964-4a3c-a16c-de616b09301f,424de2cb-d700-49c9-9502-2d0af91f6e9a,c3859c82-3451-460a-a8af-f55240f3fec9,cfc49d2c-a367-40e3-8b51-ba9dd4ba5958,55,32879053-ac54-40b3-846f-30b526fbd46d,S Mothe,5,0,6,0,0,1,2.79
b2cc8f38-8964-4a3c-a16c-de616b09301f,424de2cb-d700-49c9-9502-2d0af91f6e9a,c3859c82-3451-460a-a8af-f55240f3fec9,cfc49d2c-a367-40e3-8b51-ba9dd4ba5958,56,5306a709-ad82-40b4-b82d-8f5cf37db1f6,S Monapati,4,1,6,0,0,0,2.81
b2cc8f38-8964-4a3c-a16c-de616b09301f,424de2cb-d700-49c9-9502-2d0af91f6e9a,c3859c82-3451-460a-a8af-f55240f3fec9,cfc49d2c-a367-40e3-8b51-ba9dd4ba5958,57,2375d52f-918a-4308-867d-effea2e49a4d,Z Shaik,2,0,6,0,0,0,2.79
b2cc8f38-8964-4a3c-a16c-de616b09301f,424de2cb-d700-49c9-9502-2d0af91f6e9a,c3859c82-3451-460a-a8af-f55240f3fec9,cfc49d2c-a367-40e3-8b51-ba9dd4ba5958,58,5306a709-ad82-40b4-b82d-8f5cf37db1f6,S Monapati,3,0,6,0,0,0,2.8
b2cc8f38-8964-4a3c-a16c-de616b09301f,424de2cb-d700-49c9-9502-2d0af91f6e9a,c3859c82-3451-460a-a8af-f55240f3fec9,cfc49d2c-a367-40e3-8b51-ba9dd4ba5958,59,2375d52f-918a-4308-867d-effea2e49a4d,Z Shaik,1,1,6,0,0,0,2.77
b2cc8f38-8964-4a3c-a16c-de616b09301f,424de2cb-d700-49c9-9502-2d0af91f6e9a,c3859c82-3451-460a-a8af-f55240f3fec9,cfc49d2c-a367-40e3-8b51-ba9dd4ba5958,60,5306a709-ad82-40b4-b82d-8f5cf37db1f6,S Monapati,4,0,6,0,0,0,2.79
b2cc8f38-8964-4a3c-a16c-de616b09301f,424de2cb-d700-49c9-9502-2d0af91f6e9a,c3859c82-3451-460a-a8af-f55240f3fec9,cfc49d2c-a367-40e3-8b51-ba9dd4ba5958,61,2375d52f-918a-4308-867d-effea2e49a4d,Z Shaik,0,1,3,0,0,0,2.76
b2cc8f38-8964-4a3c-a16c-de616b09301f,92f94bb8-49eb-4813-aaff-f8985627d887,cfc49d2c-a367-40e3-8b51-ba9dd4ba5958,c3859c82-3451-460a-a8af-f55240f3fec9,0,71ca36a8-b853-449e-b7fd-ac601222e885,K Nallepalli,5,0,6,0,0,0,5.0
b2cc8f38-8964-4a3c-a16c-de616b09301f,92f94bb8-49eb-4813-aaff-f8985627d887,cfc49d2c-a367-40e3-8b51-ba9dd4ba5958,c3859c82-3451-460a-a8af-f55240f3fec9,1,17d58ef7-cae1-444e-adba-71c74067872b,P Rahate,0,0,6,0,0,0,2.5
b2cc8f38-8964-4a3c-a16c-de616b09301f,92f94bb8-49eb-4813-aaff-f8985627d887,cfc49d2c-a367-40e3-8b51-ba9dd4ba5958,c3859c82-3451-460a-a8af-f55240f3fec9,2,71ca36a8-b853-449e-b7fd-ac601222e885,K Nallepalli,8,0,6,1,0,1,4.33
b2cc8f38-8964-4a3c-a16c-de616b09301f,92f94bb8-49eb-4813-aaff-f8985627d887,cfc49d2c-a367-40e3-8b51-ba9dd4ba5958,c3859c82-3451-460a-a8af-f55240f3fec9,3,17d58ef7-cae1-444e-adba-71c74067872b,P Rahate,5,0,6,1,0,1,4.5
b2cc8f38-8964-4a3c-a16c-de616b09301f,92f94bb8-49eb-4813-aaff-f8985627d887,cfc49d2c-a367-40e3-8b51-ba9dd4ba5958,c3859c82-3451-460a-a8af-f55240f3fec9,4,71ca36a8-b853-449e-b7fd-ac601222e885,K Nallepalli,5,0,6,0,0,1,4.6
b2cc8f38-8964-4a3c-a16c-de616b09301f,92f94bb8-49eb-4813-aaff-f8985627d887,cfc49d2c-a367-40e3-8b51-ba9dd4ba5958,c3859c82-3451-460a-a8af-f55240f3fec9,5,17d58ef7-cae1-444e-adba-71c74067872b,P Rahate,2,0,6,0,0,0,4.17
b2cc8f38-8964-4a3c-a16c-de616b09301f,92f94bb8-49eb-4813-aaff-f8985627d887,cfc49d2c-a367-40e3-8b51-ba9dd4ba5958,c3859c82-3451-460a-a8af-f55240f3fec9,6,71ca36a8-b853-449e-b7fd-ac601222e885,K Nallepalli,1,1,6,0,0,0,3.71
b2cc8f38-8964-4a3c-a16c-de616b09301f,92f94bb8-49eb-4813-aaff-f8985627d887,cfc49d2c-a367-40e3-8b51-ba9dd4ba5958,c3859c82-3451-460a-a8af-f55240f3fec9,7,17d58ef7-cae1-444e-adba-71c74067872b,P Rahate,1,0,6,0,0,0,3.38
b2cc8f38-8964-4a3c-a16c-de616b09301f,92f94bb8-49eb-4813-aaff-f8985627d887,cfc49d2c-a367-40e3-8b51-ba9dd4ba5958,c3859c82-3451-460a-a8af-f55240f3fec9,8,71ca36a8-b853-449e-b7fd-ac601222e885,K Nallepalli,1,1,6,0,0,0,3.11
b2cc8f38-8964-4a3c-a16c-de616b09301f,92f94bb8-49eb-4813-aaff-f8985627d887,cfc49d2c-a367-40e3-8b51-ba9dd4ba5958,c3859c82-3451-460a-a8af-f55240f3fec9,9,17d58ef7-cae1-444e-adba-71c74067872b,P Rahate,1,0,6,0,0,0,2.9
b2cc8f38-8964-4a3c-a16c-de616b09301f,92f94bb8-49eb-4813-aaff-f8985627d887,cfc49d2c-a367-40e3-8b51-ba9dd4ba5958,c3859c82-3451-460a-a8af-f55240f3fec9,10,71ca36a8-b853-449e-b7fd-ac601222e885,K Nallepalli,3,0,6,0,0,0,2.91
b2cc8f38-8964-4a3c-a16c-de616b09301f,92f94bb8-49eb-4813-aaff-f8985627d887,cfc49d2c-a367-40e3-8b51-ba9dd4ba5958,c3859c82-3451-460a-a8af-f55240f3fec9,11,17d58ef7-cae1-444e-adba-71c74067872b,P Rahate,0,0,6,0,0,0,2.67
b2cc8f38-8964-4a3c-a16c-de616b09301f,92f94bb8-49eb-4813-aaff-f8985627d887,cfc49d2c-a367-40e3-8b51-ba9dd4ba5958,c3859c82-3451-460a-a8af-f55240f3fec9,12,71ca36a8-b853-449e-b7fd-ac601222e885,K Nallepalli,0,1,6,0,0,0,2.46
b2cc8f38-8964-4a3c-a16c-de616b09301f,92f94bb8-49eb-4813-aaff-f8985627d887,cfc49d2c-a367-40e3-8b51-ba9dd4ba5958,c3859c82-3451-460a-a8af-f55240f3fec9,13,17d58ef7-cae1-444e-adba-71c74067872b,P Rahate,1,0,6,0,0,0,2.36
b2cc8f38-8964-4a3c-a16c-de616b09301f,92f94bb8-49eb-4813-aaff-f8985627d887,cfc49d2c-a367-40e3-8b51-ba9dd4ba5958,c3859c82-3451-460a-a8af-f55240f3fec9,14,71ca36a8-b853-449e-b7fd-ac601222e885,K Nallepalli,0,0,6,0,0,0,2.2
b2cc8f38-8964-4a3c-a16c-de616b09301f,92f94bb8-49eb-4813-aaff-f8985627d887,cfc49d2c-a367-40e3-8b51-ba9dd4ba5958,c3859c82-3451-460a-a8af-f55240f3fec9,15,17d58ef7-cae1-444e-adba-71c74067872b,P Rahate,2,1,6,0,0,0,2.19
b2cc8f38-8964-4a3c-a16c-de616b09301f,92f94bb8-49eb-4813-aaff-f8985627d887,cfc49d2c-a367-40e3-8b51-ba9dd4ba5958,c3859c82-3451-460a-a8af-f55240f3fec9,16,e76d9035-6b7f-48f7-8b69-e8b983e82080,J Sathiaseelan,1,0,6,0,0,0,2.12
b2cc8f38-8964-4a3c-a16c-de616b09301f,92f94bb8-49eb-4813-aaff-f8985627d887,cfc49d2c-a367-40e3-8b51-ba9dd4ba5958,c3859c82-3451-460a-a8af-f55240f3fec9,17,17d58ef7-cae1-444e-adba-71c74067872b,P Rahate,3,0,6,0,0,0,2.17
b2cc8f38-8964-4a3c-a16c-de616b09301f,92f94bb8-49eb-4813-aaff-f8985627d887,cfc49d2c-a367-40e3-8b51-ba9dd4ba5958,c3859c82-3451-460a-a8af-f55240f3fec9,18,e76d9035-6b7f-48f7-8b69-e8b983e82080,J Sathiaseelan,3,0,6,0,0,0,2.21
b2cc8f38-8964-4a3c-a16c-de616b09301f,92f94bb8-49eb-4813-aaff-f8985627d887,cfc49d2c-a367-40e3-8b51-ba9dd4ba5958,c3859c82-3451-460a-a8af-f55240f3fec9,19,17d58ef7-cae1-444e-adba-71c74067872b,P Rahate,2,0,6,0,0,0,2.2
b2cc8f38-8964-4a3c-a16c-de616b09301f,92f94bb8-49eb-4813-aaff-f8985627d887,cfc49d2c-a367-40e3-8b51-ba9dd4ba5958,c3859c82-3451-460a-a8af-f55240f3fec9,20,e76d9035-6b7f-48f7-8b69-e8b983e82080,J Sathiaseelan,1,0,6,0,0,0,2.14
b2cc8f38-8964-4a3c-a16c-de616b09301f,92f94bb8-49eb-4813-aaff-f8985627d887,cfc49d2c-a367-40e3-8b51-ba9dd4ba5958,c3859c82-3451-460a-a8af-f55240f3fec9,21,17d58ef7-cae1-444e-adba-71c74067872b,P Rahate,0,1,6,0,0,0,2.05
b2cc8f38-8964-4a3c-a16c-de616b09301f,92f94bb8-49eb-4813-aaff-f8985627d887,cfc49d2c-a367-40e3-8b51-ba9dd4ba5958,c3859c82-3451-460a-a8af-f55240f3fec9,22,e76d9035-6b7f-48f7-8b69-e8b983e82080,J Sathiaseelan,4,0,6,0,0,1,2.13
b2cc8f38-8964-4a3c-a16c-de616b09301f,92f94bb8-49eb-4813-aaff-f8985627d887,cfc49d2c-a367-40e3-8b51-ba9dd4ba5958,c3859c82-3451-460a-a8af-f55240f3fec9,23,17d58ef7-cae1-444e-adba-71c74067872b,P Rahate,2,0,6,0,0,0,2.12
b2cc8f38-8964-4a3c-a16c-de616b09301f,92f94bb8-49eb-4813-aaff-f8985627d887,cfc49d2c-a367-40e3-8b51-ba9dd4ba5958,c3859c82-3451-460a-a8af-f55240f3fec9,24,e76d9035-6b7f-48f7-8b69-e8b983e82080,J Sathiaseelan,6,0,6,0,0,1,2.28
b2cc8f38-8964-4a3c-a16c-de616b09301f,92f94bb8-49eb-4813-aaff-f8985627d887,cfc49d2c-a367-40e3-8b51-ba9dd4ba5958,c3859c82-3451-460a-a8af-f55240f3fec9,25,400e4752-f236-4ca7-93e9-fd8ebee6735e,S Chaurasiya,4,0,6,0,0,1,2.35
b2cc8f38-8964-4a3c-a16c-de616b09301f,92f94bb8-49eb-4813-aaff-f8985627d887,cfc49d2c-a367-40e3-8b51-ba9dd4ba5958,c3859c82-3451-460a-a8af-f55240f3fec9,26,e76d9035-6b7f-48f7-8b69-e8b983e82080,J Sathiaseelan,1,0,6,0,0,0,2.3
b2cc8f38-8964-4a3c-a16c-de616b09301f,92f94bb8-49eb-4813-aaff-f8985627d887,cfc49d2c-a367-40e3-8b51-ba9dd4ba5958,c3859c82-3451-460a-a8af-f55240f3fec9,27,400e4752-f236-4ca7-93e9-fd8ebee6735e,S Chaurasiya,0,1,6,0,0,0,2.21
b2cc8f38-8964-4a3c-a16c-de616b09301f,92f94bb8-49eb-4813-aaff-f8985627d887,cfc49d2c-a367-40e3-8b51-ba9dd4ba5958,c3859c82-3451-460a-a8af-f55240f3fec9,28,e76d9035-6b7f-48f7-8b69-e8b983e82080,J Sathiaseelan,1,0,6,0,0,0,2.17
b2cc8f38-8964-4a3c-a16c-de616b09301f,92f94bb8-49eb-4813-aaff-f8985627d887,cfc49d2c-a367-40e3-8b51-ba9dd4ba5958,c3859c82-3451-460a-a8af-f55240f3fec9,29,400e4752-f236-4ca7-93e9-fd8ebee6735e,S Chaurasiya,2,0,6,0,0,0,2.17
b2cc8f38-8964-4a3c-a16c-de616b09301f,92f94bb8-49eb-4813-aaff-f8985627d887,cfc49d2c-a367-40e3-8b51-ba9dd4ba5958,c3859c82-3451-460a-a8af-f55240f3fec9,30,6b74d336-b105-407c-b4ef-f68e2fba7862,D Sehra,0,0,6,0,0,0,2.1
b2cc8f38-8964-4a3c-a16c-de616b09301f,92f94bb8-49eb-4813-aaff-f8985627d887,cfc49d2c-a367-40e3-8b51-ba9dd4ba5958,c3859c82-3451-460a-a8af-f55240f3fec9,31,400e4752-f236-4ca7-93e9-fd8ebee6735e,S Chaurasiya,0,0,6,0,0,0,2.03
b2cc8f38-8964-4a3c-a16c-de616b09301f,92f94bb8-49eb-4813-aaff-f8985627d887,cfc49d2c-a367-40e3-8b51-ba9dd4ba5958,c3859c82-3451-460a-a8af-f55240f3fec9,32,e76d9035-6b7f-48f7-8b69-e8b983e82080,J Sathiaseelan,2,0,6,0,0,0,2.03
b2cc8f38-8964-4a3c-a16c-de616b09301f,92f94bb8-49eb-4813-aaff-f8985627d887,cfc49d2c-a367-40e3-8b51-ba9dd4ba5958,c3859c82-3451-460a-a8af-f55240f3fec9,33,400e4752-f236-4ca7-93e9-fd8ebee6735e,S Chaurasiya,4,0,6,0,0,1,2.09
b2cc8f38-8964-4a3c-a16c-de616b09301f,92f94bb8-49eb-4813-aaff-f8985627d887,cfc49d2c-a367-40e3-8b51-ba9dd4ba5958,c3859c82-3451-460a-a8af-f55240f3fec9,34,e76d9035-6b7f-48f7-8b69-e8b983e82080,J Sathiaseelan,0,0,6,0,0,0,2.03
b2cc8f38-8964-4a3c-a16c-de616b09301f,92f94bb8-49eb-4813-aaff-f8985627d887,cfc49d2c-a367-40e3-8b51-ba9dd4ba5958,c3859c82-3451-460a-a8af-f55240f3fec9,35,400e4752-f236-4ca7-93e9-fd8ebee6735e,S Chaurasiya,0,1,6,0,0,0,1.97
b2cc8f38-8964-4a3c-a16c-de616b09301f,92f94bb8-49eb-4813-aaff-f8985627d887,cfc49d2c-a367-40e3-8b51-ba9dd4ba5958,c3859c82-3451-460a-a8af-f55240f3fec9,36,e76d9035-6b7f-48f7-8b69-e8b983e82080,J Sathiaseelan,1,0,6,0,0,0,1.95
b2cc8f38-8964-4a3c-a16c-de616b09301f,92f94bb8-49eb-4813-aaff-f8985627d887,cfc49d2c-a367-40e3-8b51-ba9dd4ba5958,c3859c82-3451-460a-a8af-f55240f3fec9,37,400e4752-f236-4ca7-93e9-fd8ebee6735e,S Chaurasiya,1,0,6,0,0,0,1.92
b2cc8f38-8964-4a3c-a16c-de616b09301f,92f94bb8-49eb-4813-aaff-f8985627d887,cfc49d2c-a367-40e3-8b51-ba9dd4ba5958,c3859c82-3451-460a-a8af-f55240f3fec9,38,e76d9035-6b7f-48f7-8b69-e8b983e82080,J Sathiaseelan,6,0,6,0,0,1,2.03
b2cc8f38-8964-4a3c-a16c-de616b09301f,92f94bb8-49eb-4813-aaff-f8985627d887,cfc49d2c-a367-40e3-8b51-ba9dd4ba5958,c3859c82-3451-460a-a8af-f55240f3fec9,39,400e4752-f236-4ca7-93e9-fd8ebee6735e,S Chaurasiya,0,1,6,0,0,0,1.98
b2cc8f38-8964-4a3c-a16c-de616b09301f,92f94bb8-49eb-4813-aaff-f8985627d887,cfc49d2c-a367-40e3-8b51-ba9dd4ba5958,c3859c82-3451-460a-a8af-f55240f3fec9,40,e76d9035-6b7f-48f7-8b69-e8b983e82080,J Sathiaseelan,5,1,6,0,0,1,2.05
b2cc8f38-8964-4a3c-a16c-de616b09301f,92f94bb8-49eb-4813-aaff-f8985627d887,cfc49d2c-a367-40e3-8b51-ba9dd4ba5958,c3859c82-3451-460a-a8af-f55240f3fec9,41,400e4752-f236-4ca7-93e9-fd8ebee6735e,S Chaurasiya,0,1,1,0,0,0,2.04
b3641479-5281-43db-9bd3-8d0e9697b2a4,218771b6-6632-4107-8a66-61446fdaadba,c3859c82-3451-460a-a8af-f55240f3fec9,f91444c9-6e74-41cf-a6a2-5f52975b79d3,0,6e76dd0d-45d4-4dd7-8a66-89a05dff86a2,K SHARMA,3,0,6,0,0,0,3.0
b3641479-5281-43db-9bd3-8d0e9697b2a4,218771b6-6632-4107-8a66-61446fdaadba,c3859c82-3451-460a-a8af-f55240f3fec9,f91444c9-6e74-41cf-a6a2-5f52975b79d3,1,af55d3c7-0411-45d2-98e8-3cc49668cca7,A Chopra,0,0,6,0,0,0,1.5
b3641479-5281-43db-9bd3-8d0e9697b2a4,218771b6-6632-4107-8a66-61446fdaadba,c3859c82-3451-460a-a8af-f55240f3fec9,f91444c9-6e74-41cf-a6a2-5f52975b79d3,2,6e76dd0d-45d4-4dd7-8a66-89a05dff86a2,K SHARMA,7,0,6,0,0,1,3.33
b3641479-5281-43db-9bd3-8d0e9697b2a4,218771b6-6632-4107-8a66-61446fdaadba,c3859c82-3451-460a-a8af-f55240f3fec9,f91444c9-6e74-41cf-a6a2-5f52975b79d3,3,af55d3c7-0411-45d2-98e8-3cc49668cca7,A Chopra,5,0,6,0,0,1,3.75
b3641479-5281-43db-9bd3-8d0e9697b2a4,218771b6-6632-4107-8a66-61446fdaadba,c3859c82-3451-460a-a8af-f55240f3fec9,f91444c9-6e74-41cf-a6a2-5f52975b79d3,4,6e76dd0d-45d4-4dd7-8a66-89a05dff86a2,K SHARMA,6,0,6,0,0,1,4.2
b3641479-5281-43db-9bd3-8d0e9697b2a4,218771b6-6632-4107-8a66-61446fdaadba,c3859c82-3451-460a-a8af-f55240f3fec9,f91444c9-6e74-41cf-a6a2-5f52975b79d3,5,af55d3c7-0411-45d2-98e8-3cc49668cca7,A Chopra,0,0,6,0,0,0,3.5
b3641479-5281-43db-9bd3-8d0e9697b2a4,218771b6-6632-4107-8a66-61446fdaadba,c3859c82-3451-460a-a8af-f55240f3fec9,f91444c9-6e74-41cf-a6a2-5f52975b79d3,6,6e76dd0d-45d4-4dd7-8a66-89a05dff86a2,K SHARMA,1,0,6,0,0,0,3.14
b3641479-5281-43db-9bd3-8d0e9697b2a4,218771b6-6632-4107-8a66-61446fdaadba,c3859c82-3451-460a-a8af-f55240f3fec9,f91444c9-6e74-41cf-a6a2-5f52975b79d3,7,af55d3c7-0411-45d2-98e8-3cc49668cca7,A Chopra,3,1,6,0,0,0,3.12
b3641479-5281-43db-9bd3-8d0e9697b2a4,218771b6-6632-4107-8a66-61446fdaadba,c3859c82-3451-460a-a8af-f55240f3fec9,f91444c9-6e74-41cf-a6a2-5f52975b79d3,8,6e76dd0d-45d4-4dd7-8a66-89a05dff86a2,K SHARMA,3,1,6,0,0,0,3.11
b3641479-5281-43db-9bd3-8d0e9697b2a4,218771b6-6632-4107-8a66-61446fdaadba,c3859c82-3451-460a-a8af-f55240f3fec9,f91444c9-6e74-41cf-a6a2-5f52975b79d3,9,af55d3c7-0411-45d2-98e8-3cc49668cca7,A Chopra,3,0,6,1,0,0,3.1
b3641479-5281-43db-9bd3-8d0e9697b2a4,218771b6-6632-4107-8a66-61446fdaadba,c3859c82-3451-460a-a8af-f55240f3fec9,f91444c9-6e74-41cf-a6a2-5f52975b79d3,10,e6b98283-12bc-4bd7-9f8c-5a96b8be3504,M Singh,3,0,6,0,0,0,3.09
b3641479-5281-43db-9bd3-8d0e9697b2a4,218771b6-6632-4107-8a66-61446fdaadba,c3859c82-3451-460a-a8af-f55240f3fec9,f91444c9-6e74-41cf-a6a2-5f52975b79d3,11,af55d3c7-0411-45d2-98e8-3cc49668cca7,A Chopra,1,0,6,0,0,0,2.92
b3641479-5281-43db-9bd3-8d0e9697b2a4,218771b6-6632-4107-8a66-61446fdaadba,c3859c82-3451-460a-a8af-f55240f3fec9,f91444c9-6e74-41cf-a6a2-5f52975b79d3,12,e6b98283-12bc-4bd7-9f8c-5a96b8be3504,M Singh,2,0,6,0,0,0,2.85
b3641479-5281-43db-9bd3-8d0e9697b2a4,218771b6-6632-4107-8a66-61446fdaadba,c3859c82-3451-460a-a8af-f55240f3fec9,f91444c9-6e74-41cf-a6a2-5f52975b79d3,13,af55d3c7-0411-45d2-98e8-3cc49668cca7,A Chopra,1,1,6,0,0,0,2.71
b3641479-5281-43db-9bd3-8d0e9697b2a4,218771b6-6632-4107-8a66-61446fdaadba,c3859c82-3451-460a-a8af-f55240f3fec9,f91444c9-6e74-41cf-a6a2-5f52975b79d3,14,e6b98283-12bc-4bd7-9f8c-5a96b8be3504,M Singh,2,0,6,1,0,0,2.67
b3641479-5281-43db-9bd3-8d0e9697b2a4,218771b6-6632-4107-8a66-61446fdaadba,c3859c82-3451-460a-a8af-f55240f3fec9,f91444c9-6e74-41cf-a6a2-5f52975b79d3,15,af55d3c7-0411-45d2-98e8-3cc49668cca7,A Chopra,4,0,6,0,0,1,2.75
b3641479-5281-43db-9bd3-8d0e9697b2a4,218771b6-6632-4107-8a66-61446fdaadba,c3859c82-3451-460a-a8af-f55240f3fec9,f91444c9-6e74-41cf-a6a2-5f52975b79d3,16,e6b98283-12bc-4bd7-9f8c-5a96b8be3504,M Singh,0,0,6,0,0,0,2.59
b3641479-5281-43db-9bd3-8d0e9697b2a4,218771b6-6632-4107-8a66-61446fdaadba,c3859c82-3451-460a-a8af-f55240f3fec9,f91444c9-6e74-41cf-a6a2-5f52975b79d3,17,af55d3c7-0411-45d2-98e8-3cc49668cca7,A Chopra,5,0,6,0,0,1,2.72
b3641479-5281-43db-9bd3-8d0e9697b2a4,218771b6-6632-4107-8a66-61446fdaadba,c3859c82-3451-460a-a8af-f55240f3fec9,f91444c9-6e74-41cf-a6a2-5f52975b79d3,18,e6b98283-12bc-4bd7-9f8c-5a96b8be3504,M Singh,9,0,6,0,0,1,3.05
b3641479-5281-43db-9bd3-8d0e9697b2a4,218771b6-6632-4107-8a66-61446fdaadba,c3859c82-3451-460a-a8af-f55240f3fec9,f91444c9-6e74-41cf-a6a2-5f52975b79d3,19,af55d3c7-0411-45d2-98e8-3cc49668cca7,A Chopra,1,0,6,0,0,0,2.95
b3641479-5281-43db-9bd3-8d0e9697b2a4,218771b6-6632-4107-8a66-61446fdaadba,c3859c82-3451-460a-a8af-f55240f3fec9,f91444c9-6e74-41cf-a6a2-5f52975b79d3,20,e6b98283-12bc-4bd7-9f8c-5a96b8be3504,M Singh,9,0,6,0,0,2,3.24
b3641479-5281-43db-9bd3-8d0e9697b2a4,218771b6-6632-4107-8a66-61446fdaadba,c3859c82-3451-460a-a8af-f55240f3fec9,f91444c9-6e74-41cf-a6a2-5f52975b79d3,21,af55d3c7-0411-45d2-98e8-3cc49668cca7,A Chopra,6,2,6,0,0,1,3.36
b3641479-5281-43db-9bd3-8d0e9697b2a4,218771b6-6632-4107-8a66-61446fdaadba,c3859c82-3451-460a-a8af-f55240f3fec9,f91444c9-6e74-41cf-a6a2-5f52975b79d3,22,41faa6d5-02c8-42cb-b1f2-ffb993d7da04,G Ghumman,2,1,6,0,0,0,3.3
b3641479-5281-43db-9bd3-8d0e9697b2a4,218771b6-6632-4107-8a66-61446fdaadba,c3859c82-3451-460a-a8af-f55240f3fec9,f91444c9-6e74-41cf-a6a2-5f52975b79d3,23,af55d3c7-0411-45d2-98e8-3cc49668cca7,A Chopra,0,0,6,0,0,0,3.17
b3641479-5281-43db-9bd3-8d0e9697b2a4,218771b6-6632-4107-8a66-61446fdaadba,c3859c82-3451-460a-a8af-f55240f3fec9,f91444c9-6e74-41cf-a6a2-5f52975b79d3,24,41faa6d5-02c8-42cb-b1f2-ffb993d7da04,G Ghumman,7,0,6,0,0,1,3.32
b3641479-5281-43db-9bd3-8d0e9697b2a4,218771b6-6632-4107-8a66-61446fdaadba,c3859c82-3451-460a-a8af-f55240f3fec9,f91444c9-6e74-41cf-a6a2-5f52975b79d3,25,af55d3c7-0411-45d2-98e8-3cc49668cca7,A Chopra,1,0,6,0,0,0,3.23
b3641479-5281-43db-9bd3-8d0e9697b2a4,218771b6-6632-4107-8a66-61446fdaadba,c3859c82-3451-460a-a8af-f55240f3fec9,f91444c9-6e74-41cf-a6a2-5f52975b79d3,26,41faa6d5-02c8-42cb-b1f2-ffb993d7da04,G Ghumman,0,1,6,0,0,0,3.11
b3641479-5281-43db-9bd3-8d0e9697b2a4,218771b6-6632-4107-8a66-61446fdaadba,c3859c82-3451-460a-a8af-f55240f3fec9,f91444c9-6e74-41cf-a6a2-5f52975b79d3,27,af55d3c7-0411-45d2-98e8-3cc49668cca7,A Chopra,1,0,6,0,0,0,3.04
b3641479-5281-43db-9bd3-8d0e9697b2a4,218771b6-6632-4107-8a66-61446fdaadba,c3859c82-3451-460a-a8af-f55240f3fec9,f91444c9-6e74-41cf-a6a2-5f52975b79d3,28,41faa6d5-02c8-42cb-b1f2-ffb993d7da04,G Ghumman,1,0,6,0,0,0,2.97
b3641479-5281-43db-9bd3-8d0e9697b2a4,218771b6-6632-4107-8a66-61446fdaadba,c3859c82-3451-460a-a8af-f55240f3fec9,f91444c9-6e74-41cf-a6a2-5f52975b79d3,29,af55d3c7-0411-45d2-98e8-3cc49668cca7,A Chopra,1,2,6,0,0,0,2.93
b3641479-5281-43db-9bd3-8d0e9697b2a4,218771b6-6632-4107-8a66-61446fdaadba,c3859c82-3451-460a-a8af-f55240f3fec9,f91444c9-6e74-41cf-a6a2-5f52975b79d3,30,41faa6d5-02c8-42cb-b1f2-ffb993d7da04,G Ghumman,4,0,6,0,0,0,2.97
b3641479-5281-43db-9bd3-8d0e9697b2a4,218771b6-6632-4107-8a66-61446fdaadba,c3859c82-3451-460a-a8af-f55240f3fec9,f91444c9-6e74-41cf-a6a2-5f52975b79d3,31,af55d3c7-0411-45d2-98e8-3cc49668cca7,A Chopra,0,0,6,0,0,0,2.88
b3641479-5281-43db-9bd3-8d0e9697b2a4,218771b6-6632-4107-8a66-61446fdaadba,c3859c82-3451-460a-a8af-f55240f3fec9,f91444c9-6e74-41cf-a6a2-5f52975b79d3,32,6e76dd0d-45d4-4dd7-8a66-89a05dff86a2,K SHARMA,5,0,6,0,0,1,2.94
b3641479-5281-43db-9bd3-8d0e9697b2a4,218771b6-6632-4107-8a66-61446fdaadba,c3859c82-3451-460a-a8af-f55240f3fec9,f91444c9-6e74-41cf-a6a2-5f52975b79d3,33,af55d3c7-0411-45d2-98e8-3cc49668cca7,A Chopra,4,0,6,0,0,1,2.97
b3641479-5281-43db-9bd3-8d0e9697b2a4,218771b6-6632-4107-8a66-61446fdaadba,c3859c82-3451-460a-a8af-f55240f3fec9,f91444c9-6e74-41cf-a6a2-5f52975b79d3,34,6e76dd0d-45d4-4dd7-8a66-89a05dff86a2,K SHARMA,2,0,6,0,0,0,2.94
b3641479-5281-43db-9bd3-8d0e9697b2a4,218771b6-6632-4107-8a66-61446fdaadba,c3859c82-3451-460a-a8af-f55240f3fec9,f91444c9-6e74-41cf-a6a2-5f52975b79d3,35,af55d3c7-0411-45d2-98e8-3cc49668cca7,A Chopra,4,0,6,0,0,0,2.97
b3641479-5281-43db-9bd3-8d0e9697b2a4,218771b6-6632-4107-8a66-61446fdaadba,c3859c82-3451-460a-a8af-f55240f3fec9,f91444c9-6e74-41cf-a6a2-5f52975b79d3,36,6e76dd0d-45d4-4dd7-8a66-89a05dff86a2,K SHARMA,4,0,6,0,0,0,3.0
b3641479-5281-43db-9bd3-8d0e9697b2a4,218771b6-6632-4107-8a66-61446fdaadba,c3859c82-3451-460a-a8af-f55240f3fec9,f91444c9-6e74-41cf-a6a2-5f52975b79d3,37,af55d3c7-0411-45d2-98e8-3cc49668cca7,A Chopra,5,0,6,0,0,1,3.05
b3641479-5281-43db-9bd3-8d0e9697b2a4,218771b6-6632-4107-8a66-61446fdaadba,c3859c82-3451-460a-a8af-f55240f3fec9,f91444c9-6e74-41cf-a6a2-5f52975b79d3,38,6e76dd0d-45d4-4dd7-8a66-89a05dff86a2,K SHARMA,0,0,6,0,0,0,2.97
b3641479-5281-43db-9bd3-8d0e9697b2a4,218771b6-6632-4107-8a66-61446fdaadba,c3859c82-3451-460a-a8af-f55240f3fec9,f91444c9-6e74-41cf-a6a2-5f52975b79d3,39,af55d3c7-0411-45d2-98e8-3cc49668cca7,A Chopra,8,0,6,0,0,2,3.12
b3641479-5281-43db-9bd3-8d0e9697b2a4,218771b6-6632-4107-8a66-61446fdaadba,c3859c82-3451-460a-a8af-f55240f3fec9,f91444c9-6e74-41cf-a6a2-5f52975b79d3,40,41faa6d5-02c8-42cb-b1f2-ffb993d7da04,G Ghumman,3,1,5,0,0,0,3.13
b3641479-5281-43db-9bd3-8d0e9697b2a4,90a47895-fef7-4709-9cd2-3f507fe28fe3,f91444c9-6e74-41cf-a6a2-5f52975b79d3,c3859c82-3451-460a-a8af-f55240f3fec9,0,71ca36a8-b853-449e-b7fd-ac601222e885,K Nallepalli,9,0,6,0,0,2,9.0
b3641479-5281-43db-9bd3-8d0e9697b2a4,90a47895-fef7-4709-9cd2-3f507fe28fe3,f91444c9-6e74-41cf-a6a2-5f52975b79d3,c3859c82-3451-460a-a8af-f55240f3fec9,1,ef15fcc4-a2d8-47af-af3f-9c4391db7c4a,S Gill,3,2,6,0,2,0,6.0
b3641479-5281-43db-9bd3-8d0e9697b2a4,90a47895-fef7-4709-9cd2-3f507fe28fe3,f91444c9-6e74-41cf-a6a2-5f52975b79d3,c3859c82-3451-460a-a8af-f55240f3fec9,2,71ca36a8-b853-449e-b7fd-ac601222e885,K Nallepalli,8,0,6,0,0,2,6.67
b3641479-5281-43db-9bd3-8d0e9697b2a4,90a47895-fef7-4709-9cd2-3f507fe28fe3,f91444c9-6e74-41cf-a6a2-5f52975b79d3,c3859c82-3451-460a-a8af-f55240f3fec9,3,ef15fcc4-a2d8-47af-af3f-9c4391db7c4a,S Gill,2,0,6,0,0,0,5.5
b3641479-5281-43db-9bd3-8d0e9697b2a4,90a47895-fef7-4709-9cd2-3f507fe28fe3,f91444c9-6e74-41cf-a6a2-5f52975b79d3,c3859c82-3451-460a-a8af-f55240f3fec9,4,71ca36a8-b853-449e-b7fd-ac601222e885,K Nallepalli,3,0,6,0,0,0,5.0
b3641479-5281-43db-9bd3-8d0e9697b2a4,90a47895-fef7-4709-9cd2-3f507fe28fe3,f91444c9-6e74-41cf-a6a2-5f52975b79d3,c3859c82-3451-460a-a8af-f55240f3fec9,5,ef15fcc4-a2d8-47af-af3f-9c4391db7c4a,S Gill,5,0,6,0,0,1,5.0
b3641479-5281-43db-9bd3-8d0e9697b2a4,90a47895-fef7-4709-9cd2-3f507fe28fe3,f91444c9-6e74-41cf-a6a2-5f52975b79d3,c3859c82-3451-460a-a8af-f55240f3fec9,6,71ca36a8-b853-449e-b7fd-ac601222e885,K Nallepalli,7,0,6,1,0,1,5.29
b3641479-5281-43db-9bd3-8d0e9697b2a4,90a47895-fef7-4709-9cd2-3f507fe28fe3,f91444c9-6e74-41cf-a6a2-5f52975b79d3,c3859c82-3451-460a-a8af-f55240f3fec9,7,ef15fcc4-a2d8-47af-af3f-9c4391db7c4a,S Gill,5,0,6,0,0,1,5.25
b3641479-5281-43db-9bd3-8d0e9697b2a4,90a47895-fef7-4709-9cd2-3f507fe28fe3,f91444c9-6e74-41cf-a6a2-5f52975b79d3,c3859c82-3451-460a-a8af-f55240f3fec9,8,71ca36a8-b853-449e-b7fd-ac601222e885,K Nallepalli,14,0,6,0,0,3,6.22
b3641479-5281-43db-9bd3-8d0e9697b2a4,90a47895-fef7-4709-9cd2-3f507fe28fe3,f91444c9-6e74-41cf-a6a2-5f52975b79d3,c3859c82-3451-460a-a8af-f55240f3fec9,9,e76d9035-6b7f-48f7-8b69-e8b983e82080,J Sathiaseelan,2,0,6,0,0,0,5.8
b3641479-5281-43db-9bd3-8d0e9697b2a4,90a47895-fef7-4709-9cd2-3f507fe28fe3,f91444c9-6e74-41cf-a6a2-5f52975b79d3,c3859c82-3451-460a-a8af-f55240f3fec9,10,17d58ef7-cae1-444e-adba-71c74067872b,P Rahate,12,0,6,0,0,2,6.36
b3641479-5281-43db-9bd3-8d0e9697b2a4,90a47895-fef7-4709-9cd2-3f507fe28fe3,f91444c9-6e74-41cf-a6a2-5f52975b79d3,c3859c82-3451-460a-a8af-f55240f3fec9,11,e76d9035-6b7f-48f7-8b69-e8b983e82080,J Sathiaseelan,7,0,6,1,0,1,6.42
b3641479-5281-43db-9bd3-8d0e9697b2a4,90a47895-fef7-4709-9cd2-3f507fe28fe3,f91444c9-6e74-41cf-a6a2-5f52975b79d3,c3859c82-3451-460a-a8af-f55240f3fec9,12,478c050c-6e97-4198-ba77-24f46dd329d7,S SHARMA,5,0,6,1,0,1,6.31
b3641479-5281-43db-9bd3-8d0e9697b2a4,90a47895-fef7-4709-9cd2-3f507fe28fe3,f91444c9-6e74-41cf-a6a2-5f52975b79d3,c3859c82-3451-460a-a8af-f55240f3fec9,13,e76d9035-6b7f-48f7-8b69-e8b983e82080,J Sathiaseelan,8,0,6,0,0,2,6.43
b3641479-5281-43db-9bd3-8d0e9697b2a4,90a47895-fef7-4709-9cd2-3f507fe28fe3,f91444c9-6e74-41cf-a6a2-5f52975b79d3,c3859c82-3451-460a-a8af-f55240f3fec9,14,478c050c-6e97-4198-ba77-24f46dd329d7,S SHARMA,5,0,6,0,0,1,6.33
b3641479-5281-43db-9bd3-8d0e9697b2a4,90a47895-fef7-4709-9cd2-3f507fe28fe3,f91444c9-6e74-41cf-a6a2-5f52975b79d3,c3859c82-3451-460a-a8af-f55240f3fec9,15,e76d9035-6b7f-48f7-8b69-e8b983e82080,J Sathiaseelan,5,0,6,0,0,1,6.25
b3641479-5281-43db-9bd3-8d0e9697b2a4,90a47895-fef7-4709-9cd2-3f507fe28fe3,f91444c9-6e74-41cf-a6a2-5f52975b79d3,c3859c82-3451-460a-a8af-f55240f3fec9,16,478c050c-6e97-4198-ba77-24f46dd329d7,S SHARMA,2,0,6,0,0,0,6.0
b3641479-5281-43db-9bd3-8d0e9697b2a4,90a47895-fef7-4709-9cd2-3f507fe28fe3,f91444c9-6e74-41cf-a6a2-5f52975b79d3,c3859c82-3451-460a-a8af-f55240f3fec9,17,e76d9035-6b7f-48f7-8b69-e8b983e82080,J Sathiaseelan,5,0,6,0,0,1,5.94
b3641479-5281-43db-9bd3-8d0e9697b2a4,90a47895-fef7-4709-9cd2-3f507fe28fe3,f91444c9-6e74-41cf-a6a2-5f52975b79d3,c3859c82-3451-460a-a8af-f55240f3fec9,18,478c050c-6e97-4198-ba77-24f46dd329d7,S SHARMA,1,0,6,0,0,0,5.68
b3641479-5281-43db-9bd3-8d0e9697b2a4,90a47895-fef7-4709-9cd2-3f507fe28fe3,f91444c9-6e74-41cf-a6a2-5f52975b79d3,c3859c82-3451-460a-a8af-f55240f3fec9,19,e76d9035-6b7f-48f7-8b69-e8b983e82080,J Sathiaseelan,8,0,6,0,0,1,5.8
b3641479-5281-43db-9bd3-8d0e9697b2a4,90a47895-fef7-4709-9cd2-3f507fe28fe3,f91444c9-6e74-41cf-a6a2-5f52975b79d3,c3859c82-3451-460a-a8af-f55240f3fec9,20,400e4752-f236-4ca7-93e9-fd8ebee6735e,S Chaurasiya,9,0,6,0,0,1,5.95
b3641479-5281-43db-9bd3-8d0e9697b2a4,90a47895-fef7-4709-9cd2-3f507fe28fe3,f91444c9-6e74-41cf-a6a2-5f52975b79d3,c3859c82-3451-460a-a8af-f55240f3fec9,21,ef15fcc4-a2d8-47af-af3f-9c4391db7c4a,S Gill,6,0,6,0,0,1,5.95
b3641479-5281-43db-9bd3-8d0e9697b2a4,90a47895-fef7-4709-9cd2-3f507fe28fe3,f91444c9-6e74-41cf-a6a2-5f52975b79d3,c3859c82-3451-460a-a8af-f55240f3fec9,22,400e4752-f236-4ca7-93e9-fd8ebee6735e,S Chaurasiya,2,0,6,0,0,0,5.78
b3641479-5281-43db-9bd3-8d0e9697b2a4,90a47895-fef7-4709-9cd2-3f507fe28fe3,f91444c9-6e74-41cf-a6a2-5f52975b79d3,c3859c82-3451-460a-a8af-f55240f3fec9,23,ef15fcc4-a2d8-47af-af3f-9c4391db7c4a,S Gill,0,0,6,0,0,0,5.54
b3641479-5281-43db-9bd3-8d0e9697b2a4,90a47895-fef7-4709-9cd2-3f507fe28fe3,f91444c9-6e74-41cf-a6a2-5f52975b79d3,c3859c82-3451-460a-a8af-f55240f3fec9,24,b9bf46f1-7801-4a56-a051-c9ccf5725212,N Sawant,0,0,6,0,0,0,5.32
b3641479-5281-43db-9bd3-8d0e9697b2a4,90a47895-fef7-4709-9cd2-3f507fe28fe3,f91444c9-6e74-41cf-a6a2-5f52975b79d3,c3859c82-3451-460a-a8af-f55240f3fec9,25,e76d9035-6b7f-48f7-8b69-e8b983e82080,J Sathiaseelan,4,1,6,0,0,0,5.27
b3641479-5281-43db-9bd3-8d0e9697b2a4,90a47895-fef7-4709-9cd2-3f507fe28fe3,f91444c9-6e74-41cf-a6a2-5f52975b79d3,c3859c82-3451-460a-a8af-f55240f3fec9,26,b9bf46f1-7801-4a56-a051-c9ccf5725212,N Sawant,1,0,6,0,0,0,5.11
b3641479-5281-43db-9bd3-8d0e9697b2a4,90a47895-fef7-4709-9cd2-3f507fe28fe3,f91444c9-6e74-41cf-a6a2-5f52975b79d3,c3859c82-3451-460a-a8af-f55240f3fec9,27,e76d9035-6b7f-48f7-8b69-e8b983e82080,J Sathiaseelan,5,0,6,0,0,1,5.11
b3641479-5281-43db-9bd3-8d0e9697b2a4,90a47895-fef7-4709-9cd2-3f507fe28fe3,f91444c9-6e74-41cf-a6a2-5f52975b79d3,c3859c82-3451-460a-a8af-f55240f3fec9,28,b9bf46f1-7801-4a56-a051-c9ccf5725212,N Sawant,3,0,6,0,0,0,5.03
b3641479-5281-43db-9bd3-8d0e9697b2a4,90a47895-fef7-4709-9cd2-3f507fe28fe3,f91444c9-6e74-41cf-a6a2-5f52975b79d3,c3859c82-3451-460a-a8af-f55240f3fec9,29,e76d9035-6b7f-48f7-8b69-e8b983e82080,J Sathiaseelan,2,0,6,0,0,0,4.93
b3641479-5281-43db-9bd3-8d0e9697b2a4,90a47895-fef7-4709-9cd2-3f507fe28fe3,f91444c9-6e74-41cf-a6a2-5f52975b79d3,c3859c82-3451-460a-a8af-f55240f3fec9,30,b9bf46f1-7801-4a56-a051-c9ccf5725212,N Sawant,0,0,6,0,0,0,4.77
b3641479-5281-43db-9bd3-8d0e9697b2a4,90a47895-fef7-4709-9cd2-3f507fe28fe3,f91444c9-6e74-41cf-a6a2-5f52975b79d3,c3859c82-3451-460a-a8af-f55240f3fec9,31,e76d9035-6b7f-48f7-8b69-e8b983e82080,J Sathiaseelan,5,0,6,1,1,0,4.78
b3641479-5281-43db-9bd3-8d0e9697b2a4,90a47895-fef7-4709-9cd2-3f507fe28fe3,f91444c9-6e74-41cf-a6a2-5f52975b79d3,c3859c82-3451-460a-a8af-f55240f3fec9,32,b9bf46f1-7801-4a56-a051-c9ccf5725212,N Sawant,1,0,6,0,0,0,4.67
b3641479-5281-43db-9bd3-8d0e9697b2a4,90a47895-fef7-4709-9cd2-3f507fe28fe3,f91444c9-6e74-41cf-a6a2-5f52975b79d3,c3859c82-3451-460a-a8af-f55240f3fec9,33,e76d9035-6b7f-48f7-8b69-e8b983e82080,J Sathiaseelan,5,0,6,0,0,0,4.68
b3641479-5281-43db-9bd3-8d0e9697b2a4,90a47895-fef7-4709-9cd2-3f507fe28fe3,f91444c9-6e74-41cf-a6a2-5f52975b79d3,c3859c82-3451-460a-a8af-f55240f3fec9,34,b9bf46f1-7801-4a56-a051-c9ccf5725212,N Sawant,2,0,6,0,0,0,4.6
b3641479-5281-43db-9bd3-8d0e9697b2a4,90a47895-fef7-4709-9cd2-3f507fe28fe3,f91444c9-6e74-41cf-a6a2-5f52975b79d3,c3859c82-3451-460a-a8af-f55240f3fec9,35,e76d9035-6b7f-48f7-8b69-e8b983e82080,J Sathiaseelan,2,0,6,0,0,0,4.53
b3641479-5281-43db-9bd3-8d0e9697b2a4,90a47895-fef7-4709-9cd2-3f507fe28fe3,f91444c9-6e74-41cf-a6a2-5f52975b79d3,c3859c82-3451-460a-a8af-f55240f3fec9,36,71ca36a8-b853-449e-b7fd-ac601222e885,K Nallepalli,0,1,6,0,0,0,4.41
b3641479-5281-43db-9bd3-8d0e9697b2a4,90a47895-fef7-4709-9cd2-3f507fe28fe3,f91444c9-6e74-41cf-a6a2-5f52975b79d3,c3859c82-3451-460a-a8af-f55240f3fec9,37,e76d9035-6b7f-48f7-8b69-e8b983e82080,J Sathiaseelan,1,0,6,0,0,0,4.32
b3641479-5281-43db-9bd3-8d0e9697b2a4,90a47895-fef7-4709-9cd2-3f507fe28fe3,f91444c9-6e74-41cf-a6a2-5f52975b79d3,c3859c82-3451-460a-a8af-f55240f3fec9,38,71ca36a8-b853-449e-b7fd-ac601222e885,K Nallepalli,0,0,6,0,0,0,4.21
b3641479-5281-43db-9bd3-8d0e9697b2a4,90a47895-fef7-4709-9cd2-3f507fe28fe3,f91444c9-6e74-41cf-a6a2-5f52975b79d3,c3859c82-3451-460a-a8af-f55240f3fec9,39,e76d9035-6b7f-48f7-8b69-e8b983e82080,J Sathiaseelan,1,0,6,0,0,0,4.12
b3641479-5281-43db-9bd3-8d0e9697b2a4,90a47895-fef7-4709-9cd2-3f507fe28fe3,f91444c9-6e74-41cf-a6a2-5f52975b79d3,c3859c82-3451-460a-a8af-f55240f3fec9,40,71ca36a8-b853-449e-b7fd-ac601222e885,K Nallepalli,2,0,6,0,0,0,4.07
b3641479-5281-43db-9bd3-8d0e9697b2a4,90a47895-fef7-4709-9cd2-3f507fe28fe3,f91444c9-6e74-41cf-a6a2-5f52975b79d3,c3859c82-3451-460a-a8af-f55240f3fec9,41,6b74d336-b105-407c-b4ef-f68e2fba7862,D Sehra,0,0,6,0,0,0,3.98
b3641479-5281-43db-9bd3-8d0e9697b2a4,90a47895-fef7-4709-9cd2-3f507fe28fe3,f91444c9-6e74-41cf-a6a2-5f52975b79d3,c3859c82-3451-460a-a8af-f55240f3fec9,42,71ca36a8-b853-449e-b7fd-ac601222e885,K Nallepalli,0,0,6,0,0,0,3.88
b3641479-5281-43db-9bd3-8d0e9697b2a4,90a47895-fef7-4709-9cd2-3f507fe28fe3,f91444c9-6e74-41cf-a6a2-5f52975b79d3,c3859c82-3451-460a-a8af-f55240f3fec9,43,6b74d336-b105-407c-b4ef-f68e2fba7862,D Sehra,4,0,6,0,0,1,3.89
b3641479-5281-43db-9bd3-8d0e9697b2a4,90a47895-fef7-4709-9cd2-3f507fe28fe3,f91444c9-6e74-41cf-a6a2-5f52975b79d3,c3859c82-3451-460a-a8af-f55240f3fec9,44,71ca36a8-b853-449e-b7fd-ac601222e885,K Nallepalli,3,1,6,0,0,0,3.87
b3641479-5281-43db-9bd3-8d0e9697b2a4,90a47895-fef7-4709-9cd2-3f507fe28fe3,f91444c9-6e74-41cf-a6a2-5f52975b79d3,c3859c82-3451-460a-a8af-f55240f3fec9,45,6b74d336-b105-407c-b4ef-f68e2fba7862,D Sehra,2,0,6,0,1,0,3.83
b3641479-5281-43db-9bd3-8d0e9697b2a4,90a47895-fef7-4709-9cd2-3f507fe28fe3,f91444c9-6e74-41cf-a6a2-5f52975b79d3,c3859c82-3451-460a-a8af-f55240f3fec9,46,71ca36a8-b853-449e-b7fd-ac601222e885,K Nallepalli,4,0,6,0,0,1,3.83
b3641479-5281-43db-9bd3-8d0e9697b2a4,90a47895-fef7-4709-9cd2-3f507fe28fe3,f91444c9-6e74-41cf-a6a2-5f52975b79d3,c3859c82-3451-460a-a8af-f55240f3fec9,47,6b74d336-b105-407c-b4ef-f68e2fba7862,D Sehra,0,0,6,0,0,0,3.75
b3641479-5281-43db-9bd3-8d0e9697b2a4,90a47895-fef7-4709-9cd2-3f507fe28fe3,f91444c9-6e74-41cf-a6a2-5f52975b79d3,c3859c82-3451-460a-a8af-f55240f3fec9,48,71ca36a8-b853-449e-b7fd-ac601222e885,K Nallepalli,0,0,6,0,0,0,3.67
b3641479-5281-43db-9bd3-8d0e9697b2a4,90a47895-fef7-4709-9cd2-3f507fe28fe3,f91444c9-6e74-41cf-a6a2-5f52975b79d3,c3859c82-3451-460a-a8af-f55240f3fec9,49,6b74d336-b105-407c-b4ef-f68e2fba7862,D Sehra,1,0,6,0,0,0,3.62
b3641479-5281-43db-9bd3-8d0e9697b2a4,90a47895-fef7-4709-9cd2-3f507fe28fe3,f91444c9-6e74-41cf-a6a2-5f52975b79d3,c3859c82-3451-460a-a8af-f55240f3fec9,50,71ca36a8-b853-449e-b7fd-ac601222e885,K Nallepalli,2,0,6,1,0,0,3.59
b3641479-5281-43db-9bd3-8d0e9697b2a4,90a47895-fef7-4709-9cd2-3f507fe28fe3,f91444c9-6e74-41cf-a6a2-5f52975b79d3,c3859c82-3451-460a-a8af-f55240f3fec9,51,400e4752-f236-4ca7-93e9-fd8ebee6735e,S Chaurasiya,2,0,6,1,0,0,3.56
b3641479-5281-43db-9bd3-8d0e9697b2a4,90a47895-fef7-4709-9cd2-3f507fe28fe3,f91444c9-6e74-41cf-a6a2-5f52975b79d3,c3859c82-3451-460a-a8af-f55240f3fec9,52,17d58ef7-cae1-444e-adba-71c74067872b,P Rahate,0,1,6,0,0,0,3.49
b3641479-5281-43db-9bd3-8d0e9697b2a4,90a47895-fef7-4709-9cd2-3f507fe28fe3,f91444c9-6e74-41cf-a6a2-5f52975b79d3,c3859c82-3451-460a-a8af-f55240f3fec9,53,400e4752-f236-4ca7-93e9-fd8ebee6735e,S Chaurasiya,0,0,6,0,0,0,3.43
b3641479-5281-43db-9bd3-8d0e9697b2a4,90a47895-fef7-4709-9cd2-3f507fe28fe3,f91444c9-6e74-41cf-a6a2-5f52975b79d3,c3859c82-3451-460a-a8af-f55240f3fec9,54,17d58ef7-cae1-444e-adba-71c74067872b,P Rahate,0,0,6,0,0,0,3.36
b3641479-5281-43db-9bd3-8d0e9697b2a4,90a47895-fef7-4709-9cd2-3f507fe28fe3,f91444c9-6e74-41cf-a6a2-5f52975b79d3,c3859c82-3451-460a-a8af-f55240f3fec9,55,400e4752-f236-4ca7-93e9-fd8ebee6735e,S Chaurasiya,0,0,6,0,0,0,3.3
b3641479-5281-43db-9bd3-8d0e9697b2a4,90a47895-fef7-4709-9cd2-3f507fe28fe3,f91444c9-6e74-41cf-a6a2-5f52975b79d3,c3859c82-3451-460a-a8af-f55240f3fec9,56,17d58ef7-cae1-444e-adba-71c74067872b,P Rahate,0,0,6,0,0,0,3.25
b3641479-5281-43db-9bd3-8d0e9697b2a4,90a47895-fef7-4709-9cd2-3f507fe28fe3,f91444c9-6e74-41cf-a6a2-5f52975b79d3,c3859c82-3451-460a-a8af-f55240f3fec9,57,e76d9035-6b7f-48f7-8b69-e8b983e82080,J Sathiaseelan,1,0,6,0,0,0,3.21
b3641479-5281-43db-9bd3-8d0e9697b2a4,90a47895-fef7-4709-9cd2-3f507fe28fe3,f91444c9-6e74-41cf-a6a2-5f52975b79d3,c3859c82-3451-460a-a8af-f55240f3fec9,58,17d58ef7-cae1-444e-adba-71c74067872b,P Rahate,0,0,6,0,0,0,3.15
b3641479-5281-43db-9bd3-8d0e9697b2a4,90a47895-fef7-4709-9cd2-3f507fe28fe3,f91444c9-6e74-41cf-a6a2-5f52975b79d3,c3859c82-3451-460a-a8af-f55240f3fec9,59,e76d9035-6b7f-48f7-8b69-e8b983e82080,J Sathiaseelan,4,0,6,0,0,0,3.17
b3641479-5281-43db-9bd3-8d0e9697b2a4,90a47895-fef7-4709-9cd2-3f507fe28fe3,f91444c9-6e74-41cf-a6a2-5f52975b79d3,c3859c82-3451-460a-a8af-f55240f3fec9,60,17d58ef7-cae1-444e-adba-71c74067872b,P Rahate,0,0,6,0,0,0,3.11
b3641479-5281-43db-9bd3-8d0e9697b2a4,90a47895-fef7-4709-9cd2-3f507fe28fe3,f91444c9-6e74-41cf-a6a2-5f52975b79d3,c3859c82-3451-460a-a8af-f55240f3fec9,61,e76d9035-6b7f-48f7-8b69-e8b983e82080,J Sathiaseelan,2,0,6,0,0,0,3.1
b3641479-5281-43db-9bd3-8d0e9697b2a4,90a47895-fef7-4709-9cd2-3f507fe28fe3,f91444c9-6e74-41cf-a6a2-5f52975b79d3,c3859c82-3451-460a-a8af-f55240f3fec9,62,17d58ef7-cae1-444e-adba-71c74067872b,P Rahate,3,0,6,0,0,0,3.1
b3641479-5281-43db-9bd3-8d0e9697b2a4,90a47895-fef7-4709-9cd2-3f507fe28fe3,f91444c9-6e74-41cf-a6a2-5f52975b79d3,c3859c82-3451-460a-a8af-f55240f3fec9,63,478c050c-6e97-4198-ba77-24f46dd329d7,S SHARMA,1,0,6,0,0,0,3.06
b3641479-5281-43db-9bd3-8d0e9697b2a4,90a47895-fef7-4709-9cd2-3f507fe28fe3,f91444c9-6e74-41cf-a6a2-5f52975b79d3,c3859c82-3451-460a-a8af-f55240f3fec9,64,400e4752-f236-4ca7-93e9-fd8ebee6735e,S Chaurasiya,1,0,6,0,0,0,3.03
b3641479-5281-43db-9bd3-8d0e9697b2a4,90a47895-fef7-4709-9cd2-3f507fe28fe3,f91444c9-6e74-41cf-a6a2-5f52975b79d3,c3859c82-3451-460a-a8af-f55240f3fec9,65,478c050c-6e97-4198-ba77-24f46dd329d7,S SHARMA,3,0,6,0,0,0,3.03
b3641479-5281-43db-9bd3-8d0e9697b2a4,90a47895-fef7-4709-9cd2-3f507fe28fe3,f91444c9-6e74-41cf-a6a2-5f52975b79d3,c3859c82-3451-460a-a8af-f55240f3fec9,66,400e4752-f236-4ca7-93e9-fd8ebee6735e,S Chaurasiya,7,0,6,0,0,1,3.09
b3641479-5281-43db-9bd3-8d0e9697b2a4,90a47895-fef7-4709-9cd2-3f507fe28fe3,f91444c9-6e74-41cf-a6a2-5f52975b79d3,c3859c82-3451-460a-a8af-f55240f3fec9,67,478c050c-6e97-4198-ba77-24f46dd329d7,S SHARMA,1,0,6,0,0,0,3.06
b3641479-5281-43db-9bd3-8d0e9697b2a4,90a47895-fef7-4709-9cd2-3f507fe28fe3,f91444c9-6e74-41cf-a6a2-5f52975b79d3,c3859c82-3451-460a-a8af-f55240f3fec9,68,400e4752-f236-4ca7-93e9-fd8ebee6735e,S Chaurasiya,0,0,6,0,0,0,3.01
d576cdea-0c86-452a-a163-28f84717b161,9532e4ba-82d5-4e41-b01c-9c4e68e942cd,c3859c82-3451-460a-a8af-f55240f3fec9,692e6f5f-2531-4d30-9dd8-737ba949ee96,0,7313352d-ee94-47c4-8236-19bf9acc3498,W Duson,6,0,6,1,0,0,6.0
d576cdea-0c86-452a-a163-28f84717b161,9532e4ba-82d5-4e41-b01c-9c4e68e942cd,c3859c82-3451-460a-a8af-f55240f3fec9,692e6f5f-2531-4d30-9dd8-737ba949ee96,1,c854a950-19c0-43de-a701-48c149afb2e4,D Barker,2,0,6,0,0,0,4.0
d576cdea-0c86-452a-a163-28f84717b161,9532e4ba-82d5-4e41-b01c-9c4e68e942cd,c3859c82-3451-460a-a8af-f55240f3fec9,692e6f5f-2531-4d30-9dd8-737ba949ee96,2,7313352d-ee94-47c4-8236-19bf9acc3498,W Duson,2,0,6,0,0,0,3.33
d576cdea-0c86-452a-a163-28f84717b161,9532e4ba-82d5-4e41-b01c-9c4e68e942cd,c3859c82-3451-460a-a8af-f55240f3fec9,692e6f5f-2531-4d30-9dd8-737ba949ee96,3,c854a950-19c0-43de-a701-48c149afb2e4,D Barker,5,0,6,1,0,0,3.75
d576cdea-0c86-452a-a163-28f84717b161,9532e4ba-82d5-4e41-b01c-9c4e68e942cd,c3859c82-3451-460a-a8af-f55240f3fec9,692e6f5f-2531-4d30-9dd8-737ba949ee96,4,7313352d-ee94-47c4-8236-19bf9acc3498,W Duson,0,0,6,0,0,0,3.0
d576cdea-0c86-452a-a163-28f84717b161,9532e4ba-82d5-4e41-b01c-9c4e68e942cd,c3859c82-3451-460a-a8af-f55240f3fec9,692e6f5f-2531-4d30-9dd8-737ba949ee96,5,c854a950-19c0-43de-a701-48c149afb2e4,D Barker,4,0,6,0,0,0,3.17
d576cdea-0c86-452a-a163-28f84717b161,9532e4ba-82d5-4e41-b01c-9c4e68e942cd,c3859c82-3451-460a-a8af-f55240f3fec9,692e6f5f-2531-4d30-9dd8-737ba949ee96,6,7313352d-ee94-47c4-8236-19bf9acc3498,W Duson,5,0,6,0,0,0,3.43
d576cdea-0c86-452a-a163-28f84717b161,9532e4ba-82d5-4e41-b01c-9c4e68e942cd,c3859c82-3451-460a-a8af-f55240f3fec9,692e6f5f-2531-4d30-9dd8-737ba949ee96,7,c854a950-19c0-43de-a701-48c149afb2e4,D Barker,5,0,6,0,0,1,3.62
d576cdea-0c86-452a-a163-28f84717b161,9532e4ba-82d5-4e41-b01c-9c4e68e942cd,c3859c82-3451-460a-a8af-f55240f3fec9,692e6f5f-2531-4d30-9dd8-737ba949ee96,8,7313352d-ee94-47c4-8236-19bf9acc3498,W Duson,2,0,6,0,0,0,3.44
d576cdea-0c86-452a-a163-28f84717b161,9532e4ba-82d5-4e41-b01c-9c4e68e942cd,c3859c82-3451-460a-a8af-f55240f3fec9,692e6f5f-2531-4d30-9dd8-737ba949ee96,9,c854a950-19c0-43de-a701-48c149afb2e4,D Barker,4,0,6,2,0,0,3.5
d576cdea-0c86-452a-a163-28f84717b161,9532e4ba-82d5-4e41-b01c-9c4e68e942cd,c3859c82-3451-460a-a8af-f55240f3fec9,692e6f5f-2531-4d30-9dd8-737ba949ee96,10,7313352d-ee94-47c4-8236-19bf9acc3498,W Duson,3,0,6,0,0,0,3.45
d576cdea-0c86-452a-a163-28f84717b161,9532e4ba-82d5-4e41-b01c-9c4e68e942cd,c3859c82-3451-460a-a8af-f55240f3fec9,692e6f5f-2531-4d30-9dd8-737ba949ee96,11,a1e3087e-1a34-4d5f-a207-2a20ba88b039,D Abeyaratne,1,0,6,0,0,0,3.33
d576cdea-0c86-452a-a163-28f84717b161,9532e4ba-82d5-4e41-b01c-9c4e68e942cd,c3859c82-3451-460a-a8af-f55240f3fec9,692e6f5f-2531-4d30-9dd8-737ba949ee96,12,7313352d-ee94-47c4-8236-19bf9acc3498,W Duson,0,0,6,0,0,0,3.08
d576cdea-0c86-452a-a163-28f84717b161,9532e4ba-82d5-4e41-b01c-9c4e68e942cd,c3859c82-3451-460a-a8af-f55240f3fec9,692e6f5f-2531-4d30-9dd8-737ba949ee96,13,a1e3087e-1a34-4d5f-a207-2a20ba88b039,D Abeyaratne,0,0,6,0,0,0,2.86
d576cdea-0c86-452a-a163-28f84717b161,9532e4ba-82d5-4e41-b01c-9c4e68e942cd,c3859c82-3451-460a-a8af-f55240f3fec9,692e6f5f-2531-4d30-9dd8-737ba949ee96,14,7313352d-ee94-47c4-8236-19bf9acc3498,W Duson,1,0,6,0,0,0,2.73
d576cdea-0c86-452a-a163-28f84717b161,9532e4ba-82d5-4e41-b01c-9c4e68e942cd,c3859c82-3451-460a-a8af-f55240f3fec9,692e6f5f-2531-4d30-9dd8-737ba949ee96,15,a1e3087e-1a34-4d5f-a207-2a20ba88b039,D Abeyaratne,1,0,6,0,0,0,2.62
d576cdea-0c86-452a-a163-28f84717b161,9532e4ba-82d5-4e41-b01c-9c4e68e942cd,c3859c82-3451-460a-a8af-f55240f3fec9,692e6f5f-2531-4d30-9dd8-737ba949ee96,16,7313352d-ee94-47c4-8236-19bf9acc3498,W Duson,6,0,6,5,0,0,2.82
d576cdea-0c86-452a-a163-28f84717b161,9532e4ba-82d5-4e41-b01c-9c4e68e942cd,c3859c82-3451-460a-a8af-f55240f3fec9,692e6f5f-2531-4d30-9dd8-737ba949ee96,17,a1e3087e-1a34-4d5f-a207-2a20ba88b039,D Abeyaratne,0,0,6,0,0,0,2.67
d576cdea-0c86-452a-a163-28f84717b161,9532e4ba-82d5-4e41-b01c-9c4e68e942cd,c3859c82-3451-460a-a8af-f55240f3fec9,692e6f5f-2531-4d30-9dd8-737ba949ee96,18,b80f4014-e5ac-4bdf-81a0-d8080aae767f,J Nasir,0,0,6,0,0,0,2.53
d576cdea-0c86-452a-a163-28f84717b161,9532e4ba-82d5-4e41-b01c-9c4e68e942cd,c3859c82-3451-460a-a8af-f55240f3fec9,692e6f5f-2531-4d30-9dd8-737ba949ee96,19,a1e3087e-1a34-4d5f-a207-2a20ba88b039,D Abeyaratne,1,1,6,0,0,0,2.45
d576cdea-0c86-452a-a163-28f84717b161,9532e4ba-82d5-4e41-b01c-9c4e68e942cd,c3859c82-3451-460a-a8af-f55240f3fec9,692e6f5f-2531-4d30-9dd8-737ba949ee96,20,b80f4014-e5ac-4bdf-81a0-d8080aae767f,J Nasir,3,0,6,0,0,0,2.48
d576cdea-0c86-452a-a163-28f84717b161,9532e4ba-82d5-4e41-b01c-9c4e68e942cd,c3859c82-3451-460a-a8af-f55240f3fec9,692e6f5f-2531-4d30-9dd8-737ba949ee96,21,a1e3087e-1a34-4d5f-a207-2a20ba88b039,D Abeyaratne,3,1,6,0,1,0,2.5
d576cdea-0c86-452a-a163-28f84717b161,9532e4ba-82d5-4e41-b01c-9c4e68e942cd,c3859c82-3451-460a-a8af-f55240f3fec9,692e6f5f-2531-4d30-9dd8-737ba949ee96,22,b80f4014-e5ac-4bdf-81a0-d8080aae767f,J Nasir,2,0,6,0,0,0,2.48
d576cdea-0c86-452a-a163-28f84717b161,9532e4ba-82d5-4e41-b01c-9c4e68e942cd,c3859c82-3451-460a-a8af-f55240f3fec9,692e6f5f-2531-4d30-9dd8-737ba949ee96,23,424396cb-8b70-4e81-987b-fc4bfa59dea3,N Nasir,2,0,6,0,0,0,2.46
d576cdea-0c86-452a-a163-28f84717b161,9532e4ba-82d5-4e41-b01c-9c4e68e942cd,c3859c82-3451-460a-a8af-f55240f3fec9,692e6f5f-2531-4d30-9dd8-737ba949ee96,24,b80f4014-e5ac-4bdf-81a0-d8080aae767f,J Nasir,3,0,6,0,0,0,2.48
d576cdea-0c86-452a-a163-28f84717b161,9532e4ba-82d5-4e41-b01c-9c4e68e942cd,c3859c82-3451-460a-a8af-f55240f3fec9,692e6f5f-2531-4d30-9dd8-737ba949ee96,25,424396cb-8b70-4e81-987b-fc4bfa59dea3,N Nasir,1,0,6,0,0,0,2.42
d576cdea-0c86-452a-a163-28f84717b161,9532e4ba-82d5-4e41-b01c-9c4e68e942cd,c3859c82-3451-460a-a8af-f55240f3fec9,692e6f5f-2531-4d30-9dd8-737ba949ee96,26,b80f4014-e5ac-4bdf-81a0-d8080aae767f,J Nasir,1,0,6,0,0,0,2.37
d576cdea-0c86-452a-a163-28f84717b161,9532e4ba-82d5-4e41-b01c-9c4e68e942cd,c3859c82-3451-460a-a8af-f55240f3fec9,692e6f5f-2531-4d30-9dd8-737ba949ee96,27,ec3a37ae-65cf-441a-a1b8-89bae221edfb,Z York,0,0,6,0,0,0,2.29
d576cdea-0c86-452a-a163-28f84717b161,9532e4ba-82d5-4e41-b01c-9c4e68e942cd,c3859c82-3451-460a-a8af-f55240f3fec9,692e6f5f-2531-4d30-9dd8-737ba949ee96,28,b80f4014-e5ac-4bdf-81a0-d8080aae767f,J Nasir,0,0,6,0,0,0,2.21
d576cdea-0c86-452a-a163-28f84717b161,9532e4ba-82d5-4e41-b01c-9c4e68e942cd,c3859c82-3451-460a-a8af-f55240f3fec9,692e6f5f-2531-4d30-9dd8-737ba949ee96,29,ec3a37ae-65cf-441a-a1b8-89bae221edfb,Z York,9,1,6,1,0,2,2.43
d576cdea-0c86-452a-a163-28f84717b161,9532e4ba-82d5-4e41-b01c-9c4e68e942cd,c3859c82-3451-460a-a8af-f55240f3fec9,692e6f5f-2531-4d30-9dd8-737ba949ee96,30,b80f4014-e5ac-4bdf-81a0-d8080aae767f,J Nasir,0,0,6,0,0,0,2.35
d576cdea-0c86-452a-a163-28f84717b161,9532e4ba-82d5-4e41-b01c-9c4e68e942cd,c3859c82-3451-460a-a8af-f55240f3fec9,692e6f5f-2531-4d30-9dd8-737ba949ee96,31,ec3a37ae-65cf-441a-a1b8-89bae221edfb,Z York,9,0,6,0,0,1,2.56
d576cdea-0c86-452a-a163-28f84717b161,9532e4ba-82d5-4e41-b01c-9c4e68e942cd,c3859c82-3451-460a-a8af-f55240f3fec9,692e6f5f-2531-4d30-9dd8-737ba949ee96,32,7313352d-ee94-47c4-8236-19bf9acc3498,W Duson,2,0,6,0,0,0,2.55
d576cdea-0c86-452a-a163-28f84717b161,9532e4ba-82d5-4e41-b01c-9c4e68e942cd,c3859c82-3451-460a-a8af-f55240f3fec9,692e6f5f-2531-4d30-9dd8-737ba949ee96,33,b80f4014-e5ac-4bdf-81a0-d8080aae767f,J Nasir,4,0,6,0,0,0,2.59
d576cdea-0c86-452a-a163-28f84717b161,9532e4ba-82d5-4e41-b01c-9c4e68e942cd,c3859c82-3451-460a-a8af-f55240f3fec9,692e6f5f-2531-4d30-9dd8-737ba949ee96,34,7313352d-ee94-47c4-8236-19bf9acc3498,W Duson,6,0,6,0,0,1,2.69
d576cdea-0c86-452a-a163-28f84717b161,9532e4ba-82d5-4e41-b01c-9c4e68e942cd,c3859c82-3451-460a-a8af-f55240f3fec9,692e6f5f-2531-4d30-9dd8-737ba949ee96,35,b80f4014-e5ac-4bdf-81a0-d8080aae767f,J Nasir,2,0,6,0,0,0,2.67
d576cdea-0c86-452a-a163-28f84717b161,9532e4ba-82d5-4e41-b01c-9c4e68e942cd,c3859c82-3451-460a-a8af-f55240f3fec9,692e6f5f-2531-4d30-9dd8-737ba949ee96,36,7313352d-ee94-47c4-8236-19bf9acc3498,W Duson,3,0,6,0,0,0,2.68
d576cdea-0c86-452a-a163-28f84717b161,9532e4ba-82d5-4e41-b01c-9c4e68e942cd,c3859c82-3451-460a-a8af-f55240f3fec9,692e6f5f-2531-4d30-9dd8-737ba949ee96,37,c854a950-19c0-43de-a701-48c149afb2e4,D Barker,6,0,6,0,0,0,2.76
d576cdea-0c86-452a-a163-28f84717b161,9532e4ba-82d5-4e41-b01c-9c4e68e942cd,c3859c82-3451-460a-a8af-f55240f3fec9,692e6f5f-2531-4d30-9dd8-737ba949ee96,38,7313352d-ee94-47c4-8236-19bf9acc3498,W Duson,4,1,6,1,0,0,2.79
d576cdea-0c86-452a-a163-28f84717b161,9532e4ba-82d5-4e41-b01c-9c4e68e942cd,c3859c82-3451-460a-a8af-f55240f3fec9,692e6f5f-2531-4d30-9dd8-737ba949ee96,39,c854a950-19c0-43de-a701-48c149afb2e4,D Barker,5,0,6,2,0,0,2.85
d576cdea-0c86-452a-a163-28f84717b161,9532e4ba-82d5-4e41-b01c-9c4e68e942cd,c3859c82-3451-460a-a8af-f55240f3fec9,692e6f5f-2531-4d30-9dd8-737ba949ee96,40,7313352d-ee94-47c4-8236-19bf9acc3498,W Duson,2,0,6,0,0,0,2.83
d576cdea-0c86-452a-a163-28f84717b161,9532e4ba-82d5-4e41-b01c-9c4e68e942cd,c3859c82-3451-460a-a8af-f55240f3fec9,692e6f5f-2531-4d30-9dd8-737ba949ee96,41,c854a950-19c0-43de-a701-48c149afb2e4,D Barker,3,0,6,0,0,0,2.83
d576cdea-0c86-452a-a163-28f84717b161,9532e4ba-82d5-4e41-b01c-9c4e68e942cd,c3859c82-3451-460a-a8af-f55240f3fec9,692e6f5f-2531-4d30-9dd8-737ba949ee96,42,7313352d-ee94-47c4-8236-19bf9acc3498,W Duson,4,0,6,2,0,0,2.86
d576cdea-0c86-452a-a163-28f84717b161,9532e4ba-82d5-4e41-b01c-9c4e68e942cd,c3859c82-3451-460a-a8af-f55240f3fec9,692e6f5f-2531-4d30-9dd8-737ba949ee96,43,c854a950-19c0-43de-a701-48c149afb2e4,D Barker,0,0,6,0,0,0,2.8
d576cdea-0c86-452a-a163-28f84717b161,9532e4ba-82d5-4e41-b01c-9c4e68e942cd,c3859c82-3451-460a-a8af-f55240f3fec9,692e6f5f-2531-4d30-9dd8-737ba949ee96,44,7313352d-ee94-47c4-8236-19bf9acc3498,W Duson,2,0,6,0,0,0,2.78
d576cdea-0c86-452a-a163-28f84717b161,9532e4ba-82d5-4e41-b01c-9c4e68e942cd,c3859c82-3451-460a-a8af-f55240f3fec9,692e6f5f-2531-4d30-9dd8-737ba949ee96,45,c854a950-19c0-43de-a701-48c149afb2e4,D Barker,4,0,6,1,0,0,2.8
d576cdea-0c86-452a-a163-28f84717b161,9532e4ba-82d5-4e41-b01c-9c4e68e942cd,c3859c82-3451-460a-a8af-f55240f3fec9,692e6f5f-2531-4d30-9dd8-737ba949ee96,46,7313352d-ee94-47c4-8236-19bf9acc3498,W Duson,4,0,6,0,0,0,2.83
d576cdea-0c86-452a-a163-28f84717b161,9532e4ba-82d5-4e41-b01c-9c4e68e942cd,c3859c82-3451-460a-a8af-f55240f3fec9,692e6f5f-2531-4d30-9dd8-737ba949ee96,47,c854a950-19c0-43de-a701-48c149afb2e4,D Barker,4,0,6,0,0,0,2.85
d576cdea-0c86-452a-a163-28f84717b161,9532e4ba-82d5-4e41-b01c-9c4e68e942cd,c3859c82-3451-460a-a8af-f55240f3fec9,692e6f5f-2531-4d30-9dd8-737ba949ee96,48,7313352d-ee94-47c4-8236-19bf9acc3498,W Duson,4,0,6,0,0,0,2.88
d576cdea-0c86-452a-a163-28f84717b161,9532e4ba-82d5-4e41-b01c-9c4e68e942cd,c3859c82-3451-460a-a8af-f55240f3fec9,692e6f5f-2531-4d30-9dd8-737ba949ee96,49,c0238d77-1bdc-4d26-a2c5-4e912fc6cc96,********,1,0,6,0,0,0,2.84
d576cdea-0c86-452a-a163-28f84717b161,9532e4ba-82d5-4e41-b01c-9c4e68e942cd,c3859c82-3451-460a-a8af-f55240f3fec9,692e6f5f-2531-4d30-9dd8-737ba949ee96,50,b80f4014-e5ac-4bdf-81a0-d8080aae767f,J Nasir,7,0,6,0,0,1,2.92
d576cdea-0c86-452a-a163-28f84717b161,9532e4ba-82d5-4e41-b01c-9c4e68e942cd,c3859c82-3451-460a-a8af-f55240f3fec9,692e6f5f-2531-4d30-9dd8-737ba949ee96,51,c0238d77-1bdc-4d26-a2c5-4e912fc6cc96,********,5,0,6,0,0,0,2.96
d576cdea-0c86-452a-a163-28f84717b161,9532e4ba-82d5-4e41-b01c-9c4e68e942cd,c3859c82-3451-460a-a8af-f55240f3fec9,692e6f5f-2531-4d30-9dd8-737ba949ee96,52,b80f4014-e5ac-4bdf-81a0-d8080aae767f,J Nasir,4,1,6,0,0,1,2.98
d576cdea-0c86-452a-a163-28f84717b161,9532e4ba-82d5-4e41-b01c-9c4e68e942cd,c3859c82-3451-460a-a8af-f55240f3fec9,692e6f5f-2531-4d30-9dd8-737ba949ee96,53,c0238d77-1bdc-4d26-a2c5-4e912fc6cc96,********,6,0,6,0,0,1,3.04
d576cdea-0c86-452a-a163-28f84717b161,9532e4ba-82d5-4e41-b01c-9c4e68e942cd,c3859c82-3451-460a-a8af-f55240f3fec9,692e6f5f-2531-4d30-9dd8-737ba949ee96,54,b80f4014-e5ac-4bdf-81a0-d8080aae767f,J Nasir,7,0,6,0,1,0,3.11
d576cdea-0c86-452a-a163-28f84717b161,9532e4ba-82d5-4e41-b01c-9c4e68e942cd,c3859c82-3451-460a-a8af-f55240f3fec9,692e6f5f-2531-4d30-9dd8-737ba949ee96,55,c0238d77-1bdc-4d26-a2c5-4e912fc6cc96,********,4,0,6,0,0,0,3.12
d576cdea-0c86-452a-a163-28f84717b161,9532e4ba-82d5-4e41-b01c-9c4e68e942cd,c3859c82-3451-460a-a8af-f55240f3fec9,692e6f5f-2531-4d30-9dd8-737ba949ee96,56,4c2d73c7-d533-4ae5-adac-4246e9c23d7a,J Ferreira,4,0,6,1,0,0,3.14
d576cdea-0c86-452a-a163-28f84717b161,9532e4ba-82d5-4e41-b01c-9c4e68e942cd,c3859c82-3451-460a-a8af-f55240f3fec9,692e6f5f-2531-4d30-9dd8-737ba949ee96,57,a1e3087e-1a34-4d5f-a207-2a20ba88b039,D Abeyaratne,9,0,6,0,0,2,3.24
d576cdea-0c86-452a-a163-28f84717b161,9532e4ba-82d5-4e41-b01c-9c4e68e942cd,c3859c82-3451-460a-a8af-f55240f3fec9,692e6f5f-2531-4d30-9dd8-737ba949ee96,58,4c2d73c7-d533-4ae5-adac-4246e9c23d7a,J Ferreira,6,0,6,0,0,0,3.29
d576cdea-0c86-452a-a163-28f84717b161,9532e4ba-82d5-4e41-b01c-9c4e68e942cd,c3859c82-3451-460a-a8af-f55240f3fec9,692e6f5f-2531-4d30-9dd8-737ba949ee96,59,a1e3087e-1a34-4d5f-a207-2a20ba88b039,D Abeyaratne,4,0,6,0,0,0,3.3
d576cdea-0c86-452a-a163-28f84717b161,9532e4ba-82d5-4e41-b01c-9c4e68e942cd,c3859c82-3451-460a-a8af-f55240f3fec9,692e6f5f-2531-4d30-9dd8-737ba949ee96,60,4c2d73c7-d533-4ae5-adac-4246e9c23d7a,J Ferreira,5,1,6,1,0,0,3.33
d576cdea-0c86-452a-a163-28f84717b161,9532e4ba-82d5-4e41-b01c-9c4e68e942cd,c3859c82-3451-460a-a8af-f55240f3fec9,692e6f5f-2531-4d30-9dd8-737ba949ee96,61,a1e3087e-1a34-4d5f-a207-2a20ba88b039,D Abeyaratne,7,0,6,0,0,0,3.39
d576cdea-0c86-452a-a163-28f84717b161,9532e4ba-82d5-4e41-b01c-9c4e68e942cd,c3859c82-3451-460a-a8af-f55240f3fec9,692e6f5f-2531-4d30-9dd8-737ba949ee96,62,4c2d73c7-d533-4ae5-adac-4246e9c23d7a,J Ferreira,6,1,6,0,0,1,3.43
d576cdea-0c86-452a-a163-28f84717b161,9532e4ba-82d5-4e41-b01c-9c4e68e942cd,c3859c82-3451-460a-a8af-f55240f3fec9,692e6f5f-2531-4d30-9dd8-737ba949ee96,63,c854a950-19c0-43de-a701-48c149afb2e4,D Barker,5,1,6,0,0,0,3.45
d576cdea-0c86-452a-a163-28f84717b161,9532e4ba-82d5-4e41-b01c-9c4e68e942cd,c3859c82-3451-460a-a8af-f55240f3fec9,692e6f5f-2531-4d30-9dd8-737ba949ee96,64,7313352d-ee94-47c4-8236-19bf9acc3498,W Duson,4,1,5,0,0,0,3.47
d576cdea-0c86-452a-a163-28f84717b161,b901a4fb-d6cd-4964-b7c6-ca38ab67e7a0,692e6f5f-2531-4d30-9dd8-737ba949ee96,c3859c82-3451-460a-a8af-f55240f3fec9,0,ef15fcc4-a2d8-47af-af3f-9c4391db7c4a,S Gill,5,0,6,5,0,0,5.0
d576cdea-0c86-452a-a163-28f84717b161,b901a4fb-d6cd-4964-b7c6-ca38ab67e7a0,692e6f5f-2531-4d30-9dd8-737ba949ee96,c3859c82-3451-460a-a8af-f55240f3fec9,1,71ca36a8-b853-449e-b7fd-ac601222e885,K Nallepalli,9,0,6,0,0,2,7.0
d576cdea-0c86-452a-a163-28f84717b161,b901a4fb-d6cd-4964-b7c6-ca38ab67e7a0,692e6f5f-2531-4d30-9dd8-737ba949ee96,c3859c82-3451-460a-a8af-f55240f3fec9,2,ef15fcc4-a2d8-47af-af3f-9c4391db7c4a,S Gill,6,1,6,1,0,1,6.67
d576cdea-0c86-452a-a163-28f84717b161,b901a4fb-d6cd-4964-b7c6-ca38ab67e7a0,692e6f5f-2531-4d30-9dd8-737ba949ee96,c3859c82-3451-460a-a8af-f55240f3fec9,3,71ca36a8-b853-449e-b7fd-ac601222e885,K Nallepalli,1,0,6,0,0,0,5.25
d576cdea-0c86-452a-a163-28f84717b161,b901a4fb-d6cd-4964-b7c6-ca38ab67e7a0,692e6f5f-2531-4d30-9dd8-737ba949ee96,c3859c82-3451-460a-a8af-f55240f3fec9,4,ef15fcc4-a2d8-47af-af3f-9c4391db7c4a,S Gill,2,0,6,1,0,0,4.6
d576cdea-0c86-452a-a163-28f84717b161,b901a4fb-d6cd-4964-b7c6-ca38ab67e7a0,692e6f5f-2531-4d30-9dd8-737ba949ee96,c3859c82-3451-460a-a8af-f55240f3fec9,5,71ca36a8-b853-449e-b7fd-ac601222e885,K Nallepalli,2,0,6,1,0,0,4.17
d576cdea-0c86-452a-a163-28f84717b161,b901a4fb-d6cd-4964-b7c6-ca38ab67e7a0,692e6f5f-2531-4d30-9dd8-737ba949ee96,c3859c82-3451-460a-a8af-f55240f3fec9,6,ef15fcc4-a2d8-47af-af3f-9c4391db7c4a,S Gill,3,0,6,1,0,0,4.0
d576cdea-0c86-452a-a163-28f84717b161,b901a4fb-d6cd-4964-b7c6-ca38ab67e7a0,692e6f5f-2531-4d30-9dd8-737ba949ee96,c3859c82-3451-460a-a8af-f55240f3fec9,7,71ca36a8-b853-449e-b7fd-ac601222e885,K Nallepalli,1,0,6,0,0,0,3.5
d576cdea-0c86-452a-a163-28f84717b161,b901a4fb-d6cd-4964-b7c6-ca38ab67e7a0,692e6f5f-2531-4d30-9dd8-737ba949ee96,c3859c82-3451-460a-a8af-f55240f3fec9,8,ef15fcc4-a2d8-47af-af3f-9c4391db7c4a,S Gill,1,0,6,0,0,0,3.22
d576cdea-0c86-452a-a163-28f84717b161,b901a4fb-d6cd-4964-b7c6-ca38ab67e7a0,692e6f5f-2531-4d30-9dd8-737ba949ee96,c3859c82-3451-460a-a8af-f55240f3fec9,9,71ca36a8-b853-449e-b7fd-ac601222e885,K Nallepalli,9,0,6,1,0,1,3.8
d576cdea-0c86-452a-a163-28f84717b161,b901a4fb-d6cd-4964-b7c6-ca38ab67e7a0,692e6f5f-2531-4d30-9dd8-737ba949ee96,c3859c82-3451-460a-a8af-f55240f3fec9,10,ef15fcc4-a2d8-47af-af3f-9c4391db7c4a,S Gill,5,1,6,1,0,0,3.91
d576cdea-0c86-452a-a163-28f84717b161,b901a4fb-d6cd-4964-b7c6-ca38ab67e7a0,692e6f5f-2531-4d30-9dd8-737ba949ee96,c3859c82-3451-460a-a8af-f55240f3fec9,11,71ca36a8-b853-449e-b7fd-ac601222e885,K Nallepalli,0,1,6,0,0,0,3.58
d576cdea-0c86-452a-a163-28f84717b161,b901a4fb-d6cd-4964-b7c6-ca38ab67e7a0,692e6f5f-2531-4d30-9dd8-737ba949ee96,c3859c82-3451-460a-a8af-f55240f3fec9,12,ef15fcc4-a2d8-47af-af3f-9c4391db7c4a,S Gill,8,0,6,0,0,2,3.92
d576cdea-0c86-452a-a163-28f84717b161,b901a4fb-d6cd-4964-b7c6-ca38ab67e7a0,692e6f5f-2531-4d30-9dd8-737ba949ee96,c3859c82-3451-460a-a8af-f55240f3fec9,13,71ca36a8-b853-449e-b7fd-ac601222e885,K Nallepalli,4,0,6,2,0,0,3.93
d576cdea-0c86-452a-a163-28f84717b161,b901a4fb-d6cd-4964-b7c6-ca38ab67e7a0,692e6f5f-2531-4d30-9dd8-737ba949ee96,c3859c82-3451-460a-a8af-f55240f3fec9,14,17d58ef7-cae1-444e-adba-71c74067872b,P Rahate,8,0,6,0,0,1,4.2
d576cdea-0c86-452a-a163-28f84717b161,b901a4fb-d6cd-4964-b7c6-ca38ab67e7a0,692e6f5f-2531-4d30-9dd8-737ba949ee96,c3859c82-3451-460a-a8af-f55240f3fec9,15,8817f6bc-348d-4f63-81c9-deefc3b714ff,W Syed,0,0,6,0,0,0,3.94
d576cdea-0c86-452a-a163-28f84717b161,b901a4fb-d6cd-4964-b7c6-ca38ab67e7a0,692e6f5f-2531-4d30-9dd8-737ba949ee96,c3859c82-3451-460a-a8af-f55240f3fec9,16,17d58ef7-cae1-444e-adba-71c74067872b,P Rahate,1,0,6,0,0,0,3.76
d576cdea-0c86-452a-a163-28f84717b161,b901a4fb-d6cd-4964-b7c6-ca38ab67e7a0,692e6f5f-2531-4d30-9dd8-737ba949ee96,c3859c82-3451-460a-a8af-f55240f3fec9,17,8817f6bc-348d-4f63-81c9-deefc3b714ff,W Syed,0,0,6,0,0,0,3.56
d576cdea-0c86-452a-a163-28f84717b161,b901a4fb-d6cd-4964-b7c6-ca38ab67e7a0,692e6f5f-2531-4d30-9dd8-737ba949ee96,c3859c82-3451-460a-a8af-f55240f3fec9,18,17d58ef7-cae1-444e-adba-71c74067872b,P Rahate,3,0,6,0,0,0,3.53
d576cdea-0c86-452a-a163-28f84717b161,b901a4fb-d6cd-4964-b7c6-ca38ab67e7a0,692e6f5f-2531-4d30-9dd8-737ba949ee96,c3859c82-3451-460a-a8af-f55240f3fec9,19,8817f6bc-348d-4f63-81c9-deefc3b714ff,W Syed,0,1,6,0,0,0,3.35
d576cdea-0c86-452a-a163-28f84717b161,b901a4fb-d6cd-4964-b7c6-ca38ab67e7a0,692e6f5f-2531-4d30-9dd8-737ba949ee96,c3859c82-3451-460a-a8af-f55240f3fec9,20,17d58ef7-cae1-444e-adba-71c74067872b,P Rahate,3,0,6,0,0,0,3.33
d576cdea-0c86-452a-a163-28f84717b161,b901a4fb-d6cd-4964-b7c6-ca38ab67e7a0,692e6f5f-2531-4d30-9dd8-737ba949ee96,c3859c82-3451-460a-a8af-f55240f3fec9,21,8817f6bc-348d-4f63-81c9-deefc3b714ff,W Syed,12,0,6,0,0,2,3.73
d576cdea-0c86-452a-a163-28f84717b161,b901a4fb-d6cd-4964-b7c6-ca38ab67e7a0,692e6f5f-2531-4d30-9dd8-737ba949ee96,c3859c82-3451-460a-a8af-f55240f3fec9,22,17d58ef7-cae1-444e-adba-71c74067872b,P Rahate,8,0,6,0,0,1,3.91
d576cdea-0c86-452a-a163-28f84717b161,b901a4fb-d6cd-4964-b7c6-ca38ab67e7a0,692e6f5f-2531-4d30-9dd8-737ba949ee96,c3859c82-3451-460a-a8af-f55240f3fec9,23,8817f6bc-348d-4f63-81c9-deefc3b714ff,W Syed,6,0,6,1,1,0,4.0
d576cdea-0c86-452a-a163-28f84717b161,b901a4fb-d6cd-4964-b7c6-ca38ab67e7a0,692e6f5f-2531-4d30-9dd8-737ba949ee96,c3859c82-3451-460a-a8af-f55240f3fec9,24,17d58ef7-cae1-444e-adba-71c74067872b,P Rahate,1,1,6,0,0,0,3.88
d576cdea-0c86-452a-a163-28f84717b161,b901a4fb-d6cd-4964-b7c6-ca38ab67e7a0,692e6f5f-2531-4d30-9dd8-737ba949ee96,c3859c82-3451-460a-a8af-f55240f3fec9,25,71ca36a8-b853-449e-b7fd-ac601222e885,K Nallepalli,0,0,6,0,0,0,3.73
d576cdea-0c86-452a-a163-28f84717b161,b901a4fb-d6cd-4964-b7c6-ca38ab67e7a0,692e6f5f-2531-4d30-9dd8-737ba949ee96,c3859c82-3451-460a-a8af-f55240f3fec9,26,17d58ef7-cae1-444e-adba-71c74067872b,P Rahate,12,0,6,0,0,3,4.04
d576cdea-0c86-452a-a163-28f84717b161,b901a4fb-d6cd-4964-b7c6-ca38ab67e7a0,692e6f5f-2531-4d30-9dd8-737ba949ee96,c3859c82-3451-460a-a8af-f55240f3fec9,27,71ca36a8-b853-449e-b7fd-ac601222e885,K Nallepalli,2,0,6,0,0,0,3.96
d576cdea-0c86-452a-a163-28f84717b161,b901a4fb-d6cd-4964-b7c6-ca38ab67e7a0,692e6f5f-2531-4d30-9dd8-737ba949ee96,c3859c82-3451-460a-a8af-f55240f3fec9,28,4aa29dae-1627-4649-addf-f4a12cdbb9db,V Para,8,0,6,3,0,0,4.1
d576cdea-0c86-452a-a163-28f84717b161,b901a4fb-d6cd-4964-b7c6-ca38ab67e7a0,692e6f5f-2531-4d30-9dd8-737ba949ee96,c3859c82-3451-460a-a8af-f55240f3fec9,29,71ca36a8-b853-449e-b7fd-ac601222e885,K Nallepalli,7,0,6,0,0,1,4.2
d576cdea-0c86-452a-a163-28f84717b161,b901a4fb-d6cd-4964-b7c6-ca38ab67e7a0,692e6f5f-2531-4d30-9dd8-737ba949ee96,c3859c82-3451-460a-a8af-f55240f3fec9,30,4aa29dae-1627-4649-addf-f4a12cdbb9db,V Para,3,1,6,2,0,0,4.16
d576cdea-0c86-452a-a163-28f84717b161,b901a4fb-d6cd-4964-b7c6-ca38ab67e7a0,692e6f5f-2531-4d30-9dd8-737ba949ee96,c3859c82-3451-460a-a8af-f55240f3fec9,31,71ca36a8-b853-449e-b7fd-ac601222e885,K Nallepalli,8,0,6,3,0,0,4.28
d576cdea-0c86-452a-a163-28f84717b161,b901a4fb-d6cd-4964-b7c6-ca38ab67e7a0,692e6f5f-2531-4d30-9dd8-737ba949ee96,c3859c82-3451-460a-a8af-f55240f3fec9,32,400e4752-f236-4ca7-93e9-fd8ebee6735e,S Chaurasiya,2,0,6,0,0,0,4.21
d576cdea-0c86-452a-a163-28f84717b161,b901a4fb-d6cd-4964-b7c6-ca38ab67e7a0,692e6f5f-2531-4d30-9dd8-737ba949ee96,c3859c82-3451-460a-a8af-f55240f3fec9,33,8817f6bc-348d-4f63-81c9-deefc3b714ff,W Syed,1,0,6,0,0,0,4.12
d576cdea-0c86-452a-a163-28f84717b161,b901a4fb-d6cd-4964-b7c6-ca38ab67e7a0,692e6f5f-2531-4d30-9dd8-737ba949ee96,c3859c82-3451-460a-a8af-f55240f3fec9,34,400e4752-f236-4ca7-93e9-fd8ebee6735e,S Chaurasiya,3,0,6,0,0,0,4.09
d576cdea-0c86-452a-a163-28f84717b161,b901a4fb-d6cd-4964-b7c6-ca38ab67e7a0,692e6f5f-2531-4d30-9dd8-737ba949ee96,c3859c82-3451-460a-a8af-f55240f3fec9,35,8817f6bc-348d-4f63-81c9-deefc3b714ff,W Syed,1,0,6,0,0,0,4.0
d576cdea-0c86-452a-a163-28f84717b161,b901a4fb-d6cd-4964-b7c6-ca38ab67e7a0,692e6f5f-2531-4d30-9dd8-737ba949ee96,c3859c82-3451-460a-a8af-f55240f3fec9,36,400e4752-f236-4ca7-93e9-fd8ebee6735e,S Chaurasiya,3,0,6,2,0,0,3.97
d576cdea-0c86-452a-a163-28f84717b161,b901a4fb-d6cd-4964-b7c6-ca38ab67e7a0,692e6f5f-2531-4d30-9dd8-737ba949ee96,c3859c82-3451-460a-a8af-f55240f3fec9,37,8817f6bc-348d-4f63-81c9-deefc3b714ff,W Syed,4,0,6,0,0,1,3.97
d576cdea-0c86-452a-a163-28f84717b161,b901a4fb-d6cd-4964-b7c6-ca38ab67e7a0,692e6f5f-2531-4d30-9dd8-737ba949ee96,c3859c82-3451-460a-a8af-f55240f3fec9,38,400e4752-f236-4ca7-93e9-fd8ebee6735e,S Chaurasiya,3,0,6,2,0,0,3.95
d576cdea-0c86-452a-a163-28f84717b161,b901a4fb-d6cd-4964-b7c6-ca38ab67e7a0,692e6f5f-2531-4d30-9dd8-737ba949ee96,c3859c82-3451-460a-a8af-f55240f3fec9,39,8817f6bc-348d-4f63-81c9-deefc3b714ff,W Syed,1,1,6,0,0,0,3.88
d576cdea-0c86-452a-a163-28f84717b161,b901a4fb-d6cd-4964-b7c6-ca38ab67e7a0,692e6f5f-2531-4d30-9dd8-737ba949ee96,c3859c82-3451-460a-a8af-f55240f3fec9,40,400e4752-f236-4ca7-93e9-fd8ebee6735e,S Chaurasiya,2,1,6,1,0,0,3.83
d576cdea-0c86-452a-a163-28f84717b161,b901a4fb-d6cd-4964-b7c6-ca38ab67e7a0,692e6f5f-2531-4d30-9dd8-737ba949ee96,c3859c82-3451-460a-a8af-f55240f3fec9,41,8817f6bc-348d-4f63-81c9-deefc3b714ff,W Syed,3,0,6,0,0,0,3.81
d576cdea-0c86-452a-a163-28f84717b161,b901a4fb-d6cd-4964-b7c6-ca38ab67e7a0,692e6f5f-2531-4d30-9dd8-737ba949ee96,c3859c82-3451-460a-a8af-f55240f3fec9,42,400e4752-f236-4ca7-93e9-fd8ebee6735e,S Chaurasiya,5,0,6,0,0,1,3.84
d576cdea-0c86-452a-a163-28f84717b161,b901a4fb-d6cd-4964-b7c6-ca38ab67e7a0,692e6f5f-2531-4d30-9dd8-737ba949ee96,c3859c82-3451-460a-a8af-f55240f3fec9,43,8817f6bc-348d-4f63-81c9-deefc3b714ff,W Syed,5,0,6,0,0,1,3.86
d576cdea-0c86-452a-a163-28f84717b161,b901a4fb-d6cd-4964-b7c6-ca38ab67e7a0,692e6f5f-2531-4d30-9dd8-737ba949ee96,c3859c82-3451-460a-a8af-f55240f3fec9,44,400e4752-f236-4ca7-93e9-fd8ebee6735e,S Chaurasiya,2,0,6,0,0,0,3.82
d576cdea-0c86-452a-a163-28f84717b161,b901a4fb-d6cd-4964-b7c6-ca38ab67e7a0,692e6f5f-2531-4d30-9dd8-737ba949ee96,c3859c82-3451-460a-a8af-f55240f3fec9,45,8817f6bc-348d-4f63-81c9-deefc3b714ff,W Syed,0,0,6,0,0,0,3.74
d576cdea-0c86-452a-a163-28f84717b161,b901a4fb-d6cd-4964-b7c6-ca38ab67e7a0,692e6f5f-2531-4d30-9dd8-737ba949ee96,c3859c82-3451-460a-a8af-f55240f3fec9,46,400e4752-f236-4ca7-93e9-fd8ebee6735e,S Chaurasiya,1,1,4,0,0,0,3.71
f93992b8-4770-477b-b610-5eb34420f01b,6a106040-cbb1-4c67-b2a1-f97c1d0980b2,c3859c82-3451-460a-a8af-f55240f3fec9,15afc07c-f087-455e-b9a1-e366e750413a,0,b03805bd-7512-4242-a033-621880ab6540,M Bopardikar,2,0,6,0,0,0,3.0
f93992b8-4770-477b-b610-5eb34420f01b,6a106040-cbb1-4c67-b2a1-f97c1d0980b2,c3859c82-3451-460a-a8af-f55240f3fec9,15afc07c-f087-455e-b9a1-e366e750413a,1,ab466eb8-df1e-47d7-9a4f-879317da2858,A Varayuri,4,0,6,0,0,0,3.5
f93992b8-4770-477b-b610-5eb34420f01b,6a106040-cbb1-4c67-b2a1-f97c1d0980b2,c3859c82-3451-460a-a8af-f55240f3fec9,15afc07c-f087-455e-b9a1-e366e750413a,2,b03805bd-7512-4242-a033-621880ab6540,M Bopardikar,8,0,6,0,0,2,5.0
f93992b8-4770-477b-b610-5eb34420f01b,6a106040-cbb1-4c67-b2a1-f97c1d0980b2,c3859c82-3451-460a-a8af-f55240f3fec9,15afc07c-f087-455e-b9a1-e366e750413a,3,ab466eb8-df1e-47d7-9a4f-879317da2858,A Varayuri,5,0,6,0,0,1,5.0
f93992b8-4770-477b-b610-5eb34420f01b,6a106040-cbb1-4c67-b2a1-f97c1d0980b2,c3859c82-3451-460a-a8af-f55240f3fec9,15afc07c-f087-455e-b9a1-e366e750413a,4,b03805bd-7512-4242-a033-621880ab6540,M Bopardikar,6,0,6,1,0,1,5.2
f93992b8-4770-477b-b610-5eb34420f01b,6a106040-cbb1-4c67-b2a1-f97c1d0980b2,c3859c82-3451-460a-a8af-f55240f3fec9,15afc07c-f087-455e-b9a1-e366e750413a,5,ab466eb8-df1e-47d7-9a4f-879317da2858,A Varayuri,3,0,6,1,0,0,4.83
f93992b8-4770-477b-b610-5eb34420f01b,6a106040-cbb1-4c67-b2a1-f97c1d0980b2,c3859c82-3451-460a-a8af-f55240f3fec9,15afc07c-f087-455e-b9a1-e366e750413a,6,4b44abaf-1fc3-412c-9a4f-b7c1c2f00f82,A Rai,4,0,6,0,0,1,4.71
f93992b8-4770-477b-b610-5eb34420f01b,6a106040-cbb1-4c67-b2a1-f97c1d0980b2,c3859c82-3451-460a-a8af-f55240f3fec9,15afc07c-f087-455e-b9a1-e366e750413a,7,ab466eb8-df1e-47d7-9a4f-879317da2858,A Varayuri,6,0,6,0,0,1,4.88
f93992b8-4770-477b-b610-5eb34420f01b,6a106040-cbb1-4c67-b2a1-f97c1d0980b2,c3859c82-3451-460a-a8af-f55240f3fec9,15afc07c-f087-455e-b9a1-e366e750413a,8,4b44abaf-1fc3-412c-9a4f-b7c1c2f00f82,A Rai,1,0,6,0,0,0,4.44
f93992b8-4770-477b-b610-5eb34420f01b,6a106040-cbb1-4c67-b2a1-f97c1d0980b2,c3859c82-3451-460a-a8af-f55240f3fec9,15afc07c-f087-455e-b9a1-e366e750413a,9,ab466eb8-df1e-47d7-9a4f-879317da2858,A Varayuri,2,0,6,0,0,0,4.2
f93992b8-4770-477b-b610-5eb34420f01b,6a106040-cbb1-4c67-b2a1-f97c1d0980b2,c3859c82-3451-460a-a8af-f55240f3fec9,15afc07c-f087-455e-b9a1-e366e750413a,10,4b44abaf-1fc3-412c-9a4f-b7c1c2f00f82,A Rai,4,0,6,0,0,0,4.18
f93992b8-4770-477b-b610-5eb34420f01b,6a106040-cbb1-4c67-b2a1-f97c1d0980b2,c3859c82-3451-460a-a8af-f55240f3fec9,15afc07c-f087-455e-b9a1-e366e750413a,11,,,6,0,6,1,0,1,4.33
f93992b8-4770-477b-b610-5eb34420f01b,6a106040-cbb1-4c67-b2a1-f97c1d0980b2,c3859c82-3451-460a-a8af-f55240f3fec9,15afc07c-f087-455e-b9a1-e366e750413a,12,4b44abaf-1fc3-412c-9a4f-b7c1c2f00f82,A Rai,8,0,6,0,0,2,4.62
f93992b8-4770-477b-b610-5eb34420f01b,6a106040-cbb1-4c67-b2a1-f97c1d0980b2,c3859c82-3451-460a-a8af-f55240f3fec9,15afc07c-f087-455e-b9a1-e366e750413a,13,,,7,1,6,6,0,0,4.79
f93992b8-4770-477b-b610-5eb34420f01b,6a106040-cbb1-4c67-b2a1-f97c1d0980b2,c3859c82-3451-460a-a8af-f55240f3fec9,15afc07c-f087-455e-b9a1-e366e750413a,14,dac87d17-0237-4309-b103-d6bb72a6579f,M Syed,8,0,6,5,0,0,5.0
f93992b8-4770-477b-b610-5eb34420f01b,6a106040-cbb1-4c67-b2a1-f97c1d0980b2,c3859c82-3451-460a-a8af-f55240f3fec9,15afc07c-f087-455e-b9a1-e366e750413a,15,,,6,0,6,0,0,1,5.12
f93992b8-4770-477b-b610-5eb34420f01b,6a106040-cbb1-4c67-b2a1-f97c1d0980b2,c3859c82-3451-460a-a8af-f55240f3fec9,15afc07c-f087-455e-b9a1-e366e750413a,16,dac87d17-0237-4309-b103-d6bb72a6579f,M Syed,1,0,6,1,0,0,5.06
f93992b8-4770-477b-b610-5eb34420f01b,6a106040-cbb1-4c67-b2a1-f97c1d0980b2,c3859c82-3451-460a-a8af-f55240f3fec9,15afc07c-f087-455e-b9a1-e366e750413a,17,ff60af50-c082-4b21-b618-d4a6793cf54c,J Shah,2,0,6,1,0,0,4.89
f93992b8-4770-477b-b610-5eb34420f01b,6a106040-cbb1-4c67-b2a1-f97c1d0980b2,c3859c82-3451-460a-a8af-f55240f3fec9,15afc07c-f087-455e-b9a1-e366e750413a,18,dac87d17-0237-4309-b103-d6bb72a6579f,M Syed,5,0,6,0,0,1,4.89
f93992b8-4770-477b-b610-5eb34420f01b,6a106040-cbb1-4c67-b2a1-f97c1d0980b2,c3859c82-3451-460a-a8af-f55240f3fec9,15afc07c-f087-455e-b9a1-e366e750413a,19,ff60af50-c082-4b21-b618-d4a6793cf54c,J Shah,0,1,6,0,0,0,4.65
f93992b8-4770-477b-b610-5eb34420f01b,6a106040-cbb1-4c67-b2a1-f97c1d0980b2,c3859c82-3451-460a-a8af-f55240f3fec9,15afc07c-f087-455e-b9a1-e366e750413a,20,4b44abaf-1fc3-412c-9a4f-b7c1c2f00f82,A Rai,4,0,6,1,1,0,4.62
f93992b8-4770-477b-b610-5eb34420f01b,6a106040-cbb1-4c67-b2a1-f97c1d0980b2,c3859c82-3451-460a-a8af-f55240f3fec9,15afc07c-f087-455e-b9a1-e366e750413a,21,ff60af50-c082-4b21-b618-d4a6793cf54c,J Shah,9,0,6,0,0,2,4.82
f93992b8-4770-477b-b610-5eb34420f01b,6a106040-cbb1-4c67-b2a1-f97c1d0980b2,c3859c82-3451-460a-a8af-f55240f3fec9,15afc07c-f087-455e-b9a1-e366e750413a,22,4b44abaf-1fc3-412c-9a4f-b7c1c2f00f82,A Rai,9,0,6,0,0,1,5.0
f93992b8-4770-477b-b610-5eb34420f01b,6a106040-cbb1-4c67-b2a1-f97c1d0980b2,c3859c82-3451-460a-a8af-f55240f3fec9,15afc07c-f087-455e-b9a1-e366e750413a,23,ff60af50-c082-4b21-b618-d4a6793cf54c,J Shah,13,0,6,0,1,3,5.33
f93992b8-4770-477b-b610-5eb34420f01b,6a106040-cbb1-4c67-b2a1-f97c1d0980b2,c3859c82-3451-460a-a8af-f55240f3fec9,15afc07c-f087-455e-b9a1-e366e750413a,24,dac87d17-0237-4309-b103-d6bb72a6579f,M Syed,1,0,6,1,0,0,5.16
f93992b8-4770-477b-b610-5eb34420f01b,6a106040-cbb1-4c67-b2a1-f97c1d0980b2,c3859c82-3451-460a-a8af-f55240f3fec9,15afc07c-f087-455e-b9a1-e366e750413a,25,4b44abaf-1fc3-412c-9a4f-b7c1c2f00f82,A Rai,1,0,6,0,0,0,5.0
f93992b8-4770-477b-b610-5eb34420f01b,6a106040-cbb1-4c67-b2a1-f97c1d0980b2,c3859c82-3451-460a-a8af-f55240f3fec9,15afc07c-f087-455e-b9a1-e366e750413a,26,dac87d17-0237-4309-b103-d6bb72a6579f,M Syed,1,1,6,0,0,0,4.85
f93992b8-4770-477b-b610-5eb34420f01b,6a106040-cbb1-4c67-b2a1-f97c1d0980b2,c3859c82-3451-460a-a8af-f55240f3fec9,15afc07c-f087-455e-b9a1-e366e750413a,27,b03805bd-7512-4242-a033-621880ab6540,M Bopardikar,7,0,6,1,0,0,4.93
f93992b8-4770-477b-b610-5eb34420f01b,6a106040-cbb1-4c67-b2a1-f97c1d0980b2,c3859c82-3451-460a-a8af-f55240f3fec9,15afc07c-f087-455e-b9a1-e366e750413a,28,dac87d17-0237-4309-b103-d6bb72a6579f,M Syed,7,0,6,1,0,1,5.0
f93992b8-4770-477b-b610-5eb34420f01b,6a106040-cbb1-4c67-b2a1-f97c1d0980b2,c3859c82-3451-460a-a8af-f55240f3fec9,15afc07c-f087-455e-b9a1-e366e750413a,29,b03805bd-7512-4242-a033-621880ab6540,M Bopardikar,7,0,6,0,0,1,5.07
f93992b8-4770-477b-b610-5eb34420f01b,6a106040-cbb1-4c67-b2a1-f97c1d0980b2,c3859c82-3451-460a-a8af-f55240f3fec9,15afc07c-f087-455e-b9a1-e366e750413a,30,ab466eb8-df1e-47d7-9a4f-879317da2858,A Varayuri,3,0,6,0,0,0,5.0
f93992b8-4770-477b-b610-5eb34420f01b,6a106040-cbb1-4c67-b2a1-f97c1d0980b2,c3859c82-3451-460a-a8af-f55240f3fec9,15afc07c-f087-455e-b9a1-e366e750413a,31,b03805bd-7512-4242-a033-621880ab6540,M Bopardikar,11,1,6,2,1,1,5.19
f93992b8-4770-477b-b610-5eb34420f01b,6a106040-cbb1-4c67-b2a1-f97c1d0980b2,c3859c82-3451-460a-a8af-f55240f3fec9,15afc07c-f087-455e-b9a1-e366e750413a,32,,,5,1,6,0,0,1,5.18
f93992b8-4770-477b-b610-5eb34420f01b,6a106040-cbb1-4c67-b2a1-f97c1d0980b2,c3859c82-3451-460a-a8af-f55240f3fec9,15afc07c-f087-455e-b9a1-e366e750413a,33,dac87d17-0237-4309-b103-d6bb72a6579f,M Syed,19,0,6,1,0,3,5.59
f93992b8-4770-477b-b610-5eb34420f01b,6a106040-cbb1-4c67-b2a1-f97c1d0980b2,c3859c82-3451-460a-a8af-f55240f3fec9,15afc07c-f087-455e-b9a1-e366e750413a,34,ab466eb8-df1e-47d7-9a4f-879317da2858,A Varayuri,9,1,6,1,0,1,5.69
f93992b8-4770-477b-b610-5eb34420f01b,cb0e22d1-d6ec-4407-9667-e5fd73cebdc5,15afc07c-f087-455e-b9a1-e366e750413a,c3859c82-3451-460a-a8af-f55240f3fec9,0,ef15fcc4-a2d8-47af-af3f-9c4391db7c4a,S Gill,2,0,6,0,0,0,2.0
f93992b8-4770-477b-b610-5eb34420f01b,cb0e22d1-d6ec-4407-9667-e5fd73cebdc5,15afc07c-f087-455e-b9a1-e366e750413a,c3859c82-3451-460a-a8af-f55240f3fec9,1,17d58ef7-cae1-444e-adba-71c74067872b,P Rahate,3,0,6,3,0,0,2.5
f93992b8-4770-477b-b610-5eb34420f01b,cb0e22d1-d6ec-4407-9667-e5fd73cebdc5,15afc07c-f087-455e-b9a1-e366e750413a,c3859c82-3451-460a-a8af-f55240f3fec9,2,ef15fcc4-a2d8-47af-af3f-9c4391db7c4a,S Gill,2,0,6,0,0,0,2.33
f93992b8-4770-477b-b610-5eb34420f01b,cb0e22d1-d6ec-4407-9667-e5fd73cebdc5,15afc07c-f087-455e-b9a1-e366e750413a,c3859c82-3451-460a-a8af-f55240f3fec9,3,17d58ef7-cae1-444e-adba-71c74067872b,P Rahate,11,0,6,1,0,2,4.5
f93992b8-4770-477b-b610-5eb34420f01b,cb0e22d1-d6ec-4407-9667-e5fd73cebdc5,15afc07c-f087-455e-b9a1-e366e750413a,c3859c82-3451-460a-a8af-f55240f3fec9,4,ef15fcc4-a2d8-47af-af3f-9c4391db7c4a,S Gill,13,0,6,0,0,3,6.2
f93992b8-4770-477b-b610-5eb34420f01b,cb0e22d1-d6ec-4407-9667-e5fd73cebdc5,15afc07c-f087-455e-b9a1-e366e750413a,c3859c82-3451-460a-a8af-f55240f3fec9,5,17d58ef7-cae1-444e-adba-71c74067872b,P Rahate,7,0,6,2,0,1,6.33
f93992b8-4770-477b-b610-5eb34420f01b,cb0e22d1-d6ec-4407-9667-e5fd73cebdc5,15afc07c-f087-455e-b9a1-e366e750413a,c3859c82-3451-460a-a8af-f55240f3fec9,6,ef15fcc4-a2d8-47af-af3f-9c4391db7c4a,S Gill,12,0,6,0,0,2,7.14
f93992b8-4770-477b-b610-5eb34420f01b,cb0e22d1-d6ec-4407-9667-e5fd73cebdc5,15afc07c-f087-455e-b9a1-e366e750413a,c3859c82-3451-460a-a8af-f55240f3fec9,7,17d58ef7-cae1-444e-adba-71c74067872b,P Rahate,1,0,6,0,0,0,6.38
f93992b8-4770-477b-b610-5eb34420f01b,cb0e22d1-d6ec-4407-9667-e5fd73cebdc5,15afc07c-f087-455e-b9a1-e366e750413a,c3859c82-3451-460a-a8af-f55240f3fec9,8,b9bf46f1-7801-4a56-a051-c9ccf5725212,N Sawant,1,0,6,0,0,0,5.78
f93992b8-4770-477b-b610-5eb34420f01b,cb0e22d1-d6ec-4407-9667-e5fd73cebdc5,15afc07c-f087-455e-b9a1-e366e750413a,c3859c82-3451-460a-a8af-f55240f3fec9,9,17d58ef7-cae1-444e-adba-71c74067872b,P Rahate,5,1,6,0,0,1,5.7
f93992b8-4770-477b-b610-5eb34420f01b,cb0e22d1-d6ec-4407-9667-e5fd73cebdc5,15afc07c-f087-455e-b9a1-e366e750413a,c3859c82-3451-460a-a8af-f55240f3fec9,10,b9bf46f1-7801-4a56-a051-c9ccf5725212,N Sawant,6,0,6,0,0,1,5.73
f93992b8-4770-477b-b610-5eb34420f01b,cb0e22d1-d6ec-4407-9667-e5fd73cebdc5,15afc07c-f087-455e-b9a1-e366e750413a,c3859c82-3451-460a-a8af-f55240f3fec9,11,0ceda279-1aad-42cd-a342-75c5faf3ad14,V Yamani,4,1,6,0,0,1,5.58
f93992b8-4770-477b-b610-5eb34420f01b,cb0e22d1-d6ec-4407-9667-e5fd73cebdc5,15afc07c-f087-455e-b9a1-e366e750413a,c3859c82-3451-460a-a8af-f55240f3fec9,12,b9bf46f1-7801-4a56-a051-c9ccf5725212,N Sawant,0,0,6,0,0,0,5.15
f93992b8-4770-477b-b610-5eb34420f01b,cb0e22d1-d6ec-4407-9667-e5fd73cebdc5,15afc07c-f087-455e-b9a1-e366e750413a,c3859c82-3451-460a-a8af-f55240f3fec9,13,0ceda279-1aad-42cd-a342-75c5faf3ad14,V Yamani,2,0,6,0,0,0,4.93
f93992b8-4770-477b-b610-5eb34420f01b,cb0e22d1-d6ec-4407-9667-e5fd73cebdc5,15afc07c-f087-455e-b9a1-e366e750413a,c3859c82-3451-460a-a8af-f55240f3fec9,14,b9bf46f1-7801-4a56-a051-c9ccf5725212,N Sawant,3,0,6,1,0,0,4.8
f93992b8-4770-477b-b610-5eb34420f01b,cb0e22d1-d6ec-4407-9667-e5fd73cebdc5,15afc07c-f087-455e-b9a1-e366e750413a,c3859c82-3451-460a-a8af-f55240f3fec9,15,0ceda279-1aad-42cd-a342-75c5faf3ad14,V Yamani,3,0,6,1,0,0,4.69
f93992b8-4770-477b-b610-5eb34420f01b,cb0e22d1-d6ec-4407-9667-e5fd73cebdc5,15afc07c-f087-455e-b9a1-e366e750413a,c3859c82-3451-460a-a8af-f55240f3fec9,16,478c050c-6e97-4198-ba77-24f46dd329d7,S SHARMA,2,1,6,2,0,0,4.53
f93992b8-4770-477b-b610-5eb34420f01b,cb0e22d1-d6ec-4407-9667-e5fd73cebdc5,15afc07c-f087-455e-b9a1-e366e750413a,c3859c82-3451-460a-a8af-f55240f3fec9,17,0ceda279-1aad-42cd-a342-75c5faf3ad14,V Yamani,6,0,6,0,0,1,4.61
f93992b8-4770-477b-b610-5eb34420f01b,cb0e22d1-d6ec-4407-9667-e5fd73cebdc5,15afc07c-f087-455e-b9a1-e366e750413a,c3859c82-3451-460a-a8af-f55240f3fec9,18,b9bf46f1-7801-4a56-a051-c9ccf5725212,N Sawant,4,0,6,0,0,1,4.58
f93992b8-4770-477b-b610-5eb34420f01b,cb0e22d1-d6ec-4407-9667-e5fd73cebdc5,15afc07c-f087-455e-b9a1-e366e750413a,c3859c82-3451-460a-a8af-f55240f3fec9,19,0ceda279-1aad-42cd-a342-75c5faf3ad14,V Yamani,2,0,6,0,0,0,4.45
f93992b8-4770-477b-b610-5eb34420f01b,cb0e22d1-d6ec-4407-9667-e5fd73cebdc5,15afc07c-f087-455e-b9a1-e366e750413a,c3859c82-3451-460a-a8af-f55240f3fec9,20,b9bf46f1-7801-4a56-a051-c9ccf5725212,N Sawant,0,1,1,0,0,0,4.41
fd329e2f-fa84-4b6b-907c-186a4e35ea57,31fdc8b3-b9fd-4623-9e45-9f667353f43d,c3859c82-3451-460a-a8af-f55240f3fec9,f91444c9-6e74-41cf-a6a2-5f52975b79d3,0,6e76dd0d-45d4-4dd7-8a66-89a05dff86a2,K SHARMA,1,0,6,0,0,0,1.0
fd329e2f-fa84-4b6b-907c-186a4e35ea57,31fdc8b3-b9fd-4623-9e45-9f667353f43d,c3859c82-3451-460a-a8af-f55240f3fec9,f91444c9-6e74-41cf-a6a2-5f52975b79d3,1,af55d3c7-0411-45d2-98e8-3cc49668cca7,A Chopra,6,0,6,0,0,1,3.5
fd329e2f-fa84-4b6b-907c-186a4e35ea57,31fdc8b3-b9fd-4623-9e45-9f667353f43d,c3859c82-3451-460a-a8af-f55240f3fec9,f91444c9-6e74-41cf-a6a2-5f52975b79d3,2,6e76dd0d-45d4-4dd7-8a66-89a05dff86a2,K SHARMA,1,0,6,0,0,0,2.67
fd329e2f-fa84-4b6b-907c-186a4e35ea57,31fdc8b3-b9fd-4623-9e45-9f667353f43d,c3859c82-3451-460a-a8af-f55240f3fec9,f91444c9-6e74-41cf-a6a2-5f52975b79d3,3,af55d3c7-0411-45d2-98e8-3cc49668cca7,A Chopra,1,0,6,0,0,0,2.25
fd329e2f-fa84-4b6b-907c-186a4e35ea57,31fdc8b3-b9fd-4623-9e45-9f667353f43d,c3859c82-3451-460a-a8af-f55240f3fec9,f91444c9-6e74-41cf-a6a2-5f52975b79d3,4,6e76dd0d-45d4-4dd7-8a66-89a05dff86a2,K SHARMA,1,0,6,0,0,0,2.0
fd329e2f-fa84-4b6b-907c-186a4e35ea57,31fdc8b3-b9fd-4623-9e45-9f667353f43d,c3859c82-3451-460a-a8af-f55240f3fec9,f91444c9-6e74-41cf-a6a2-5f52975b79d3,5,af55d3c7-0411-45d2-98e8-3cc49668cca7,A Chopra,4,0,6,0,0,0,2.33
fd329e2f-fa84-4b6b-907c-186a4e35ea57,31fdc8b3-b9fd-4623-9e45-9f667353f43d,c3859c82-3451-460a-a8af-f55240f3fec9,f91444c9-6e74-41cf-a6a2-5f52975b79d3,6,6e76dd0d-45d4-4dd7-8a66-89a05dff86a2,K SHARMA,0,0,6,0,0,0,2.0
fd329e2f-fa84-4b6b-907c-186a4e35ea57,31fdc8b3-b9fd-4623-9e45-9f667353f43d,c3859c82-3451-460a-a8af-f55240f3fec9,f91444c9-6e74-41cf-a6a2-5f52975b79d3,7,af55d3c7-0411-45d2-98e8-3cc49668cca7,A Chopra,0,0,6,0,0,0,1.75
fd329e2f-fa84-4b6b-907c-186a4e35ea57,31fdc8b3-b9fd-4623-9e45-9f667353f43d,c3859c82-3451-460a-a8af-f55240f3fec9,f91444c9-6e74-41cf-a6a2-5f52975b79d3,8,6e76dd0d-45d4-4dd7-8a66-89a05dff86a2,K SHARMA,2,0,6,1,0,0,1.78
fd329e2f-fa84-4b6b-907c-186a4e35ea57,31fdc8b3-b9fd-4623-9e45-9f667353f43d,c3859c82-3451-460a-a8af-f55240f3fec9,f91444c9-6e74-41cf-a6a2-5f52975b79d3,9,af55d3c7-0411-45d2-98e8-3cc49668cca7,A Chopra,2,1,6,0,0,0,1.8
fd329e2f-fa84-4b6b-907c-186a4e35ea57,31fdc8b3-b9fd-4623-9e45-9f667353f43d,c3859c82-3451-460a-a8af-f55240f3fec9,f91444c9-6e74-41cf-a6a2-5f52975b79d3,10,6e76dd0d-45d4-4dd7-8a66-89a05dff86a2,K SHARMA,2,0,6,0,0,0,1.82
fd329e2f-fa84-4b6b-907c-186a4e35ea57,31fdc8b3-b9fd-4623-9e45-9f667353f43d,c3859c82-3451-460a-a8af-f55240f3fec9,f91444c9-6e74-41cf-a6a2-5f52975b79d3,11,af55d3c7-0411-45d2-98e8-3cc49668cca7,A Chopra,1,0,6,0,0,0,1.75
fd329e2f-fa84-4b6b-907c-186a4e35ea57,31fdc8b3-b9fd-4623-9e45-9f667353f43d,c3859c82-3451-460a-a8af-f55240f3fec9,f91444c9-6e74-41cf-a6a2-5f52975b79d3,12,6e76dd0d-45d4-4dd7-8a66-89a05dff86a2,K SHARMA,1,0,6,0,0,0,1.69
fd329e2f-fa84-4b6b-907c-186a4e35ea57,31fdc8b3-b9fd-4623-9e45-9f667353f43d,c3859c82-3451-460a-a8af-f55240f3fec9,f91444c9-6e74-41cf-a6a2-5f52975b79d3,13,af55d3c7-0411-45d2-98e8-3cc49668cca7,A Chopra,3,0,6,0,0,0,1.79
fd329e2f-fa84-4b6b-907c-186a4e35ea57,31fdc8b3-b9fd-4623-9e45-9f667353f43d,c3859c82-3451-460a-a8af-f55240f3fec9,f91444c9-6e74-41cf-a6a2-5f52975b79d3,14,6e76dd0d-45d4-4dd7-8a66-89a05dff86a2,K SHARMA,10,0,6,0,0,2,2.33
fd329e2f-fa84-4b6b-907c-186a4e35ea57,31fdc8b3-b9fd-4623-9e45-9f667353f43d,c3859c82-3451-460a-a8af-f55240f3fec9,f91444c9-6e74-41cf-a6a2-5f52975b79d3,15,af55d3c7-0411-45d2-98e8-3cc49668cca7,A Chopra,1,0,6,0,0,0,2.25
fd329e2f-fa84-4b6b-907c-186a4e35ea57,31fdc8b3-b9fd-4623-9e45-9f667353f43d,c3859c82-3451-460a-a8af-f55240f3fec9,f91444c9-6e74-41cf-a6a2-5f52975b79d3,16,6e76dd0d-45d4-4dd7-8a66-89a05dff86a2,K SHARMA,2,0,6,0,0,0,2.24
fd329e2f-fa84-4b6b-907c-186a4e35ea57,31fdc8b3-b9fd-4623-9e45-9f667353f43d,c3859c82-3451-460a-a8af-f55240f3fec9,f91444c9-6e74-41cf-a6a2-5f52975b79d3,17,af55d3c7-0411-45d2-98e8-3cc49668cca7,A Chopra,0,0,6,0,0,0,2.11
fd329e2f-fa84-4b6b-907c-186a4e35ea57,31fdc8b3-b9fd-4623-9e45-9f667353f43d,c3859c82-3451-460a-a8af-f55240f3fec9,f91444c9-6e74-41cf-a6a2-5f52975b79d3,18,6e76dd0d-45d4-4dd7-8a66-89a05dff86a2,K SHARMA,7,0,6,0,0,1,2.37
fd329e2f-fa84-4b6b-907c-186a4e35ea57,31fdc8b3-b9fd-4623-9e45-9f667353f43d,c3859c82-3451-460a-a8af-f55240f3fec9,f91444c9-6e74-41cf-a6a2-5f52975b79d3,19,af55d3c7-0411-45d2-98e8-3cc49668cca7,A Chopra,3,0,6,0,0,0,2.4
fd329e2f-fa84-4b6b-907c-186a4e35ea57,31fdc8b3-b9fd-4623-9e45-9f667353f43d,c3859c82-3451-460a-a8af-f55240f3fec9,f91444c9-6e74-41cf-a6a2-5f52975b79d3,20,e6b98283-12bc-4bd7-9f8c-5a96b8be3504,M Singh,0,0,6,0,0,0,2.29
fd329e2f-fa84-4b6b-907c-186a4e35ea57,31fdc8b3-b9fd-4623-9e45-9f667353f43d,c3859c82-3451-460a-a8af-f55240f3fec9,f91444c9-6e74-41cf-a6a2-5f52975b79d3,21,af55d3c7-0411-45d2-98e8-3cc49668cca7,A Chopra,1,0,6,0,0,0,2.23
fd329e2f-fa84-4b6b-907c-186a4e35ea57,31fdc8b3-b9fd-4623-9e45-9f667353f43d,c3859c82-3451-460a-a8af-f55240f3fec9,f91444c9-6e74-41cf-a6a2-5f52975b79d3,22,e6b98283-12bc-4bd7-9f8c-5a96b8be3504,M Singh,6,0,6,0,0,0,2.39
fd329e2f-fa84-4b6b-907c-186a4e35ea57,31fdc8b3-b9fd-4623-9e45-9f667353f43d,c3859c82-3451-460a-a8af-f55240f3fec9,f91444c9-6e74-41cf-a6a2-5f52975b79d3,23,af55d3c7-0411-45d2-98e8-3cc49668cca7,A Chopra,5,1,6,0,0,1,2.5
fd329e2f-fa84-4b6b-907c-186a4e35ea57,31fdc8b3-b9fd-4623-9e45-9f667353f43d,c3859c82-3451-460a-a8af-f55240f3fec9,f91444c9-6e74-41cf-a6a2-5f52975b79d3,24,e6b98283-12bc-4bd7-9f8c-5a96b8be3504,M Singh,0,1,6,0,0,0,2.4
fd329e2f-fa84-4b6b-907c-186a4e35ea57,31fdc8b3-b9fd-4623-9e45-9f667353f43d,c3859c82-3451-460a-a8af-f55240f3fec9,f91444c9-6e74-41cf-a6a2-5f52975b79d3,25,af55d3c7-0411-45d2-98e8-3cc49668cca7,A Chopra,0,0,6,0,0,0,2.31
fd329e2f-fa84-4b6b-907c-186a4e35ea57,31fdc8b3-b9fd-4623-9e45-9f667353f43d,c3859c82-3451-460a-a8af-f55240f3fec9,f91444c9-6e74-41cf-a6a2-5f52975b79d3,26,e6b98283-12bc-4bd7-9f8c-5a96b8be3504,M Singh,0,0,6,0,0,0,2.22
fd329e2f-fa84-4b6b-907c-186a4e35ea57,31fdc8b3-b9fd-4623-9e45-9f667353f43d,c3859c82-3451-460a-a8af-f55240f3fec9,f91444c9-6e74-41cf-a6a2-5f52975b79d3,27,af55d3c7-0411-45d2-98e8-3cc49668cca7,A Chopra,1,0,6,0,0,0,2.18
fd329e2f-fa84-4b6b-907c-186a4e35ea57,31fdc8b3-b9fd-4623-9e45-9f667353f43d,c3859c82-3451-460a-a8af-f55240f3fec9,f91444c9-6e74-41cf-a6a2-5f52975b79d3,28,41faa6d5-02c8-42cb-b1f2-ffb993d7da04,G Ghumman,0,0,6,0,0,0,2.1
fd329e2f-fa84-4b6b-907c-186a4e35ea57,31fdc8b3-b9fd-4623-9e45-9f667353f43d,c3859c82-3451-460a-a8af-f55240f3fec9,f91444c9-6e74-41cf-a6a2-5f52975b79d3,29,af55d3c7-0411-45d2-98e8-3cc49668cca7,A Chopra,0,0,6,0,0,0,2.03
fd329e2f-fa84-4b6b-907c-186a4e35ea57,31fdc8b3-b9fd-4623-9e45-9f667353f43d,c3859c82-3451-460a-a8af-f55240f3fec9,f91444c9-6e74-41cf-a6a2-5f52975b79d3,30,41faa6d5-02c8-42cb-b1f2-ffb993d7da04,G Ghumman,9,0,6,0,0,2,2.26
fd329e2f-fa84-4b6b-907c-186a4e35ea57,31fdc8b3-b9fd-4623-9e45-9f667353f43d,c3859c82-3451-460a-a8af-f55240f3fec9,f91444c9-6e74-41cf-a6a2-5f52975b79d3,31,af55d3c7-0411-45d2-98e8-3cc49668cca7,A Chopra,1,0,6,0,0,0,2.22
fd329e2f-fa84-4b6b-907c-186a4e35ea57,31fdc8b3-b9fd-4623-9e45-9f667353f43d,c3859c82-3451-460a-a8af-f55240f3fec9,f91444c9-6e74-41cf-a6a2-5f52975b79d3,32,41faa6d5-02c8-42cb-b1f2-ffb993d7da04,G Ghumman,1,0,6,0,0,0,2.18
fd329e2f-fa84-4b6b-907c-186a4e35ea57,31fdc8b3-b9fd-4623-9e45-9f667353f43d,c3859c82-3451-460a-a8af-f55240f3fec9,f91444c9-6e74-41cf-a6a2-5f52975b79d3,33,af55d3c7-0411-45d2-98e8-3cc49668cca7,A Chopra,2,0,6,0,0,0,2.18
fd329e2f-fa84-4b6b-907c-186a4e35ea57,31fdc8b3-b9fd-4623-9e45-9f667353f43d,c3859c82-3451-460a-a8af-f55240f3fec9,f91444c9-6e74-41cf-a6a2-5f52975b79d3,34,41faa6d5-02c8-42cb-b1f2-ffb993d7da04,G Ghumman,2,0,6,1,0,0,2.17
fd329e2f-fa84-4b6b-907c-186a4e35ea57,31fdc8b3-b9fd-4623-9e45-9f667353f43d,c3859c82-3451-460a-a8af-f55240f3fec9,f91444c9-6e74-41cf-a6a2-5f52975b79d3,35,af55d3c7-0411-45d2-98e8-3cc49668cca7,A Chopra,2,0,6,0,0,0,2.17
fd329e2f-fa84-4b6b-907c-186a4e35ea57,31fdc8b3-b9fd-4623-9e45-9f667353f43d,c3859c82-3451-460a-a8af-f55240f3fec9,f91444c9-6e74-41cf-a6a2-5f52975b79d3,36,41faa6d5-02c8-42cb-b1f2-ffb993d7da04,G Ghumman,3,0,6,1,0,0,2.19
fd329e2f-fa84-4b6b-907c-186a4e35ea57,31fdc8b3-b9fd-4623-9e45-9f667353f43d,c3859c82-3451-460a-a8af-f55240f3fec9,f91444c9-6e74-41cf-a6a2-5f52975b79d3,37,af55d3c7-0411-45d2-98e8-3cc49668cca7,A Chopra,2,0,6,0,0,0,2.18
fd329e2f-fa84-4b6b-907c-186a4e35ea57,31fdc8b3-b9fd-4623-9e45-9f667353f43d,c3859c82-3451-460a-a8af-f55240f3fec9,f91444c9-6e74-41cf-a6a2-5f52975b79d3,38,5b4614a4-0625-49d0-b9e4-d1818ea7807d,********,2,0,6,0,0,0,2.18
fd329e2f-fa84-4b6b-907c-186a4e35ea57,31fdc8b3-b9fd-4623-9e45-9f667353f43d,c3859c82-3451-460a-a8af-f55240f3fec9,f91444c9-6e74-41cf-a6a2-5f52975b79d3,39,af55d3c7-0411-45d2-98e8-3cc49668cca7,A Chopra,0,0,6,0,0,0,2.12
fd329e2f-fa84-4b6b-907c-186a4e35ea57,31fdc8b3-b9fd-4623-9e45-9f667353f43d,c3859c82-3451-460a-a8af-f55240f3fec9,f91444c9-6e74-41cf-a6a2-5f52975b79d3,40,5b4614a4-0625-49d0-b9e4-d1818ea7807d,********,6,0,6,0,0,1,2.22
fd329e2f-fa84-4b6b-907c-186a4e35ea57,31fdc8b3-b9fd-4623-9e45-9f667353f43d,c3859c82-3451-460a-a8af-f55240f3fec9,f91444c9-6e74-41cf-a6a2-5f52975b79d3,41,af55d3c7-0411-45d2-98e8-3cc49668cca7,A Chopra,1,0,6,0,0,0,2.19
fd329e2f-fa84-4b6b-907c-186a4e35ea57,31fdc8b3-b9fd-4623-9e45-9f667353f43d,c3859c82-3451-460a-a8af-f55240f3fec9,f91444c9-6e74-41cf-a6a2-5f52975b79d3,42,5b4614a4-0625-49d0-b9e4-d1818ea7807d,********,5,0,6,0,0,1,2.26
fd329e2f-fa84-4b6b-907c-186a4e35ea57,31fdc8b3-b9fd-4623-9e45-9f667353f43d,c3859c82-3451-460a-a8af-f55240f3fec9,f91444c9-6e74-41cf-a6a2-5f52975b79d3,43,e6b98283-12bc-4bd7-9f8c-5a96b8be3504,M Singh,5,0,6,0,0,1,2.32
fd329e2f-fa84-4b6b-907c-186a4e35ea57,31fdc8b3-b9fd-4623-9e45-9f667353f43d,c3859c82-3451-460a-a8af-f55240f3fec9,f91444c9-6e74-41cf-a6a2-5f52975b79d3,44,f10d2cee-f293-48d0-bfb4-8d69124db790,S Singh,2,0,6,0,0,0,2.31
fd329e2f-fa84-4b6b-907c-186a4e35ea57,31fdc8b3-b9fd-4623-9e45-9f667353f43d,c3859c82-3451-460a-a8af-f55240f3fec9,f91444c9-6e74-41cf-a6a2-5f52975b79d3,45,e6b98283-12bc-4bd7-9f8c-5a96b8be3504,M Singh,5,0,6,0,0,1,2.37
fd329e2f-fa84-4b6b-907c-186a4e35ea57,31fdc8b3-b9fd-4623-9e45-9f667353f43d,c3859c82-3451-460a-a8af-f55240f3fec9,f91444c9-6e74-41cf-a6a2-5f52975b79d3,46,f10d2cee-f293-48d0-bfb4-8d69124db790,S Singh,2,0,6,0,0,0,2.36
fd329e2f-fa84-4b6b-907c-186a4e35ea57,31fdc8b3-b9fd-4623-9e45-9f667353f43d,c3859c82-3451-460a-a8af-f55240f3fec9,f91444c9-6e74-41cf-a6a2-5f52975b79d3,47,e6b98283-12bc-4bd7-9f8c-5a96b8be3504,M Singh,6,0,6,0,0,1,2.44
fd329e2f-fa84-4b6b-907c-186a4e35ea57,31fdc8b3-b9fd-4623-9e45-9f667353f43d,c3859c82-3451-460a-a8af-f55240f3fec9,f91444c9-6e74-41cf-a6a2-5f52975b79d3,48,f10d2cee-f293-48d0-bfb4-8d69124db790,S Singh,4,3,6,0,0,1,2.47
fd329e2f-fa84-4b6b-907c-186a4e35ea57,31fdc8b3-b9fd-4623-9e45-9f667353f43d,c3859c82-3451-460a-a8af-f55240f3fec9,f91444c9-6e74-41cf-a6a2-5f52975b79d3,49,41faa6d5-02c8-42cb-b1f2-ffb993d7da04,G Ghumman,6,0,6,0,0,0,2.54
fd329e2f-fa84-4b6b-907c-186a4e35ea57,31fdc8b3-b9fd-4623-9e45-9f667353f43d,c3859c82-3451-460a-a8af-f55240f3fec9,f91444c9-6e74-41cf-a6a2-5f52975b79d3,50,f10d2cee-f293-48d0-bfb4-8d69124db790,S Singh,1,0,6,0,0,0,2.51
fd329e2f-fa84-4b6b-907c-186a4e35ea57,31fdc8b3-b9fd-4623-9e45-9f667353f43d,c3859c82-3451-460a-a8af-f55240f3fec9,f91444c9-6e74-41cf-a6a2-5f52975b79d3,51,41faa6d5-02c8-42cb-b1f2-ffb993d7da04,G Ghumman,4,0,6,0,0,0,2.54
fd329e2f-fa84-4b6b-907c-186a4e35ea57,31fdc8b3-b9fd-4623-9e45-9f667353f43d,c3859c82-3451-460a-a8af-f55240f3fec9,f91444c9-6e74-41cf-a6a2-5f52975b79d3,52,f10d2cee-f293-48d0-bfb4-8d69124db790,S Singh,5,0,6,0,0,1,2.58
fd329e2f-fa84-4b6b-907c-186a4e35ea57,31fdc8b3-b9fd-4623-9e45-9f667353f43d,c3859c82-3451-460a-a8af-f55240f3fec9,f91444c9-6e74-41cf-a6a2-5f52975b79d3,53,41faa6d5-02c8-42cb-b1f2-ffb993d7da04,G Ghumman,4,0,6,0,0,0,2.61
fd329e2f-fa84-4b6b-907c-186a4e35ea57,31fdc8b3-b9fd-4623-9e45-9f667353f43d,c3859c82-3451-460a-a8af-f55240f3fec9,f91444c9-6e74-41cf-a6a2-5f52975b79d3,54,f10d2cee-f293-48d0-bfb4-8d69124db790,S Singh,4,0,6,0,0,0,2.64
fd329e2f-fa84-4b6b-907c-186a4e35ea57,31fdc8b3-b9fd-4623-9e45-9f667353f43d,c3859c82-3451-460a-a8af-f55240f3fec9,f91444c9-6e74-41cf-a6a2-5f52975b79d3,55,41faa6d5-02c8-42cb-b1f2-ffb993d7da04,G Ghumman,4,0,6,0,0,0,2.66
fd329e2f-fa84-4b6b-907c-186a4e35ea57,31fdc8b3-b9fd-4623-9e45-9f667353f43d,c3859c82-3451-460a-a8af-f55240f3fec9,f91444c9-6e74-41cf-a6a2-5f52975b79d3,56,af55d3c7-0411-45d2-98e8-3cc49668cca7,A Chopra,6,2,6,2,0,1,2.72
fd329e2f-fa84-4b6b-907c-186a4e35ea57,31fdc8b3-b9fd-4623-9e45-9f667353f43d,c3859c82-3451-460a-a8af-f55240f3fec9,f91444c9-6e74-41cf-a6a2-5f52975b79d3,57,6e76dd0d-45d4-4dd7-8a66-89a05dff86a2,K SHARMA,6,0,6,0,0,0,2.78
fd329e2f-fa84-4b6b-907c-186a4e35ea57,31fdc8b3-b9fd-4623-9e45-9f667353f43d,c3859c82-3451-460a-a8af-f55240f3fec9,f91444c9-6e74-41cf-a6a2-5f52975b79d3,58,af55d3c7-0411-45d2-98e8-3cc49668cca7,A Chopra,2,1,6,0,0,0,2.76
fd329e2f-fa84-4b6b-907c-186a4e35ea57,31fdc8b3-b9fd-4623-9e45-9f667353f43d,c3859c82-3451-460a-a8af-f55240f3fec9,f91444c9-6e74-41cf-a6a2-5f52975b79d3,59,6e76dd0d-45d4-4dd7-8a66-89a05dff86a2,K SHARMA,0,0,6,0,0,0,2.72
fd329e2f-fa84-4b6b-907c-186a4e35ea57,31fdc8b3-b9fd-4623-9e45-9f667353f43d,c3859c82-3451-460a-a8af-f55240f3fec9,f91444c9-6e74-41cf-a6a2-5f52975b79d3,60,af55d3c7-0411-45d2-98e8-3cc49668cca7,A Chopra,0,0,6,0,0,0,2.67
fd329e2f-fa84-4b6b-907c-186a4e35ea57,31fdc8b3-b9fd-4623-9e45-9f667353f43d,c3859c82-3451-460a-a8af-f55240f3fec9,f91444c9-6e74-41cf-a6a2-5f52975b79d3,61,6e76dd0d-45d4-4dd7-8a66-89a05dff86a2,K SHARMA,3,0,6,0,0,0,2.68
fd329e2f-fa84-4b6b-907c-186a4e35ea57,31fdc8b3-b9fd-4623-9e45-9f667353f43d,c3859c82-3451-460a-a8af-f55240f3fec9,f91444c9-6e74-41cf-a6a2-5f52975b79d3,62,af55d3c7-0411-45d2-98e8-3cc49668cca7,A Chopra,1,0,6,0,0,0,2.65
fd329e2f-fa84-4b6b-907c-186a4e35ea57,31fdc8b3-b9fd-4623-9e45-9f667353f43d,c3859c82-3451-460a-a8af-f55240f3fec9,f91444c9-6e74-41cf-a6a2-5f52975b79d3,63,f10d2cee-f293-48d0-bfb4-8d69124db790,S Singh,5,0,6,0,0,1,2.69
fd329e2f-fa84-4b6b-907c-186a4e35ea57,31fdc8b3-b9fd-4623-9e45-9f667353f43d,c3859c82-3451-460a-a8af-f55240f3fec9,f91444c9-6e74-41cf-a6a2-5f52975b79d3,64,af55d3c7-0411-45d2-98e8-3cc49668cca7,A Chopra,0,1,2,0,0,0,2.67
fd329e2f-fa84-4b6b-907c-186a4e35ea57,5631b24c-a0a6-4a46-a684-2fe56e4289e9,f91444c9-6e74-41cf-a6a2-5f52975b79d3,c3859c82-3451-460a-a8af-f55240f3fec9,0,71ca36a8-b853-449e-b7fd-ac601222e885,K Nallepalli,6,0,6,1,0,1,6.0
fd329e2f-fa84-4b6b-907c-186a4e35ea57,5631b24c-a0a6-4a46-a684-2fe56e4289e9,f91444c9-6e74-41cf-a6a2-5f52975b79d3,c3859c82-3451-460a-a8af-f55240f3fec9,1,ef15fcc4-a2d8-47af-af3f-9c4391db7c4a,S Gill,7,0,6,0,0,1,6.5
fd329e2f-fa84-4b6b-907c-186a4e35ea57,5631b24c-a0a6-4a46-a684-2fe56e4289e9,f91444c9-6e74-41cf-a6a2-5f52975b79d3,c3859c82-3451-460a-a8af-f55240f3fec9,2,71ca36a8-b853-449e-b7fd-ac601222e885,K Nallepalli,1,1,6,0,0,0,4.67
fd329e2f-fa84-4b6b-907c-186a4e35ea57,5631b24c-a0a6-4a46-a684-2fe56e4289e9,f91444c9-6e74-41cf-a6a2-5f52975b79d3,c3859c82-3451-460a-a8af-f55240f3fec9,3,ef15fcc4-a2d8-47af-af3f-9c4391db7c4a,S Gill,3,0,6,0,0,0,4.25
fd329e2f-fa84-4b6b-907c-186a4e35ea57,5631b24c-a0a6-4a46-a684-2fe56e4289e9,f91444c9-6e74-41cf-a6a2-5f52975b79d3,c3859c82-3451-460a-a8af-f55240f3fec9,4,71ca36a8-b853-449e-b7fd-ac601222e885,K Nallepalli,4,0,6,0,0,1,4.2
fd329e2f-fa84-4b6b-907c-186a4e35ea57,5631b24c-a0a6-4a46-a684-2fe56e4289e9,f91444c9-6e74-41cf-a6a2-5f52975b79d3,c3859c82-3451-460a-a8af-f55240f3fec9,5,ef15fcc4-a2d8-47af-af3f-9c4391db7c4a,S Gill,9,0,6,0,0,2,5.0
fd329e2f-fa84-4b6b-907c-186a4e35ea57,5631b24c-a0a6-4a46-a684-2fe56e4289e9,f91444c9-6e74-41cf-a6a2-5f52975b79d3,c3859c82-3451-460a-a8af-f55240f3fec9,6,71ca36a8-b853-449e-b7fd-ac601222e885,K Nallepalli,8,0,6,0,0,2,5.43
fd329e2f-fa84-4b6b-907c-186a4e35ea57,5631b24c-a0a6-4a46-a684-2fe56e4289e9,f91444c9-6e74-41cf-a6a2-5f52975b79d3,c3859c82-3451-460a-a8af-f55240f3fec9,7,ef15fcc4-a2d8-47af-af3f-9c4391db7c4a,S Gill,4,0,6,0,0,1,5.25
fd329e2f-fa84-4b6b-907c-186a4e35ea57,5631b24c-a0a6-4a46-a684-2fe56e4289e9,f91444c9-6e74-41cf-a6a2-5f52975b79d3,c3859c82-3451-460a-a8af-f55240f3fec9,8,71ca36a8-b853-449e-b7fd-ac601222e885,K Nallepalli,6,0,6,0,0,1,5.33
fd329e2f-fa84-4b6b-907c-186a4e35ea57,5631b24c-a0a6-4a46-a684-2fe56e4289e9,f91444c9-6e74-41cf-a6a2-5f52975b79d3,c3859c82-3451-460a-a8af-f55240f3fec9,9,ef15fcc4-a2d8-47af-af3f-9c4391db7c4a,S Gill,2,0,6,0,0,0,5.0
fd329e2f-fa84-4b6b-907c-186a4e35ea57,5631b24c-a0a6-4a46-a684-2fe56e4289e9,f91444c9-6e74-41cf-a6a2-5f52975b79d3,c3859c82-3451-460a-a8af-f55240f3fec9,10,478c050c-6e97-4198-ba77-24f46dd329d7,S SHARMA,0,0,6,0,0,0,4.55
fd329e2f-fa84-4b6b-907c-186a4e35ea57,5631b24c-a0a6-4a46-a684-2fe56e4289e9,f91444c9-6e74-41cf-a6a2-5f52975b79d3,c3859c82-3451-460a-a8af-f55240f3fec9,11,ef15fcc4-a2d8-47af-af3f-9c4391db7c4a,S Gill,7,0,6,0,0,1,4.75
fd329e2f-fa84-4b6b-907c-186a4e35ea57,5631b24c-a0a6-4a46-a684-2fe56e4289e9,f91444c9-6e74-41cf-a6a2-5f52975b79d3,c3859c82-3451-460a-a8af-f55240f3fec9,12,478c050c-6e97-4198-ba77-24f46dd329d7,S SHARMA,1,0,6,0,0,0,4.46
fd329e2f-fa84-4b6b-907c-186a4e35ea57,5631b24c-a0a6-4a46-a684-2fe56e4289e9,f91444c9-6e74-41cf-a6a2-5f52975b79d3,c3859c82-3451-460a-a8af-f55240f3fec9,13,e76d9035-6b7f-48f7-8b69-e8b983e82080,J Sathiaseelan,2,0,6,0,0,0,4.29
fd329e2f-fa84-4b6b-907c-186a4e35ea57,5631b24c-a0a6-4a46-a684-2fe56e4289e9,f91444c9-6e74-41cf-a6a2-5f52975b79d3,c3859c82-3451-460a-a8af-f55240f3fec9,14,478c050c-6e97-4198-ba77-24f46dd329d7,S SHARMA,8,0,6,0,0,1,4.53
fd329e2f-fa84-4b6b-907c-186a4e35ea57,5631b24c-a0a6-4a46-a684-2fe56e4289e9,f91444c9-6e74-41cf-a6a2-5f52975b79d3,c3859c82-3451-460a-a8af-f55240f3fec9,15,e76d9035-6b7f-48f7-8b69-e8b983e82080,J Sathiaseelan,1,0,6,0,0,0,4.31
fd329e2f-fa84-4b6b-907c-186a4e35ea57,5631b24c-a0a6-4a46-a684-2fe56e4289e9,f91444c9-6e74-41cf-a6a2-5f52975b79d3,c3859c82-3451-460a-a8af-f55240f3fec9,16,478c050c-6e97-4198-ba77-24f46dd329d7,S SHARMA,0,0,6,0,0,0,4.06
fd329e2f-fa84-4b6b-907c-186a4e35ea57,5631b24c-a0a6-4a46-a684-2fe56e4289e9,f91444c9-6e74-41cf-a6a2-5f52975b79d3,c3859c82-3451-460a-a8af-f55240f3fec9,17,e76d9035-6b7f-48f7-8b69-e8b983e82080,J Sathiaseelan,0,1,6,0,0,0,3.83
fd329e2f-fa84-4b6b-907c-186a4e35ea57,5631b24c-a0a6-4a46-a684-2fe56e4289e9,f91444c9-6e74-41cf-a6a2-5f52975b79d3,c3859c82-3451-460a-a8af-f55240f3fec9,18,478c050c-6e97-4198-ba77-24f46dd329d7,S SHARMA,1,0,6,0,0,0,3.68
fd329e2f-fa84-4b6b-907c-186a4e35ea57,5631b24c-a0a6-4a46-a684-2fe56e4289e9,f91444c9-6e74-41cf-a6a2-5f52975b79d3,c3859c82-3451-460a-a8af-f55240f3fec9,19,e76d9035-6b7f-48f7-8b69-e8b983e82080,J Sathiaseelan,0,0,6,0,0,0,3.5
fd329e2f-fa84-4b6b-907c-186a4e35ea57,5631b24c-a0a6-4a46-a684-2fe56e4289e9,f91444c9-6e74-41cf-a6a2-5f52975b79d3,c3859c82-3451-460a-a8af-f55240f3fec9,20,478c050c-6e97-4198-ba77-24f46dd329d7,S SHARMA,4,0,6,0,0,1,3.52
fd329e2f-fa84-4b6b-907c-186a4e35ea57,5631b24c-a0a6-4a46-a684-2fe56e4289e9,f91444c9-6e74-41cf-a6a2-5f52975b79d3,c3859c82-3451-460a-a8af-f55240f3fec9,21,e76d9035-6b7f-48f7-8b69-e8b983e82080,J Sathiaseelan,3,2,6,0,2,0,3.5
fd329e2f-fa84-4b6b-907c-186a4e35ea57,5631b24c-a0a6-4a46-a684-2fe56e4289e9,f91444c9-6e74-41cf-a6a2-5f52975b79d3,c3859c82-3451-460a-a8af-f55240f3fec9,22,478c050c-6e97-4198-ba77-24f46dd329d7,S SHARMA,1,1,6,0,0,0,3.39
fd329e2f-fa84-4b6b-907c-186a4e35ea57,5631b24c-a0a6-4a46-a684-2fe56e4289e9,f91444c9-6e74-41cf-a6a2-5f52975b79d3,c3859c82-3451-460a-a8af-f55240f3fec9,23,e76d9035-6b7f-48f7-8b69-e8b983e82080,J Sathiaseelan,1,0,6,0,0,0,3.29
fd329e2f-fa84-4b6b-907c-186a4e35ea57,5631b24c-a0a6-4a46-a684-2fe56e4289e9,f91444c9-6e74-41cf-a6a2-5f52975b79d3,c3859c82-3451-460a-a8af-f55240f3fec9,24,478c050c-6e97-4198-ba77-24f46dd329d7,S SHARMA,5,0,6,0,0,1,3.36
fd329e2f-fa84-4b6b-907c-186a4e35ea57,5631b24c-a0a6-4a46-a684-2fe56e4289e9,f91444c9-6e74-41cf-a6a2-5f52975b79d3,c3859c82-3451-460a-a8af-f55240f3fec9,25,e76d9035-6b7f-48f7-8b69-e8b983e82080,J Sathiaseelan,2,0,6,0,0,0,3.31
fd329e2f-fa84-4b6b-907c-186a4e35ea57,5631b24c-a0a6-4a46-a684-2fe56e4289e9,f91444c9-6e74-41cf-a6a2-5f52975b79d3,c3859c82-3451-460a-a8af-f55240f3fec9,26,478c050c-6e97-4198-ba77-24f46dd329d7,S SHARMA,2,0,6,0,0,0,3.26
fd329e2f-fa84-4b6b-907c-186a4e35ea57,5631b24c-a0a6-4a46-a684-2fe56e4289e9,f91444c9-6e74-41cf-a6a2-5f52975b79d3,c3859c82-3451-460a-a8af-f55240f3fec9,27,e76d9035-6b7f-48f7-8b69-e8b983e82080,J Sathiaseelan,14,0,6,0,0,3,3.64
fd329e2f-fa84-4b6b-907c-186a4e35ea57,5631b24c-a0a6-4a46-a684-2fe56e4289e9,f91444c9-6e74-41cf-a6a2-5f52975b79d3,c3859c82-3451-460a-a8af-f55240f3fec9,28,478c050c-6e97-4198-ba77-24f46dd329d7,S SHARMA,2,1,6,0,0,0,3.59
fd329e2f-fa84-4b6b-907c-186a4e35ea57,5631b24c-a0a6-4a46-a684-2fe56e4289e9,f91444c9-6e74-41cf-a6a2-5f52975b79d3,c3859c82-3451-460a-a8af-f55240f3fec9,29,400e4752-f236-4ca7-93e9-fd8ebee6735e,S Chaurasiya,2,0,6,0,0,0,3.53
fd329e2f-fa84-4b6b-907c-186a4e35ea57,5631b24c-a0a6-4a46-a684-2fe56e4289e9,f91444c9-6e74-41cf-a6a2-5f52975b79d3,c3859c82-3451-460a-a8af-f55240f3fec9,30,478c050c-6e97-4198-ba77-24f46dd329d7,S SHARMA,4,0,6,0,0,1,3.55
fd329e2f-fa84-4b6b-907c-186a4e35ea57,5631b24c-a0a6-4a46-a684-2fe56e4289e9,f91444c9-6e74-41cf-a6a2-5f52975b79d3,c3859c82-3451-460a-a8af-f55240f3fec9,31,400e4752-f236-4ca7-93e9-fd8ebee6735e,S Chaurasiya,1,0,6,0,0,0,3.47
fd329e2f-fa84-4b6b-907c-186a4e35ea57,5631b24c-a0a6-4a46-a684-2fe56e4289e9,f91444c9-6e74-41cf-a6a2-5f52975b79d3,c3859c82-3451-460a-a8af-f55240f3fec9,32,478c050c-6e97-4198-ba77-24f46dd329d7,S SHARMA,2,1,6,1,0,0,3.42
fd329e2f-fa84-4b6b-907c-186a4e35ea57,5631b24c-a0a6-4a46-a684-2fe56e4289e9,f91444c9-6e74-41cf-a6a2-5f52975b79d3,c3859c82-3451-460a-a8af-f55240f3fec9,33,400e4752-f236-4ca7-93e9-fd8ebee6735e,S Chaurasiya,6,0,6,1,0,1,3.5
fd329e2f-fa84-4b6b-907c-186a4e35ea57,5631b24c-a0a6-4a46-a684-2fe56e4289e9,f91444c9-6e74-41cf-a6a2-5f52975b79d3,c3859c82-3451-460a-a8af-f55240f3fec9,34,478c050c-6e97-4198-ba77-24f46dd329d7,S SHARMA,0,0,6,0,0,0,3.4
fd329e2f-fa84-4b6b-907c-186a4e35ea57,5631b24c-a0a6-4a46-a684-2fe56e4289e9,f91444c9-6e74-41cf-a6a2-5f52975b79d3,c3859c82-3451-460a-a8af-f55240f3fec9,35,400e4752-f236-4ca7-93e9-fd8ebee6735e,S Chaurasiya,4,0,6,0,0,1,3.42
fd329e2f-fa84-4b6b-907c-186a4e35ea57,5631b24c-a0a6-4a46-a684-2fe56e4289e9,f91444c9-6e74-41cf-a6a2-5f52975b79d3,c3859c82-3451-460a-a8af-f55240f3fec9,36,478c050c-6e97-4198-ba77-24f46dd329d7,S SHARMA,1,0,6,0,0,0,3.35
fd329e2f-fa84-4b6b-907c-186a4e35ea57,5631b24c-a0a6-4a46-a684-2fe56e4289e9,f91444c9-6e74-41cf-a6a2-5f52975b79d3,c3859c82-3451-460a-a8af-f55240f3fec9,37,400e4752-f236-4ca7-93e9-fd8ebee6735e,S Chaurasiya,3,0,6,0,0,0,3.34
fd329e2f-fa84-4b6b-907c-186a4e35ea57,5631b24c-a0a6-4a46-a684-2fe56e4289e9,f91444c9-6e74-41cf-a6a2-5f52975b79d3,c3859c82-3451-460a-a8af-f55240f3fec9,38,478c050c-6e97-4198-ba77-24f46dd329d7,S SHARMA,1,0,6,0,0,0,3.28
fd329e2f-fa84-4b6b-907c-186a4e35ea57,5631b24c-a0a6-4a46-a684-2fe56e4289e9,f91444c9-6e74-41cf-a6a2-5f52975b79d3,c3859c82-3451-460a-a8af-f55240f3fec9,39,400e4752-f236-4ca7-93e9-fd8ebee6735e,S Chaurasiya,1,0,6,0,0,0,3.22
fd329e2f-fa84-4b6b-907c-186a4e35ea57,5631b24c-a0a6-4a46-a684-2fe56e4289e9,f91444c9-6e74-41cf-a6a2-5f52975b79d3,c3859c82-3451-460a-a8af-f55240f3fec9,40,478c050c-6e97-4198-ba77-24f46dd329d7,S SHARMA,3,0,6,0,0,0,3.22
fd329e2f-fa84-4b6b-907c-186a4e35ea57,5631b24c-a0a6-4a46-a684-2fe56e4289e9,f91444c9-6e74-41cf-a6a2-5f52975b79d3,c3859c82-3451-460a-a8af-f55240f3fec9,41,400e4752-f236-4ca7-93e9-fd8ebee6735e,S Chaurasiya,5,0,6,0,0,1,3.26
fd329e2f-fa84-4b6b-907c-186a4e35ea57,5631b24c-a0a6-4a46-a684-2fe56e4289e9,f91444c9-6e74-41cf-a6a2-5f52975b79d3,c3859c82-3451-460a-a8af-f55240f3fec9,42,478c050c-6e97-4198-ba77-24f46dd329d7,S SHARMA,6,0,6,0,0,1,3.33
fd329e2f-fa84-4b6b-907c-186a4e35ea57,5631b24c-a0a6-4a46-a684-2fe56e4289e9,f91444c9-6e74-41cf-a6a2-5f52975b79d3,c3859c82-3451-460a-a8af-f55240f3fec9,43,71ca36a8-b853-449e-b7fd-ac601222e885,K Nallepalli,5,0,6,0,0,1,3.36
fd329e2f-fa84-4b6b-907c-186a4e35ea57,5631b24c-a0a6-4a46-a684-2fe56e4289e9,f91444c9-6e74-41cf-a6a2-5f52975b79d3,c3859c82-3451-460a-a8af-f55240f3fec9,44,6b74d336-b105-407c-b4ef-f68e2fba7862,D Sehra,4,0,6,0,0,1,3.38
fd329e2f-fa84-4b6b-907c-186a4e35ea57,5631b24c-a0a6-4a46-a684-2fe56e4289e9,f91444c9-6e74-41cf-a6a2-5f52975b79d3,c3859c82-3451-460a-a8af-f55240f3fec9,45,71ca36a8-b853-449e-b7fd-ac601222e885,K Nallepalli,5,0,6,0,0,1,3.41
fd329e2f-fa84-4b6b-907c-186a4e35ea57,5631b24c-a0a6-4a46-a684-2fe56e4289e9,f91444c9-6e74-41cf-a6a2-5f52975b79d3,c3859c82-3451-460a-a8af-f55240f3fec9,46,6b74d336-b105-407c-b4ef-f68e2fba7862,D Sehra,1,0,6,0,0,0,3.36
fd329e2f-fa84-4b6b-907c-186a4e35ea57,5631b24c-a0a6-4a46-a684-2fe56e4289e9,f91444c9-6e74-41cf-a6a2-5f52975b79d3,c3859c82-3451-460a-a8af-f55240f3fec9,47,e76d9035-6b7f-48f7-8b69-e8b983e82080,J Sathiaseelan,1,0,6,0,0,0,3.31
fd329e2f-fa84-4b6b-907c-186a4e35ea57,5631b24c-a0a6-4a46-a684-2fe56e4289e9,f91444c9-6e74-41cf-a6a2-5f52975b79d3,c3859c82-3451-460a-a8af-f55240f3fec9,48,6b74d336-b105-407c-b4ef-f68e2fba7862,D Sehra,5,0,6,0,0,1,3.35
fd329e2f-fa84-4b6b-907c-186a4e35ea57,5631b24c-a0a6-4a46-a684-2fe56e4289e9,f91444c9-6e74-41cf-a6a2-5f52975b79d3,c3859c82-3451-460a-a8af-f55240f3fec9,49,7512873c-b6b6-49fe-80ff-3733b5abd044,M Pitre,0,0,6,0,0,0,3.28
fd329e2f-fa84-4b6b-907c-186a4e35ea57,5631b24c-a0a6-4a46-a684-2fe56e4289e9,f91444c9-6e74-41cf-a6a2-5f52975b79d3,c3859c82-3451-460a-a8af-f55240f3fec9,50,6b74d336-b105-407c-b4ef-f68e2fba7862,D Sehra,6,0,6,0,1,1,3.33
fd329e2f-fa84-4b6b-907c-186a4e35ea57,5631b24c-a0a6-4a46-a684-2fe56e4289e9,f91444c9-6e74-41cf-a6a2-5f52975b79d3,c3859c82-3451-460a-a8af-f55240f3fec9,51,7512873c-b6b6-49fe-80ff-3733b5abd044,M Pitre,6,0,3,0,0,1,3.42
fd93f0ad-793c-49dd-9963-da069a4462ad,706580fe-6326-4d30-be46-a8a50b651560,15afc07c-f087-455e-b9a1-e366e750413a,c3859c82-3451-460a-a8af-f55240f3fec9,0,71ca36a8-b853-449e-b7fd-ac601222e885,K Nallepalli,1,0,6,1,0,0,1.0
fd93f0ad-793c-49dd-9963-da069a4462ad,706580fe-6326-4d30-be46-a8a50b651560,15afc07c-f087-455e-b9a1-e366e750413a,c3859c82-3451-460a-a8af-f55240f3fec9,1,ef15fcc4-a2d8-47af-af3f-9c4391db7c4a,S Gill,6,0,6,2,0,0,3.5
fd93f0ad-793c-49dd-9963-da069a4462ad,706580fe-6326-4d30-be46-a8a50b651560,15afc07c-f087-455e-b9a1-e366e750413a,c3859c82-3451-460a-a8af-f55240f3fec9,2,71ca36a8-b853-449e-b7fd-ac601222e885,K Nallepalli,0,0,6,0,0,0,2.33
fd93f0ad-793c-49dd-9963-da069a4462ad,706580fe-6326-4d30-be46-a8a50b651560,15afc07c-f087-455e-b9a1-e366e750413a,c3859c82-3451-460a-a8af-f55240f3fec9,3,ef15fcc4-a2d8-47af-af3f-9c4391db7c4a,S Gill,2,0,6,0,0,0,2.25
fd93f0ad-793c-49dd-9963-da069a4462ad,706580fe-6326-4d30-be46-a8a50b651560,15afc07c-f087-455e-b9a1-e366e750413a,c3859c82-3451-460a-a8af-f55240f3fec9,4,71ca36a8-b853-449e-b7fd-ac601222e885,K Nallepalli,8,0,6,1,0,1,3.4
08e9bed5-8e70-4e06-b630-8788da1e218c,016bd015-153f-4f52-b4e6-5dd8ba4550bb,90d2b3f1-33ab-4ead-811a-4dd67d99e275,279aa49f-e6a9-4085-9db7-098edac9c90e,0,7cffb99e-40e6-4c91-846f-2e5b755ecd0a,M Mohan,1,0,6,0,0,0,1.0
08e9bed5-8e70-4e06-b630-8788da1e218c,016bd015-153f-4f52-b4e6-5dd8ba4550bb,90d2b3f1-33ab-4ead-811a-4dd67d99e275,279aa49f-e6a9-4085-9db7-098edac9c90e,1,7512873c-b6b6-49fe-80ff-3733b5abd044,M Pitre,0,1,6,0,0,0,0.5
08e9bed5-8e70-4e06-b630-8788da1e218c,016bd015-153f-4f52-b4e6-5dd8ba4550bb,90d2b3f1-33ab-4ead-811a-4dd67d99e275,279aa49f-e6a9-4085-9db7-098edac9c90e,2,7cffb99e-40e6-4c91-846f-2e5b755ecd0a,M Mohan,2,0,6,0,0,0,1.0
08e9bed5-8e70-4e06-b630-8788da1e218c,016bd015-153f-4f52-b4e6-5dd8ba4550bb,90d2b3f1-33ab-4ead-811a-4dd67d99e275,279aa49f-e6a9-4085-9db7-098edac9c90e,3,7512873c-b6b6-49fe-80ff-3733b5abd044,M Pitre,4,1,6,0,0,1,1.75
08e9bed5-8e70-4e06-b630-8788da1e218c,016bd015-153f-4f52-b4e6-5dd8ba4550bb,90d2b3f1-33ab-4ead-811a-4dd67d99e275,279aa49f-e6a9-4085-9db7-098edac9c90e,4,7cffb99e-40e6-4c91-846f-2e5b755ecd0a,M Mohan,9,0,6,0,0,1,3.2
08e9bed5-8e70-4e06-b630-8788da1e218c,016bd015-153f-4f52-b4e6-5dd8ba4550bb,90d2b3f1-33ab-4ead-811a-4dd67d99e275,279aa49f-e6a9-4085-9db7-098edac9c90e,5,7512873c-b6b6-49fe-80ff-3733b5abd044,M Pitre,5,0,6,0,0,1,3.5
08e9bed5-8e70-4e06-b630-8788da1e218c,016bd015-153f-4f52-b4e6-5dd8ba4550bb,90d2b3f1-33ab-4ead-811a-4dd67d99e275,279aa49f-e6a9-4085-9db7-098edac9c90e,6,7cffb99e-40e6-4c91-846f-2e5b755ecd0a,M Mohan,0,0,6,0,0,0,3.0
08e9bed5-8e70-4e06-b630-8788da1e218c,016bd015-153f-4f52-b4e6-5dd8ba4550bb,90d2b3f1-33ab-4ead-811a-4dd67d99e275,279aa49f-e6a9-4085-9db7-098edac9c90e,7,7512873c-b6b6-49fe-80ff-3733b5abd044,M Pitre,6,0,6,1,0,1,3.38
08e9bed5-8e70-4e06-b630-8788da1e218c,016bd015-153f-4f52-b4e6-5dd8ba4550bb,90d2b3f1-33ab-4ead-811a-4dd67d99e275,279aa49f-e6a9-4085-9db7-098edac9c90e,8,7cffb99e-40e6-4c91-846f-2e5b755ecd0a,M Mohan,5,0,6,0,0,1,3.56
08e9bed5-8e70-4e06-b630-8788da1e218c,016bd015-153f-4f52-b4e6-5dd8ba4550bb,90d2b3f1-33ab-4ead-811a-4dd67d99e275,279aa49f-e6a9-4085-9db7-098edac9c90e,9,7512873c-b6b6-49fe-80ff-3733b5abd044,M Pitre,0,0,6,0,0,0,3.2
08e9bed5-8e70-4e06-b630-8788da1e218c,016bd015-153f-4f52-b4e6-5dd8ba4550bb,90d2b3f1-33ab-4ead-811a-4dd67d99e275,279aa49f-e6a9-4085-9db7-098edac9c90e,10,7cffb99e-40e6-4c91-846f-2e5b755ecd0a,M Mohan,9,0,6,1,0,1,3.73
08e9bed5-8e70-4e06-b630-8788da1e218c,016bd015-153f-4f52-b4e6-5dd8ba4550bb,90d2b3f1-33ab-4ead-811a-4dd67d99e275,279aa49f-e6a9-4085-9db7-098edac9c90e,11,7512873c-b6b6-49fe-80ff-3733b5abd044,M Pitre,4,0,6,0,0,1,3.75
08e9bed5-8e70-4e06-b630-8788da1e218c,016bd015-153f-4f52-b4e6-5dd8ba4550bb,90d2b3f1-33ab-4ead-811a-4dd67d99e275,279aa49f-e6a9-4085-9db7-098edac9c90e,12,7cffb99e-40e6-4c91-846f-2e5b755ecd0a,M Mohan,2,0,6,0,0,0,3.62
08e9bed5-8e70-4e06-b630-8788da1e218c,016bd015-153f-4f52-b4e6-5dd8ba4550bb,90d2b3f1-33ab-4ead-811a-4dd67d99e275,279aa49f-e6a9-4085-9db7-098edac9c90e,13,7512873c-b6b6-49fe-80ff-3733b5abd044,M Pitre,4,0,6,1,0,0,3.64
08e9bed5-8e70-4e06-b630-8788da1e218c,016bd015-153f-4f52-b4e6-5dd8ba4550bb,90d2b3f1-33ab-4ead-811a-4dd67d99e275,279aa49f-e6a9-4085-9db7-098edac9c90e,14,3f862060-4795-4936-9f1d-dfacd2aa1639,c Ravi,7,0,6,1,0,1,3.87
08e9bed5-8e70-4e06-b630-8788da1e218c,016bd015-153f-4f52-b4e6-5dd8ba4550bb,90d2b3f1-33ab-4ead-811a-4dd67d99e275,279aa49f-e6a9-4085-9db7-098edac9c90e,15,7b92ef0e-f100-4c46-8f95-2dd4d29654d6,F Hassan,13,1,6,0,10,0,4.44
08e9bed5-8e70-4e06-b630-8788da1e218c,016bd015-153f-4f52-b4e6-5dd8ba4550bb,90d2b3f1-33ab-4ead-811a-4dd67d99e275,279aa49f-e6a9-4085-9db7-098edac9c90e,16,8a856bda-2a2c-416f-948f-f80829c83646,P Srinivasan,7,0,6,1,0,1,4.59
08e9bed5-8e70-4e06-b630-8788da1e218c,016bd015-153f-4f52-b4e6-5dd8ba4550bb,90d2b3f1-33ab-4ead-811a-4dd67d99e275,279aa49f-e6a9-4085-9db7-098edac9c90e,17,8d406a25-db4b-4b64-b592-84d73e3ad834,S Jamsandekar,4,0,6,2,0,0,4.56
08e9bed5-8e70-4e06-b630-8788da1e218c,016bd015-153f-4f52-b4e6-5dd8ba4550bb,90d2b3f1-33ab-4ead-811a-4dd67d99e275,279aa49f-e6a9-4085-9db7-098edac9c90e,18,8a856bda-2a2c-416f-948f-f80829c83646,P Srinivasan,7,0,6,0,0,1,4.68
08e9bed5-8e70-4e06-b630-8788da1e218c,016bd015-153f-4f52-b4e6-5dd8ba4550bb,90d2b3f1-33ab-4ead-811a-4dd67d99e275,279aa49f-e6a9-4085-9db7-098edac9c90e,19,8d406a25-db4b-4b64-b592-84d73e3ad834,S Jamsandekar,1,1,5,0,1,0,4.49
08e9bed5-8e70-4e06-b630-8788da1e218c,016bd015-153f-4f52-b4e6-5dd8ba4550bb,90d2b3f1-33ab-4ead-811a-4dd67d99e275,279aa49f-e6a9-4085-9db7-098edac9c90e,20,8a856bda-2a2c-416f-948f-f80829c83646,P Srinivasan,3,0,6,0,0,0,4.42
08e9bed5-8e70-4e06-b630-8788da1e218c,016bd015-153f-4f52-b4e6-5dd8ba4550bb,90d2b3f1-33ab-4ead-811a-4dd67d99e275,279aa49f-e6a9-4085-9db7-098edac9c90e,21,8d406a25-db4b-4b64-b592-84d73e3ad834,S Jamsandekar,7,0,6,2,0,0,4.53
08e9bed5-8e70-4e06-b630-8788da1e218c,016bd015-153f-4f52-b4e6-5dd8ba4550bb,90d2b3f1-33ab-4ead-811a-4dd67d99e275,279aa49f-e6a9-4085-9db7-098edac9c90e,22,8a856bda-2a2c-416f-948f-f80829c83646,P Srinivasan,6,0,6,0,0,1,4.6
08e9bed5-8e70-4e06-b630-8788da1e218c,016bd015-153f-4f52-b4e6-5dd8ba4550bb,90d2b3f1-33ab-4ead-811a-4dd67d99e275,279aa49f-e6a9-4085-9db7-098edac9c90e,23,8d406a25-db4b-4b64-b592-84d73e3ad834,S Jamsandekar,2,0,6,0,0,0,4.49
08e9bed5-8e70-4e06-b630-8788da1e218c,016bd015-153f-4f52-b4e6-5dd8ba4550bb,90d2b3f1-33ab-4ead-811a-4dd67d99e275,279aa49f-e6a9-4085-9db7-098edac9c90e,24,8a856bda-2a2c-416f-948f-f80829c83646,P Srinivasan,10,0,6,0,0,2,4.71
08e9bed5-8e70-4e06-b630-8788da1e218c,016bd015-153f-4f52-b4e6-5dd8ba4550bb,90d2b3f1-33ab-4ead-811a-4dd67d99e275,279aa49f-e6a9-4085-9db7-098edac9c90e,25,8d406a25-db4b-4b64-b592-84d73e3ad834,S Jamsandekar,5,0,6,0,0,1,4.72
08e9bed5-8e70-4e06-b630-8788da1e218c,016bd015-153f-4f52-b4e6-5dd8ba4550bb,90d2b3f1-33ab-4ead-811a-4dd67d99e275,279aa49f-e6a9-4085-9db7-098edac9c90e,26,8a856bda-2a2c-416f-948f-f80829c83646,P Srinivasan,6,0,7,0,0,1,4.81
08e9bed5-8e70-4e06-b630-8788da1e218c,016bd015-153f-4f52-b4e6-5dd8ba4550bb,90d2b3f1-33ab-4ead-811a-4dd67d99e275,279aa49f-e6a9-4085-9db7-098edac9c90e,27,3f862060-4795-4936-9f1d-dfacd2aa1639,c Ravi,8,0,6,0,0,1,4.96
08e9bed5-8e70-4e06-b630-8788da1e218c,016bd015-153f-4f52-b4e6-5dd8ba4550bb,90d2b3f1-33ab-4ead-811a-4dd67d99e275,279aa49f-e6a9-4085-9db7-098edac9c90e,28,4c9e3082-4034-4e6d-9142-5a76549bd6be,M Adnanuddin,5,1,6,0,0,0,4.97
08e9bed5-8e70-4e06-b630-8788da1e218c,016bd015-153f-4f52-b4e6-5dd8ba4550bb,90d2b3f1-33ab-4ead-811a-4dd67d99e275,279aa49f-e6a9-4085-9db7-098edac9c90e,29,3f862060-4795-4936-9f1d-dfacd2aa1639,c Ravi,5,0,6,0,0,1,4.97
08e9bed5-8e70-4e06-b630-8788da1e218c,016bd015-153f-4f52-b4e6-5dd8ba4550bb,90d2b3f1-33ab-4ead-811a-4dd67d99e275,279aa49f-e6a9-4085-9db7-098edac9c90e,30,4c9e3082-4034-4e6d-9142-5a76549bd6be,M Adnanuddin,8,0,6,0,0,2,5.06
08e9bed5-8e70-4e06-b630-8788da1e218c,016bd015-153f-4f52-b4e6-5dd8ba4550bb,90d2b3f1-33ab-4ead-811a-4dd67d99e275,279aa49f-e6a9-4085-9db7-098edac9c90e,31,3f862060-4795-4936-9f1d-dfacd2aa1639,c Ravi,6,0,6,0,0,1,5.09
08e9bed5-8e70-4e06-b630-8788da1e218c,016bd015-153f-4f52-b4e6-5dd8ba4550bb,90d2b3f1-33ab-4ead-811a-4dd67d99e275,279aa49f-e6a9-4085-9db7-098edac9c90e,32,4c9e3082-4034-4e6d-9142-5a76549bd6be,M Adnanuddin,13,0,6,0,0,2,5.33
08e9bed5-8e70-4e06-b630-8788da1e218c,016bd015-153f-4f52-b4e6-5dd8ba4550bb,90d2b3f1-33ab-4ead-811a-4dd67d99e275,279aa49f-e6a9-4085-9db7-098edac9c90e,33,3f862060-4795-4936-9f1d-dfacd2aa1639,c Ravi,13,0,6,0,0,3,5.56
08e9bed5-8e70-4e06-b630-8788da1e218c,016bd015-153f-4f52-b4e6-5dd8ba4550bb,90d2b3f1-33ab-4ead-811a-4dd67d99e275,279aa49f-e6a9-4085-9db7-098edac9c90e,34,05220db1-794d-452c-b921-2eb60d032d21,C Ammela,12,0,6,1,0,2,5.74
08e9bed5-8e70-4e06-b630-8788da1e218c,b823778d-c200-481e-86a5-1e4715826cd2,279aa49f-e6a9-4085-9db7-098edac9c90e,90d2b3f1-33ab-4ead-811a-4dd67d99e275,0,99aa21b7-02cf-4d33-ab0a-7a5db66d8a86,A Goswami,6,0,6,0,0,1,6.0
08e9bed5-8e70-4e06-b630-8788da1e218c,b823778d-c200-481e-86a5-1e4715826cd2,279aa49f-e6a9-4085-9db7-098edac9c90e,90d2b3f1-33ab-4ead-811a-4dd67d99e275,1,bf67cb9b-be71-4dec-af2a-cba674bdbd79,K Groves,3,0,6,0,0,0,4.5
08e9bed5-8e70-4e06-b630-8788da1e218c,b823778d-c200-481e-86a5-1e4715826cd2,279aa49f-e6a9-4085-9db7-098edac9c90e,90d2b3f1-33ab-4ead-811a-4dd67d99e275,2,99aa21b7-02cf-4d33-ab0a-7a5db66d8a86,A Goswami,5,0,6,0,1,0,4.67
08e9bed5-8e70-4e06-b630-8788da1e218c,b823778d-c200-481e-86a5-1e4715826cd2,279aa49f-e6a9-4085-9db7-098edac9c90e,90d2b3f1-33ab-4ead-811a-4dd67d99e275,3,bf67cb9b-be71-4dec-af2a-cba674bdbd79,K Groves,6,0,6,0,1,0,5.0
08e9bed5-8e70-4e06-b630-8788da1e218c,b823778d-c200-481e-86a5-1e4715826cd2,279aa49f-e6a9-4085-9db7-098edac9c90e,90d2b3f1-33ab-4ead-811a-4dd67d99e275,4,99aa21b7-02cf-4d33-ab0a-7a5db66d8a86,A Goswami,6,0,6,0,0,1,5.2
08e9bed5-8e70-4e06-b630-8788da1e218c,b823778d-c200-481e-86a5-1e4715826cd2,279aa49f-e6a9-4085-9db7-098edac9c90e,90d2b3f1-33ab-4ead-811a-4dd67d99e275,5,bf67cb9b-be71-4dec-af2a-cba674bdbd79,K Groves,13,0,6,7,0,1,6.5
08e9bed5-8e70-4e06-b630-8788da1e218c,b823778d-c200-481e-86a5-1e4715826cd2,279aa49f-e6a9-4085-9db7-098edac9c90e,90d2b3f1-33ab-4ead-811a-4dd67d99e275,6,99aa21b7-02cf-4d33-ab0a-7a5db66d8a86,A Goswami,3,0,6,1,0,0,6.0
08e9bed5-8e70-4e06-b630-8788da1e218c,b823778d-c200-481e-86a5-1e4715826cd2,279aa49f-e6a9-4085-9db7-098edac9c90e,90d2b3f1-33ab-4ead-811a-4dd67d99e275,7,bf67cb9b-be71-4dec-af2a-cba674bdbd79,K Groves,10,0,6,2,0,1,6.5
08e9bed5-8e70-4e06-b630-8788da1e218c,b823778d-c200-481e-86a5-1e4715826cd2,279aa49f-e6a9-4085-9db7-098edac9c90e,90d2b3f1-33ab-4ead-811a-4dd67d99e275,8,99aa21b7-02cf-4d33-ab0a-7a5db66d8a86,A Goswami,1,1,6,0,0,0,5.89
08e9bed5-8e70-4e06-b630-8788da1e218c,b823778d-c200-481e-86a5-1e4715826cd2,279aa49f-e6a9-4085-9db7-098edac9c90e,90d2b3f1-33ab-4ead-811a-4dd67d99e275,9,bf67cb9b-be71-4dec-af2a-cba674bdbd79,K Groves,1,0,6,0,0,0,5.4
08e9bed5-8e70-4e06-b630-8788da1e218c,b823778d-c200-481e-86a5-1e4715826cd2,279aa49f-e6a9-4085-9db7-098edac9c90e,90d2b3f1-33ab-4ead-811a-4dd67d99e275,10,407d440c-956a-4f95-aa3c-70e8e88639aa,A Hall,2,0,6,0,0,0,5.09
08e9bed5-8e70-4e06-b630-8788da1e218c,b823778d-c200-481e-86a5-1e4715826cd2,279aa49f-e6a9-4085-9db7-098edac9c90e,90d2b3f1-33ab-4ead-811a-4dd67d99e275,11,2de5adf6-6cbc-429b-8a18-bf10e4c2a888,B Lewis,1,0,6,1,0,0,4.75
08e9bed5-8e70-4e06-b630-8788da1e218c,b823778d-c200-481e-86a5-1e4715826cd2,279aa49f-e6a9-4085-9db7-098edac9c90e,90d2b3f1-33ab-4ead-811a-4dd67d99e275,12,407d440c-956a-4f95-aa3c-70e8e88639aa,A Hall,1,1,6,0,0,0,4.46
08e9bed5-8e70-4e06-b630-8788da1e218c,b823778d-c200-481e-86a5-1e4715826cd2,279aa49f-e6a9-4085-9db7-098edac9c90e,90d2b3f1-33ab-4ead-811a-4dd67d99e275,13,2de5adf6-6cbc-429b-8a18-bf10e4c2a888,B Lewis,3,0,6,1,0,0,4.36
08e9bed5-8e70-4e06-b630-8788da1e218c,b823778d-c200-481e-86a5-1e4715826cd2,279aa49f-e6a9-4085-9db7-098edac9c90e,90d2b3f1-33ab-4ead-811a-4dd67d99e275,14,407d440c-956a-4f95-aa3c-70e8e88639aa,A Hall,10,0,6,1,0,2,4.73
08e9bed5-8e70-4e06-b630-8788da1e218c,b823778d-c200-481e-86a5-1e4715826cd2,279aa49f-e6a9-4085-9db7-098edac9c90e,90d2b3f1-33ab-4ead-811a-4dd67d99e275,15,2de5adf6-6cbc-429b-8a18-bf10e4c2a888,B Lewis,0,0,6,0,0,0,4.44
08e9bed5-8e70-4e06-b630-8788da1e218c,b823778d-c200-481e-86a5-1e4715826cd2,279aa49f-e6a9-4085-9db7-098edac9c90e,90d2b3f1-33ab-4ead-811a-4dd67d99e275,16,407d440c-956a-4f95-aa3c-70e8e88639aa,A Hall,5,0,6,0,0,0,4.47
08e9bed5-8e70-4e06-b630-8788da1e218c,b823778d-c200-481e-86a5-1e4715826cd2,279aa49f-e6a9-4085-9db7-098edac9c90e,90d2b3f1-33ab-4ead-811a-4dd67d99e275,17,2de5adf6-6cbc-429b-8a18-bf10e4c2a888,B Lewis,6,0,6,0,0,1,4.56
08e9bed5-8e70-4e06-b630-8788da1e218c,b823778d-c200-481e-86a5-1e4715826cd2,279aa49f-e6a9-4085-9db7-098edac9c90e,90d2b3f1-33ab-4ead-811a-4dd67d99e275,18,407d440c-956a-4f95-aa3c-70e8e88639aa,A Hall,3,0,6,0,0,0,4.47
08e9bed5-8e70-4e06-b630-8788da1e218c,b823778d-c200-481e-86a5-1e4715826cd2,279aa49f-e6a9-4085-9db7-098edac9c90e,90d2b3f1-33ab-4ead-811a-4dd67d99e275,19,2de5adf6-6cbc-429b-8a18-bf10e4c2a888,B Lewis,4,0,6,0,0,0,4.45
08e9bed5-8e70-4e06-b630-8788da1e218c,b823778d-c200-481e-86a5-1e4715826cd2,279aa49f-e6a9-4085-9db7-098edac9c90e,90d2b3f1-33ab-4ead-811a-4dd67d99e275,20,407d440c-956a-4f95-aa3c-70e8e88639aa,A Hall,5,0,6,0,0,0,4.48
08e9bed5-8e70-4e06-b630-8788da1e218c,b823778d-c200-481e-86a5-1e4715826cd2,279aa49f-e6a9-4085-9db7-098edac9c90e,90d2b3f1-33ab-4ead-811a-4dd67d99e275,21,79a9ff9a-9822-407a-8a3f-2b579c710780,N Groves,6,0,6,0,0,1,4.55
08e9bed5-8e70-4e06-b630-8788da1e218c,b823778d-c200-481e-86a5-1e4715826cd2,279aa49f-e6a9-4085-9db7-098edac9c90e,90d2b3f1-33ab-4ead-811a-4dd67d99e275,22,407d440c-956a-4f95-aa3c-70e8e88639aa,A Hall,2,1,6,0,0,0,4.43
08e9bed5-8e70-4e06-b630-8788da1e218c,b823778d-c200-481e-86a5-1e4715826cd2,279aa49f-e6a9-4085-9db7-098edac9c90e,90d2b3f1-33ab-4ead-811a-4dd67d99e275,23,79a9ff9a-9822-407a-8a3f-2b579c710780,N Groves,7,0,6,0,0,1,4.54
08e9bed5-8e70-4e06-b630-8788da1e218c,b823778d-c200-481e-86a5-1e4715826cd2,279aa49f-e6a9-4085-9db7-098edac9c90e,90d2b3f1-33ab-4ead-811a-4dd67d99e275,24,13986a3f-8460-4f74-9a59-502afdd0ca41,C Beyer,5,1,6,1,1,0,4.56
08e9bed5-8e70-4e06-b630-8788da1e218c,b823778d-c200-481e-86a5-1e4715826cd2,279aa49f-e6a9-4085-9db7-098edac9c90e,90d2b3f1-33ab-4ead-811a-4dd67d99e275,25,79a9ff9a-9822-407a-8a3f-2b579c710780,N Groves,6,3,6,0,1,1,4.62
08e9bed5-8e70-4e06-b630-8788da1e218c,b823778d-c200-481e-86a5-1e4715826cd2,279aa49f-e6a9-4085-9db7-098edac9c90e,90d2b3f1-33ab-4ead-811a-4dd67d99e275,26,13986a3f-8460-4f74-9a59-502afdd0ca41,C Beyer,5,0,6,1,3,0,4.63
08e9bed5-8e70-4e06-b630-8788da1e218c,b823778d-c200-481e-86a5-1e4715826cd2,279aa49f-e6a9-4085-9db7-098edac9c90e,90d2b3f1-33ab-4ead-811a-4dd67d99e275,27,79a9ff9a-9822-407a-8a3f-2b579c710780,N Groves,2,0,6,1,0,0,4.54
08e9bed5-8e70-4e06-b630-8788da1e218c,b823778d-c200-481e-86a5-1e4715826cd2,279aa49f-e6a9-4085-9db7-098edac9c90e,90d2b3f1-33ab-4ead-811a-4dd67d99e275,28,99aa21b7-02cf-4d33-ab0a-7a5db66d8a86,A Goswami,2,1,6,1,0,0,4.45
08e9bed5-8e70-4e06-b630-8788da1e218c,b823778d-c200-481e-86a5-1e4715826cd2,279aa49f-e6a9-4085-9db7-098edac9c90e,90d2b3f1-33ab-4ead-811a-4dd67d99e275,29,bf67cb9b-be71-4dec-af2a-cba674bdbd79,K Groves,9,1,6,0,2,1,4.6
08e9bed5-8e70-4e06-b630-8788da1e218c,b823778d-c200-481e-86a5-1e4715826cd2,279aa49f-e6a9-4085-9db7-098edac9c90e,90d2b3f1-33ab-4ead-811a-4dd67d99e275,30,99aa21b7-02cf-4d33-ab0a-7a5db66d8a86,A Goswami,2,1,5,1,0,0,4.54
81d22cd1-0f50-4e64-be5f-21619407e65d,721f67f0-e5e0-42aa-82de-ac74ffdbb56a,2400d6fd-cae2-4343-8797-35cd1be8aec6,279aa49f-e6a9-4085-9db7-098edac9c90e,0,7512873c-b6b6-49fe-80ff-3733b5abd044,M Pitre,2,0,6,0,0,0,2.0
81d22cd1-0f50-4e64-be5f-21619407e65d,721f67f0-e5e0-42aa-82de-ac74ffdbb56a,2400d6fd-cae2-4343-8797-35cd1be8aec6,279aa49f-e6a9-4085-9db7-098edac9c90e,1,8a856bda-2a2c-416f-948f-f80829c83646,P Srinivasan,1,0,6,0,0,0,1.5
81d22cd1-0f50-4e64-be5f-21619407e65d,721f67f0-e5e0-42aa-82de-ac74ffdbb56a,2400d6fd-cae2-4343-8797-35cd1be8aec6,279aa49f-e6a9-4085-9db7-098edac9c90e,2,7512873c-b6b6-49fe-80ff-3733b5abd044,M Pitre,1,0,6,0,0,0,1.33
81d22cd1-0f50-4e64-be5f-21619407e65d,721f67f0-e5e0-42aa-82de-ac74ffdbb56a,2400d6fd-cae2-4343-8797-35cd1be8aec6,279aa49f-e6a9-4085-9db7-098edac9c90e,3,8a856bda-2a2c-416f-948f-f80829c83646,P Srinivasan,6,0,6,0,0,1,2.5
81d22cd1-0f50-4e64-be5f-21619407e65d,721f67f0-e5e0-42aa-82de-ac74ffdbb56a,2400d6fd-cae2-4343-8797-35cd1be8aec6,279aa49f-e6a9-4085-9db7-098edac9c90e,4,7512873c-b6b6-49fe-80ff-3733b5abd044,M Pitre,2,0,6,0,0,0,2.4
81d22cd1-0f50-4e64-be5f-21619407e65d,721f67f0-e5e0-42aa-82de-ac74ffdbb56a,2400d6fd-cae2-4343-8797-35cd1be8aec6,279aa49f-e6a9-4085-9db7-098edac9c90e,5,8a856bda-2a2c-416f-948f-f80829c83646,P Srinivasan,6,0,6,0,0,1,3.0
81d22cd1-0f50-4e64-be5f-21619407e65d,721f67f0-e5e0-42aa-82de-ac74ffdbb56a,2400d6fd-cae2-4343-8797-35cd1be8aec6,279aa49f-e6a9-4085-9db7-098edac9c90e,6,7512873c-b6b6-49fe-80ff-3733b5abd044,M Pitre,3,0,6,0,0,0,3.0
81d22cd1-0f50-4e64-be5f-21619407e65d,721f67f0-e5e0-42aa-82de-ac74ffdbb56a,2400d6fd-cae2-4343-8797-35cd1be8aec6,279aa49f-e6a9-4085-9db7-098edac9c90e,7,8a856bda-2a2c-416f-948f-f80829c83646,P Srinivasan,3,1,6,0,0,0,3.0
81d22cd1-0f50-4e64-be5f-21619407e65d,721f67f0-e5e0-42aa-82de-ac74ffdbb56a,2400d6fd-cae2-4343-8797-35cd1be8aec6,279aa49f-e6a9-4085-9db7-098edac9c90e,8,7512873c-b6b6-49fe-80ff-3733b5abd044,M Pitre,3,1,6,2,0,0,3.0
81d22cd1-0f50-4e64-be5f-21619407e65d,721f67f0-e5e0-42aa-82de-ac74ffdbb56a,2400d6fd-cae2-4343-8797-35cd1be8aec6,279aa49f-e6a9-4085-9db7-098edac9c90e,9,242a967d-4a20-4cc8-9a32-bf2121ad6d26,k bedi,2,0,6,1,0,0,2.9
81d22cd1-0f50-4e64-be5f-21619407e65d,721f67f0-e5e0-42aa-82de-ac74ffdbb56a,2400d6fd-cae2-4343-8797-35cd1be8aec6,279aa49f-e6a9-4085-9db7-098edac9c90e,10,7512873c-b6b6-49fe-80ff-3733b5abd044,M Pitre,1,1,6,0,0,0,2.73
81d22cd1-0f50-4e64-be5f-21619407e65d,721f67f0-e5e0-42aa-82de-ac74ffdbb56a,2400d6fd-cae2-4343-8797-35cd1be8aec6,279aa49f-e6a9-4085-9db7-098edac9c90e,11,242a967d-4a20-4cc8-9a32-bf2121ad6d26,k bedi,7,0,6,1,2,1,3.08
81d22cd1-0f50-4e64-be5f-21619407e65d,721f67f0-e5e0-42aa-82de-ac74ffdbb56a,2400d6fd-cae2-4343-8797-35cd1be8aec6,279aa49f-e6a9-4085-9db7-098edac9c90e,12,7512873c-b6b6-49fe-80ff-3733b5abd044,M Pitre,8,0,6,0,0,2,3.46
81d22cd1-0f50-4e64-be5f-21619407e65d,721f67f0-e5e0-42aa-82de-ac74ffdbb56a,2400d6fd-cae2-4343-8797-35cd1be8aec6,279aa49f-e6a9-4085-9db7-098edac9c90e,13,242a967d-4a20-4cc8-9a32-bf2121ad6d26,k bedi,8,0,6,0,2,1,3.79
81d22cd1-0f50-4e64-be5f-21619407e65d,721f67f0-e5e0-42aa-82de-ac74ffdbb56a,2400d6fd-cae2-4343-8797-35cd1be8aec6,279aa49f-e6a9-4085-9db7-098edac9c90e,14,7b92ef0e-f100-4c46-8f95-2dd4d29654d6,F Hassan,7,0,6,1,1,0,4.0
81d22cd1-0f50-4e64-be5f-21619407e65d,721f67f0-e5e0-42aa-82de-ac74ffdbb56a,2400d6fd-cae2-4343-8797-35cd1be8aec6,279aa49f-e6a9-4085-9db7-098edac9c90e,15,00000000-0000-0000-0000-000000000002,********,2,0,6,0,1,0,3.88
81d22cd1-0f50-4e64-be5f-21619407e65d,721f67f0-e5e0-42aa-82de-ac74ffdbb56a,2400d6fd-cae2-4343-8797-35cd1be8aec6,279aa49f-e6a9-4085-9db7-098edac9c90e,16,7b92ef0e-f100-4c46-8f95-2dd4d29654d6,F Hassan,2,0,6,0,0,0,3.76
81d22cd1-0f50-4e64-be5f-21619407e65d,721f67f0-e5e0-42aa-82de-ac74ffdbb56a,2400d6fd-cae2-4343-8797-35cd1be8aec6,279aa49f-e6a9-4085-9db7-098edac9c90e,17,00000000-0000-0000-0000-000000000002,********,4,1,6,0,1,0,3.78
81d22cd1-0f50-4e64-be5f-21619407e65d,721f67f0-e5e0-42aa-82de-ac74ffdbb56a,2400d6fd-cae2-4343-8797-35cd1be8aec6,279aa49f-e6a9-4085-9db7-098edac9c90e,18,7b92ef0e-f100-4c46-8f95-2dd4d29654d6,F Hassan,1,0,6,0,0,0,3.63
81d22cd1-0f50-4e64-be5f-21619407e65d,721f67f0-e5e0-42aa-82de-ac74ffdbb56a,2400d6fd-cae2-4343-8797-35cd1be8aec6,279aa49f-e6a9-4085-9db7-098edac9c90e,19,00000000-0000-0000-0000-000000000002,********,8,0,6,0,3,1,3.85
81d22cd1-0f50-4e64-be5f-21619407e65d,721f67f0-e5e0-42aa-82de-ac74ffdbb56a,2400d6fd-cae2-4343-8797-35cd1be8aec6,279aa49f-e6a9-4085-9db7-098edac9c90e,20,7b92ef0e-f100-4c46-8f95-2dd4d29654d6,F Hassan,2,0,6,1,0,0,3.76
81d22cd1-0f50-4e64-be5f-21619407e65d,721f67f0-e5e0-42aa-82de-ac74ffdbb56a,2400d6fd-cae2-4343-8797-35cd1be8aec6,279aa49f-e6a9-4085-9db7-098edac9c90e,21,00000000-0000-0000-0000-000000000002,********,4,0,6,0,1,0,3.77
81d22cd1-0f50-4e64-be5f-21619407e65d,721f67f0-e5e0-42aa-82de-ac74ffdbb56a,2400d6fd-cae2-4343-8797-35cd1be8aec6,279aa49f-e6a9-4085-9db7-098edac9c90e,22,7b92ef0e-f100-4c46-8f95-2dd4d29654d6,F Hassan,9,0,6,0,0,1,4.0
81d22cd1-0f50-4e64-be5f-21619407e65d,721f67f0-e5e0-42aa-82de-ac74ffdbb56a,2400d6fd-cae2-4343-8797-35cd1be8aec6,279aa49f-e6a9-4085-9db7-098edac9c90e,23,00000000-0000-0000-0000-000000000001,********,6,0,6,0,0,0,4.08
81d22cd1-0f50-4e64-be5f-21619407e65d,721f67f0-e5e0-42aa-82de-ac74ffdbb56a,2400d6fd-cae2-4343-8797-35cd1be8aec6,279aa49f-e6a9-4085-9db7-098edac9c90e,24,7b92ef0e-f100-4c46-8f95-2dd4d29654d6,F Hassan,5,0,6,0,0,1,4.12
81d22cd1-0f50-4e64-be5f-21619407e65d,721f67f0-e5e0-42aa-82de-ac74ffdbb56a,2400d6fd-cae2-4343-8797-35cd1be8aec6,279aa49f-e6a9-4085-9db7-098edac9c90e,25,00000000-0000-0000-0000-000000000001,********,2,0,6,0,0,0,4.04
81d22cd1-0f50-4e64-be5f-21619407e65d,721f67f0-e5e0-42aa-82de-ac74ffdbb56a,2400d6fd-cae2-4343-8797-35cd1be8aec6,279aa49f-e6a9-4085-9db7-098edac9c90e,26,7b92ef0e-f100-4c46-8f95-2dd4d29654d6,F Hassan,7,0,6,0,0,0,4.15
81d22cd1-0f50-4e64-be5f-21619407e65d,721f67f0-e5e0-42aa-82de-ac74ffdbb56a,2400d6fd-cae2-4343-8797-35cd1be8aec6,279aa49f-e6a9-4085-9db7-098edac9c90e,27,00000000-0000-0000-0000-000000000001,********,4,0,6,0,0,0,4.14
81d22cd1-0f50-4e64-be5f-21619407e65d,721f67f0-e5e0-42aa-82de-ac74ffdbb56a,2400d6fd-cae2-4343-8797-35cd1be8aec6,279aa49f-e6a9-4085-9db7-098edac9c90e,28,1213eb90-9ab2-42db-b52a-865b0dfa7ea3,A Sharma,5,0,6,0,0,0,4.17
81d22cd1-0f50-4e64-be5f-21619407e65d,721f67f0-e5e0-42aa-82de-ac74ffdbb56a,2400d6fd-cae2-4343-8797-35cd1be8aec6,279aa49f-e6a9-4085-9db7-098edac9c90e,29,00000000-0000-0000-0000-000000000001,********,3,0,6,0,0,0,4.13
81d22cd1-0f50-4e64-be5f-21619407e65d,721f67f0-e5e0-42aa-82de-ac74ffdbb56a,2400d6fd-cae2-4343-8797-35cd1be8aec6,279aa49f-e6a9-4085-9db7-098edac9c90e,30,1213eb90-9ab2-42db-b52a-865b0dfa7ea3,A Sharma,2,0,6,0,0,0,4.06
81d22cd1-0f50-4e64-be5f-21619407e65d,721f67f0-e5e0-42aa-82de-ac74ffdbb56a,2400d6fd-cae2-4343-8797-35cd1be8aec6,279aa49f-e6a9-4085-9db7-098edac9c90e,31,8a856bda-2a2c-416f-948f-f80829c83646,P Srinivasan,5,1,6,1,0,0,4.09
81d22cd1-0f50-4e64-be5f-21619407e65d,721f67f0-e5e0-42aa-82de-ac74ffdbb56a,2400d6fd-cae2-4343-8797-35cd1be8aec6,279aa49f-e6a9-4085-9db7-098edac9c90e,32,1213eb90-9ab2-42db-b52a-865b0dfa7ea3,A Sharma,3,0,6,0,0,0,4.06
81d22cd1-0f50-4e64-be5f-21619407e65d,721f67f0-e5e0-42aa-82de-ac74ffdbb56a,2400d6fd-cae2-4343-8797-35cd1be8aec6,279aa49f-e6a9-4085-9db7-098edac9c90e,33,8a856bda-2a2c-416f-948f-f80829c83646,P Srinivasan,3,1,6,0,0,0,4.03
81d22cd1-0f50-4e64-be5f-21619407e65d,721f67f0-e5e0-42aa-82de-ac74ffdbb56a,2400d6fd-cae2-4343-8797-35cd1be8aec6,279aa49f-e6a9-4085-9db7-098edac9c90e,34,1213eb90-9ab2-42db-b52a-865b0dfa7ea3,A Sharma,4,0,6,0,0,0,4.03
81d22cd1-0f50-4e64-be5f-21619407e65d,91b461e5-56c5-4ec0-b266-18420050a606,279aa49f-e6a9-4085-9db7-098edac9c90e,2400d6fd-cae2-4343-8797-35cd1be8aec6,0,6c079a73-79aa-43a2-8a14-51e8afe76b0f,J Sajid,0,0,6,0,0,0,0.0
81d22cd1-0f50-4e64-be5f-21619407e65d,91b461e5-56c5-4ec0-b266-18420050a606,279aa49f-e6a9-4085-9db7-098edac9c90e,2400d6fd-cae2-4343-8797-35cd1be8aec6,1,fc91129f-60cf-4f07-8bd4-dd268e1d06e7,D Hughes,0,1,6,0,0,0,0.0
81d22cd1-0f50-4e64-be5f-21619407e65d,91b461e5-56c5-4ec0-b266-18420050a606,279aa49f-e6a9-4085-9db7-098edac9c90e,2400d6fd-cae2-4343-8797-35cd1be8aec6,2,6c079a73-79aa-43a2-8a14-51e8afe76b0f,J Sajid,0,0,6,0,0,0,0.0
81d22cd1-0f50-4e64-be5f-21619407e65d,91b461e5-56c5-4ec0-b266-18420050a606,279aa49f-e6a9-4085-9db7-098edac9c90e,2400d6fd-cae2-4343-8797-35cd1be8aec6,3,fc91129f-60cf-4f07-8bd4-dd268e1d06e7,D Hughes,7,1,6,0,2,1,1.75
81d22cd1-0f50-4e64-be5f-21619407e65d,91b461e5-56c5-4ec0-b266-18420050a606,279aa49f-e6a9-4085-9db7-098edac9c90e,2400d6fd-cae2-4343-8797-35cd1be8aec6,4,6c079a73-79aa-43a2-8a14-51e8afe76b0f,J Sajid,4,0,6,0,0,0,2.2
81d22cd1-0f50-4e64-be5f-21619407e65d,91b461e5-56c5-4ec0-b266-18420050a606,279aa49f-e6a9-4085-9db7-098edac9c90e,2400d6fd-cae2-4343-8797-35cd1be8aec6,5,fc91129f-60cf-4f07-8bd4-dd268e1d06e7,D Hughes,1,0,6,0,0,0,2.0
81d22cd1-0f50-4e64-be5f-21619407e65d,91b461e5-56c5-4ec0-b266-18420050a606,279aa49f-e6a9-4085-9db7-098edac9c90e,2400d6fd-cae2-4343-8797-35cd1be8aec6,6,6c079a73-79aa-43a2-8a14-51e8afe76b0f,J Sajid,7,0,6,0,0,1,2.71
81d22cd1-0f50-4e64-be5f-21619407e65d,91b461e5-56c5-4ec0-b266-18420050a606,279aa49f-e6a9-4085-9db7-098edac9c90e,2400d6fd-cae2-4343-8797-35cd1be8aec6,7,fc91129f-60cf-4f07-8bd4-dd268e1d06e7,D Hughes,0,2,6,0,0,0,2.38
81d22cd1-0f50-4e64-be5f-21619407e65d,91b461e5-56c5-4ec0-b266-18420050a606,279aa49f-e6a9-4085-9db7-098edac9c90e,2400d6fd-cae2-4343-8797-35cd1be8aec6,8,6c079a73-79aa-43a2-8a14-51e8afe76b0f,J Sajid,1,0,6,0,0,0,2.22
81d22cd1-0f50-4e64-be5f-21619407e65d,91b461e5-56c5-4ec0-b266-18420050a606,279aa49f-e6a9-4085-9db7-098edac9c90e,2400d6fd-cae2-4343-8797-35cd1be8aec6,9,fc91129f-60cf-4f07-8bd4-dd268e1d06e7,D Hughes,0,0,6,0,0,0,2.0
81d22cd1-0f50-4e64-be5f-21619407e65d,91b461e5-56c5-4ec0-b266-18420050a606,279aa49f-e6a9-4085-9db7-098edac9c90e,2400d6fd-cae2-4343-8797-35cd1be8aec6,10,6c079a73-79aa-43a2-8a14-51e8afe76b0f,J Sajid,1,0,6,0,1,0,1.91
81d22cd1-0f50-4e64-be5f-21619407e65d,91b461e5-56c5-4ec0-b266-18420050a606,279aa49f-e6a9-4085-9db7-098edac9c90e,2400d6fd-cae2-4343-8797-35cd1be8aec6,11,fc91129f-60cf-4f07-8bd4-dd268e1d06e7,D Hughes,0,0,6,0,0,0,1.75
81d22cd1-0f50-4e64-be5f-21619407e65d,91b461e5-56c5-4ec0-b266-18420050a606,279aa49f-e6a9-4085-9db7-098edac9c90e,2400d6fd-cae2-4343-8797-35cd1be8aec6,12,6c079a73-79aa-43a2-8a14-51e8afe76b0f,J Sajid,2,1,6,1,0,0,1.77
81d22cd1-0f50-4e64-be5f-21619407e65d,91b461e5-56c5-4ec0-b266-18420050a606,279aa49f-e6a9-4085-9db7-098edac9c90e,2400d6fd-cae2-4343-8797-35cd1be8aec6,13,fc91129f-60cf-4f07-8bd4-dd268e1d06e7,D Hughes,0,1,6,0,0,0,1.64
81d22cd1-0f50-4e64-be5f-21619407e65d,91b461e5-56c5-4ec0-b266-18420050a606,279aa49f-e6a9-4085-9db7-098edac9c90e,2400d6fd-cae2-4343-8797-35cd1be8aec6,14,23aeaa92-fc9d-4ef6-a45e-8b463df6a328,T Than,3,0,6,0,0,0,1.73
81d22cd1-0f50-4e64-be5f-21619407e65d,91b461e5-56c5-4ec0-b266-18420050a606,279aa49f-e6a9-4085-9db7-098edac9c90e,2400d6fd-cae2-4343-8797-35cd1be8aec6,15,0f9f5a34-4a6f-4469-808c-6234e8292450,R Poole,0,0,6,0,0,0,1.62
81d22cd1-0f50-4e64-be5f-21619407e65d,91b461e5-56c5-4ec0-b266-18420050a606,279aa49f-e6a9-4085-9db7-098edac9c90e,2400d6fd-cae2-4343-8797-35cd1be8aec6,16,23aeaa92-fc9d-4ef6-a45e-8b463df6a328,T Than,4,1,6,0,0,1,1.76
81d22cd1-0f50-4e64-be5f-21619407e65d,91b461e5-56c5-4ec0-b266-18420050a606,279aa49f-e6a9-4085-9db7-098edac9c90e,2400d6fd-cae2-4343-8797-35cd1be8aec6,17,0f9f5a34-4a6f-4469-808c-6234e8292450,R Poole,0,0,6,0,0,0,1.67
81d22cd1-0f50-4e64-be5f-21619407e65d,91b461e5-56c5-4ec0-b266-18420050a606,279aa49f-e6a9-4085-9db7-098edac9c90e,2400d6fd-cae2-4343-8797-35cd1be8aec6,18,23aeaa92-fc9d-4ef6-a45e-8b463df6a328,T Than,8,0,6,1,1,1,2.0
81d22cd1-0f50-4e64-be5f-21619407e65d,91b461e5-56c5-4ec0-b266-18420050a606,279aa49f-e6a9-4085-9db7-098edac9c90e,2400d6fd-cae2-4343-8797-35cd1be8aec6,19,0f9f5a34-4a6f-4469-808c-6234e8292450,R Poole,2,0,6,0,1,0,2.0
81d22cd1-0f50-4e64-be5f-21619407e65d,91b461e5-56c5-4ec0-b266-18420050a606,279aa49f-e6a9-4085-9db7-098edac9c90e,2400d6fd-cae2-4343-8797-35cd1be8aec6,20,23aeaa92-fc9d-4ef6-a45e-8b463df6a328,T Than,2,0,6,0,0,0,2.0
81d22cd1-0f50-4e64-be5f-21619407e65d,91b461e5-56c5-4ec0-b266-18420050a606,279aa49f-e6a9-4085-9db7-098edac9c90e,2400d6fd-cae2-4343-8797-35cd1be8aec6,21,0f9f5a34-4a6f-4469-808c-6234e8292450,R Poole,3,0,6,0,0,0,2.05
81d22cd1-0f50-4e64-be5f-21619407e65d,91b461e5-56c5-4ec0-b266-18420050a606,279aa49f-e6a9-4085-9db7-098edac9c90e,2400d6fd-cae2-4343-8797-35cd1be8aec6,22,23aeaa92-fc9d-4ef6-a45e-8b463df6a328,T Than,3,0,6,0,0,0,2.22
81d22cd1-0f50-4e64-be5f-21619407e65d,91b461e5-56c5-4ec0-b266-18420050a606,279aa49f-e6a9-4085-9db7-098edac9c90e,2400d6fd-cae2-4343-8797-35cd1be8aec6,23,0f9f5a34-4a6f-4469-808c-6234e8292450,R Poole,2,0,6,0,0,0,2.21
81d22cd1-0f50-4e64-be5f-21619407e65d,91b461e5-56c5-4ec0-b266-18420050a606,279aa49f-e6a9-4085-9db7-098edac9c90e,2400d6fd-cae2-4343-8797-35cd1be8aec6,24,23aeaa92-fc9d-4ef6-a45e-8b463df6a328,T Than,3,1,6,2,0,0,2.24
81d22cd1-0f50-4e64-be5f-21619407e65d,91b461e5-56c5-4ec0-b266-18420050a606,279aa49f-e6a9-4085-9db7-098edac9c90e,2400d6fd-cae2-4343-8797-35cd1be8aec6,25,e1d1c9f1-8d5c-48ea-9488-2300bc0b0435,T Close,2,0,6,1,0,0,2.23
81d22cd1-0f50-4e64-be5f-21619407e65d,91b461e5-56c5-4ec0-b266-18420050a606,279aa49f-e6a9-4085-9db7-098edac9c90e,2400d6fd-cae2-4343-8797-35cd1be8aec6,26,23aeaa92-fc9d-4ef6-a45e-8b463df6a328,T Than,7,0,6,0,0,1,2.41
81d22cd1-0f50-4e64-be5f-21619407e65d,91b461e5-56c5-4ec0-b266-18420050a606,279aa49f-e6a9-4085-9db7-098edac9c90e,2400d6fd-cae2-4343-8797-35cd1be8aec6,27,e1d1c9f1-8d5c-48ea-9488-2300bc0b0435,T Close,5,0,6,0,0,1,2.5
81d22cd1-0f50-4e64-be5f-21619407e65d,91b461e5-56c5-4ec0-b266-18420050a606,279aa49f-e6a9-4085-9db7-098edac9c90e,2400d6fd-cae2-4343-8797-35cd1be8aec6,28,e647b43c-3717-4b9c-9073-19988688c7f2,R Putnam,2,0,6,0,0,0,2.52
81d22cd1-0f50-4e64-be5f-21619407e65d,91b461e5-56c5-4ec0-b266-18420050a606,279aa49f-e6a9-4085-9db7-098edac9c90e,2400d6fd-cae2-4343-8797-35cd1be8aec6,29,e1d1c9f1-8d5c-48ea-9488-2300bc0b0435,T Close,1,0,6,0,0,0,2.47
81d22cd1-0f50-4e64-be5f-21619407e65d,91b461e5-56c5-4ec0-b266-18420050a606,279aa49f-e6a9-4085-9db7-098edac9c90e,2400d6fd-cae2-4343-8797-35cd1be8aec6,30,e647b43c-3717-4b9c-9073-19988688c7f2,R Putnam,2,1,6,0,0,0,2.45
81d22cd1-0f50-4e64-be5f-21619407e65d,91b461e5-56c5-4ec0-b266-18420050a606,279aa49f-e6a9-4085-9db7-098edac9c90e,2400d6fd-cae2-4343-8797-35cd1be8aec6,31,e1d1c9f1-8d5c-48ea-9488-2300bc0b0435,T Close,0,1,2,0,0,0,2.43
baeccaa8-afcb-4b8e-97c6-7a73cf409f97,94ecf7ad-3b16-4a77-a243-4581ec8e71a6,279aa49f-e6a9-4085-9db7-098edac9c90e,90d2b3f1-33ab-4ead-811a-4dd67d99e275,0,98832b81-93de-4032-a4b2-baefa671ca04,P Purohit,2,0,6,0,0,0,2.0
baeccaa8-afcb-4b8e-97c6-7a73cf409f97,94ecf7ad-3b16-4a77-a243-4581ec8e71a6,279aa49f-e6a9-4085-9db7-098edac9c90e,90d2b3f1-33ab-4ead-811a-4dd67d99e275,1,99aa21b7-02cf-4d33-ab0a-7a5db66d8a86,A Goswami,5,0,6,1,0,1,3.5
baeccaa8-afcb-4b8e-97c6-7a73cf409f97,94ecf7ad-3b16-4a77-a243-4581ec8e71a6,279aa49f-e6a9-4085-9db7-098edac9c90e,90d2b3f1-33ab-4ead-811a-4dd67d99e275,2,98832b81-93de-4032-a4b2-baefa671ca04,P Purohit,1,0,6,0,0,0,2.67
baeccaa8-afcb-4b8e-97c6-7a73cf409f97,94ecf7ad-3b16-4a77-a243-4581ec8e71a6,279aa49f-e6a9-4085-9db7-098edac9c90e,90d2b3f1-33ab-4ead-811a-4dd67d99e275,3,99aa21b7-02cf-4d33-ab0a-7a5db66d8a86,A Goswami,4,0,6,0,0,1,3.0
baeccaa8-afcb-4b8e-97c6-7a73cf409f97,94ecf7ad-3b16-4a77-a243-4581ec8e71a6,279aa49f-e6a9-4085-9db7-098edac9c90e,90d2b3f1-33ab-4ead-811a-4dd67d99e275,4,98832b81-93de-4032-a4b2-baefa671ca04,P Purohit,2,0,6,0,0,0,2.8
baeccaa8-afcb-4b8e-97c6-7a73cf409f97,94ecf7ad-3b16-4a77-a243-4581ec8e71a6,279aa49f-e6a9-4085-9db7-098edac9c90e,90d2b3f1-33ab-4ead-811a-4dd67d99e275,5,99aa21b7-02cf-4d33-ab0a-7a5db66d8a86,A Goswami,2,0,6,0,0,0,2.67
baeccaa8-afcb-4b8e-97c6-7a73cf409f97,94ecf7ad-3b16-4a77-a243-4581ec8e71a6,279aa49f-e6a9-4085-9db7-098edac9c90e,90d2b3f1-33ab-4ead-811a-4dd67d99e275,6,98832b81-93de-4032-a4b2-baefa671ca04,P Purohit,1,1,6,0,0,0,2.43
baeccaa8-afcb-4b8e-97c6-7a73cf409f97,94ecf7ad-3b16-4a77-a243-4581ec8e71a6,279aa49f-e6a9-4085-9db7-098edac9c90e,90d2b3f1-33ab-4ead-811a-4dd67d99e275,7,99aa21b7-02cf-4d33-ab0a-7a5db66d8a86,A Goswami,0,1,6,0,0,0,2.12
baeccaa8-afcb-4b8e-97c6-7a73cf409f97,94ecf7ad-3b16-4a77-a243-4581ec8e71a6,279aa49f-e6a9-4085-9db7-098edac9c90e,90d2b3f1-33ab-4ead-811a-4dd67d99e275,8,98832b81-93de-4032-a4b2-baefa671ca04,P Purohit,0,0,6,0,0,0,1.89
baeccaa8-afcb-4b8e-97c6-7a73cf409f97,94ecf7ad-3b16-4a77-a243-4581ec8e71a6,279aa49f-e6a9-4085-9db7-098edac9c90e,90d2b3f1-33ab-4ead-811a-4dd67d99e275,9,99aa21b7-02cf-4d33-ab0a-7a5db66d8a86,A Goswami,0,0,7,0,0,0,1.77
baeccaa8-afcb-4b8e-97c6-7a73cf409f97,94ecf7ad-3b16-4a77-a243-4581ec8e71a6,279aa49f-e6a9-4085-9db7-098edac9c90e,90d2b3f1-33ab-4ead-811a-4dd67d99e275,10,98832b81-93de-4032-a4b2-baefa671ca04,P Purohit,0,1,6,0,0,0,1.61
baeccaa8-afcb-4b8e-97c6-7a73cf409f97,94ecf7ad-3b16-4a77-a243-4581ec8e71a6,279aa49f-e6a9-4085-9db7-098edac9c90e,90d2b3f1-33ab-4ead-811a-4dd67d99e275,11,99aa21b7-02cf-4d33-ab0a-7a5db66d8a86,A Goswami,0,2,6,0,0,0,1.48
baeccaa8-afcb-4b8e-97c6-7a73cf409f97,94ecf7ad-3b16-4a77-a243-4581ec8e71a6,279aa49f-e6a9-4085-9db7-098edac9c90e,90d2b3f1-33ab-4ead-811a-4dd67d99e275,12,98832b81-93de-4032-a4b2-baefa671ca04,P Purohit,10,0,6,0,0,2,2.13
baeccaa8-afcb-4b8e-97c6-7a73cf409f97,94ecf7ad-3b16-4a77-a243-4581ec8e71a6,279aa49f-e6a9-4085-9db7-098edac9c90e,90d2b3f1-33ab-4ead-811a-4dd67d99e275,13,99aa21b7-02cf-4d33-ab0a-7a5db66d8a86,A Goswami,0,0,6,0,0,0,1.98
baeccaa8-afcb-4b8e-97c6-7a73cf409f97,94ecf7ad-3b16-4a77-a243-4581ec8e71a6,279aa49f-e6a9-4085-9db7-098edac9c90e,90d2b3f1-33ab-4ead-811a-4dd67d99e275,14,98832b81-93de-4032-a4b2-baefa671ca04,P Purohit,0,0,6,0,0,0,1.85
baeccaa8-afcb-4b8e-97c6-7a73cf409f97,94ecf7ad-3b16-4a77-a243-4581ec8e71a6,279aa49f-e6a9-4085-9db7-098edac9c90e,90d2b3f1-33ab-4ead-811a-4dd67d99e275,15,99aa21b7-02cf-4d33-ab0a-7a5db66d8a86,A Goswami,4,0,6,0,0,1,1.98
baeccaa8-afcb-4b8e-97c6-7a73cf409f97,94ecf7ad-3b16-4a77-a243-4581ec8e71a6,279aa49f-e6a9-4085-9db7-098edac9c90e,90d2b3f1-33ab-4ead-811a-4dd67d99e275,16,98832b81-93de-4032-a4b2-baefa671ca04,P Purohit,4,0,6,0,0,1,2.1
baeccaa8-afcb-4b8e-97c6-7a73cf409f97,94ecf7ad-3b16-4a77-a243-4581ec8e71a6,279aa49f-e6a9-4085-9db7-098edac9c90e,90d2b3f1-33ab-4ead-811a-4dd67d99e275,17,99aa21b7-02cf-4d33-ab0a-7a5db66d8a86,A Goswami,0,0,6,0,0,0,1.98
baeccaa8-afcb-4b8e-97c6-7a73cf409f97,94ecf7ad-3b16-4a77-a243-4581ec8e71a6,279aa49f-e6a9-4085-9db7-098edac9c90e,90d2b3f1-33ab-4ead-811a-4dd67d99e275,18,05c59ec4-2c0c-4c02-b412-6b591a6d6598,P Rutland,1,0,6,0,1,0,1.93
baeccaa8-afcb-4b8e-97c6-7a73cf409f97,94ecf7ad-3b16-4a77-a243-4581ec8e71a6,279aa49f-e6a9-4085-9db7-098edac9c90e,90d2b3f1-33ab-4ead-811a-4dd67d99e275,19,99aa21b7-02cf-4d33-ab0a-7a5db66d8a86,A Goswami,0,0,6,0,0,0,1.83
baeccaa8-afcb-4b8e-97c6-7a73cf409f97,94ecf7ad-3b16-4a77-a243-4581ec8e71a6,279aa49f-e6a9-4085-9db7-098edac9c90e,90d2b3f1-33ab-4ead-811a-4dd67d99e275,20,05c59ec4-2c0c-4c02-b412-6b591a6d6598,P Rutland,4,0,6,0,0,1,1.94
baeccaa8-afcb-4b8e-97c6-7a73cf409f97,94ecf7ad-3b16-4a77-a243-4581ec8e71a6,279aa49f-e6a9-4085-9db7-098edac9c90e,90d2b3f1-33ab-4ead-811a-4dd67d99e275,21,bf67cb9b-be71-4dec-af2a-cba674bdbd79,K Groves,2,0,6,0,1,0,1.94
baeccaa8-afcb-4b8e-97c6-7a73cf409f97,94ecf7ad-3b16-4a77-a243-4581ec8e71a6,279aa49f-e6a9-4085-9db7-098edac9c90e,90d2b3f1-33ab-4ead-811a-4dd67d99e275,22,05c59ec4-2c0c-4c02-b412-6b591a6d6598,P Rutland,0,0,6,0,0,0,1.86
baeccaa8-afcb-4b8e-97c6-7a73cf409f97,94ecf7ad-3b16-4a77-a243-4581ec8e71a6,279aa49f-e6a9-4085-9db7-098edac9c90e,90d2b3f1-33ab-4ead-811a-4dd67d99e275,23,bf67cb9b-be71-4dec-af2a-cba674bdbd79,K Groves,1,0,7,0,0,0,1.85
baeccaa8-afcb-4b8e-97c6-7a73cf409f97,94ecf7ad-3b16-4a77-a243-4581ec8e71a6,279aa49f-e6a9-4085-9db7-098edac9c90e,90d2b3f1-33ab-4ead-811a-4dd67d99e275,24,05c59ec4-2c0c-4c02-b412-6b591a6d6598,P Rutland,1,1,6,0,1,0,1.97
baeccaa8-afcb-4b8e-97c6-7a73cf409f97,94ecf7ad-3b16-4a77-a243-4581ec8e71a6,279aa49f-e6a9-4085-9db7-098edac9c90e,90d2b3f1-33ab-4ead-811a-4dd67d99e275,25,bf67cb9b-be71-4dec-af2a-cba674bdbd79,K Groves,1,0,6,0,0,0,1.94
baeccaa8-afcb-4b8e-97c6-7a73cf409f97,94ecf7ad-3b16-4a77-a243-4581ec8e71a6,279aa49f-e6a9-4085-9db7-098edac9c90e,90d2b3f1-33ab-4ead-811a-4dd67d99e275,26,05c59ec4-2c0c-4c02-b412-6b591a6d6598,P Rutland,0,1,6,0,0,0,1.87
baeccaa8-afcb-4b8e-97c6-7a73cf409f97,94ecf7ad-3b16-4a77-a243-4581ec8e71a6,279aa49f-e6a9-4085-9db7-098edac9c90e,90d2b3f1-33ab-4ead-811a-4dd67d99e275,27,bf67cb9b-be71-4dec-af2a-cba674bdbd79,K Groves,2,0,6,0,0,0,1.87
baeccaa8-afcb-4b8e-97c6-7a73cf409f97,94ecf7ad-3b16-4a77-a243-4581ec8e71a6,279aa49f-e6a9-4085-9db7-098edac9c90e,90d2b3f1-33ab-4ead-811a-4dd67d99e275,28,05c59ec4-2c0c-4c02-b412-6b591a6d6598,P Rutland,5,1,6,5,0,0,1.98
baeccaa8-afcb-4b8e-97c6-7a73cf409f97,94ecf7ad-3b16-4a77-a243-4581ec8e71a6,279aa49f-e6a9-4085-9db7-098edac9c90e,90d2b3f1-33ab-4ead-811a-4dd67d99e275,29,bf67cb9b-be71-4dec-af2a-cba674bdbd79,K Groves,4,2,6,0,0,1,2.04
fb3198b9-0982-4c9e-a9ea-bfd412f91f24,748306c5-596b-41f3-bed5-9b2cb796f8b5,8bdca048-147b-40ec-9e4f-7f699614b80f,279aa49f-e6a9-4085-9db7-098edac9c90e,0,7512873c-b6b6-49fe-80ff-3733b5abd044,M Pitre,1,0,6,0,0,0,1.0
fb3198b9-0982-4c9e-a9ea-bfd412f91f24,748306c5-596b-41f3-bed5-9b2cb796f8b5,8bdca048-147b-40ec-9e4f-7f699614b80f,279aa49f-e6a9-4085-9db7-098edac9c90e,1,17d58ef7-cae1-444e-adba-71c74067872b,P Rahate,2,0,6,0,1,0,1.5
fb3198b9-0982-4c9e-a9ea-bfd412f91f24,748306c5-596b-41f3-bed5-9b2cb796f8b5,8bdca048-147b-40ec-9e4f-7f699614b80f,279aa49f-e6a9-4085-9db7-098edac9c90e,2,7512873c-b6b6-49fe-80ff-3733b5abd044,M Pitre,5,0,6,0,0,1,2.67
fb3198b9-0982-4c9e-a9ea-bfd412f91f24,748306c5-596b-41f3-bed5-9b2cb796f8b5,8bdca048-147b-40ec-9e4f-7f699614b80f,279aa49f-e6a9-4085-9db7-098edac9c90e,3,17d58ef7-cae1-444e-adba-71c74067872b,P Rahate,2,0,6,2,0,0,2.5
fb3198b9-0982-4c9e-a9ea-bfd412f91f24,748306c5-596b-41f3-bed5-9b2cb796f8b5,8bdca048-147b-40ec-9e4f-7f699614b80f,279aa49f-e6a9-4085-9db7-098edac9c90e,4,7512873c-b6b6-49fe-80ff-3733b5abd044,M Pitre,7,1,6,1,0,1,3.4
fb3198b9-0982-4c9e-a9ea-bfd412f91f24,748306c5-596b-41f3-bed5-9b2cb796f8b5,8bdca048-147b-40ec-9e4f-7f699614b80f,279aa49f-e6a9-4085-9db7-098edac9c90e,5,17d58ef7-cae1-444e-adba-71c74067872b,P Rahate,2,0,6,0,0,0,3.17
fb3198b9-0982-4c9e-a9ea-bfd412f91f24,748306c5-596b-41f3-bed5-9b2cb796f8b5,8bdca048-147b-40ec-9e4f-7f699614b80f,279aa49f-e6a9-4085-9db7-098edac9c90e,6,7512873c-b6b6-49fe-80ff-3733b5abd044,M Pitre,6,0,6,0,0,1,3.57
fb3198b9-0982-4c9e-a9ea-bfd412f91f24,748306c5-596b-41f3-bed5-9b2cb796f8b5,8bdca048-147b-40ec-9e4f-7f699614b80f,279aa49f-e6a9-4085-9db7-098edac9c90e,7,17d58ef7-cae1-444e-adba-71c74067872b,P Rahate,5,0,6,1,0,0,3.75
fb3198b9-0982-4c9e-a9ea-bfd412f91f24,748306c5-596b-41f3-bed5-9b2cb796f8b5,8bdca048-147b-40ec-9e4f-7f699614b80f,279aa49f-e6a9-4085-9db7-098edac9c90e,8,7512873c-b6b6-49fe-80ff-3733b5abd044,M Pitre,1,0,6,0,0,0,3.44
fb3198b9-0982-4c9e-a9ea-bfd412f91f24,748306c5-596b-41f3-bed5-9b2cb796f8b5,8bdca048-147b-40ec-9e4f-7f699614b80f,279aa49f-e6a9-4085-9db7-098edac9c90e,9,17d58ef7-cae1-444e-adba-71c74067872b,P Rahate,1,1,6,0,0,0,3.2
fb3198b9-0982-4c9e-a9ea-bfd412f91f24,748306c5-596b-41f3-bed5-9b2cb796f8b5,8bdca048-147b-40ec-9e4f-7f699614b80f,279aa49f-e6a9-4085-9db7-098edac9c90e,10,7512873c-b6b6-49fe-80ff-3733b5abd044,M Pitre,0,1,6,0,0,0,2.91
fb3198b9-0982-4c9e-a9ea-bfd412f91f24,748306c5-596b-41f3-bed5-9b2cb796f8b5,8bdca048-147b-40ec-9e4f-7f699614b80f,279aa49f-e6a9-4085-9db7-098edac9c90e,11,17d58ef7-cae1-444e-adba-71c74067872b,P Rahate,4,0,6,1,0,0,3.0
fb3198b9-0982-4c9e-a9ea-bfd412f91f24,748306c5-596b-41f3-bed5-9b2cb796f8b5,8bdca048-147b-40ec-9e4f-7f699614b80f,279aa49f-e6a9-4085-9db7-098edac9c90e,12,7512873c-b6b6-49fe-80ff-3733b5abd044,M Pitre,2,0,6,1,0,0,2.92
fb3198b9-0982-4c9e-a9ea-bfd412f91f24,748306c5-596b-41f3-bed5-9b2cb796f8b5,8bdca048-147b-40ec-9e4f-7f699614b80f,279aa49f-e6a9-4085-9db7-098edac9c90e,13,17d58ef7-cae1-444e-adba-71c74067872b,P Rahate,0,0,6,0,0,0,2.71
fb3198b9-0982-4c9e-a9ea-bfd412f91f24,748306c5-596b-41f3-bed5-9b2cb796f8b5,8bdca048-147b-40ec-9e4f-7f699614b80f,279aa49f-e6a9-4085-9db7-098edac9c90e,14,7512873c-b6b6-49fe-80ff-3733b5abd044,M Pitre,0,0,6,0,0,0,2.53
fb3198b9-0982-4c9e-a9ea-bfd412f91f24,748306c5-596b-41f3-bed5-9b2cb796f8b5,8bdca048-147b-40ec-9e4f-7f699614b80f,279aa49f-e6a9-4085-9db7-098edac9c90e,15,17d58ef7-cae1-444e-adba-71c74067872b,P Rahate,1,1,6,0,0,0,2.44
fb3198b9-0982-4c9e-a9ea-bfd412f91f24,748306c5-596b-41f3-bed5-9b2cb796f8b5,8bdca048-147b-40ec-9e4f-7f699614b80f,279aa49f-e6a9-4085-9db7-098edac9c90e,16,7512873c-b6b6-49fe-80ff-3733b5abd044,M Pitre,1,0,6,0,0,0,2.35
fb3198b9-0982-4c9e-a9ea-bfd412f91f24,748306c5-596b-41f3-bed5-9b2cb796f8b5,8bdca048-147b-40ec-9e4f-7f699614b80f,279aa49f-e6a9-4085-9db7-098edac9c90e,17,17d58ef7-cae1-444e-adba-71c74067872b,P Rahate,3,0,6,1,0,0,2.39
fb3198b9-0982-4c9e-a9ea-bfd412f91f24,748306c5-596b-41f3-bed5-9b2cb796f8b5,8bdca048-147b-40ec-9e4f-7f699614b80f,279aa49f-e6a9-4085-9db7-098edac9c90e,18,7512873c-b6b6-49fe-80ff-3733b5abd044,M Pitre,3,0,6,1,0,0,2.42
fb3198b9-0982-4c9e-a9ea-bfd412f91f24,748306c5-596b-41f3-bed5-9b2cb796f8b5,8bdca048-147b-40ec-9e4f-7f699614b80f,279aa49f-e6a9-4085-9db7-098edac9c90e,19,17d58ef7-cae1-444e-adba-71c74067872b,P Rahate,2,0,6,1,0,0,2.4
fb3198b9-0982-4c9e-a9ea-bfd412f91f24,748306c5-596b-41f3-bed5-9b2cb796f8b5,8bdca048-147b-40ec-9e4f-7f699614b80f,279aa49f-e6a9-4085-9db7-098edac9c90e,20,7512873c-b6b6-49fe-80ff-3733b5abd044,M Pitre,4,0,6,2,0,0,2.48
fb3198b9-0982-4c9e-a9ea-bfd412f91f24,748306c5-596b-41f3-bed5-9b2cb796f8b5,8bdca048-147b-40ec-9e4f-7f699614b80f,279aa49f-e6a9-4085-9db7-098edac9c90e,21,3f862060-4795-4936-9f1d-dfacd2aa1639,c Ravi,3,0,6,3,0,0,2.5
fb3198b9-0982-4c9e-a9ea-bfd412f91f24,748306c5-596b-41f3-bed5-9b2cb796f8b5,8bdca048-147b-40ec-9e4f-7f699614b80f,279aa49f-e6a9-4085-9db7-098edac9c90e,22,7b92ef0e-f100-4c46-8f95-2dd4d29654d6,F Hassan,18,0,6,11,4,0,3.17
fb3198b9-0982-4c9e-a9ea-bfd412f91f24,748306c5-596b-41f3-bed5-9b2cb796f8b5,8bdca048-147b-40ec-9e4f-7f699614b80f,279aa49f-e6a9-4085-9db7-098edac9c90e,23,3f862060-4795-4936-9f1d-dfacd2aa1639,c Ravi,6,0,6,0,0,1,3.29
fb3198b9-0982-4c9e-a9ea-bfd412f91f24,748306c5-596b-41f3-bed5-9b2cb796f8b5,8bdca048-147b-40ec-9e4f-7f699614b80f,279aa49f-e6a9-4085-9db7-098edac9c90e,24,8a856bda-2a2c-416f-948f-f80829c83646,P Srinivasan,12,0,6,4,0,1,3.64
fb3198b9-0982-4c9e-a9ea-bfd412f91f24,748306c5-596b-41f3-bed5-9b2cb796f8b5,8bdca048-147b-40ec-9e4f-7f699614b80f,279aa49f-e6a9-4085-9db7-098edac9c90e,25,3f862060-4795-4936-9f1d-dfacd2aa1639,c Ravi,2,0,6,0,1,0,3.58
fb3198b9-0982-4c9e-a9ea-bfd412f91f24,748306c5-596b-41f3-bed5-9b2cb796f8b5,8bdca048-147b-40ec-9e4f-7f699614b80f,279aa49f-e6a9-4085-9db7-098edac9c90e,26,8a856bda-2a2c-416f-948f-f80829c83646,P Srinivasan,6,0,6,1,2,0,3.67
fb3198b9-0982-4c9e-a9ea-bfd412f91f24,748306c5-596b-41f3-bed5-9b2cb796f8b5,8bdca048-147b-40ec-9e4f-7f699614b80f,279aa49f-e6a9-4085-9db7-098edac9c90e,27,3f862060-4795-4936-9f1d-dfacd2aa1639,c Ravi,2,0,6,0,0,0,3.61
fb3198b9-0982-4c9e-a9ea-bfd412f91f24,748306c5-596b-41f3-bed5-9b2cb796f8b5,8bdca048-147b-40ec-9e4f-7f699614b80f,279aa49f-e6a9-4085-9db7-098edac9c90e,28,8a856bda-2a2c-416f-948f-f80829c83646,P Srinivasan,1,2,6,0,0,0,3.52
fb3198b9-0982-4c9e-a9ea-bfd412f91f24,748306c5-596b-41f3-bed5-9b2cb796f8b5,8bdca048-147b-40ec-9e4f-7f699614b80f,279aa49f-e6a9-4085-9db7-098edac9c90e,29,3f862060-4795-4936-9f1d-dfacd2aa1639,c Ravi,2,0,6,1,0,0,3.47
fb3198b9-0982-4c9e-a9ea-bfd412f91f24,748306c5-596b-41f3-bed5-9b2cb796f8b5,8bdca048-147b-40ec-9e4f-7f699614b80f,279aa49f-e6a9-4085-9db7-098edac9c90e,30,8a856bda-2a2c-416f-948f-f80829c83646,P Srinivasan,8,0,6,3,0,1,3.61
fb3198b9-0982-4c9e-a9ea-bfd412f91f24,748306c5-596b-41f3-bed5-9b2cb796f8b5,8bdca048-147b-40ec-9e4f-7f699614b80f,279aa49f-e6a9-4085-9db7-098edac9c90e,31,3f862060-4795-4936-9f1d-dfacd2aa1639,c Ravi,3,0,6,0,0,0,3.59
fb3198b9-0982-4c9e-a9ea-bfd412f91f24,748306c5-596b-41f3-bed5-9b2cb796f8b5,8bdca048-147b-40ec-9e4f-7f699614b80f,279aa49f-e6a9-4085-9db7-098edac9c90e,32,8a856bda-2a2c-416f-948f-f80829c83646,P Srinivasan,3,0,6,0,0,0,3.58
fb3198b9-0982-4c9e-a9ea-bfd412f91f24,748306c5-596b-41f3-bed5-9b2cb796f8b5,8bdca048-147b-40ec-9e4f-7f699614b80f,279aa49f-e6a9-4085-9db7-098edac9c90e,33,8817f6bc-348d-4f63-81c9-deefc3b714ff,W Syed,0,0,6,0,0,0,3.47
fb3198b9-0982-4c9e-a9ea-bfd412f91f24,748306c5-596b-41f3-bed5-9b2cb796f8b5,8bdca048-147b-40ec-9e4f-7f699614b80f,279aa49f-e6a9-4085-9db7-098edac9c90e,34,8a856bda-2a2c-416f-948f-f80829c83646,P Srinivasan,0,0,6,0,0,0,3.37
fb3198b9-0982-4c9e-a9ea-bfd412f91f24,748306c5-596b-41f3-bed5-9b2cb796f8b5,8bdca048-147b-40ec-9e4f-7f699614b80f,279aa49f-e6a9-4085-9db7-098edac9c90e,35,8817f6bc-348d-4f63-81c9-deefc3b714ff,W Syed,3,0,6,3,0,0,3.36
fb3198b9-0982-4c9e-a9ea-bfd412f91f24,748306c5-596b-41f3-bed5-9b2cb796f8b5,8bdca048-147b-40ec-9e4f-7f699614b80f,279aa49f-e6a9-4085-9db7-098edac9c90e,36,8a856bda-2a2c-416f-948f-f80829c83646,P Srinivasan,4,0,6,0,0,1,3.38
fb3198b9-0982-4c9e-a9ea-bfd412f91f24,748306c5-596b-41f3-bed5-9b2cb796f8b5,8bdca048-147b-40ec-9e4f-7f699614b80f,279aa49f-e6a9-4085-9db7-098edac9c90e,37,8817f6bc-348d-4f63-81c9-deefc3b714ff,W Syed,3,0,6,0,0,0,3.37
fb3198b9-0982-4c9e-a9ea-bfd412f91f24,748306c5-596b-41f3-bed5-9b2cb796f8b5,8bdca048-147b-40ec-9e4f-7f699614b80f,279aa49f-e6a9-4085-9db7-098edac9c90e,38,8a856bda-2a2c-416f-948f-f80829c83646,P Srinivasan,8,0,6,1,0,1,3.49
fb3198b9-0982-4c9e-a9ea-bfd412f91f24,748306c5-596b-41f3-bed5-9b2cb796f8b5,8bdca048-147b-40ec-9e4f-7f699614b80f,279aa49f-e6a9-4085-9db7-098edac9c90e,39,8817f6bc-348d-4f63-81c9-deefc3b714ff,W Syed,4,0,6,1,0,0,3.5
fb3198b9-0982-4c9e-a9ea-bfd412f91f24,748306c5-596b-41f3-bed5-9b2cb796f8b5,8bdca048-147b-40ec-9e4f-7f699614b80f,279aa49f-e6a9-4085-9db7-098edac9c90e,40,17d58ef7-cae1-444e-adba-71c74067872b,P Rahate,1,0,6,0,0,0,3.44
fb3198b9-0982-4c9e-a9ea-bfd412f91f24,748306c5-596b-41f3-bed5-9b2cb796f8b5,8bdca048-147b-40ec-9e4f-7f699614b80f,279aa49f-e6a9-4085-9db7-098edac9c90e,41,8817f6bc-348d-4f63-81c9-deefc3b714ff,W Syed,6,1,6,0,0,1,3.5
fb3198b9-0982-4c9e-a9ea-bfd412f91f24,748306c5-596b-41f3-bed5-9b2cb796f8b5,8bdca048-147b-40ec-9e4f-7f699614b80f,279aa49f-e6a9-4085-9db7-098edac9c90e,42,17d58ef7-cae1-444e-adba-71c74067872b,P Rahate,2,0,6,0,0,0,3.47
fb3198b9-0982-4c9e-a9ea-bfd412f91f24,748306c5-596b-41f3-bed5-9b2cb796f8b5,8bdca048-147b-40ec-9e4f-7f699614b80f,279aa49f-e6a9-4085-9db7-098edac9c90e,43,8817f6bc-348d-4f63-81c9-deefc3b714ff,W Syed,7,0,6,0,0,1,3.55
fb3198b9-0982-4c9e-a9ea-bfd412f91f24,748306c5-596b-41f3-bed5-9b2cb796f8b5,8bdca048-147b-40ec-9e4f-7f699614b80f,279aa49f-e6a9-4085-9db7-098edac9c90e,44,17d58ef7-cae1-444e-adba-71c74067872b,P Rahate,1,1,6,0,0,0,3.49
fb3198b9-0982-4c9e-a9ea-bfd412f91f24,748306c5-596b-41f3-bed5-9b2cb796f8b5,8bdca048-147b-40ec-9e4f-7f699614b80f,279aa49f-e6a9-4085-9db7-098edac9c90e,45,3f862060-4795-4936-9f1d-dfacd2aa1639,c Ravi,4,0,6,1,1,0,3.5
fb3198b9-0982-4c9e-a9ea-bfd412f91f24,748306c5-596b-41f3-bed5-9b2cb796f8b5,8bdca048-147b-40ec-9e4f-7f699614b80f,279aa49f-e6a9-4085-9db7-098edac9c90e,46,17d58ef7-cae1-444e-adba-71c74067872b,P Rahate,2,0,6,0,0,0,3.47
fb3198b9-0982-4c9e-a9ea-bfd412f91f24,748306c5-596b-41f3-bed5-9b2cb796f8b5,8bdca048-147b-40ec-9e4f-7f699614b80f,279aa49f-e6a9-4085-9db7-098edac9c90e,47,3f862060-4795-4936-9f1d-dfacd2aa1639,c Ravi,4,0,6,1,0,0,3.48
fb3198b9-0982-4c9e-a9ea-bfd412f91f24,748306c5-596b-41f3-bed5-9b2cb796f8b5,8bdca048-147b-40ec-9e4f-7f699614b80f,279aa49f-e6a9-4085-9db7-098edac9c90e,48,17d58ef7-cae1-444e-adba-71c74067872b,P Rahate,0,0,6,0,0,0,3.41
fb3198b9-0982-4c9e-a9ea-bfd412f91f24,748306c5-596b-41f3-bed5-9b2cb796f8b5,8bdca048-147b-40ec-9e4f-7f699614b80f,279aa49f-e6a9-4085-9db7-098edac9c90e,49,3f862060-4795-4936-9f1d-dfacd2aa1639,c Ravi,4,0,2,1,1,0,3.47
fb3198b9-0982-4c9e-a9ea-bfd412f91f24,e6a20d79-3dde-4107-8e10-21315534177f,279aa49f-e6a9-4085-9db7-098edac9c90e,8bdca048-147b-40ec-9e4f-7f699614b80f,0,74fdb28e-5910-4f05-99e2-46bbc235d649,S Peddireddi,1,0,6,0,0,0,1.0
fb3198b9-0982-4c9e-a9ea-bfd412f91f24,e6a20d79-3dde-4107-8e10-21315534177f,279aa49f-e6a9-4085-9db7-098edac9c90e,8bdca048-147b-40ec-9e4f-7f699614b80f,1,4a3645cf-5712-43fd-8973-5a1fcab5de9e,A Katoch,2,0,6,0,0,0,1.5
fb3198b9-0982-4c9e-a9ea-bfd412f91f24,e6a20d79-3dde-4107-8e10-21315534177f,279aa49f-e6a9-4085-9db7-098edac9c90e,8bdca048-147b-40ec-9e4f-7f699614b80f,2,74fdb28e-5910-4f05-99e2-46bbc235d649,S Peddireddi,8,0,6,0,0,1,3.67
fb3198b9-0982-4c9e-a9ea-bfd412f91f24,e6a20d79-3dde-4107-8e10-21315534177f,279aa49f-e6a9-4085-9db7-098edac9c90e,8bdca048-147b-40ec-9e4f-7f699614b80f,3,4a3645cf-5712-43fd-8973-5a1fcab5de9e,A Katoch,4,0,6,0,0,1,3.75
fb3198b9-0982-4c9e-a9ea-bfd412f91f24,e6a20d79-3dde-4107-8e10-21315534177f,279aa49f-e6a9-4085-9db7-098edac9c90e,8bdca048-147b-40ec-9e4f-7f699614b80f,4,74fdb28e-5910-4f05-99e2-46bbc235d649,S Peddireddi,1,1,6,1,0,0,3.2
fb3198b9-0982-4c9e-a9ea-bfd412f91f24,e6a20d79-3dde-4107-8e10-21315534177f,279aa49f-e6a9-4085-9db7-098edac9c90e,8bdca048-147b-40ec-9e4f-7f699614b80f,5,4a3645cf-5712-43fd-8973-5a1fcab5de9e,A Katoch,2,0,6,0,0,0,3.0
fb3198b9-0982-4c9e-a9ea-bfd412f91f24,e6a20d79-3dde-4107-8e10-21315534177f,279aa49f-e6a9-4085-9db7-098edac9c90e,8bdca048-147b-40ec-9e4f-7f699614b80f,6,74fdb28e-5910-4f05-99e2-46bbc235d649,S Peddireddi,0,1,6,0,0,0,2.57
fb3198b9-0982-4c9e-a9ea-bfd412f91f24,e6a20d79-3dde-4107-8e10-21315534177f,279aa49f-e6a9-4085-9db7-098edac9c90e,8bdca048-147b-40ec-9e4f-7f699614b80f,7,4a3645cf-5712-43fd-8973-5a1fcab5de9e,A Katoch,1,0,6,0,0,0,2.38
fb3198b9-0982-4c9e-a9ea-bfd412f91f24,e6a20d79-3dde-4107-8e10-21315534177f,279aa49f-e6a9-4085-9db7-098edac9c90e,8bdca048-147b-40ec-9e4f-7f699614b80f,8,74fdb28e-5910-4f05-99e2-46bbc235d649,S Peddireddi,0,0,6,0,0,0,2.11
fb3198b9-0982-4c9e-a9ea-bfd412f91f24,e6a20d79-3dde-4107-8e10-21315534177f,279aa49f-e6a9-4085-9db7-098edac9c90e,8bdca048-147b-40ec-9e4f-7f699614b80f,9,4a3645cf-5712-43fd-8973-5a1fcab5de9e,A Katoch,1,0,6,0,0,0,2.0
fb3198b9-0982-4c9e-a9ea-bfd412f91f24,e6a20d79-3dde-4107-8e10-21315534177f,279aa49f-e6a9-4085-9db7-098edac9c90e,8bdca048-147b-40ec-9e4f-7f699614b80f,10,f89a5999-ab0e-4c3d-85bc-0f17019af0ba,S Surampudi,1,0,6,0,0,0,1.91
fb3198b9-0982-4c9e-a9ea-bfd412f91f24,e6a20d79-3dde-4107-8e10-21315534177f,279aa49f-e6a9-4085-9db7-098edac9c90e,8bdca048-147b-40ec-9e4f-7f699614b80f,11,8134af1d-ef2f-4fb0-af64-a1ec2b899820,K Jasrotia,5,0,6,3,0,0,2.17
fb3198b9-0982-4c9e-a9ea-bfd412f91f24,e6a20d79-3dde-4107-8e10-21315534177f,279aa49f-e6a9-4085-9db7-098edac9c90e,8bdca048-147b-40ec-9e4f-7f699614b80f,12,f89a5999-ab0e-4c3d-85bc-0f17019af0ba,S Surampudi,1,0,6,0,0,0,2.08
fb3198b9-0982-4c9e-a9ea-bfd412f91f24,e6a20d79-3dde-4107-8e10-21315534177f,279aa49f-e6a9-4085-9db7-098edac9c90e,8bdca048-147b-40ec-9e4f-7f699614b80f,13,8134af1d-ef2f-4fb0-af64-a1ec2b899820,K Jasrotia,5,0,6,0,0,1,2.29
fb3198b9-0982-4c9e-a9ea-bfd412f91f24,e6a20d79-3dde-4107-8e10-21315534177f,279aa49f-e6a9-4085-9db7-098edac9c90e,8bdca048-147b-40ec-9e4f-7f699614b80f,14,f89a5999-ab0e-4c3d-85bc-0f17019af0ba,S Surampudi,1,0,6,1,0,0,2.2
fb3198b9-0982-4c9e-a9ea-bfd412f91f24,e6a20d79-3dde-4107-8e10-21315534177f,279aa49f-e6a9-4085-9db7-098edac9c90e,8bdca048-147b-40ec-9e4f-7f699614b80f,15,8134af1d-ef2f-4fb0-af64-a1ec2b899820,K Jasrotia,2,0,6,0,0,0,2.19
fb3198b9-0982-4c9e-a9ea-bfd412f91f24,e6a20d79-3dde-4107-8e10-21315534177f,279aa49f-e6a9-4085-9db7-098edac9c90e,8bdca048-147b-40ec-9e4f-7f699614b80f,16,f89a5999-ab0e-4c3d-85bc-0f17019af0ba,S Surampudi,5,0,6,0,0,1,2.35
fb3198b9-0982-4c9e-a9ea-bfd412f91f24,e6a20d79-3dde-4107-8e10-21315534177f,279aa49f-e6a9-4085-9db7-098edac9c90e,8bdca048-147b-40ec-9e4f-7f699614b80f,17,8134af1d-ef2f-4fb0-af64-a1ec2b899820,K Jasrotia,1,0,6,0,0,0,2.28
fb3198b9-0982-4c9e-a9ea-bfd412f91f24,e6a20d79-3dde-4107-8e10-21315534177f,279aa49f-e6a9-4085-9db7-098edac9c90e,8bdca048-147b-40ec-9e4f-7f699614b80f,18,f89a5999-ab0e-4c3d-85bc-0f17019af0ba,S Surampudi,0,1,6,0,0,0,2.16
fb3198b9-0982-4c9e-a9ea-bfd412f91f24,e6a20d79-3dde-4107-8e10-21315534177f,279aa49f-e6a9-4085-9db7-098edac9c90e,8bdca048-147b-40ec-9e4f-7f699614b80f,19,8134af1d-ef2f-4fb0-af64-a1ec2b899820,K Jasrotia,0,1,6,0,0,0,2.05
fb3198b9-0982-4c9e-a9ea-bfd412f91f24,e6a20d79-3dde-4107-8e10-21315534177f,279aa49f-e6a9-4085-9db7-098edac9c90e,8bdca048-147b-40ec-9e4f-7f699614b80f,20,657fdc29-e3ac-4fc7-9660-4a27768f31e7,I Singh,2,1,6,0,0,0,2.05
fb3198b9-0982-4c9e-a9ea-bfd412f91f24,e6a20d79-3dde-4107-8e10-21315534177f,279aa49f-e6a9-4085-9db7-098edac9c90e,8bdca048-147b-40ec-9e4f-7f699614b80f,21,fbc00f8c-7c52-4e6b-b59b-04f6150e2caa,A Singh,0,0,6,0,0,0,1.95
fb3198b9-0982-4c9e-a9ea-bfd412f91f24,e6a20d79-3dde-4107-8e10-21315534177f,279aa49f-e6a9-4085-9db7-098edac9c90e,8bdca048-147b-40ec-9e4f-7f699614b80f,22,657fdc29-e3ac-4fc7-9660-4a27768f31e7,I Singh,0,0,6,0,0,0,1.87
fb3198b9-0982-4c9e-a9ea-bfd412f91f24,e6a20d79-3dde-4107-8e10-21315534177f,279aa49f-e6a9-4085-9db7-098edac9c90e,8bdca048-147b-40ec-9e4f-7f699614b80f,23,fbc00f8c-7c52-4e6b-b59b-04f6150e2caa,A Singh,0,0,6,0,0,0,1.79
fb3198b9-0982-4c9e-a9ea-bfd412f91f24,e6a20d79-3dde-4107-8e10-21315534177f,279aa49f-e6a9-4085-9db7-098edac9c90e,8bdca048-147b-40ec-9e4f-7f699614b80f,24,657fdc29-e3ac-4fc7-9660-4a27768f31e7,I Singh,1,0,6,0,0,0,1.76
fb3198b9-0982-4c9e-a9ea-bfd412f91f24,e6a20d79-3dde-4107-8e10-21315534177f,279aa49f-e6a9-4085-9db7-098edac9c90e,8bdca048-147b-40ec-9e4f-7f699614b80f,25,fbc00f8c-7c52-4e6b-b59b-04f6150e2caa,A Singh,1,0,6,0,0,0,1.73
fb3198b9-0982-4c9e-a9ea-bfd412f91f24,e6a20d79-3dde-4107-8e10-21315534177f,279aa49f-e6a9-4085-9db7-098edac9c90e,8bdca048-147b-40ec-9e4f-7f699614b80f,26,657fdc29-e3ac-4fc7-9660-4a27768f31e7,I Singh,3,0,6,0,0,0,1.78
fb3198b9-0982-4c9e-a9ea-bfd412f91f24,e6a20d79-3dde-4107-8e10-21315534177f,279aa49f-e6a9-4085-9db7-098edac9c90e,8bdca048-147b-40ec-9e4f-7f699614b80f,27,fbc00f8c-7c52-4e6b-b59b-04f6150e2caa,A Singh,4,0,6,0,0,0,1.86
fb3198b9-0982-4c9e-a9ea-bfd412f91f24,e6a20d79-3dde-4107-8e10-21315534177f,279aa49f-e6a9-4085-9db7-098edac9c90e,8bdca048-147b-40ec-9e4f-7f699614b80f,28,657fdc29-e3ac-4fc7-9660-4a27768f31e7,I Singh,6,0,6,1,0,1,2.0
fb3198b9-0982-4c9e-a9ea-bfd412f91f24,e6a20d79-3dde-4107-8e10-21315534177f,279aa49f-e6a9-4085-9db7-098edac9c90e,8bdca048-147b-40ec-9e4f-7f699614b80f,29,74fdb28e-5910-4f05-99e2-46bbc235d649,S Peddireddi,3,0,6,0,1,0,2.03
fb3198b9-0982-4c9e-a9ea-bfd412f91f24,e6a20d79-3dde-4107-8e10-21315534177f,279aa49f-e6a9-4085-9db7-098edac9c90e,8bdca048-147b-40ec-9e4f-7f699614b80f,30,c6bf6612-46c2-4276-bc20-6e56ee7ae854,P Das,2,0,6,0,0,0,2.03
fb3198b9-0982-4c9e-a9ea-bfd412f91f24,e6a20d79-3dde-4107-8e10-21315534177f,279aa49f-e6a9-4085-9db7-098edac9c90e,8bdca048-147b-40ec-9e4f-7f699614b80f,31,74fdb28e-5910-4f05-99e2-46bbc235d649,S Peddireddi,2,0,6,1,0,0,2.03
fb3198b9-0982-4c9e-a9ea-bfd412f91f24,e6a20d79-3dde-4107-8e10-21315534177f,279aa49f-e6a9-4085-9db7-098edac9c90e,8bdca048-147b-40ec-9e4f-7f699614b80f,32,c6bf6612-46c2-4276-bc20-6e56ee7ae854,P Das,0,0,6,0,0,0,1.97
fb3198b9-0982-4c9e-a9ea-bfd412f91f24,e6a20d79-3dde-4107-8e10-21315534177f,279aa49f-e6a9-4085-9db7-098edac9c90e,8bdca048-147b-40ec-9e4f-7f699614b80f,33,74fdb28e-5910-4f05-99e2-46bbc235d649,S Peddireddi,1,0,6,0,0,0,1.94
fb3198b9-0982-4c9e-a9ea-bfd412f91f24,e6a20d79-3dde-4107-8e10-21315534177f,279aa49f-e6a9-4085-9db7-098edac9c90e,8bdca048-147b-40ec-9e4f-7f699614b80f,34,c6bf6612-46c2-4276-bc20-6e56ee7ae854,P Das,5,0,6,0,0,1,2.03
fb3198b9-0982-4c9e-a9ea-bfd412f91f24,e6a20d79-3dde-4107-8e10-21315534177f,279aa49f-e6a9-4085-9db7-098edac9c90e,8bdca048-147b-40ec-9e4f-7f699614b80f,35,74fdb28e-5910-4f05-99e2-46bbc235d649,S Peddireddi,5,0,6,0,0,0,2.11
fb3198b9-0982-4c9e-a9ea-bfd412f91f24,e6a20d79-3dde-4107-8e10-21315534177f,279aa49f-e6a9-4085-9db7-098edac9c90e,8bdca048-147b-40ec-9e4f-7f699614b80f,36,c6bf6612-46c2-4276-bc20-6e56ee7ae854,P Das,6,0,6,0,0,1,2.22
fb3198b9-0982-4c9e-a9ea-bfd412f91f24,e6a20d79-3dde-4107-8e10-21315534177f,279aa49f-e6a9-4085-9db7-098edac9c90e,8bdca048-147b-40ec-9e4f-7f699614b80f,37,74fdb28e-5910-4f05-99e2-46bbc235d649,S Peddireddi,0,0,6,0,0,0,2.16
fb3198b9-0982-4c9e-a9ea-bfd412f91f24,e6a20d79-3dde-4107-8e10-21315534177f,279aa49f-e6a9-4085-9db7-098edac9c90e,8bdca048-147b-40ec-9e4f-7f699614b80f,38,f89a5999-ab0e-4c3d-85bc-0f17019af0ba,S Surampudi,5,0,6,1,0,0,2.23
fb3198b9-0982-4c9e-a9ea-bfd412f91f24,e6a20d79-3dde-4107-8e10-21315534177f,279aa49f-e6a9-4085-9db7-098edac9c90e,8bdca048-147b-40ec-9e4f-7f699614b80f,39,74fdb28e-5910-4f05-99e2-46bbc235d649,S Peddireddi,8,0,6,0,0,1,2.38
fb3198b9-0982-4c9e-a9ea-bfd412f91f24,e6a20d79-3dde-4107-8e10-21315534177f,279aa49f-e6a9-4085-9db7-098edac9c90e,8bdca048-147b-40ec-9e4f-7f699614b80f,40,f89a5999-ab0e-4c3d-85bc-0f17019af0ba,S Surampudi,3,0,6,0,0,0,2.39
fb3198b9-0982-4c9e-a9ea-bfd412f91f24,e6a20d79-3dde-4107-8e10-21315534177f,279aa49f-e6a9-4085-9db7-098edac9c90e,8bdca048-147b-40ec-9e4f-7f699614b80f,41,4a3645cf-5712-43fd-8973-5a1fcab5de9e,A Katoch,7,0,6,0,1,1,2.5
fb3198b9-0982-4c9e-a9ea-bfd412f91f24,e6a20d79-3dde-4107-8e10-21315534177f,279aa49f-e6a9-4085-9db7-098edac9c90e,8bdca048-147b-40ec-9e4f-7f699614b80f,42,f89a5999-ab0e-4c3d-85bc-0f17019af0ba,S Surampudi,9,0,6,0,0,2,2.65
fb3198b9-0982-4c9e-a9ea-bfd412f91f24,e6a20d79-3dde-4107-8e10-21315534177f,279aa49f-e6a9-4085-9db7-098edac9c90e,8bdca048-147b-40ec-9e4f-7f699614b80f,43,4a3645cf-5712-43fd-8973-5a1fcab5de9e,A Katoch,4,0,6,2,0,0,2.68
fb3198b9-0982-4c9e-a9ea-bfd412f91f24,e6a20d79-3dde-4107-8e10-21315534177f,279aa49f-e6a9-4085-9db7-098edac9c90e,8bdca048-147b-40ec-9e4f-7f699614b80f,44,8134af1d-ef2f-4fb0-af64-a1ec2b899820,K Jasrotia,0,0,6,0,0,0,2.62
fb3198b9-0982-4c9e-a9ea-bfd412f91f24,e6a20d79-3dde-4107-8e10-21315534177f,279aa49f-e6a9-4085-9db7-098edac9c90e,8bdca048-147b-40ec-9e4f-7f699614b80f,45,657fdc29-e3ac-4fc7-9660-4a27768f31e7,I Singh,3,0,6,0,0,0,2.63
fb3198b9-0982-4c9e-a9ea-bfd412f91f24,e6a20d79-3dde-4107-8e10-21315534177f,279aa49f-e6a9-4085-9db7-098edac9c90e,8bdca048-147b-40ec-9e4f-7f699614b80f,46,8134af1d-ef2f-4fb0-af64-a1ec2b899820,K Jasrotia,3,0,6,0,0,0,2.64
fb3198b9-0982-4c9e-a9ea-bfd412f91f24,e6a20d79-3dde-4107-8e10-21315534177f,279aa49f-e6a9-4085-9db7-098edac9c90e,8bdca048-147b-40ec-9e4f-7f699614b80f,47,657fdc29-e3ac-4fc7-9660-4a27768f31e7,I Singh,1,1,6,0,0,0,2.6
fb3198b9-0982-4c9e-a9ea-bfd412f91f24,e6a20d79-3dde-4107-8e10-21315534177f,279aa49f-e6a9-4085-9db7-098edac9c90e,8bdca048-147b-40ec-9e4f-7f699614b80f,48,8134af1d-ef2f-4fb0-af64-a1ec2b899820,K Jasrotia,1,1,6,0,0,0,2.57
fb3198b9-0982-4c9e-a9ea-bfd412f91f24,e6a20d79-3dde-4107-8e10-21315534177f,279aa49f-e6a9-4085-9db7-098edac9c90e,8bdca048-147b-40ec-9e4f-7f699614b80f,49,657fdc29-e3ac-4fc7-9660-4a27768f31e7,I Singh,3,0,6,0,0,0,2.58
fb3198b9-0982-4c9e-a9ea-bfd412f91f24,e6a20d79-3dde-4107-8e10-21315534177f,279aa49f-e6a9-4085-9db7-098edac9c90e,8bdca048-147b-40ec-9e4f-7f699614b80f,50,8134af1d-ef2f-4fb0-af64-a1ec2b899820,K Jasrotia,2,0,6,1,0,0,2.57
fb3198b9-0982-4c9e-a9ea-bfd412f91f24,e6a20d79-3dde-4107-8e10-21315534177f,279aa49f-e6a9-4085-9db7-098edac9c90e,8bdca048-147b-40ec-9e4f-7f699614b80f,51,51e91abb-60f0-42e5-a476-7acd10d8f949,A Shankar,5,0,6,0,0,0,2.62
fb3198b9-0982-4c9e-a9ea-bfd412f91f24,e6a20d79-3dde-4107-8e10-21315534177f,279aa49f-e6a9-4085-9db7-098edac9c90e,8bdca048-147b-40ec-9e4f-7f699614b80f,52,8134af1d-ef2f-4fb0-af64-a1ec2b899820,K Jasrotia,5,0,6,3,0,0,2.66
fb3198b9-0982-4c9e-a9ea-bfd412f91f24,e6a20d79-3dde-4107-8e10-21315534177f,279aa49f-e6a9-4085-9db7-098edac9c90e,8bdca048-147b-40ec-9e4f-7f699614b80f,53,74fdb28e-5910-4f05-99e2-46bbc235d649,S Peddireddi,4,1,6,0,0,0,2.69
fb3198b9-0982-4c9e-a9ea-bfd412f91f24,e6a20d79-3dde-4107-8e10-21315534177f,279aa49f-e6a9-4085-9db7-098edac9c90e,8bdca048-147b-40ec-9e4f-7f699614b80f,54,8801f943-9bd5-4477-8251-ec591ea76b89,K Singh,5,0,6,0,0,1,2.73
fb3198b9-0982-4c9e-a9ea-bfd412f91f24,e6a20d79-3dde-4107-8e10-21315534177f,279aa49f-e6a9-4085-9db7-098edac9c90e,8bdca048-147b-40ec-9e4f-7f699614b80f,55,74fdb28e-5910-4f05-99e2-46bbc235d649,S Peddireddi,8,0,6,0,0,1,2.82
fb3198b9-0982-4c9e-a9ea-bfd412f91f24,e6a20d79-3dde-4107-8e10-21315534177f,279aa49f-e6a9-4085-9db7-098edac9c90e,8bdca048-147b-40ec-9e4f-7f699614b80f,56,c6bf6612-46c2-4276-bc20-6e56ee7ae854,P Das,0,0,6,0,0,0,2.77
fb3198b9-0982-4c9e-a9ea-bfd412f91f24,e6a20d79-3dde-4107-8e10-21315534177f,279aa49f-e6a9-4085-9db7-098edac9c90e,8bdca048-147b-40ec-9e4f-7f699614b80f,57,8134af1d-ef2f-4fb0-af64-a1ec2b899820,K Jasrotia,5,0,6,0,0,0,2.81
fb3198b9-0982-4c9e-a9ea-bfd412f91f24,e6a20d79-3dde-4107-8e10-21315534177f,279aa49f-e6a9-4085-9db7-098edac9c90e,8bdca048-147b-40ec-9e4f-7f699614b80f,58,c6bf6612-46c2-4276-bc20-6e56ee7ae854,P Das,4,1,6,0,0,0,2.83
fb3198b9-0982-4c9e-a9ea-bfd412f91f24,e6a20d79-3dde-4107-8e10-21315534177f,279aa49f-e6a9-4085-9db7-098edac9c90e,8bdca048-147b-40ec-9e4f-7f699614b80f,59,657fdc29-e3ac-4fc7-9660-4a27768f31e7,I Singh,1,0,6,0,0,0,2.8
fb3198b9-0982-4c9e-a9ea-bfd412f91f24,e6a20d79-3dde-4107-8e10-21315534177f,279aa49f-e6a9-4085-9db7-098edac9c90e,8bdca048-147b-40ec-9e4f-7f699614b80f,60,c6bf6612-46c2-4276-bc20-6e56ee7ae854,P Das,2,1,6,0,0,0,2.79
fc789240-f7f8-4a9e-b76a-ea719c5885dc,05af47ba-93d6-4d5f-86c3-8d3a527ba0c6,279aa49f-e6a9-4085-9db7-098edac9c90e,86de86ad-cebf-4fd8-a904-a5c5be9c2e36,0,fce3e295-49d0-4115-bb88-efe2fcffd1fd,A Naeem,9,0,6,1,0,1,9.0
fc789240-f7f8-4a9e-b76a-ea719c5885dc,05af47ba-93d6-4d5f-86c3-8d3a527ba0c6,279aa49f-e6a9-4085-9db7-098edac9c90e,86de86ad-cebf-4fd8-a904-a5c5be9c2e36,1,4b305aa7-ff13-4ace-881c-8dae95d46a63,N Rehmat,3,0,6,0,0,0,6.0
fc789240-f7f8-4a9e-b76a-ea719c5885dc,05af47ba-93d6-4d5f-86c3-8d3a527ba0c6,279aa49f-e6a9-4085-9db7-098edac9c90e,86de86ad-cebf-4fd8-a904-a5c5be9c2e36,2,fce3e295-49d0-4115-bb88-efe2fcffd1fd,A Naeem,10,0,6,0,0,2,7.33
fc789240-f7f8-4a9e-b76a-ea719c5885dc,05af47ba-93d6-4d5f-86c3-8d3a527ba0c6,279aa49f-e6a9-4085-9db7-098edac9c90e,86de86ad-cebf-4fd8-a904-a5c5be9c2e36,3,4b305aa7-ff13-4ace-881c-8dae95d46a63,N Rehmat,10,0,6,0,0,2,8.0
fc789240-f7f8-4a9e-b76a-ea719c5885dc,05af47ba-93d6-4d5f-86c3-8d3a527ba0c6,279aa49f-e6a9-4085-9db7-098edac9c90e,86de86ad-cebf-4fd8-a904-a5c5be9c2e36,4,fce3e295-49d0-4115-bb88-efe2fcffd1fd,A Naeem,3,0,6,0,0,0,7.0
fc789240-f7f8-4a9e-b76a-ea719c5885dc,05af47ba-93d6-4d5f-86c3-8d3a527ba0c6,279aa49f-e6a9-4085-9db7-098edac9c90e,86de86ad-cebf-4fd8-a904-a5c5be9c2e36,5,4b305aa7-ff13-4ace-881c-8dae95d46a63,N Rehmat,14,1,6,0,0,2,8.17
fc789240-f7f8-4a9e-b76a-ea719c5885dc,05af47ba-93d6-4d5f-86c3-8d3a527ba0c6,279aa49f-e6a9-4085-9db7-098edac9c90e,86de86ad-cebf-4fd8-a904-a5c5be9c2e36,6,fce3e295-49d0-4115-bb88-efe2fcffd1fd,A Naeem,5,0,6,0,0,0,7.71
fc789240-f7f8-4a9e-b76a-ea719c5885dc,05af47ba-93d6-4d5f-86c3-8d3a527ba0c6,279aa49f-e6a9-4085-9db7-098edac9c90e,86de86ad-cebf-4fd8-a904-a5c5be9c2e36,7,4b305aa7-ff13-4ace-881c-8dae95d46a63,N Rehmat,5,0,6,1,0,1,7.38
fc789240-f7f8-4a9e-b76a-ea719c5885dc,05af47ba-93d6-4d5f-86c3-8d3a527ba0c6,279aa49f-e6a9-4085-9db7-098edac9c90e,86de86ad-cebf-4fd8-a904-a5c5be9c2e36,8,166a071c-1d5c-4972-9db9-713670ac563c,Z Vohra,3,0,6,0,0,0,6.89
fc789240-f7f8-4a9e-b76a-ea719c5885dc,05af47ba-93d6-4d5f-86c3-8d3a527ba0c6,279aa49f-e6a9-4085-9db7-098edac9c90e,86de86ad-cebf-4fd8-a904-a5c5be9c2e36,9,1192d763-b71e-4c15-8b60-11cf25a33a3c,S SALAHUDDIN,3,3,6,0,0,0,6.5
fc789240-f7f8-4a9e-b76a-ea719c5885dc,05af47ba-93d6-4d5f-86c3-8d3a527ba0c6,279aa49f-e6a9-4085-9db7-098edac9c90e,86de86ad-cebf-4fd8-a904-a5c5be9c2e36,10,166a071c-1d5c-4972-9db9-713670ac563c,Z Vohra,5,0,6,0,0,1,6.36
fc789240-f7f8-4a9e-b76a-ea719c5885dc,05af47ba-93d6-4d5f-86c3-8d3a527ba0c6,279aa49f-e6a9-4085-9db7-098edac9c90e,86de86ad-cebf-4fd8-a904-a5c5be9c2e36,11,1192d763-b71e-4c15-8b60-11cf25a33a3c,S SALAHUDDIN,4,0,6,1,0,0,6.17
fc789240-f7f8-4a9e-b76a-ea719c5885dc,05af47ba-93d6-4d5f-86c3-8d3a527ba0c6,279aa49f-e6a9-4085-9db7-098edac9c90e,86de86ad-cebf-4fd8-a904-a5c5be9c2e36,12,166a071c-1d5c-4972-9db9-713670ac563c,Z Vohra,6,0,6,1,0,0,6.15
fc789240-f7f8-4a9e-b76a-ea719c5885dc,05af47ba-93d6-4d5f-86c3-8d3a527ba0c6,279aa49f-e6a9-4085-9db7-098edac9c90e,86de86ad-cebf-4fd8-a904-a5c5be9c2e36,13,1192d763-b71e-4c15-8b60-11cf25a33a3c,S SALAHUDDIN,1,2,6,1,0,0,5.79
fc789240-f7f8-4a9e-b76a-ea719c5885dc,05af47ba-93d6-4d5f-86c3-8d3a527ba0c6,279aa49f-e6a9-4085-9db7-098edac9c90e,86de86ad-cebf-4fd8-a904-a5c5be9c2e36,14,166a071c-1d5c-4972-9db9-713670ac563c,Z Vohra,9,0,6,1,1,1,6.0
fc789240-f7f8-4a9e-b76a-ea719c5885dc,05af47ba-93d6-4d5f-86c3-8d3a527ba0c6,279aa49f-e6a9-4085-9db7-098edac9c90e,86de86ad-cebf-4fd8-a904-a5c5be9c2e36,15,1192d763-b71e-4c15-8b60-11cf25a33a3c,S SALAHUDDIN,10,0,6,0,0,2,6.25
fc789240-f7f8-4a9e-b76a-ea719c5885dc,05af47ba-93d6-4d5f-86c3-8d3a527ba0c6,279aa49f-e6a9-4085-9db7-098edac9c90e,86de86ad-cebf-4fd8-a904-a5c5be9c2e36,16,166a071c-1d5c-4972-9db9-713670ac563c,Z Vohra,6,0,6,0,0,0,6.24
fc789240-f7f8-4a9e-b76a-ea719c5885dc,05af47ba-93d6-4d5f-86c3-8d3a527ba0c6,279aa49f-e6a9-4085-9db7-098edac9c90e,86de86ad-cebf-4fd8-a904-a5c5be9c2e36,17,456cc428-0ed3-44ff-9a17-786e7b88a2f3,M Hyder,9,0,6,0,0,1,6.39
fc789240-f7f8-4a9e-b76a-ea719c5885dc,05af47ba-93d6-4d5f-86c3-8d3a527ba0c6,279aa49f-e6a9-4085-9db7-098edac9c90e,86de86ad-cebf-4fd8-a904-a5c5be9c2e36,18,4eeb5126-1860-406d-8ae1-2ce5ef65981a,N Sheikh,6,1,6,1,0,1,6.37
fc789240-f7f8-4a9e-b76a-ea719c5885dc,05af47ba-93d6-4d5f-86c3-8d3a527ba0c6,279aa49f-e6a9-4085-9db7-098edac9c90e,86de86ad-cebf-4fd8-a904-a5c5be9c2e36,19,456cc428-0ed3-44ff-9a17-786e7b88a2f3,M Hyder,7,0,6,0,0,1,6.4
fc789240-f7f8-4a9e-b76a-ea719c5885dc,05af47ba-93d6-4d5f-86c3-8d3a527ba0c6,279aa49f-e6a9-4085-9db7-098edac9c90e,86de86ad-cebf-4fd8-a904-a5c5be9c2e36,20,4eeb5126-1860-406d-8ae1-2ce5ef65981a,N Sheikh,9,0,6,1,0,1,6.52
fc789240-f7f8-4a9e-b76a-ea719c5885dc,05af47ba-93d6-4d5f-86c3-8d3a527ba0c6,279aa49f-e6a9-4085-9db7-098edac9c90e,86de86ad-cebf-4fd8-a904-a5c5be9c2e36,21,456cc428-0ed3-44ff-9a17-786e7b88a2f3,M Hyder,3,0,6,0,0,0,6.36
fc789240-f7f8-4a9e-b76a-ea719c5885dc,05af47ba-93d6-4d5f-86c3-8d3a527ba0c6,279aa49f-e6a9-4085-9db7-098edac9c90e,86de86ad-cebf-4fd8-a904-a5c5be9c2e36,22,4eeb5126-1860-406d-8ae1-2ce5ef65981a,N Sheikh,4,0,6,0,0,0,6.26
fc789240-f7f8-4a9e-b76a-ea719c5885dc,05af47ba-93d6-4d5f-86c3-8d3a527ba0c6,279aa49f-e6a9-4085-9db7-098edac9c90e,86de86ad-cebf-4fd8-a904-a5c5be9c2e36,23,456cc428-0ed3-44ff-9a17-786e7b88a2f3,M Hyder,6,0,6,1,0,0,6.25
fc789240-f7f8-4a9e-b76a-ea719c5885dc,05af47ba-93d6-4d5f-86c3-8d3a527ba0c6,279aa49f-e6a9-4085-9db7-098edac9c90e,86de86ad-cebf-4fd8-a904-a5c5be9c2e36,24,b6c27aac-1b33-4c91-90a3-f8fc358d9e09,T Sheikh,7,0,6,3,1,0,6.28
fc789240-f7f8-4a9e-b76a-ea719c5885dc,05af47ba-93d6-4d5f-86c3-8d3a527ba0c6,279aa49f-e6a9-4085-9db7-098edac9c90e,86de86ad-cebf-4fd8-a904-a5c5be9c2e36,25,456cc428-0ed3-44ff-9a17-786e7b88a2f3,M Hyder,3,1,6,0,0,0,6.15
fc789240-f7f8-4a9e-b76a-ea719c5885dc,05af47ba-93d6-4d5f-86c3-8d3a527ba0c6,279aa49f-e6a9-4085-9db7-098edac9c90e,86de86ad-cebf-4fd8-a904-a5c5be9c2e36,26,b6c27aac-1b33-4c91-90a3-f8fc358d9e09,T Sheikh,0,0,6,0,0,0,5.93
fc789240-f7f8-4a9e-b76a-ea719c5885dc,05af47ba-93d6-4d5f-86c3-8d3a527ba0c6,279aa49f-e6a9-4085-9db7-098edac9c90e,86de86ad-cebf-4fd8-a904-a5c5be9c2e36,27,456cc428-0ed3-44ff-9a17-786e7b88a2f3,M Hyder,2,0,6,0,0,0,5.79
fc789240-f7f8-4a9e-b76a-ea719c5885dc,05af47ba-93d6-4d5f-86c3-8d3a527ba0c6,279aa49f-e6a9-4085-9db7-098edac9c90e,86de86ad-cebf-4fd8-a904-a5c5be9c2e36,28,456cc428-0ed3-44ff-9a17-786e7b88a2f3,M Hyder,3,2,6,0,0,0,5.69
fc789240-f7f8-4a9e-b76a-ea719c5885dc,3220d1f9-e019-4db1-9234-f98b6531e7c1,86de86ad-cebf-4fd8-a904-a5c5be9c2e36,279aa49f-e6a9-4085-9db7-098edac9c90e,0,7512873c-b6b6-49fe-80ff-3733b5abd044,M Pitre,1,0,6,0,0,0,1.0
fc789240-f7f8-4a9e-b76a-ea719c5885dc,3220d1f9-e019-4db1-9234-f98b6531e7c1,86de86ad-cebf-4fd8-a904-a5c5be9c2e36,279aa49f-e6a9-4085-9db7-098edac9c90e,1,7cffb99e-40e6-4c91-846f-2e5b755ecd0a,M Mohan,3,0,6,0,0,0,2.0
fc789240-f7f8-4a9e-b76a-ea719c5885dc,3220d1f9-e019-4db1-9234-f98b6531e7c1,86de86ad-cebf-4fd8-a904-a5c5be9c2e36,279aa49f-e6a9-4085-9db7-098edac9c90e,2,7512873c-b6b6-49fe-80ff-3733b5abd044,M Pitre,9,0,6,0,0,2,4.33
fc789240-f7f8-4a9e-b76a-ea719c5885dc,3220d1f9-e019-4db1-9234-f98b6531e7c1,86de86ad-cebf-4fd8-a904-a5c5be9c2e36,279aa49f-e6a9-4085-9db7-098edac9c90e,3,7cffb99e-40e6-4c91-846f-2e5b755ecd0a,M Mohan,11,0,6,0,0,2,6.0
fc789240-f7f8-4a9e-b76a-ea719c5885dc,3220d1f9-e019-4db1-9234-f98b6531e7c1,86de86ad-cebf-4fd8-a904-a5c5be9c2e36,279aa49f-e6a9-4085-9db7-098edac9c90e,4,7512873c-b6b6-49fe-80ff-3733b5abd044,M Pitre,7,0,6,0,1,1,6.2
fc789240-f7f8-4a9e-b76a-ea719c5885dc,3220d1f9-e019-4db1-9234-f98b6531e7c1,86de86ad-cebf-4fd8-a904-a5c5be9c2e36,279aa49f-e6a9-4085-9db7-098edac9c90e,5,7cffb99e-40e6-4c91-846f-2e5b755ecd0a,M Mohan,3,0,6,1,0,0,5.67
fc789240-f7f8-4a9e-b76a-ea719c5885dc,3220d1f9-e019-4db1-9234-f98b6531e7c1,86de86ad-cebf-4fd8-a904-a5c5be9c2e36,279aa49f-e6a9-4085-9db7-098edac9c90e,6,7512873c-b6b6-49fe-80ff-3733b5abd044,M Pitre,6,0,6,0,0,1,5.71
fc789240-f7f8-4a9e-b76a-ea719c5885dc,3220d1f9-e019-4db1-9234-f98b6531e7c1,86de86ad-cebf-4fd8-a904-a5c5be9c2e36,279aa49f-e6a9-4085-9db7-098edac9c90e,7,7cffb99e-40e6-4c91-846f-2e5b755ecd0a,M Mohan,9,1,6,0,0,2,6.12
fc789240-f7f8-4a9e-b76a-ea719c5885dc,3220d1f9-e019-4db1-9234-f98b6531e7c1,86de86ad-cebf-4fd8-a904-a5c5be9c2e36,279aa49f-e6a9-4085-9db7-098edac9c90e,8,7512873c-b6b6-49fe-80ff-3733b5abd044,M Pitre,1,0,6,0,0,0,5.56
fc789240-f7f8-4a9e-b76a-ea719c5885dc,3220d1f9-e019-4db1-9234-f98b6531e7c1,86de86ad-cebf-4fd8-a904-a5c5be9c2e36,279aa49f-e6a9-4085-9db7-098edac9c90e,9,7cffb99e-40e6-4c91-846f-2e5b755ecd0a,M Mohan,6,0,6,1,0,0,5.6
fc789240-f7f8-4a9e-b76a-ea719c5885dc,3220d1f9-e019-4db1-9234-f98b6531e7c1,86de86ad-cebf-4fd8-a904-a5c5be9c2e36,279aa49f-e6a9-4085-9db7-098edac9c90e,10,7512873c-b6b6-49fe-80ff-3733b5abd044,M Pitre,5,0,6,0,0,1,5.55
fc789240-f7f8-4a9e-b76a-ea719c5885dc,3220d1f9-e019-4db1-9234-f98b6531e7c1,86de86ad-cebf-4fd8-a904-a5c5be9c2e36,279aa49f-e6a9-4085-9db7-098edac9c90e,11,68aefde4-37c9-4a55-a67a-d0e30981c51a,P Valayil sivanandan,8,0,6,1,0,0,5.75
fc789240-f7f8-4a9e-b76a-ea719c5885dc,3220d1f9-e019-4db1-9234-f98b6531e7c1,86de86ad-cebf-4fd8-a904-a5c5be9c2e36,279aa49f-e6a9-4085-9db7-098edac9c90e,12,7512873c-b6b6-49fe-80ff-3733b5abd044,M Pitre,6,0,6,0,1,1,5.77
fc789240-f7f8-4a9e-b76a-ea719c5885dc,3220d1f9-e019-4db1-9234-f98b6531e7c1,86de86ad-cebf-4fd8-a904-a5c5be9c2e36,279aa49f-e6a9-4085-9db7-098edac9c90e,13,68aefde4-37c9-4a55-a67a-d0e30981c51a,P Valayil sivanandan,5,0,6,0,0,0,5.71
fc789240-f7f8-4a9e-b76a-ea719c5885dc,3220d1f9-e019-4db1-9234-f98b6531e7c1,86de86ad-cebf-4fd8-a904-a5c5be9c2e36,279aa49f-e6a9-4085-9db7-098edac9c90e,14,7b92ef0e-f100-4c46-8f95-2dd4d29654d6,F Hassan,13,0,6,3,3,0,6.27
fc789240-f7f8-4a9e-b76a-ea719c5885dc,3220d1f9-e019-4db1-9234-f98b6531e7c1,86de86ad-cebf-4fd8-a904-a5c5be9c2e36,279aa49f-e6a9-4085-9db7-098edac9c90e,15,68aefde4-37c9-4a55-a67a-d0e30981c51a,P Valayil sivanandan,1,1,6,0,0,0,5.94
fc789240-f7f8-4a9e-b76a-ea719c5885dc,3220d1f9-e019-4db1-9234-f98b6531e7c1,86de86ad-cebf-4fd8-a904-a5c5be9c2e36,279aa49f-e6a9-4085-9db7-098edac9c90e,16,7b92ef0e-f100-4c46-8f95-2dd4d29654d6,F Hassan,5,0,6,1,0,1,5.88
fc789240-f7f8-4a9e-b76a-ea719c5885dc,3220d1f9-e019-4db1-9234-f98b6531e7c1,86de86ad-cebf-4fd8-a904-a5c5be9c2e36,279aa49f-e6a9-4085-9db7-098edac9c90e,17,68aefde4-37c9-4a55-a67a-d0e30981c51a,P Valayil sivanandan,0,0,6,0,0,0,5.56
fc789240-f7f8-4a9e-b76a-ea719c5885dc,3220d1f9-e019-4db1-9234-f98b6531e7c1,86de86ad-cebf-4fd8-a904-a5c5be9c2e36,279aa49f-e6a9-4085-9db7-098edac9c90e,18,7b92ef0e-f100-4c46-8f95-2dd4d29654d6,F Hassan,12,0,6,1,0,2,5.89
fc789240-f7f8-4a9e-b76a-ea719c5885dc,3220d1f9-e019-4db1-9234-f98b6531e7c1,86de86ad-cebf-4fd8-a904-a5c5be9c2e36,279aa49f-e6a9-4085-9db7-098edac9c90e,19,68aefde4-37c9-4a55-a67a-d0e30981c51a,P Valayil sivanandan,1,0,6,0,0,0,5.65
fc789240-f7f8-4a9e-b76a-ea719c5885dc,3220d1f9-e019-4db1-9234-f98b6531e7c1,86de86ad-cebf-4fd8-a904-a5c5be9c2e36,279aa49f-e6a9-4085-9db7-098edac9c90e,20,8a856bda-2a2c-416f-948f-f80829c83646,P Srinivasan,2,0,6,0,0,0,5.48
fc789240-f7f8-4a9e-b76a-ea719c5885dc,3220d1f9-e019-4db1-9234-f98b6531e7c1,86de86ad-cebf-4fd8-a904-a5c5be9c2e36,279aa49f-e6a9-4085-9db7-098edac9c90e,21,00000000-0000-0000-0000-000000000001,********,7,0,6,1,0,1,5.55
fc789240-f7f8-4a9e-b76a-ea719c5885dc,3220d1f9-e019-4db1-9234-f98b6531e7c1,86de86ad-cebf-4fd8-a904-a5c5be9c2e36,279aa49f-e6a9-4085-9db7-098edac9c90e,22,8a856bda-2a2c-416f-948f-f80829c83646,P Srinivasan,5,0,6,0,0,0,5.52
fc789240-f7f8-4a9e-b76a-ea719c5885dc,3220d1f9-e019-4db1-9234-f98b6531e7c1,86de86ad-cebf-4fd8-a904-a5c5be9c2e36,279aa49f-e6a9-4085-9db7-098edac9c90e,23,00000000-0000-0000-0000-000000000001,********,6,0,6,1,2,0,5.54
fc789240-f7f8-4a9e-b76a-ea719c5885dc,3220d1f9-e019-4db1-9234-f98b6531e7c1,86de86ad-cebf-4fd8-a904-a5c5be9c2e36,279aa49f-e6a9-4085-9db7-098edac9c90e,24,8a856bda-2a2c-416f-948f-f80829c83646,P Srinivasan,3,0,6,0,0,0,5.44
fc789240-f7f8-4a9e-b76a-ea719c5885dc,3220d1f9-e019-4db1-9234-f98b6531e7c1,86de86ad-cebf-4fd8-a904-a5c5be9c2e36,279aa49f-e6a9-4085-9db7-098edac9c90e,25,00000000-0000-0000-0000-000000000001,********,4,0,6,0,0,0,5.38
fc789240-f7f8-4a9e-b76a-ea719c5885dc,3220d1f9-e019-4db1-9234-f98b6531e7c1,86de86ad-cebf-4fd8-a904-a5c5be9c2e36,279aa49f-e6a9-4085-9db7-098edac9c90e,26,8a856bda-2a2c-416f-948f-f80829c83646,P Srinivasan,12,0,6,1,0,2,5.63
fc789240-f7f8-4a9e-b76a-ea719c5885dc,3220d1f9-e019-4db1-9234-f98b6531e7c1,86de86ad-cebf-4fd8-a904-a5c5be9c2e36,279aa49f-e6a9-4085-9db7-098edac9c90e,27,00000000-0000-0000-0000-000000000001,********,5,0,6,0,0,0,5.61
fc789240-f7f8-4a9e-b76a-ea719c5885dc,3220d1f9-e019-4db1-9234-f98b6531e7c1,86de86ad-cebf-4fd8-a904-a5c5be9c2e36,279aa49f-e6a9-4085-9db7-098edac9c90e,28,68aefde4-37c9-4a55-a67a-d0e30981c51a,P Valayil sivanandan,17,0,6,0,0,3,6.0
fc789240-f7f8-4a9e-b76a-ea719c5885dc,3220d1f9-e019-4db1-9234-f98b6531e7c1,86de86ad-cebf-4fd8-a904-a5c5be9c2e36,279aa49f-e6a9-4085-9db7-098edac9c90e,29,8a856bda-2a2c-416f-948f-f80829c83646,P Srinivasan,9,1,6,0,0,1,6.1
fc789240-f7f8-4a9e-b76a-ea719c5885dc,3220d1f9-e019-4db1-9234-f98b6531e7c1,86de86ad-cebf-4fd8-a904-a5c5be9c2e36,279aa49f-e6a9-4085-9db7-098edac9c90e,30,68aefde4-37c9-4a55-a67a-d0e30981c51a,P Valayil sivanandan,3,1,6,1,0,0,6.0
fc789240-f7f8-4a9e-b76a-ea719c5885dc,3220d1f9-e019-4db1-9234-f98b6531e7c1,86de86ad-cebf-4fd8-a904-a5c5be9c2e36,279aa49f-e6a9-4085-9db7-098edac9c90e,31,8a856bda-2a2c-416f-948f-f80829c83646,P Srinivasan,12,0,6,0,0,2,6.19
fc789240-f7f8-4a9e-b76a-ea719c5885dc,3220d1f9-e019-4db1-9234-f98b6531e7c1,86de86ad-cebf-4fd8-a904-a5c5be9c2e36,279aa49f-e6a9-4085-9db7-098edac9c90e,32,7cffb99e-40e6-4c91-846f-2e5b755ecd0a,M Mohan,9,1,6,1,0,0,6.27
fc789240-f7f8-4a9e-b76a-ea719c5885dc,3220d1f9-e019-4db1-9234-f98b6531e7c1,86de86ad-cebf-4fd8-a904-a5c5be9c2e36,279aa49f-e6a9-4085-9db7-098edac9c90e,33,8a856bda-2a2c-416f-948f-f80829c83646,P Srinivasan,6,1,6,0,0,0,6.26
fc789240-f7f8-4a9e-b76a-ea719c5885dc,3220d1f9-e019-4db1-9234-f98b6531e7c1,86de86ad-cebf-4fd8-a904-a5c5be9c2e36,279aa49f-e6a9-4085-9db7-098edac9c90e,34,7cffb99e-40e6-4c91-846f-2e5b755ecd0a,M Mohan,11,0,6,1,0,0,6.4
