canonical_player_id,canonical_player_name,display_player_name,phase_model,phase,phase_order,legal_balls,wickets,runs_conceded,dot_balls,boundary_balls,match_count,overs,avg,eco,sr,dot_ball_pct,boundary_rate
raw_00000000_0000_0000_0000_000000000001,********,********,One Day,Opening,1,88,4,55,54,6,10,14.4,13.75,3.75,22.0,61.36363636363637,6.818181818181818
raw_00000000_0000_0000_0000_000000000002,********,********,One Day,Opening,1,4,0,3,1,0,1,0.4,,4.5,,25.0,0.0
raw_00000000_0000_0000_0000_000000000004,********,********,One Day,Opening,1,4,0,1,3,0,1,0.4,,1.5,,75.0,0.0
raw_00000000_0000_0000_0000_000000000005,********,********,One Day,Opening,1,6,0,3,4,0,1,1.0,,3.0,,66.66666666666667,0.0
raw_94b482bd_19fc_498c_a513_920887408155,********,********,One Day,Opening,1,6,0,7,3,1,1,1.0,,7.0,,50.0,16.666666666666668
raw_c6a002fb_1fb2_42af_a51d_079e609bb75e,********,********,One Day,Opening,1,4,0,1,3,0,1,0.4,,1.5,,75.0,0.0
raw_00000000_0000_0000_0000_000000000001,********,********,One Day,Middle,2,51,2,35,31,3,8,8.3,17.5,4.117647058823529,25.5,60.78431372549019,5.882352941176471
raw_00000000_0000_0000_0000_000000000002,********,********,One Day,Middle,2,10,0,4,6,0,1,1.4,,2.4,,60.0,0.0
raw_00000000_0000_0000_0000_000000000003,********,********,One Day,Middle,2,5,0,0,5,0,1,0.5,,0.0,,100.0,0.0
raw_00000000_0000_0000_0000_000000000004,********,********,One Day,Middle,2,4,0,7,2,1,1,0.4,,10.5,,50.0,25.0
raw_00000000_0000_0000_0000_000000000005,********,********,One Day,Middle,2,11,0,13,5,1,1,1.5,,7.090909090909091,,45.45454545454545,9.090909090909092
raw_94b482bd_19fc_498c_a513_920887408155,********,********,One Day,Middle,2,6,0,0,6,0,1,1.0,,0.0,,100.0,0.0
raw_c6a002fb_1fb2_42af_a51d_079e609bb75e,********,********,One Day,Middle,2,10,0,15,4,3,1,1.4,,9.0,,40.0,30.0
raw_270f6060_71b5_4a9f_adee_d3186f66c2a1,********,********,T20,Opening,1,6,0,14,3,3,1,1.0,,14.0,,50.0,50.0
raw_00000000_0000_0000_0000_000000000001,********,********,T20,Middle,2,12,0,17,4,2,1,2.0,,8.5,,33.333333333333336,16.666666666666668
raw_270f6060_71b5_4a9f_adee_d3186f66c2a1,********,********,T20,Middle,2,6,0,3,4,0,1,1.0,,3.0,,66.66666666666667,0.0
raw_00000000_0000_0000_0000_000000000001,********,********,Two Day,New Ball,1,35,0,25,23,2,2,5.5,,4.285714285714286,,65.71428571428571,5.714285714285714
raw_94b482bd_19fc_498c_a513_920887408155,********,********,Two Day,New Ball,1,11,0,3,8,0,1,1.5,,1.6363636363636365,,72.72727272727273,0.0
raw_00000000_0000_0000_0000_000000000001,********,********,Two Day,Older Ball,2,36,0,20,26,2,1,6.0,,3.3333333333333335,,72.22222222222223,5.555555555555555
raw_94b482bd_19fc_498c_a513_920887408155,********,********,Two Day,Older Ball,2,75,0,43,52,5,3,12.3,,3.44,,69.33333333333333,6.666666666666667
raw_70ac772e_7fe4_4e49_968e_0f70599f89c1,Aadhi Ponniraivan,Aadhi Ponniraivan,One Day,Opening,1,62,0,39,36,2,10,10.2,,3.774193548387097,,58.064516129032256,3.225806451612903
raw_70ac772e_7fe4_4e49_968e_0f70599f89c1,Aadhi Ponniraivan,Aadhi Ponniraivan,One Day,Middle,2,60,3,35,29,0,10,10.0,11.666666666666666,3.5,20.0,48.333333333333336,0.0
raw_70ac772e_7fe4_4e49_968e_0f70599f89c1,Aadhi Ponniraivan,Aadhi Ponniraivan,Two Day,New Ball,1,20,0,11,15,2,3,3.2,,3.3,,75.0,10.0
raw_70ac772e_7fe4_4e49_968e_0f70599f89c1,Aadhi Ponniraivan,Aadhi Ponniraivan,Two Day,Older Ball,2,46,1,15,35,1,5,7.4,15.0,1.9565217391304348,46.0,76.08695652173913,2.1739130434782608
raw_c5632560_1b25_499d_bf18_faf1632b1b01,Aaditya Bhaber,Aaditya Bhaber,One Day,Opening,1,32,2,6,29,1,4,5.2,3.0,1.125,16.0,90.625,3.125
raw_c5632560_1b25_499d_bf18_faf1632b1b01,Aaditya Bhaber,Aaditya Bhaber,One Day,Middle,2,33,0,15,22,1,3,5.3,,2.727272727272727,,66.66666666666667,3.0303030303030303
raw_65f090c7_8bb5_4748_967e_fd4cd1d7a994,Aaditya Sharma,Aaditya Sharma,One Day,Opening,1,12,1,3,10,0,1,2.0,3.0,1.5,12.0,83.33333333333333,0.0
raw_a6c1b437_7369_4383_bbed_a43eef1240ec,Aaditya Sharma,Aaditya Sharma,One Day,Opening,1,6,0,9,3,2,1,1.0,,9.0,,50.0,33.333333333333336
raw_65f090c7_8bb5_4748_967e_fd4cd1d7a994,Aaditya Sharma,Aaditya Sharma,One Day,Middle,2,97,2,99,48,11,6,16.1,49.5,6.123711340206185,48.5,49.48453608247423,11.34020618556701
raw_65f090c7_8bb5_4748_967e_fd4cd1d7a994,Aaditya Sharma,Aaditya Sharma,One Day,Death,3,64,1,67,26,6,4,10.4,67.0,6.28125,64.0,40.625,9.375
raw_65f090c7_8bb5_4748_967e_fd4cd1d7a994,Aaditya Sharma,Aaditya Sharma,T20,Opening,1,12,1,17,5,3,1,2.0,17.0,8.5,12.0,41.666666666666664,25.0
raw_65f090c7_8bb5_4748_967e_fd4cd1d7a994,Aaditya Sharma,Aaditya Sharma,T20,Death,3,4,0,7,1,1,1,0.4,,10.5,,25.0,25.0
raw_65f090c7_8bb5_4748_967e_fd4cd1d7a994,Aaditya Sharma,Aaditya Sharma,Two Day,New Ball,1,6,0,0,6,0,1,1.0,,0.0,,100.0,0.0
raw_a6c1b437_7369_4383_bbed_a43eef1240ec,Aaditya Sharma,Aaditya Sharma,Two Day,New Ball,1,6,0,11,1,1,1,1.0,,11.0,,16.666666666666668,16.666666666666668
raw_65f090c7_8bb5_4748_967e_fd4cd1d7a994,Aaditya Sharma,Aaditya Sharma,Two Day,Older Ball,2,185,9,102,117,6,9,30.5,11.333333333333334,3.308108108108108,20.555555555555557,63.24324324324324,3.2432432432432434
raw_a6c1b437_7369_4383_bbed_a43eef1240ec,Aaditya Sharma,Aaditya Sharma,Two Day,Older Ball,2,56,3,33,35,3,3,9.2,11.0,3.5357142857142856,18.666666666666668,62.5,5.357142857142857
raw_e4c36604_d42a_4f39_b174_42a38c079eb9,Aadiv Tyagi,Aadiv Tyagi,One Day,Opening,1,92,4,45,61,3,16,15.2,11.25,2.9347826086956523,23.0,66.30434782608695,3.260869565217391
raw_e4c36604_d42a_4f39_b174_42a38c079eb9,Aadiv Tyagi,Aadiv Tyagi,One Day,Middle,2,149,7,80,98,7,17,24.5,11.428571428571429,3.221476510067114,21.285714285714285,65.77181208053692,4.697986577181208
raw_e4c36604_d42a_4f39_b174_42a38c079eb9,Aadiv Tyagi,Aadiv Tyagi,Two Day,New Ball,1,61,1,45,33,4,5,10.1,45.0,4.426229508196721,61.0,54.09836065573771,6.557377049180328
raw_e4c36604_d42a_4f39_b174_42a38c079eb9,Aadiv Tyagi,Aadiv Tyagi,Two Day,Older Ball,2,53,1,10,44,0,4,8.5,10.0,1.1320754716981132,53.0,83.01886792452831,0.0
raw_44ef0345_e5d1_4896_8494_4564fbbdb792,Aakash Kokulan,Aakash Kokulan,One Day,Opening,1,84,6,35,59,2,13,14.0,5.833333333333333,2.5,14.0,70.23809523809524,2.380952380952381
raw_44ef0345_e5d1_4896_8494_4564fbbdb792,Aakash Kokulan,Aakash Kokulan,One Day,Middle,2,82,3,54,50,4,12,13.4,18.0,3.951219512195122,27.333333333333332,60.97560975609756,4.878048780487805
raw_555f60bb_a6b7_4715_b195_0fe670946485,Aakrish Kanav,Aakrish Kanav,One Day,Opening,1,143,7,77,98,8,15,23.5,11.0,3.230769230769231,20.428571428571427,68.53146853146853,5.594405594405594
raw_555f60bb_a6b7_4715_b195_0fe670946485,Aakrish Kanav,Aakrish Kanav,One Day,Middle,2,126,4,56,84,3,13,21.0,14.0,2.6666666666666665,31.5,66.66666666666667,2.380952380952381
raw_555f60bb_a6b7_4715_b195_0fe670946485,Aakrish Kanav,Aakrish Kanav,Two Day,New Ball,1,58,5,8,51,0,5,9.4,1.6,0.8275862068965517,11.6,87.93103448275862,0.0
raw_555f60bb_a6b7_4715_b195_0fe670946485,Aakrish Kanav,Aakrish Kanav,Two Day,Older Ball,2,54,3,9,47,0,5,9.0,3.0,1.0,18.0,87.03703703703704,0.0
aansh_pandya,Aansh Pandya,Aansh Pandya,One Day,Opening,1,142,1,88,93,10,22,23.4,88.0,3.7183098591549295,142.0,65.49295774647888,7.042253521126761
aansh_pandya,Aansh Pandya,Aansh Pandya,One Day,Middle,2,144,9,64,93,2,19,24.0,7.111111111111111,2.6666666666666665,16.0,64.58333333333333,1.3888888888888888
aansh_pandya,Aansh Pandya,Aansh Pandya,Two Day,New Ball,1,182,6,77,132,6,15,30.2,12.833333333333334,2.5384615384615383,30.333333333333332,72.52747252747253,3.2967032967032965
aansh_pandya,Aansh Pandya,Aansh Pandya,Two Day,Older Ball,2,118,4,43,87,2,12,19.4,10.75,2.1864406779661016,29.5,73.72881355932203,1.694915254237288
raw_bdff7139_fe71_4366_a7cd_15a4e59c20a9,Aarav Madan,Aarav Madan,One Day,Middle,2,106,10,116,48,16,5,17.4,11.6,6.566037735849057,10.6,45.283018867924525,15.09433962264151
raw_bdff7139_fe71_4366_a7cd_15a4e59c20a9,Aarav Madan,Aarav Madan,One Day,Death,3,36,2,32,21,4,2,6.0,16.0,5.333333333333333,18.0,58.333333333333336,11.11111111111111
raw_bdff7139_fe71_4366_a7cd_15a4e59c20a9,Aarav Madan,Aarav Madan,T20,Opening,1,31,0,60,13,10,4,5.1,,11.612903225806452,,41.935483870967744,32.25806451612903
raw_bdff7139_fe71_4366_a7cd_15a4e59c20a9,Aarav Madan,Aarav Madan,T20,Middle,2,32,3,42,13,6,4,5.2,14.0,7.875,10.666666666666666,40.625,18.75
raw_bdff7139_fe71_4366_a7cd_15a4e59c20a9,Aarav Madan,Aarav Madan,Two Day,New Ball,1,12,0,12,9,3,1,2.0,,6.0,,75.0,25.0
raw_bdff7139_fe71_4366_a7cd_15a4e59c20a9,Aarav Madan,Aarav Madan,Two Day,Older Ball,2,210,5,162,120,20,5,35.0,32.4,4.628571428571429,42.0,57.142857142857146,9.523809523809524
raw_8499a61b_7ed5_4b4d_b9d3_5b10fb9ccdbb,Aarav Modi,Aarav Modi,T20,Middle,2,18,1,31,2,4,1,3.0,31.0,10.333333333333334,18.0,11.11111111111111,22.22222222222222
raw_8499a61b_7ed5_4b4d_b9d3_5b10fb9ccdbb,Aarav Modi,Aarav Modi,T20,Death,3,6,0,7,2,1,1,1.0,,7.0,,33.333333333333336,16.666666666666668
raw_c817ad90_4f4c_4b8e_b71a_ff4e14e4fdb0,Aarav Nathoo,Aarav Nathoo,One Day,Opening,1,36,0,37,18,5,5,6.0,,6.166666666666667,,50.0,13.88888888888889
raw_c817ad90_4f4c_4b8e_b71a_ff4e14e4fdb0,Aarav Nathoo,Aarav Nathoo,One Day,Middle,2,38,1,45,18,5,5,6.2,45.0,7.105263157894737,38.0,47.36842105263158,13.157894736842104
raw_c817ad90_4f4c_4b8e_b71a_ff4e14e4fdb0,Aarav Nathoo,Aarav Nathoo,Two Day,New Ball,1,16,1,7,11,0,4,2.4,7.0,2.625,16.0,68.75,0.0
raw_c817ad90_4f4c_4b8e_b71a_ff4e14e4fdb0,Aarav Nathoo,Aarav Nathoo,Two Day,Older Ball,2,23,1,4,19,0,4,3.5,4.0,1.0434782608695652,23.0,82.6086956521739,0.0
raw_5649fb46_0c99_4ddc_9448_df7864883b03,Aarav Tomer,Aarav Tomer,One Day,Opening,1,63,3,35,39,3,10,10.3,11.666666666666666,3.3333333333333335,21.0,61.904761904761905,4.761904761904762
raw_5649fb46_0c99_4ddc_9448_df7864883b03,Aarav Tomer,Aarav Tomer,One Day,Middle,2,77,1,45,46,2,11,12.5,45.0,3.5064935064935066,77.0,59.74025974025974,2.5974025974025974
raw_5649fb46_0c99_4ddc_9448_df7864883b03,Aarav Tomer,Aarav Tomer,Two Day,New Ball,1,5,0,2,3,0,1,0.5,,2.4,,60.0,0.0
raw_5649fb46_0c99_4ddc_9448_df7864883b03,Aarav Tomer,Aarav Tomer,Two Day,Older Ball,2,11,0,7,8,1,1,1.5,,3.8181818181818183,,72.72727272727273,9.090909090909092
raw_d2f37298_3d20_4281_a3ac_57a4df1140cf,Aarish Hirani,Aarish Hirani,One Day,Opening,1,17,0,5,15,0,2,2.5,,1.7647058823529411,,88.23529411764706,0.0
raw_d2f37298_3d20_4281_a3ac_57a4df1140cf,Aarish Hirani,Aarish Hirani,One Day,Middle,2,12,0,7,8,1,2,2.0,,3.5,,66.66666666666667,8.333333333333334
raw_d2f37298_3d20_4281_a3ac_57a4df1140cf,Aarish Hirani,Aarish Hirani,Two Day,New Ball,1,106,4,44,79,4,11,17.4,11.0,2.490566037735849,26.5,74.52830188679245,3.7735849056603774
raw_d2f37298_3d20_4281_a3ac_57a4df1140cf,Aarish Hirani,Aarish Hirani,Two Day,Older Ball,2,104,4,42,83,5,11,17.2,10.5,2.423076923076923,26.0,79.8076923076923,4.8076923076923075
raw_fb41a9fe_b765_41ae_adca_15b755ac6a61,Aaron Barney,Aaron Barney,One Day,Opening,1,105,2,49,73,5,20,17.3,24.5,2.8,52.5,69.52380952380952,4.761904761904762
raw_fb41a9fe_b765_41ae_adca_15b755ac6a61,Aaron Barney,Aaron Barney,One Day,Middle,2,127,2,76,82,8,18,21.1,38.0,3.590551181102362,63.5,64.56692913385827,6.299212598425197
raw_da0b972d_0f2d_4ef5_b641_77195daf9ec6,Aaron Thoman,Aaron Thoman,Two Day,Older Ball,2,12,0,9,8,1,1,2.0,,4.5,,66.66666666666667,8.333333333333334
raw_4181ff46_5f4e_4ff1_949c_961bb17925ac,Aarush Damle,Aarush Damle,Two Day,New Ball,1,33,2,31,18,3,3,5.3,15.5,5.636363636363637,16.5,54.54545454545455,9.090909090909092
raw_4181ff46_5f4e_4ff1_949c_961bb17925ac,Aarush Damle,Aarush Damle,Two Day,Older Ball,2,12,0,9,6,0,1,2.0,,4.5,,50.0,0.0
raw_1cc530f0_0ad1_44ad_a818_fa8af492a8fb,Aaryan Bhatia,Aaryan Bhatia,One Day,Opening,1,90,2,45,60,3,15,15.0,22.5,3.0,45.0,66.66666666666667,3.3333333333333335
raw_1cc530f0_0ad1_44ad_a818_fa8af492a8fb,Aaryan Bhatia,Aaryan Bhatia,One Day,Middle,2,104,2,79,67,11,15,17.2,39.5,4.5576923076923075,52.0,64.42307692307692,10.576923076923077
raw_1cc530f0_0ad1_44ad_a818_fa8af492a8fb,Aaryan Bhatia,Aaryan Bhatia,Two Day,Older Ball,2,57,1,43,31,4,4,9.3,43.0,4.526315789473684,57.0,54.3859649122807,7.017543859649122
raw_ec71bb26_5ee0_4065_a54b_b550b2351cfc,Aashay Desai,Aashay Desai,One Day,Opening,1,18,2,9,13,1,1,3.0,4.5,3.0,9.0,72.22222222222223,5.555555555555555
raw_ec71bb26_5ee0_4065_a54b_b550b2351cfc,Aashay Desai,Aashay Desai,One Day,Middle,2,53,2,54,26,6,4,8.5,27.0,6.113207547169812,26.5,49.056603773584904,11.320754716981131
raw_ea746a1a_c2c5_4c26_84ce_209a7d4e203a,Aayansh Mahadevan,Aayansh Mahadevan,One Day,Opening,1,37,1,25,24,3,8,6.1,25.0,4.054054054054054,37.0,64.86486486486487,8.108108108108109
raw_ea746a1a_c2c5_4c26_84ce_209a7d4e203a,Aayansh Mahadevan,Aayansh Mahadevan,One Day,Middle,2,55,0,38,37,6,9,9.1,,4.1454545454545455,,67.27272727272727,10.909090909090908
raw_54f901ed_d82f_4e03_9771_43a57db8de53,Abhi Sannidhanam,Abhi Sannidhanam,Two Day,Older Ball,2,5,0,1,4,0,1,0.5,,1.2,,80.0,0.0
raw_910537a4_49a9_41f6_9281_b2827947bc5a,Adidev Arun,Adidev Arun,One Day,Opening,1,21,2,6,17,0,4,3.3,3.0,1.7142857142857142,10.5,80.95238095238095,0.0
raw_910537a4_49a9_41f6_9281_b2827947bc5a,Adidev Arun,Adidev Arun,One Day,Middle,2,29,0,12,17,0,3,4.5,,2.4827586206896552,,58.62068965517241,0.0
raw_31f75170_2c7a_44fc_a75b_10c1efcd9193,Adit Maitra,Adit Maitra,Two Day,New Ball,1,6,0,2,4,0,1,1.0,,2.0,,66.66666666666667,0.0
raw_31f75170_2c7a_44fc_a75b_10c1efcd9193,Adit Maitra,Adit Maitra,Two Day,Older Ball,2,6,0,3,3,0,1,1.0,,3.0,,50.0,0.0
raw_d795f9f2_55ab_44b7_bc50_e2f6779f1497,Adithya Ravichandran,Adithya Ravichandran,One Day,Opening,1,12,0,5,7,0,1,2.0,,2.5,,58.333333333333336,0.0
raw_d795f9f2_55ab_44b7_bc50_e2f6779f1497,Adithya Ravichandran,Adithya Ravichandran,One Day,Middle,2,24,0,8,19,0,2,4.0,,2.0,,79.16666666666667,0.0
raw_d795f9f2_55ab_44b7_bc50_e2f6779f1497,Adithya Ravichandran,Adithya Ravichandran,Two Day,New Ball,1,40,0,34,23,4,5,6.4,,5.1,,57.5,10.0
raw_d795f9f2_55ab_44b7_bc50_e2f6779f1497,Adithya Ravichandran,Adithya Ravichandran,Two Day,Older Ball,2,12,1,13,5,2,2,2.0,13.0,6.5,12.0,41.666666666666664,16.666666666666668
raw_4353423d_399e_4f7b_982f_c7a10ee236af,Aditya Arya,Aditya Arya,One Day,Opening,1,55,6,31,31,2,6,9.1,5.166666666666667,3.381818181818182,9.166666666666666,56.36363636363637,3.6363636363636362
raw_4353423d_399e_4f7b_982f_c7a10ee236af,Aditya Arya,Aditya Arya,One Day,Middle,2,70,6,52,30,2,8,11.4,8.666666666666666,4.457142857142857,11.666666666666666,42.857142857142854,2.857142857142857
raw_1521a8e1_ea0e_4492_bfc8_9874736683b7,Aditya More,Aditya More,One Day,Opening,1,30,1,21,20,2,3,5.0,21.0,4.2,30.0,66.66666666666667,6.666666666666667
raw_1521a8e1_ea0e_4492_bfc8_9874736683b7,Aditya More,Aditya More,One Day,Middle,2,91,4,50,60,4,3,15.1,12.5,3.2967032967032965,22.75,65.93406593406593,4.395604395604396
raw_1521a8e1_ea0e_4492_bfc8_9874736683b7,Aditya More,Aditya More,One Day,Death,3,18,0,23,5,2,1,3.0,,7.666666666666667,,27.77777777777778,11.11111111111111
raw_1521a8e1_ea0e_4492_bfc8_9874736683b7,Aditya More,Aditya More,T20,Opening,1,72,4,54,46,7,5,12.0,13.5,4.5,18.0,63.888888888888886,9.722222222222221
raw_1521a8e1_ea0e_4492_bfc8_9874736683b7,Aditya More,Aditya More,T20,Middle,2,30,0,31,14,3,4,5.0,,6.2,,46.666666666666664,10.0
raw_1521a8e1_ea0e_4492_bfc8_9874736683b7,Aditya More,Aditya More,Two Day,New Ball,1,42,1,12,37,2,3,7.0,12.0,1.7142857142857142,42.0,88.0952380952381,4.761904761904762
raw_1521a8e1_ea0e_4492_bfc8_9874736683b7,Aditya More,Aditya More,Two Day,Older Ball,2,495,12,215,396,30,6,82.3,17.916666666666668,2.606060606060606,41.25,80.0,6.0606060606060606
raw_18982599_6bf9_4d86_92a3_53bbd5567133,Aditya Rajput,Aditya Rajput,One Day,Opening,1,10,0,15,3,2,1,1.4,,9.0,,30.0,20.0
raw_18982599_6bf9_4d86_92a3_53bbd5567133,Aditya Rajput,Aditya Rajput,One Day,Middle,2,2,0,0,2,0,1,0.2,,0.0,,100.0,0.0
raw_18982599_6bf9_4d86_92a3_53bbd5567133,Aditya Rajput,Aditya Rajput,Two Day,New Ball,1,39,0,27,25,3,4,6.3,,4.153846153846154,,64.1025641025641,7.6923076923076925
raw_18982599_6bf9_4d86_92a3_53bbd5567133,Aditya Rajput,Aditya Rajput,Two Day,Older Ball,2,68,5,18,51,0,4,11.2,3.6,1.588235294117647,13.6,75.0,0.0
raw_c536337a_12a4_4038_b77a_e2d145ba4696,Aditya Roy,Aditya Roy,One Day,Opening,1,5,0,1,4,0,1,0.5,,1.2,,80.0,0.0
raw_c536337a_12a4_4038_b77a_e2d145ba4696,Aditya Roy,Aditya Roy,One Day,Middle,2,6,0,1,5,0,1,1.0,,1.0,,83.33333333333333,0.0
raw_c536337a_12a4_4038_b77a_e2d145ba4696,Aditya Roy,Aditya Roy,Two Day,New Ball,1,45,2,6,40,0,5,7.3,3.0,0.8,22.5,88.88888888888889,0.0
raw_c536337a_12a4_4038_b77a_e2d145ba4696,Aditya Roy,Aditya Roy,Two Day,Older Ball,2,17,1,3,14,0,3,2.5,3.0,1.0588235294117647,17.0,82.3529411764706,0.0
raw_1d110905_8dd2_475f_885a_08481a83e9c7,Advik Saxena,Advik Saxena,One Day,Opening,1,36,2,14,24,0,9,6.0,7.0,2.3333333333333335,18.0,66.66666666666667,0.0
raw_1d110905_8dd2_475f_885a_08481a83e9c7,Advik Saxena,Advik Saxena,One Day,Middle,2,66,1,20,52,1,9,11.0,20.0,1.8181818181818181,66.0,78.78787878787878,1.5151515151515151
raw_525802d7_6922_4cd9_ab24_51d59fbd10df,Advika Mantripragada,Advika Mantripragada,One Day,Opening,1,66,4,29,45,2,8,11.0,7.25,2.6363636363636362,16.5,68.18181818181819,3.0303030303030303
raw_525802d7_6922_4cd9_ab24_51d59fbd10df,Advika Mantripragada,Advika Mantripragada,One Day,Middle,2,92,6,56,50,2,9,15.2,9.333333333333334,3.652173913043478,15.333333333333334,54.34782608695652,2.1739130434782608
raw_cb836970_3401_4d90_92cd_b1c0874032fa,Ahad Cheema,Ahad Cheema,One Day,Opening,1,18,1,3,15,0,2,3.0,3.0,1.0,18.0,83.33333333333333,0.0
raw_cb836970_3401_4d90_92cd_b1c0874032fa,Ahad Cheema,Ahad Cheema,One Day,Middle,2,11,0,10,5,0,2,1.5,,5.454545454545454,,45.45454545454545,0.0
raw_cb836970_3401_4d90_92cd_b1c0874032fa,Ahad Cheema,Ahad Cheema,Two Day,New Ball,1,80,3,44,52,3,7,13.2,14.666666666666666,3.3,26.666666666666668,65.0,3.75
raw_cb836970_3401_4d90_92cd_b1c0874032fa,Ahad Cheema,Ahad Cheema,Two Day,Older Ball,2,84,4,22,69,2,6,14.0,5.5,1.5714285714285714,21.0,82.14285714285714,2.380952380952381
ahilan_sivakumaran,Ahilan Sivakumaran,Ahilan Sivakumaran,One Day,Opening,1,144,1,118,89,16,10,24.0,118.0,4.916666666666667,144.0,61.80555555555556,11.11111111111111
ahilan_sivakumaran,Ahilan Sivakumaran,Ahilan Sivakumaran,One Day,Middle,2,252,8,167,167,17,12,42.0,20.875,3.9761904761904763,31.5,66.26984126984127,6.746031746031746
ahilan_sivakumaran,Ahilan Sivakumaran,Ahilan Sivakumaran,One Day,Death,3,90,3,66,44,3,5,15.0,22.0,4.4,30.0,48.888888888888886,3.3333333333333335
ahilan_sivakumaran,Ahilan Sivakumaran,Ahilan Sivakumaran,T20,Opening,1,24,0,20,14,2,3,4.0,,5.0,,58.333333333333336,8.333333333333334
ahilan_sivakumaran,Ahilan Sivakumaran,Ahilan Sivakumaran,T20,Middle,2,85,3,90,40,12,7,14.1,30.0,6.352941176470588,28.333333333333332,47.05882352941177,14.117647058823529
ahilan_sivakumaran,Ahilan Sivakumaran,Ahilan Sivakumaran,T20,Death,3,35,4,41,15,6,4,5.5,10.25,7.0285714285714285,8.75,42.857142857142854,17.142857142857142
ahilan_sivakumaran,Ahilan Sivakumaran,Ahilan Sivakumaran,Two Day,New Ball,1,18,0,5,16,1,1,3.0,,1.6666666666666667,,88.88888888888889,5.555555555555555
ahilan_sivakumaran,Ahilan Sivakumaran,Ahilan Sivakumaran,Two Day,Older Ball,2,636,11,273,498,23,10,106.0,24.818181818181817,2.5754716981132075,57.81818181818182,78.30188679245283,3.6163522012578615
ahmed_virk,Ahmed Virk,Ahmed Virk,One Day,Opening,1,60,1,59,35,10,4,10.0,59.0,5.9,60.0,58.333333333333336,16.666666666666668
ahmed_virk,Ahmed Virk,Ahmed Virk,One Day,Middle,2,144,4,96,89,11,5,24.0,24.0,4.0,36.0,61.80555555555556,7.638888888888889
ahmed_virk,Ahmed Virk,Ahmed Virk,One Day,Death,3,6,0,3,4,0,1,1.0,,3.0,,66.66666666666667,0.0
ahmed_virk,Ahmed Virk,Ahmed Virk,T20,Opening,1,24,1,27,12,3,2,4.0,27.0,6.75,24.0,50.0,12.5
ahmed_virk,Ahmed Virk,Ahmed Virk,T20,Middle,2,12,0,8,5,0,2,2.0,,4.0,,41.666666666666664,0.0
ahmed_virk,Ahmed Virk,Ahmed Virk,T20,Death,3,6,2,6,3,0,1,1.0,3.0,6.0,3.0,50.0,0.0
ahmed_virk,Ahmed Virk,Ahmed Virk,Two Day,New Ball,1,84,0,31,70,4,2,14.0,,2.2142857142857144,,83.33333333333333,4.761904761904762
ahmed_virk,Ahmed Virk,Ahmed Virk,Two Day,Older Ball,2,54,1,28,39,4,2,9.0,28.0,3.111111111111111,54.0,72.22222222222223,7.407407407407407
raw_97f98a3a_b69e_448d_84d4_a4bc4e3e1574,Aiden Barney,Aiden Barney,One Day,Opening,1,61,3,15,47,0,11,10.1,5.0,1.4754098360655739,20.333333333333332,77.04918032786885,0.0
raw_97f98a3a_b69e_448d_84d4_a4bc4e3e1574,Aiden Barney,Aiden Barney,One Day,Middle,2,103,1,68,61,6,14,17.1,68.0,3.9611650485436893,103.0,59.22330097087379,5.825242718446602
raw_4bb878c5_568c_44b9_b944_eda906ffb9f9,Aiden Suraweera,Aiden Suraweera,One Day,Opening,1,117,4,101,61,11,12,19.3,25.25,5.17948717948718,29.25,52.136752136752136,9.401709401709402
raw_4bb878c5_568c_44b9_b944_eda906ffb9f9,Aiden Suraweera,Aiden Suraweera,One Day,Middle,2,38,2,40,20,6,5,6.2,20.0,6.315789473684211,19.0,52.63157894736842,15.789473684210526
raw_4bb878c5_568c_44b9_b944_eda906ffb9f9,Aiden Suraweera,Aiden Suraweera,Two Day,New Ball,1,80,2,44,53,4,8,13.2,22.0,3.3,40.0,66.25,5.0
raw_4bb878c5_568c_44b9_b944_eda906ffb9f9,Aiden Suraweera,Aiden Suraweera,Two Day,Older Ball,2,92,6,33,68,1,7,15.2,5.5,2.152173913043478,15.333333333333334,73.91304347826087,1.0869565217391304
raw_ccdd2b4b_0d55_47d4_8e0b_765b4003ddf4,Akira Jamwal,Akira Jamwal,One Day,Opening,1,111,6,45,73,0,12,18.3,7.5,2.4324324324324325,18.5,65.76576576576576,0.0
raw_ccdd2b4b_0d55_47d4_8e0b_765b4003ddf4,Akira Jamwal,Akira Jamwal,One Day,Middle,2,25,2,14,15,1,4,4.1,7.0,3.36,12.5,60.0,4.0
raw_1392b763_fc4a_432c_a2d0_92f2b8ae371b,Akshath Mantripragada,Akshath Mantripragada,One Day,Opening,1,141,3,111,85,15,12,23.3,37.0,4.723404255319149,47.0,60.283687943262414,10.638297872340425
raw_1392b763_fc4a_432c_a2d0_92f2b8ae371b,Akshath Mantripragada,Akshath Mantripragada,One Day,Middle,2,100,5,74,56,6,11,16.4,14.8,4.44,20.0,56.0,6.0
raw_1392b763_fc4a_432c_a2d0_92f2b8ae371b,Akshath Mantripragada,Akshath Mantripragada,T20,Opening,1,36,4,22,17,0,3,6.0,5.5,3.6666666666666665,9.0,47.22222222222222,0.0
raw_1392b763_fc4a_432c_a2d0_92f2b8ae371b,Akshath Mantripragada,Akshath Mantripragada,T20,Middle,2,30,2,42,12,4,3,5.0,21.0,8.4,15.0,40.0,13.333333333333334
raw_1392b763_fc4a_432c_a2d0_92f2b8ae371b,Akshath Mantripragada,Akshath Mantripragada,T20,Death,3,12,1,21,2,3,2,2.0,21.0,10.5,12.0,16.666666666666668,25.0
raw_1392b763_fc4a_432c_a2d0_92f2b8ae371b,Akshath Mantripragada,Akshath Mantripragada,Two Day,New Ball,1,130,5,79,84,8,8,21.4,15.8,3.646153846153846,26.0,64.61538461538461,6.153846153846154
raw_1392b763_fc4a_432c_a2d0_92f2b8ae371b,Akshath Mantripragada,Akshath Mantripragada,Two Day,Older Ball,2,129,6,58,97,6,8,21.3,9.666666666666666,2.697674418604651,21.5,75.1937984496124,4.651162790697675
raw_c54aa7c0_c1d7_4390_9e67_c4326785262b,Akshay Hungenahally,Akshay Hungenahally,One Day,Opening,1,4,0,4,1,0,1,0.4,,6.0,,25.0,0.0
raw_c54aa7c0_c1d7_4390_9e67_c4326785262b,Akshay Hungenahally,Akshay Hungenahally,One Day,Middle,2,2,0,1,1,0,1,0.2,,3.0,,50.0,0.0
raw_61d9ba61_b612_4199_a71e_99473e3446fd,Akshay Kulkarni,Akshay Kulkarni,One Day,Opening,1,26,0,18,15,2,4,4.2,,4.153846153846154,,57.69230769230769,7.6923076923076925
raw_61d9ba61_b612_4199_a71e_99473e3446fd,Akshay Kulkarni,Akshay Kulkarni,One Day,Middle,2,17,0,7,13,1,4,2.5,,2.4705882352941178,,76.47058823529412,5.882352941176471
raw_61d9ba61_b612_4199_a71e_99473e3446fd,Akshay Kulkarni,Akshay Kulkarni,Two Day,New Ball,1,50,2,18,37,1,6,8.2,9.0,2.16,25.0,74.0,2.0
raw_61d9ba61_b612_4199_a71e_99473e3446fd,Akshay Kulkarni,Akshay Kulkarni,Two Day,Older Ball,2,21,0,1,20,0,4,3.3,,0.2857142857142857,,95.23809523809524,0.0
raw_8d485087_b4ce_4316_b1a4_c14d359299e4,Akshay Phalke,Akshay Phalke,One Day,Opening,1,22,0,19,13,3,3,3.4,,5.181818181818182,,59.09090909090909,13.636363636363637
raw_8d485087_b4ce_4316_b1a4_c14d359299e4,Akshay Phalke,Akshay Phalke,One Day,Middle,2,32,0,36,12,4,4,5.2,,6.75,,37.5,12.5
raw_8d485087_b4ce_4316_b1a4_c14d359299e4,Akshay Phalke,Akshay Phalke,Two Day,New Ball,1,16,0,15,8,2,2,2.4,,5.625,,50.0,12.5
raw_8d485087_b4ce_4316_b1a4_c14d359299e4,Akshay Phalke,Akshay Phalke,Two Day,Older Ball,2,23,0,24,9,3,3,3.5,,6.260869565217392,,39.130434782608695,13.043478260869565
raw_7d73d83b_7ce8_4d0e_9931_180f1108a9fe,Alexander Loughnan,Alexander Loughnan,Two Day,New Ball,1,6,0,3,3,0,1,1.0,,3.0,,50.0,0.0
raw_7d73d83b_7ce8_4d0e_9931_180f1108a9fe,Alexander Loughnan,Alexander Loughnan,Two Day,Older Ball,2,23,0,29,8,4,2,3.5,,7.565217391304348,,34.78260869565217,17.391304347826086
raw_b64523c0_9262_47f0_aa12_7579355380af,Alexander Smith,Alexander Smith,One Day,Opening,1,22,1,11,17,2,3,3.4,11.0,3.0,22.0,77.27272727272727,9.090909090909092
raw_b64523c0_9262_47f0_aa12_7579355380af,Alexander Smith,Alexander Smith,One Day,Middle,2,113,5,110,54,10,8,18.5,22.0,5.84070796460177,22.6,47.78761061946903,8.849557522123893
raw_01031422_b2a8_47e1_a58f_bfebd8026746,Amay Sharma,Amay Sharma,One Day,Opening,1,79,4,49,37,1,6,13.1,12.25,3.721518987341772,19.75,46.835443037974684,1.2658227848101267
raw_01031422_b2a8_47e1_a58f_bfebd8026746,Amay Sharma,Amay Sharma,One Day,Middle,2,57,6,20,40,0,5,9.3,3.3333333333333335,2.1052631578947367,9.5,70.17543859649123,0.0
raw_5323442d_4a5c_4427_b137_ca94c06b9509,Anay Dadhich,Anay Dadhich,One Day,Opening,1,45,4,26,32,3,7,7.3,6.5,3.466666666666667,11.25,71.11111111111111,6.666666666666667
raw_5323442d_4a5c_4427_b137_ca94c06b9509,Anay Dadhich,Anay Dadhich,One Day,Middle,2,35,2,19,25,3,5,5.5,9.5,3.257142857142857,17.5,71.42857142857143,8.571428571428571
raw_5323442d_4a5c_4427_b137_ca94c06b9509,Anay Dadhich,Anay Dadhich,Two Day,New Ball,1,16,2,4,12,0,2,2.4,2.0,1.5,8.0,75.0,0.0
raw_5323442d_4a5c_4427_b137_ca94c06b9509,Anay Dadhich,Anay Dadhich,Two Day,Older Ball,2,16,0,2,14,0,1,2.4,,0.75,,87.5,0.0
raw_63becb2d_0860_4a58_bb01_b6beea935b43,Andrew Bromley,Andrew Bromley,Two Day,New Ball,1,24,0,6,22,1,1,4.0,,1.5,,91.66666666666667,4.166666666666667
raw_63becb2d_0860_4a58_bb01_b6beea935b43,Andrew Bromley,Andrew Bromley,Two Day,Older Ball,2,24,0,17,11,0,1,4.0,,4.25,,45.833333333333336,0.0
raw_e47903a1_47be_41eb_9129_c0b96e70b90c,Andrew Miller,Andrew Miller,One Day,Opening,1,43,1,26,24,1,7,7.1,26.0,3.627906976744186,43.0,55.81395348837209,2.3255813953488373
raw_e47903a1_47be_41eb_9129_c0b96e70b90c,Andrew Miller,Andrew Miller,One Day,Middle,2,37,0,19,25,2,6,6.1,,3.081081081081081,,67.56756756756756,5.405405405405405
andrew_robjant,Andrew Robjant,Andrew Robjant,One Day,Opening,1,168,3,138,108,22,6,28.0,46.0,4.928571428571429,56.0,64.28571428571429,13.095238095238095
andrew_robjant,Andrew Robjant,Andrew Robjant,One Day,Middle,2,48,3,23,34,2,5,8.0,7.666666666666667,2.875,16.0,70.83333333333333,4.166666666666667
andrew_robjant,Andrew Robjant,Andrew Robjant,T20,Opening,1,30,1,27,18,3,2,5.0,27.0,5.4,30.0,60.0,10.0
andrew_robjant,Andrew Robjant,Andrew Robjant,T20,Middle,2,57,2,56,26,6,6,9.3,28.0,5.894736842105263,28.5,45.6140350877193,10.526315789473685
andrew_robjant,Andrew Robjant,Andrew Robjant,T20,Death,3,55,0,76,14,5,5,9.1,,8.290909090909091,,25.454545454545453,9.090909090909092
andrew_robjant,Andrew Robjant,Andrew Robjant,Two Day,New Ball,1,421,6,207,334,32,10,70.1,34.5,2.9501187648456058,70.16666666666667,79.33491686460808,7.600950118764845
andrew_robjant,Andrew Robjant,Andrew Robjant,Two Day,Older Ball,2,401,7,264,284,35,10,66.5,37.714285714285715,3.9501246882793017,57.285714285714285,70.82294264339153,8.728179551122194
raw_38f4d422_8c9d_476b_ad34_1b61e2a5e0fb,Andrew Trifilo,Andrew Trifilo,One Day,Opening,1,151,3,121,98,15,8,25.1,40.333333333333336,4.80794701986755,50.333333333333336,64.90066225165563,9.933774834437086
raw_38f4d422_8c9d_476b_ad34_1b61e2a5e0fb,Andrew Trifilo,Andrew Trifilo,One Day,Middle,2,24,3,12,17,1,4,4.0,4.0,3.0,8.0,70.83333333333333,4.166666666666667
raw_123976f2_4d3b_4b8d_9de2_a146be6dd03e,Anhad Kaul,Anhad Kaul,One Day,Opening,1,77,0,67,36,7,17,12.5,,5.220779220779221,,46.753246753246756,9.090909090909092
raw_123976f2_4d3b_4b8d_9de2_a146be6dd03e,Anhad Kaul,Anhad Kaul,One Day,Middle,2,100,1,80,49,6,18,16.4,80.0,4.8,100.0,49.0,6.0
raw_e414d0f2_a6f6_435f_9136_d081ced6d544,Anika Rathore,Anika Rathore,One Day,Opening,1,51,2,19,33,0,6,8.3,9.5,2.235294117647059,25.5,64.70588235294117,0.0
raw_e414d0f2_a6f6_435f_9136_d081ced6d544,Anika Rathore,Anika Rathore,One Day,Middle,2,28,2,3,25,0,5,4.4,1.5,0.6428571428571429,14.0,89.28571428571429,0.0
raw_32d4191a_cd4e_41c5_8704_626dd5bdfad4,Anil Bala,Anil Bala,T20,Opening,1,18,0,15,13,2,1,3.0,,5.0,,72.22222222222223,11.11111111111111
raw_32d4191a_cd4e_41c5_8704_626dd5bdfad4,Anil Bala,Anil Bala,Two Day,Older Ball,2,48,0,42,27,4,2,8.0,,5.25,,56.25,8.333333333333334
anil_mirchandani,Anil Mirchandani,Anil Mirchandani,One Day,Opening,1,18,0,25,9,4,2,3.0,,8.333333333333334,,50.0,22.22222222222222
anil_mirchandani,Anil Mirchandani,Anil Mirchandani,One Day,Middle,2,79,2,73,39,8,6,13.1,36.5,5.544303797468355,39.5,49.36708860759494,10.126582278481013
anil_mirchandani,Anil Mirchandani,Anil Mirchandani,One Day,Death,3,78,3,67,36,6,4,13.0,22.333333333333332,5.153846153846154,26.0,46.15384615384615,7.6923076923076925
anil_mirchandani,Anil Mirchandani,Anil Mirchandani,T20,Opening,1,18,0,21,10,3,2,3.0,,7.0,,55.55555555555556,16.666666666666668
anil_mirchandani,Anil Mirchandani,Anil Mirchandani,T20,Middle,2,30,3,40,12,4,4,5.0,13.333333333333334,8.0,10.0,40.0,13.333333333333334
anil_mirchandani,Anil Mirchandani,Anil Mirchandani,T20,Death,3,6,1,5,2,0,1,1.0,5.0,5.0,6.0,33.333333333333336,0.0
anil_mirchandani,Anil Mirchandani,Anil Mirchandani,Two Day,Older Ball,2,62,3,44,45,7,3,10.2,14.666666666666666,4.258064516129032,20.666666666666668,72.58064516129032,11.290322580645162
raw_44893133_e5f4_4795_8d1f_6b270c409024,Ankit Gupta,Ankit Gupta,Two Day,Older Ball,2,24,1,20,15,3,1,4.0,20.0,5.0,24.0,62.5,12.5
ansh_bakshi,Ansh Bakshi,Ansh Bakshi,Two Day,New Ball,1,73,2,33,52,3,4,12.1,16.5,2.712328767123288,36.5,71.23287671232876,4.109589041095891
ansh_bakshi,Ansh Bakshi,Ansh Bakshi,Two Day,Older Ball,2,68,0,31,50,2,5,11.2,,2.735294117647059,,73.52941176470588,2.9411764705882355
ansh_naidu,Ansh Naidu,Ansh Naidu,Two Day,New Ball,1,8,1,14,3,3,1,1.2,14.0,10.5,8.0,37.5,37.5
ansh_naidu,Ansh Naidu,Ansh Naidu,Two Day,Older Ball,2,8,0,10,4,2,2,1.2,,7.5,,50.0,25.0
raw_303bb8f7_9395_423a_9037_8216390c3918,Ansh Patel,Ansh Patel,One Day,Middle,2,29,2,19,16,1,2,4.5,9.5,3.9310344827586206,14.5,55.172413793103445,3.4482758620689653
raw_303bb8f7_9395_423a_9037_8216390c3918,Ansh Patel,Ansh Patel,Two Day,New Ball,1,17,1,14,10,2,3,2.5,14.0,4.9411764705882355,17.0,58.8235294117647,11.764705882352942
raw_303bb8f7_9395_423a_9037_8216390c3918,Ansh Patel,Ansh Patel,Two Day,Older Ball,2,14,0,7,10,1,3,2.2,,3.0,,71.42857142857143,7.142857142857143
raw_16830c10_8c6b_448e_bcfb_a17e4b7d5533,Anshu Panjikar,Anshu Panjikar,One Day,Middle,2,5,0,5,1,0,1,0.5,,6.0,,20.0,0.0
raw_16830c10_8c6b_448e_bcfb_a17e4b7d5533,Anshu Panjikar,Anshu Panjikar,Two Day,New Ball,1,60,0,31,42,2,4,10.0,,3.1,,70.0,3.3333333333333335
raw_16830c10_8c6b_448e_bcfb_a17e4b7d5533,Anshu Panjikar,Anshu Panjikar,Two Day,Older Ball,2,26,0,27,16,5,3,4.2,,6.230769230769231,,61.53846153846154,19.23076923076923
raw_01c326d4_c9e4_4a2e_a85b_583852ecad6a,Anvay Utturkar,Anvay Utturkar,One Day,Opening,1,48,1,72,18,13,7,8.0,72.0,9.0,48.0,37.5,27.083333333333332
raw_01c326d4_c9e4_4a2e_a85b_583852ecad6a,Anvay Utturkar,Anvay Utturkar,One Day,Middle,2,47,2,49,24,7,6,7.5,24.5,6.25531914893617,23.5,51.06382978723404,14.893617021276595
raw_7c4dc2d0_ab32_4788_9343_63b1aa45b4ed,Anvita Shinde,Anvita Shinde,One Day,Opening,1,53,3,21,35,0,9,8.5,7.0,2.3773584905660377,17.666666666666668,66.0377358490566,0.0
raw_7c4dc2d0_ab32_4788_9343_63b1aa45b4ed,Anvita Shinde,Anvita Shinde,One Day,Middle,2,63,4,17,48,0,8,10.3,4.25,1.619047619047619,15.75,76.19047619047619,0.0
raw_bd3c0d43_e969_428e_afbd_18b844d17fe0,Apurwa Sarve,Apurwa Sarve,T20,Death,3,4,0,8,1,1,1,0.4,,12.0,,25.0,25.0
raw_73a158cf_df70_47e5_befb_08f64ce4051e,Aradhya Srimayi Tummalapalli,Aradhya Srimayi Tummalapalli,One Day,Opening,1,118,3,47,74,0,19,19.4,15.666666666666666,2.389830508474576,39.333333333333336,62.71186440677966,0.0
raw_73a158cf_df70_47e5_befb_08f64ce4051e,Aradhya Srimayi Tummalapalli,Aradhya Srimayi Tummalapalli,One Day,Middle,2,102,2,58,58,0,19,17.0,29.0,3.411764705882353,51.0,56.86274509803921,0.0
raw_0085bdc0_b08e_4d9f_b8bd_68fb84080987,Archis Bhagwat,Archis Bhagwat,One Day,Opening,1,67,2,44,40,5,12,11.1,22.0,3.9402985074626864,33.5,59.701492537313435,7.462686567164179
raw_0085bdc0_b08e_4d9f_b8bd_68fb84080987,Archis Bhagwat,Archis Bhagwat,One Day,Middle,2,87,1,48,58,4,12,14.3,48.0,3.310344827586207,87.0,66.66666666666667,4.597701149425287
raw_f30a8056_183e_490f_b909_bb0e808c307a,Arjeet Gone,Arjeet Gone,One Day,Opening,1,45,0,24,31,2,6,7.3,,3.2,,68.88888888888889,4.444444444444445
raw_f30a8056_183e_490f_b909_bb0e808c307a,Arjeet Gone,Arjeet Gone,One Day,Middle,2,32,0,14,21,1,5,5.2,,2.625,,65.625,3.125
raw_fcdaf0f5_534e_4c38_83b9_a11a3163c3b6,Arjun Kartik Ganeshkumar,Arjun Kartik Ganeshkumar,One Day,Opening,1,62,4,36,39,2,7,10.2,9.0,3.4838709677419355,15.5,62.903225806451616,3.225806451612903
raw_fcdaf0f5_534e_4c38_83b9_a11a3163c3b6,Arjun Kartik Ganeshkumar,Arjun Kartik Ganeshkumar,One Day,Middle,2,55,2,29,35,1,7,9.1,14.5,3.1636363636363636,27.5,63.63636363636363,1.8181818181818181
raw_ffe72224_b807_4c8e_ac1c_2e4e2c3daedd,Arjun Rathore,Arjun Rathore,One Day,Opening,1,28,3,12,19,0,4,4.4,4.0,2.5714285714285716,9.333333333333334,67.85714285714286,0.0
raw_ffe72224_b807_4c8e_ac1c_2e4e2c3daedd,Arjun Rathore,Arjun Rathore,One Day,Middle,2,21,0,18,10,1,3,3.3,,5.142857142857143,,47.61904761904762,4.761904761904762
raw_db602fb2_4a43_42d3_9e5f_d645b3ab2eba,Arjun Venkatasubramanian,Arjun Venkatasubramanian,One Day,Middle,2,23,0,26,6,0,2,3.5,,6.782608695652174,,26.08695652173913,0.0
raw_db602fb2_4a43_42d3_9e5f_d645b3ab2eba,Arjun Venkatasubramanian,Arjun Venkatasubramanian,Two Day,New Ball,1,21,0,17,8,1,2,3.3,,4.857142857142857,,38.095238095238095,4.761904761904762
raw_db602fb2_4a43_42d3_9e5f_d645b3ab2eba,Arjun Venkatasubramanian,Arjun Venkatasubramanian,Two Day,Older Ball,2,10,0,4,6,0,1,1.4,,2.4,,60.0,0.0
raw_eeb79316_7b11_40a4_b5bc_2b396ad24877,Arnav Chokka,Arnav Chokka,Two Day,Older Ball,2,9,0,1,8,0,1,1.3,,0.6666666666666666,,88.88888888888889,0.0
raw_f0caabec_a07a_4e73_b2cc_80ec6f10d3c2,Arnav Koushik,Arnav Koushik,One Day,Opening,1,6,0,17,1,4,1,1.0,,17.0,,16.666666666666668,66.66666666666667
raw_f0caabec_a07a_4e73_b2cc_80ec6f10d3c2,Arnav Koushik,Arnav Koushik,One Day,Middle,2,3,0,8,1,1,1,0.3,,16.0,,33.333333333333336,33.333333333333336
raw_f0caabec_a07a_4e73_b2cc_80ec6f10d3c2,Arnav Koushik,Arnav Koushik,Two Day,New Ball,1,21,0,13,11,0,2,3.3,,3.7142857142857144,,52.38095238095238,0.0
raw_f0caabec_a07a_4e73_b2cc_80ec6f10d3c2,Arnav Koushik,Arnav Koushik,Two Day,Older Ball,2,31,2,27,17,4,4,5.1,13.5,5.225806451612903,15.5,54.83870967741935,12.903225806451612
raw_0be1e48f_04b0_4ed2_b9c3_870062d8880f,Arnav Kulkarni,Arnav Kulkarni,One Day,Opening,1,24,1,14,16,2,4,4.0,14.0,3.5,24.0,66.66666666666667,8.333333333333334
raw_0be1e48f_04b0_4ed2_b9c3_870062d8880f,Arnav Kulkarni,Arnav Kulkarni,One Day,Middle,2,31,0,15,19,1,4,5.1,,2.903225806451613,,61.29032258064516,3.225806451612903
raw_58a7fca9_3b85_4e07_9949_7e18fa1d8564,Arnav Tyagi,Arnav Tyagi,One Day,Opening,1,47,0,26,32,2,10,7.5,,3.3191489361702127,,68.08510638297872,4.25531914893617
raw_58a7fca9_3b85_4e07_9949_7e18fa1d8564,Arnav Tyagi,Arnav Tyagi,One Day,Middle,2,134,10,72,96,9,16,22.2,7.2,3.2238805970149254,13.4,71.64179104477611,6.7164179104477615
raw_58a7fca9_3b85_4e07_9949_7e18fa1d8564,Arnav Tyagi,Arnav Tyagi,Two Day,Older Ball,2,7,1,3,5,0,2,1.1,3.0,2.5714285714285716,7.0,71.42857142857143,0.0
raw_741a65a7_344a_4dad_b8bd_e6dbef2bc2f9,Arnav Vinil Meti,Arnav Vinil Meti,One Day,Opening,1,18,0,11,10,1,2,3.0,,3.6666666666666665,,55.55555555555556,5.555555555555555
raw_741a65a7_344a_4dad_b8bd_e6dbef2bc2f9,Arnav Vinil Meti,Arnav Vinil Meti,One Day,Middle,2,22,0,22,9,2,3,3.4,,6.0,,40.90909090909091,9.090909090909092
raw_c8e60892_142e_4f4a_a94c_2ac558bc9c45,Arsh Khiani,Arsh Khiani,Two Day,New Ball,1,33,0,19,22,2,3,5.3,,3.4545454545454546,,66.66666666666667,6.0606060606060606
raw_c8e60892_142e_4f4a_a94c_2ac558bc9c45,Arsh Khiani,Arsh Khiani,Two Day,Older Ball,2,23,2,26,11,3,2,3.5,13.0,6.782608695652174,11.5,47.82608695652174,13.043478260869565
raw_7534466a_d4ac_4667_a080_ec8116b20e6a,Arsh Mahajan,Arsh Mahajan,One Day,Opening,1,64,3,35,47,3,11,10.4,11.666666666666666,3.28125,21.333333333333332,73.4375,4.6875
raw_7534466a_d4ac_4667_a080_ec8116b20e6a,Arsh Mahajan,Arsh Mahajan,One Day,Middle,2,95,1,44,73,6,12,15.5,44.0,2.778947368421053,95.0,76.84210526315789,6.315789473684211
raw_7534466a_d4ac_4667_a080_ec8116b20e6a,Arsh Mahajan,Arsh Mahajan,Two Day,Older Ball,2,12,1,0,12,0,1,2.0,0.0,0.0,12.0,100.0,0.0
raw_7ebc3350_3efe_4d6f_88f6_2b3a0a568a8d,Arun Chelvan,Arun Chelvan,One Day,Opening,1,700,16,527,465,74,36,116.4,32.9375,4.517142857142857,43.75,66.42857142857143,10.571428571428571
raw_7ebc3350_3efe_4d6f_88f6_2b3a0a568a8d,Arun Chelvan,Arun Chelvan,One Day,Middle,2,418,6,289,264,36,30,69.4,48.166666666666664,4.148325358851674,69.66666666666667,63.1578947368421,8.61244019138756
raw_7ebc3350_3efe_4d6f_88f6_2b3a0a568a8d,Arun Chelvan,Arun Chelvan,One Day,Death,3,462,23,490,170,39,29,77.0,21.304347826086957,6.363636363636363,20.08695652173913,36.7965367965368,8.441558441558442
raw_7ebc3350_3efe_4d6f_88f6_2b3a0a568a8d,Arun Chelvan,Arun Chelvan,T20,Opening,1,132,4,185,48,27,15,22.0,46.25,8.409090909090908,33.0,36.36363636363637,20.454545454545453
raw_7ebc3350_3efe_4d6f_88f6_2b3a0a568a8d,Arun Chelvan,Arun Chelvan,T20,Middle,2,216,12,219,88,21,20,36.0,18.25,6.083333333333333,18.0,40.74074074074074,9.722222222222221
raw_7ebc3350_3efe_4d6f_88f6_2b3a0a568a8d,Arun Chelvan,Arun Chelvan,T20,Death,3,98,10,127,25,10,12,16.2,12.7,7.775510204081633,9.8,25.510204081632654,10.204081632653061
raw_7ebc3350_3efe_4d6f_88f6_2b3a0a568a8d,Arun Chelvan,Arun Chelvan,Two Day,New Ball,1,1090,22,549,856,67,27,181.4,24.954545454545453,3.022018348623853,49.54545454545455,78.53211009174312,6.146788990825688
raw_7ebc3350_3efe_4d6f_88f6_2b3a0a568a8d,Arun Chelvan,Arun Chelvan,Two Day,Older Ball,2,2033,50,979,1560,110,26,338.5,19.58,2.8893261190359074,40.66,76.73389080177078,5.410723069355632
raw_f65dd60d_be8e_4b1b_8ee3_b77419ffd4f5,Aryan Bhola,Aryan Bhola,One Day,Middle,2,18,0,18,11,3,2,3.0,,6.0,,61.111111111111114,16.666666666666668
raw_f65dd60d_be8e_4b1b_8ee3_b77419ffd4f5,Aryan Bhola,Aryan Bhola,Two Day,New Ball,1,17,0,15,10,2,4,2.5,,5.294117647058823,,58.8235294117647,11.764705882352942
raw_f65dd60d_be8e_4b1b_8ee3_b77419ffd4f5,Aryan Bhola,Aryan Bhola,Two Day,Older Ball,2,23,1,18,16,3,3,3.5,18.0,4.695652173913044,23.0,69.56521739130434,13.043478260869565
raw_2b1881c0_513a_4b52_8dbc_9bbbf9a0fdc1,Aryan Patel,Aryan Patel,One Day,Opening,1,29,0,18,18,2,4,4.5,,3.7241379310344827,,62.06896551724138,6.896551724137931
raw_2b1881c0_513a_4b52_8dbc_9bbbf9a0fdc1,Aryan Patel,Aryan Patel,One Day,Middle,2,51,1,25,33,2,6,8.3,25.0,2.9411764705882355,51.0,64.70588235294117,3.9215686274509802
raw_2b1881c0_513a_4b52_8dbc_9bbbf9a0fdc1,Aryan Patel,Aryan Patel,Two Day,New Ball,1,27,1,10,20,1,4,4.3,10.0,2.2222222222222223,27.0,74.07407407407408,3.7037037037037037
raw_2b1881c0_513a_4b52_8dbc_9bbbf9a0fdc1,Aryan Patel,Aryan Patel,Two Day,Older Ball,2,34,1,8,27,0,3,5.4,8.0,1.411764705882353,34.0,79.41176470588235,0.0
raw_bc708f08_8662_4bfb_8b33_018d57fa108b,Aryan Shah,Aryan Shah,One Day,Opening,1,9,0,1,8,0,2,1.3,,0.6666666666666666,,88.88888888888889,0.0
raw_bc708f08_8662_4bfb_8b33_018d57fa108b,Aryan Shah,Aryan Shah,One Day,Middle,2,42,1,15,31,1,4,7.0,15.0,2.142857142857143,42.0,73.80952380952381,2.380952380952381
raw_bc708f08_8662_4bfb_8b33_018d57fa108b,Aryan Shah,Aryan Shah,Two Day,New Ball,1,32,1,21,19,2,4,5.2,21.0,3.9375,32.0,59.375,6.25
raw_bc708f08_8662_4bfb_8b33_018d57fa108b,Aryan Shah,Aryan Shah,Two Day,Older Ball,2,23,3,7,17,0,3,3.5,2.3333333333333335,1.826086956521739,7.666666666666667,73.91304347826087,0.0
raw_38366c50_7029_4c54_987a_df0fa8e638fb,Ashen Kodituwakku,Ashen Kodituwakku,One Day,Opening,1,122,2,55,88,7,19,20.2,27.5,2.7049180327868854,61.0,72.1311475409836,5.737704918032787
raw_38366c50_7029_4c54_987a_df0fa8e638fb,Ashen Kodituwakku,Ashen Kodituwakku,One Day,Middle,2,138,6,42,110,4,20,23.0,7.0,1.826086956521739,23.0,79.71014492753623,2.898550724637681
raw_38366c50_7029_4c54_987a_df0fa8e638fb,Ashen Kodituwakku,Ashen Kodituwakku,Two Day,New Ball,1,45,5,10,36,0,5,7.3,2.0,1.3333333333333333,9.0,80.0,0.0
raw_38366c50_7029_4c54_987a_df0fa8e638fb,Ashen Kodituwakku,Ashen Kodituwakku,Two Day,Older Ball,2,59,1,13,48,0,6,9.5,13.0,1.3220338983050848,59.0,81.35593220338983,0.0
raw_c1b7c9af_0961_40af_b2d6_7fd84ca7e8eb,Ashish Gadhia,Ashish Gadhia,One Day,Opening,1,120,1,60,89,7,6,20.0,60.0,3.0,120.0,74.16666666666667,5.833333333333333
raw_c1b7c9af_0961_40af_b2d6_7fd84ca7e8eb,Ashish Gadhia,Ashish Gadhia,One Day,Middle,2,60,0,42,31,2,5,10.0,,4.2,,51.666666666666664,3.3333333333333335
raw_c1b7c9af_0961_40af_b2d6_7fd84ca7e8eb,Ashish Gadhia,Ashish Gadhia,One Day,Death,3,42,2,46,14,4,4,7.0,23.0,6.571428571428571,21.0,33.333333333333336,9.523809523809524
raw_c1b7c9af_0961_40af_b2d6_7fd84ca7e8eb,Ashish Gadhia,Ashish Gadhia,T20,Opening,1,18,1,17,10,2,2,3.0,17.0,5.666666666666667,18.0,55.55555555555556,11.11111111111111
raw_c1b7c9af_0961_40af_b2d6_7fd84ca7e8eb,Ashish Gadhia,Ashish Gadhia,T20,Middle,2,18,1,34,5,5,2,3.0,34.0,11.333333333333334,18.0,27.77777777777778,27.77777777777778
raw_c1b7c9af_0961_40af_b2d6_7fd84ca7e8eb,Ashish Gadhia,Ashish Gadhia,Two Day,Older Ball,2,390,6,152,307,16,7,65.0,25.333333333333332,2.3384615384615386,65.0,78.71794871794872,4.102564102564102
raw_819e5681_4dff_4cd6_8cef_3922622d00d9,Ashton Scott,Ashton Scott,One Day,Opening,1,50,0,29,36,5,10,8.2,,3.48,,72.0,10.0
raw_819e5681_4dff_4cd6_8cef_3922622d00d9,Ashton Scott,Ashton Scott,One Day,Middle,2,63,2,47,36,5,10,10.3,23.5,4.476190476190476,31.5,57.142857142857146,7.936507936507937
raw_02f0af3b_5b8e_47c0_801f_ecb01dcf1abc,Ashwin Krishna,Ashwin Krishna,Two Day,Older Ball,2,36,0,15,26,1,2,6.0,,2.5,,72.22222222222223,2.7777777777777777
raw_d18a1703_c4e8_41c6_bb53_d480b8cb34ad,Aum Patel,Aum Patel,One Day,Opening,1,48,0,35,27,3,9,8.0,,4.375,,56.25,6.25
raw_d18a1703_c4e8_41c6_bb53_d480b8cb34ad,Aum Patel,Aum Patel,One Day,Middle,2,47,0,43,22,5,9,7.5,,5.48936170212766,,46.808510638297875,10.638297872340425
austin_swamy,Austin Swamy,Austin Swamy,One Day,Opening,1,35,0,28,25,4,3,5.5,,4.8,,71.42857142857143,11.428571428571429
austin_swamy,Austin Swamy,Austin Swamy,One Day,Middle,2,107,2,86,60,8,4,17.5,43.0,4.822429906542056,53.5,56.074766355140184,7.4766355140186915
austin_swamy,Austin Swamy,Austin Swamy,One Day,Death,3,36,2,25,18,1,2,6.0,12.5,4.166666666666667,18.0,50.0,2.7777777777777777
austin_swamy,Austin Swamy,Austin Swamy,T20,Opening,1,18,1,14,7,0,1,3.0,14.0,4.666666666666667,18.0,38.888888888888886,0.0
austin_swamy,Austin Swamy,Austin Swamy,T20,Middle,2,24,1,28,7,2,3,4.0,28.0,7.0,24.0,29.166666666666668,8.333333333333334
austin_swamy,Austin Swamy,Austin Swamy,T20,Death,3,24,2,40,6,5,2,4.0,20.0,10.0,12.0,25.0,20.833333333333332
austin_swamy,Austin Swamy,Austin Swamy,Two Day,New Ball,1,60,0,35,44,6,3,10.0,,3.5,,73.33333333333333,10.0
austin_swamy,Austin Swamy,Austin Swamy,Two Day,Older Ball,2,106,4,61,77,5,4,17.4,15.25,3.452830188679245,26.5,72.64150943396227,4.716981132075472
raw_4263a799_b1ed_43bd_ae39_46b28b0ea1fa,Auzburt Tellis,Auzburt Tellis,Two Day,Older Ball,2,36,1,33,22,5,1,6.0,33.0,5.5,36.0,61.111111111111114,13.88888888888889
raw_e81d27db_8631_4944_be94_cba16df7f569,Avnish Thakur,Avnish Thakur,One Day,Opening,1,24,1,5,20,0,4,4.0,5.0,1.25,24.0,83.33333333333333,0.0
raw_e81d27db_8631_4944_be94_cba16df7f569,Avnish Thakur,Avnish Thakur,One Day,Middle,2,32,3,14,22,0,4,5.2,4.666666666666667,2.625,10.666666666666666,68.75,0.0
raw_e81d27db_8631_4944_be94_cba16df7f569,Avnish Thakur,Avnish Thakur,Two Day,New Ball,1,96,6,29,73,1,10,16.0,4.833333333333333,1.8125,16.0,76.04166666666667,1.0416666666666667
raw_e81d27db_8631_4944_be94_cba16df7f569,Avnish Thakur,Avnish Thakur,Two Day,Older Ball,2,154,4,67,113,6,11,25.4,16.75,2.6103896103896105,38.5,73.37662337662337,3.896103896103896
raw_3a187501_238a_4dd0_8e07_1d4de480379c,Ayaan Badyal,Ayaan Badyal,One Day,Middle,2,10,1,3,7,0,1,1.4,3.0,1.8,10.0,70.0,0.0
raw_3a187501_238a_4dd0_8e07_1d4de480379c,Ayaan Badyal,Ayaan Badyal,Two Day,New Ball,1,30,2,10,23,0,3,5.0,5.0,2.0,15.0,76.66666666666667,0.0
raw_3a187501_238a_4dd0_8e07_1d4de480379c,Ayaan Badyal,Ayaan Badyal,Two Day,Older Ball,2,64,1,37,43,3,2,10.4,37.0,3.46875,64.0,67.1875,4.6875
raw_695c191d_bcf4_44ce_aa4c_e94092aca16f,Ayansh Dhariwal,Ayansh Dhariwal,One Day,Opening,1,62,1,55,24,4,9,10.2,55.0,5.32258064516129,62.0,38.70967741935484,6.451612903225806
raw_695c191d_bcf4_44ce_aa4c_e94092aca16f,Ayansh Dhariwal,Ayansh Dhariwal,One Day,Middle,2,38,1,25,19,1,6,6.2,25.0,3.9473684210526314,38.0,50.0,2.6315789473684212
raw_75e5be95_4d1a_497d_be7d_839df364d4ad,Bailey Elder,Bailey Elder,One Day,Opening,1,10,0,2,9,0,1,1.4,,1.2,,90.0,0.0
raw_75e5be95_4d1a_497d_be7d_839df364d4ad,Bailey Elder,Bailey Elder,One Day,Middle,2,125,9,120,67,13,9,20.5,13.333333333333334,5.76,13.88888888888889,53.6,10.4
raw_5bad4455_38c3_41dc_8d31_86a542954573,Ben Noonan,Ben Noonan,One Day,Opening,1,30,2,34,13,2,2,5.0,17.0,6.8,15.0,43.333333333333336,6.666666666666667
raw_5bad4455_38c3_41dc_8d31_86a542954573,Ben Noonan,Ben Noonan,One Day,Middle,2,79,5,57,46,5,6,13.1,11.4,4.329113924050633,15.8,58.22784810126582,6.329113924050633
raw_5bad4455_38c3_41dc_8d31_86a542954573,Ben Noonan,Ben Noonan,T20,Middle,2,42,2,37,25,5,2,7.0,18.5,5.285714285714286,21.0,59.523809523809526,11.904761904761905
raw_5bad4455_38c3_41dc_8d31_86a542954573,Ben Noonan,Ben Noonan,T20,Death,3,6,0,6,2,0,1,1.0,,6.0,,33.333333333333336,0.0
raw_5bad4455_38c3_41dc_8d31_86a542954573,Ben Noonan,Ben Noonan,Two Day,New Ball,1,92,3,47,67,2,5,15.2,15.666666666666666,3.0652173913043477,30.666666666666668,72.82608695652173,2.1739130434782608
raw_5bad4455_38c3_41dc_8d31_86a542954573,Ben Noonan,Ben Noonan,Two Day,Older Ball,2,148,6,115,89,12,6,24.4,19.166666666666668,4.662162162162162,24.666666666666668,60.13513513513514,8.108108108108109
raw_fde3f86a_07e5_4952_b03d_db74c0012b4f,Ben Raymond,Ben Raymond,One Day,Middle,2,6,0,13,2,3,1,1.0,,13.0,,33.333333333333336,50.0
raw_984e5f49_ef33_4b20_a422_42c4c1f4b460,Ben Wellman,Ben Wellman,One Day,Middle,2,12,0,12,7,2,1,2.0,,6.0,,58.333333333333336,16.666666666666668
raw_984e5f49_ef33_4b20_a422_42c4c1f4b460,Ben Wellman,Ben Wellman,Two Day,New Ball,1,29,0,18,19,2,3,4.5,,3.7241379310344827,,65.51724137931035,6.896551724137931
raw_984e5f49_ef33_4b20_a422_42c4c1f4b460,Ben Wellman,Ben Wellman,Two Day,Older Ball,2,80,1,63,44,6,6,13.2,63.0,4.725,80.0,55.0,7.5
raw_179b8461_d1d6_4373_99e3_561ac823dc98,Bhargav Vadhiraja Srinivas,Bhargav Vadhiraja Srinivas,One Day,Middle,2,66,0,56,40,6,3,11.0,,5.090909090909091,,60.60606060606061,9.090909090909092
raw_179b8461_d1d6_4373_99e3_561ac823dc98,Bhargav Vadhiraja Srinivas,Bhargav Vadhiraja Srinivas,Two Day,Older Ball,2,278,0,177,181,19,5,46.2,,3.820143884892086,,65.10791366906474,6.83453237410072
raw_706d3d40_166f_404c_aded_d194f3278cdd,Bhragath Mahendrarajah,Bhragath Mahendrarajah,One Day,Middle,2,42,0,36,25,3,3,7.0,,5.142857142857143,,59.523809523809526,7.142857142857143
raw_706d3d40_166f_404c_aded_d194f3278cdd,Bhragath Mahendrarajah,Bhragath Mahendrarajah,One Day,Death,3,58,1,51,25,3,4,9.4,51.0,5.275862068965517,58.0,43.10344827586207,5.172413793103448
raw_706d3d40_166f_404c_aded_d194f3278cdd,Bhragath Mahendrarajah,Bhragath Mahendrarajah,T20,Opening,1,12,0,16,5,3,1,2.0,,8.0,,41.666666666666664,25.0
raw_8fc07352_380c_4d27_8b75_427d016dca9c,Bivaan Negi,Bivaan Negi,One Day,Opening,1,48,2,14,37,1,10,8.0,7.0,1.75,24.0,77.08333333333333,2.0833333333333335
raw_8fc07352_380c_4d27_8b75_427d016dca9c,Bivaan Negi,Bivaan Negi,One Day,Middle,2,63,0,24,51,4,10,10.3,,2.2857142857142856,,80.95238095238095,6.349206349206349
raw_8fc07352_380c_4d27_8b75_427d016dca9c,Bivaan Negi,Bivaan Negi,Two Day,New Ball,1,15,0,7,9,0,2,2.3,,2.8,,60.0,0.0
raw_8fc07352_380c_4d27_8b75_427d016dca9c,Bivaan Negi,Bivaan Negi,Two Day,Older Ball,2,60,2,25,45,2,5,10.0,12.5,2.5,30.0,75.0,3.3333333333333335
biyon_mulleriyawa,Biyon Mulleriyawa,Biyon Mulleriyawa,One Day,Opening,1,133,1,75,84,6,21,22.1,75.0,3.3834586466165413,133.0,63.1578947368421,4.511278195488722
biyon_mulleriyawa,Biyon Mulleriyawa,Biyon Mulleriyawa,One Day,Middle,2,159,8,134,72,10,21,26.3,16.75,5.056603773584905,19.875,45.283018867924525,6.289308176100629
biyon_mulleriyawa,Biyon Mulleriyawa,Biyon Mulleriyawa,Two Day,New Ball,1,81,4,30,57,1,8,13.3,7.5,2.2222222222222223,20.25,70.37037037037037,1.2345679012345678
biyon_mulleriyawa,Biyon Mulleriyawa,Biyon Mulleriyawa,Two Day,Older Ball,2,70,1,25,57,3,7,11.4,25.0,2.142857142857143,70.0,81.42857142857143,4.285714285714286
raw_edf11747_19d4_4da1_b1c1_4820778db42a,Brad Fraser,Brad Fraser,One Day,Opening,1,11,0,9,5,1,1,1.5,,4.909090909090909,,45.45454545454545,9.090909090909092
raw_edf11747_19d4_4da1_b1c1_4820778db42a,Brad Fraser,Brad Fraser,One Day,Middle,2,3,0,1,2,0,1,0.3,,2.0,,66.66666666666667,0.0
raw_edf11747_19d4_4da1_b1c1_4820778db42a,Brad Fraser,Brad Fraser,Two Day,New Ball,1,34,3,10,26,0,3,5.4,3.3333333333333335,1.7647058823529411,11.333333333333334,76.47058823529412,0.0
raw_edf11747_19d4_4da1_b1c1_4820778db42a,Brad Fraser,Brad Fraser,Two Day,Older Ball,2,73,3,63,43,7,5,12.1,21.0,5.178082191780822,24.333333333333332,58.9041095890411,9.58904109589041
raw_35c3305c_dcf2_4d68_be7b_59290890cd9d,Braden Muncey,Braden Muncey,One Day,Opening,1,123,2,136,62,21,10,20.3,68.0,6.634146341463414,61.5,50.40650406504065,17.073170731707318
raw_35c3305c_dcf2_4d68_be7b_59290890cd9d,Braden Muncey,Braden Muncey,One Day,Middle,2,69,6,55,38,7,7,11.3,9.166666666666666,4.782608695652174,11.5,55.072463768115945,10.144927536231885
raw_3f340ae2_5d4c_4229_8d16_d23210e9e7a3,Brock Harvey,Brock Harvey,Two Day,Older Ball,2,42,1,17,31,1,1,7.0,17.0,2.4285714285714284,42.0,73.80952380952381,2.380952380952381
raw_d8b87008_c20f_4576_b0ab_2d2e80765cb4,Bronwyn Miller,Bronwyn Miller,One Day,Opening,1,73,3,65,36,6,7,12.1,21.666666666666668,5.342465753424658,24.333333333333332,49.31506849315068,8.219178082191782
raw_d8b87008_c20f_4576_b0ab_2d2e80765cb4,Bronwyn Miller,Bronwyn Miller,One Day,Middle,2,155,6,85,103,4,14,25.5,14.166666666666666,3.2903225806451615,25.833333333333332,66.45161290322581,2.5806451612903225
raw_d8b87008_c20f_4576_b0ab_2d2e80765cb4,Bronwyn Miller,Bronwyn Miller,T20,Death,3,6,0,3,3,0,1,1.0,,3.0,,50.0,0.0
raw_d8b87008_c20f_4576_b0ab_2d2e80765cb4,Bronwyn Miller,Bronwyn Miller,Two Day,New Ball,1,69,0,41,47,5,4,11.3,,3.5652173913043477,,68.1159420289855,7.246376811594203
raw_d8b87008_c20f_4576_b0ab_2d2e80765cb4,Bronwyn Miller,Bronwyn Miller,Two Day,Older Ball,2,122,2,61,90,6,4,20.2,30.5,3.0,61.0,73.77049180327869,4.918032786885246
raw_5e4ff7bc_b57b_41df_ac7e_a1089e81b9d9,Buvaneka Atulugamage,Buvaneka Atulugamage,One Day,Opening,1,18,0,5,15,0,1,3.0,,1.6666666666666667,,83.33333333333333,0.0
raw_5e4ff7bc_b57b_41df_ac7e_a1089e81b9d9,Buvaneka Atulugamage,Buvaneka Atulugamage,One Day,Middle,2,18,2,10,14,1,1,3.0,5.0,3.3333333333333335,9.0,77.77777777777777,5.555555555555555
raw_c4eece01_a2be_4ef6_a369_4084b07a0fb3,Caia Bungey,Caia Bungey,One Day,Opening,1,156,9,59,108,1,15,26.0,6.555555555555555,2.269230769230769,17.333333333333332,69.23076923076923,0.6410256410256411
raw_c4eece01_a2be_4ef6_a369_4084b07a0fb3,Caia Bungey,Caia Bungey,One Day,Middle,2,90,7,66,53,9,15,15.0,9.428571428571429,4.4,12.857142857142858,58.888888888888886,10.0
raw_f55a8fca_29ad_413a_98b2_c8df1b4d3ebf,Cameron Hocart,Cameron Hocart,One Day,Opening,1,126,1,77,89,10,9,21.0,77.0,3.6666666666666665,126.0,70.63492063492063,7.936507936507937
raw_f55a8fca_29ad_413a_98b2_c8df1b4d3ebf,Cameron Hocart,Cameron Hocart,One Day,Middle,2,468,7,256,300,18,16,78.0,36.57142857142857,3.282051282051282,66.85714285714286,64.1025641025641,3.8461538461538463
raw_f55a8fca_29ad_413a_98b2_c8df1b4d3ebf,Cameron Hocart,Cameron Hocart,One Day,Death,3,95,2,112,27,9,6,15.5,56.0,7.073684210526316,47.5,28.42105263157895,9.473684210526315
raw_f55a8fca_29ad_413a_98b2_c8df1b4d3ebf,Cameron Hocart,Cameron Hocart,T20,Opening,1,30,1,32,11,3,3,5.0,32.0,6.4,30.0,36.666666666666664,10.0
raw_f55a8fca_29ad_413a_98b2_c8df1b4d3ebf,Cameron Hocart,Cameron Hocart,T20,Middle,2,56,3,74,19,10,6,9.2,24.666666666666668,7.928571428571429,18.666666666666668,33.92857142857143,17.857142857142858
raw_f55a8fca_29ad_413a_98b2_c8df1b4d3ebf,Cameron Hocart,Cameron Hocart,T20,Death,3,12,1,9,7,1,2,2.0,9.0,4.5,12.0,58.333333333333336,8.333333333333334
raw_f55a8fca_29ad_413a_98b2_c8df1b4d3ebf,Cameron Hocart,Cameron Hocart,Two Day,New Ball,1,218,1,102,176,13,11,36.2,102.0,2.8073394495412844,218.0,80.73394495412845,5.963302752293578
raw_f55a8fca_29ad_413a_98b2_c8df1b4d3ebf,Cameron Hocart,Cameron Hocart,Two Day,Older Ball,2,747,14,358,558,36,17,124.3,25.571428571428573,2.8755020080321283,53.357142857142854,74.6987951807229,4.819277108433735
raw_235b72df_be81_4226_99a6_e209d6217155,Cameron Power,Cameron Power,One Day,Opening,1,4,0,4,3,1,1,0.4,,6.0,,75.0,25.0
raw_235b72df_be81_4226_99a6_e209d6217155,Cameron Power,Cameron Power,One Day,Middle,2,5,0,12,0,2,1,0.5,,14.4,,0.0,40.0
raw_235b72df_be81_4226_99a6_e209d6217155,Cameron Power,Cameron Power,Two Day,New Ball,1,6,0,11,1,2,1,1.0,,11.0,,16.666666666666668,33.333333333333336
raw_235b72df_be81_4226_99a6_e209d6217155,Cameron Power,Cameron Power,Two Day,Older Ball,2,6,0,9,0,0,1,1.0,,9.0,,0.0,0.0
raw_0b85214f_000a_4cf6_8564_50393d5403eb,Campbell Froelich,Campbell Froelich,One Day,Opening,1,27,0,22,16,3,2,4.3,,4.888888888888889,,59.25925925925926,11.11111111111111
raw_0b85214f_000a_4cf6_8564_50393d5403eb,Campbell Froelich,Campbell Froelich,One Day,Middle,2,6,0,2,4,0,1,1.0,,2.0,,66.66666666666667,0.0
raw_0b85214f_000a_4cf6_8564_50393d5403eb,Campbell Froelich,Campbell Froelich,Two Day,New Ball,1,76,1,56,49,6,6,12.4,56.0,4.421052631578948,76.0,64.47368421052632,7.894736842105263
raw_0b85214f_000a_4cf6_8564_50393d5403eb,Campbell Froelich,Campbell Froelich,Two Day,Older Ball,2,62,3,58,33,8,5,10.2,19.333333333333332,5.612903225806452,20.666666666666668,53.225806451612904,12.903225806451612
raw_0049dae2_1723_408e_a0d6_cd326bdc5e1c,Carlin Thapliyal,Carlin Thapliyal,Two Day,New Ball,1,11,0,7,7,1,1,1.5,,3.8181818181818183,,63.63636363636363,9.090909090909092
raw_eabb3d44_74c1_4271_a8aa_8b718557c92d,Chamin Sandra,Chamin Sandra,One Day,Opening,1,4,0,1,3,0,1,0.4,,1.5,,75.0,0.0
raw_eabb3d44_74c1_4271_a8aa_8b718557c92d,Chamin Sandra,Chamin Sandra,One Day,Middle,2,16,0,9,10,1,2,2.4,,3.375,,62.5,6.25
raw_eabb3d44_74c1_4271_a8aa_8b718557c92d,Chamin Sandra,Chamin Sandra,Two Day,New Ball,1,45,3,16,33,0,6,7.3,5.333333333333333,2.1333333333333333,15.0,73.33333333333333,0.0
raw_eabb3d44_74c1_4271_a8aa_8b718557c92d,Chamin Sandra,Chamin Sandra,Two Day,Older Ball,2,30,0,5,25,0,4,5.0,,1.0,,83.33333333333333,0.0
raw_f40949bc_63b0_40eb_8dc5_73d729243d2f,Chamith Sooriyaarachchi,Chamith Sooriyaarachchi,One Day,Middle,2,24,0,19,17,3,1,4.0,,4.75,,70.83333333333333,12.5
raw_f40949bc_63b0_40eb_8dc5_73d729243d2f,Chamith Sooriyaarachchi,Chamith Sooriyaarachchi,T20,Middle,2,30,0,24,14,1,2,5.0,,4.8,,46.666666666666664,3.3333333333333335
raw_f40949bc_63b0_40eb_8dc5_73d729243d2f,Chamith Sooriyaarachchi,Chamith Sooriyaarachchi,T20,Death,3,12,0,14,4,1,1,2.0,,7.0,,33.333333333333336,8.333333333333334
raw_3f61010c_e3ae_4734_a891_56248b945468,Channa Ekanayake,Channa Ekanayake,Two Day,New Ball,1,12,0,2,10,0,1,2.0,,1.0,,83.33333333333333,0.0
raw_3f61010c_e3ae_4734_a891_56248b945468,Channa Ekanayake,Channa Ekanayake,Two Day,Older Ball,2,47,1,27,34,3,2,7.5,27.0,3.4468085106382977,47.0,72.34042553191489,6.382978723404255
raw_24f3ce45_cbe8_4671_aec7_e680e52f8fda,Charlie Jurberg,Charlie Jurberg,One Day,Middle,2,23,1,17,10,1,2,3.5,17.0,4.434782608695652,23.0,43.47826086956522,4.3478260869565215
raw_24f3ce45_cbe8_4671_aec7_e680e52f8fda,Charlie Jurberg,Charlie Jurberg,Two Day,New Ball,1,56,1,35,31,3,5,9.2,35.0,3.75,56.0,55.357142857142854,5.357142857142857
raw_24f3ce45_cbe8_4671_aec7_e680e52f8fda,Charlie Jurberg,Charlie Jurberg,Two Day,Older Ball,2,57,1,43,34,5,5,9.3,43.0,4.526315789473684,57.0,59.64912280701754,8.771929824561404
chatura_basnayake,Chatura Basnayake,Chatura Basnayake,One Day,Opening,1,30,0,15,19,1,1,5.0,,3.0,,63.333333333333336,3.3333333333333335
chatura_basnayake,Chatura Basnayake,Chatura Basnayake,One Day,Middle,2,205,7,129,136,15,8,34.1,18.428571428571427,3.7756097560975608,29.285714285714285,66.34146341463415,7.317073170731708
chatura_basnayake,Chatura Basnayake,Chatura Basnayake,One Day,Death,3,84,5,79,43,9,6,14.0,15.8,5.642857142857143,16.8,51.19047619047619,10.714285714285714
chatura_basnayake,Chatura Basnayake,Chatura Basnayake,Two Day,New Ball,1,54,0,24,41,2,3,9.0,,2.6666666666666665,,75.92592592592592,3.7037037037037037
chatura_basnayake,Chatura Basnayake,Chatura Basnayake,Two Day,Older Ball,2,228,4,118,174,15,6,38.0,29.5,3.1052631578947367,57.0,76.3157894736842,6.578947368421052
raw_e99e0d36_b262_4d81_a6c9_f3f61f8b25c5,Christopher Healy,Christopher Healy,One Day,Opening,1,84,2,65,49,6,7,14.0,32.5,4.642857142857143,42.0,58.333333333333336,7.142857142857143
raw_e99e0d36_b262_4d81_a6c9_f3f61f8b25c5,Christopher Healy,Christopher Healy,One Day,Middle,2,101,0,80,55,7,9,16.5,,4.752475247524752,,54.45544554455446,6.930693069306931
raw_e99e0d36_b262_4d81_a6c9_f3f61f8b25c5,Christopher Healy,Christopher Healy,Two Day,New Ball,1,83,3,51,52,4,7,13.5,17.0,3.6867469879518073,27.666666666666668,62.65060240963855,4.819277108433735
raw_e99e0d36_b262_4d81_a6c9_f3f61f8b25c5,Christopher Healy,Christopher Healy,Two Day,Older Ball,2,208,6,109,151,13,11,34.4,18.166666666666668,3.144230769230769,34.666666666666664,72.59615384615384,6.25
raw_a007b547_60dc_4377_9820_86fa976315f7,Christopher Toole,Christopher Toole,Two Day,New Ball,1,12,0,4,8,0,1,2.0,,2.0,,66.66666666666667,0.0
raw_a007b547_60dc_4377_9820_86fa976315f7,Christopher Toole,Christopher Toole,Two Day,Older Ball,2,6,1,2,4,0,1,1.0,2.0,2.0,6.0,66.66666666666667,0.0
raw_33f3c881_cf22_4bd2_8af0_898b4419fcd8,Cooper Clothier,Cooper Clothier,Two Day,New Ball,1,9,1,6,6,1,1,1.3,6.0,4.0,9.0,66.66666666666667,11.11111111111111
raw_33f3c881_cf22_4bd2_8af0_898b4419fcd8,Cooper Clothier,Cooper Clothier,Two Day,Older Ball,2,14,0,5,10,0,2,2.2,,2.142857142857143,,71.42857142857143,0.0
raw_5276389e_bd41_427e_9ce5_ac6d8fa3f6cf,Cooper George,Cooper George,Two Day,New Ball,1,36,1,16,27,1,2,6.0,16.0,2.6666666666666665,36.0,75.0,2.7777777777777777
raw_5276389e_bd41_427e_9ce5_ac6d8fa3f6cf,Cooper George,Cooper George,Two Day,Older Ball,2,24,1,8,18,0,1,4.0,8.0,2.0,24.0,75.0,0.0
raw_4d219597_b7ea_47b9_9bd3_bdac9a8d3ff9,Cooper Millard,Cooper Millard,One Day,Middle,2,11,0,11,6,1,1,1.5,,6.0,,54.54545454545455,9.090909090909092
raw_4d219597_b7ea_47b9_9bd3_bdac9a8d3ff9,Cooper Millard,Cooper Millard,Two Day,New Ball,1,30,0,20,15,0,3,5.0,,4.0,,50.0,0.0
raw_4d219597_b7ea_47b9_9bd3_bdac9a8d3ff9,Cooper Millard,Cooper Millard,Two Day,Older Ball,2,83,3,87,40,12,6,13.5,29.0,6.289156626506024,27.666666666666668,48.19277108433735,14.457831325301205
raw_a23d4c2d_683a_4cf9_af02_df477b66f6dd,Cyril Zacharia,Cyril Zacharia,Two Day,Older Ball,2,40,0,26,26,4,3,6.4,,3.9,,65.0,10.0
raw_fdc5ce3f_31f4_4b1f_b786_b0dffc09ead3,Daivik Bose,Daivik Bose,One Day,Opening,1,72,3,33,57,5,11,12.0,11.0,2.75,24.0,79.16666666666667,6.944444444444445
raw_fdc5ce3f_31f4_4b1f_b786_b0dffc09ead3,Daivik Bose,Daivik Bose,One Day,Middle,2,90,3,73,52,10,11,15.0,24.333333333333332,4.866666666666666,30.0,57.77777777777778,11.11111111111111
raw_6b7e6071_7c58_4823_b73e_4763ae067e62,Daminda Mulleriyawa,Daminda Mulleriyawa,One Day,Opening,1,76,2,37,48,2,13,12.4,18.5,2.9210526315789473,38.0,63.1578947368421,2.6315789473684212
raw_6b7e6071_7c58_4823_b73e_4763ae067e62,Daminda Mulleriyawa,Daminda Mulleriyawa,One Day,Middle,2,101,1,56,62,4,14,16.5,56.0,3.3267326732673266,101.0,61.386138613861384,3.9603960396039604
raw_697e8661_4c0b_4f8a_915f_bae8959f1a36,Danidu Perera,Danidu Perera,T20,Opening,1,30,0,48,9,7,3,5.0,,9.6,,30.0,23.333333333333332
raw_697e8661_4c0b_4f8a_915f_bae8959f1a36,Danidu Perera,Danidu Perera,T20,Middle,2,42,0,70,8,10,3,7.0,,10.0,,19.047619047619047,23.80952380952381
raw_697e8661_4c0b_4f8a_915f_bae8959f1a36,Danidu Perera,Danidu Perera,T20,Death,3,12,1,10,5,1,2,2.0,10.0,5.0,12.0,41.666666666666664,8.333333333333334
raw_eb8e72e6_8385_4f51_9c07_de41bcdb6163,Daniel Healy,Daniel Healy,Two Day,New Ball,1,12,0,6,9,1,1,2.0,,3.0,,75.0,8.333333333333334
raw_37a98f42_a9c5_4ae5_ae8a_d892700555a2,Daniel Purdie,Daniel Purdie,One Day,Opening,1,6,0,1,5,0,1,1.0,,1.0,,83.33333333333333,0.0
raw_37a98f42_a9c5_4ae5_ae8a_d892700555a2,Daniel Purdie,Daniel Purdie,One Day,Middle,2,10,0,3,8,0,1,1.4,,1.8,,80.0,0.0
raw_37a98f42_a9c5_4ae5_ae8a_d892700555a2,Daniel Purdie,Daniel Purdie,Two Day,New Ball,1,14,0,14,7,2,2,2.2,,6.0,,50.0,14.285714285714286
raw_37a98f42_a9c5_4ae5_ae8a_d892700555a2,Daniel Purdie,Daniel Purdie,Two Day,Older Ball,2,16,0,10,7,0,2,2.4,,3.75,,43.75,0.0
raw_2548d1cf_7adc_4139_ba4b_449b4f948962,Danish Seth,Danish Seth,One Day,Opening,1,90,3,42,70,6,3,15.0,14.0,2.8,30.0,77.77777777777777,6.666666666666667
raw_2548d1cf_7adc_4139_ba4b_449b4f948962,Danish Seth,Danish Seth,One Day,Middle,2,30,0,16,21,2,3,5.0,,3.2,,70.0,6.666666666666667
raw_2548d1cf_7adc_4139_ba4b_449b4f948962,Danish Seth,Danish Seth,T20,Opening,1,19,0,21,12,4,1,3.1,,6.631578947368421,,63.1578947368421,21.05263157894737
raw_2548d1cf_7adc_4139_ba4b_449b4f948962,Danish Seth,Danish Seth,T20,Death,3,6,0,3,3,0,1,1.0,,3.0,,50.0,0.0
raw_2548d1cf_7adc_4139_ba4b_449b4f948962,Danish Seth,Danish Seth,Two Day,New Ball,1,259,4,97,213,13,7,43.1,24.25,2.247104247104247,64.75,82.23938223938224,5.019305019305019
raw_2548d1cf_7adc_4139_ba4b_449b4f948962,Danish Seth,Danish Seth,Two Day,Older Ball,2,113,8,57,78,1,4,18.5,7.125,3.0265486725663715,14.125,69.02654867256638,0.8849557522123894
raw_7c5e7d23_e3ca_4e21_9447_267abc414f02,Danny Petric,Danny Petric,Two Day,New Ball,1,53,0,29,39,3,2,8.5,,3.2830188679245285,,73.58490566037736,5.660377358490566
raw_7c5e7d23_e3ca_4e21_9447_267abc414f02,Danny Petric,Danny Petric,Two Day,Older Ball,2,14,0,3,11,0,1,2.2,,1.2857142857142858,,78.57142857142857,0.0
raw_9558badb_bb18_4331_aebd_dcd83f7b6f2b,Dante Felix,Dante Felix,One Day,Opening,1,53,2,23,42,4,11,8.5,11.5,2.6037735849056602,26.5,79.24528301886792,7.547169811320755
raw_9558badb_bb18_4331_aebd_dcd83f7b6f2b,Dante Felix,Dante Felix,One Day,Middle,2,49,0,25,34,2,11,8.1,,3.061224489795918,,69.38775510204081,4.081632653061225
raw_592565df_d762_4f45_8b10_550b54771ae6,Danushka Weerasekara,Danushka Weerasekara,One Day,Opening,1,22,0,10,17,1,1,3.4,,2.727272727272727,,77.27272727272727,4.545454545454546
raw_592565df_d762_4f45_8b10_550b54771ae6,Danushka Weerasekara,Danushka Weerasekara,Two Day,New Ball,1,59,2,45,39,3,2,9.5,22.5,4.576271186440678,29.5,66.10169491525424,5.084745762711864
raw_592565df_d762_4f45_8b10_550b54771ae6,Danushka Weerasekara,Danushka Weerasekara,Two Day,Older Ball,2,30,0,20,16,1,2,5.0,,4.0,,53.333333333333336,3.3333333333333335
darren_dineshkumar,Darren Dineshkumar,Darren Dineshkumar,One Day,Opening,1,10,0,8,3,0,2,1.4,,4.8,,30.0,0.0
darren_dineshkumar,Darren Dineshkumar,Darren Dineshkumar,One Day,Middle,2,448,17,351,242,29,27,74.4,20.647058823529413,4.700892857142857,26.352941176470587,54.017857142857146,6.473214285714286
darren_dineshkumar,Darren Dineshkumar,Darren Dineshkumar,One Day,Death,3,42,1,55,21,8,4,7.0,55.0,7.857142857142857,42.0,50.0,19.047619047619047
darren_dineshkumar,Darren Dineshkumar,Darren Dineshkumar,T20,Opening,1,25,1,27,10,3,3,4.1,27.0,6.48,25.0,40.0,12.0
darren_dineshkumar,Darren Dineshkumar,Darren Dineshkumar,T20,Middle,2,36,2,44,8,2,3,6.0,22.0,7.333333333333333,18.0,22.22222222222222,5.555555555555555
darren_dineshkumar,Darren Dineshkumar,Darren Dineshkumar,Two Day,New Ball,1,177,4,87,120,6,10,29.3,21.75,2.9491525423728815,44.25,67.79661016949153,3.389830508474576
darren_dineshkumar,Darren Dineshkumar,Darren Dineshkumar,Two Day,Older Ball,2,749,17,396,513,31,23,124.5,23.294117647058822,3.172229639519359,44.05882352941177,68.4913217623498,4.138851802403204
raw_05ba16c3_fa03_47ab_a49c_7820447de2a6,Darsh Singh,Darsh Singh,One Day,Opening,1,50,1,48,24,6,8,8.2,48.0,5.76,50.0,48.0,12.0
raw_97b4f21e_39e2_4708_ad8a_bc14dd925f00,Darsh Singh,Darsh Singh,One Day,Opening,1,76,1,34,55,4,13,12.4,34.0,2.6842105263157894,76.0,72.36842105263158,5.2631578947368425
raw_05ba16c3_fa03_47ab_a49c_7820447de2a6,Darsh Singh,Darsh Singh,One Day,Middle,2,74,1,30,49,1,11,12.2,30.0,2.4324324324324325,74.0,66.21621621621621,1.3513513513513513
raw_97b4f21e_39e2_4708_ad8a_bc14dd925f00,Darsh Singh,Darsh Singh,One Day,Middle,2,109,3,58,75,7,13,18.1,19.333333333333332,3.1926605504587156,36.333333333333336,68.80733944954129,6.422018348623853
raw_97b4f21e_39e2_4708_ad8a_bc14dd925f00,Darsh Singh,Darsh Singh,Two Day,New Ball,1,40,2,16,32,2,6,6.4,8.0,2.4,20.0,80.0,5.0
raw_97b4f21e_39e2_4708_ad8a_bc14dd925f00,Darsh Singh,Darsh Singh,Two Day,Older Ball,2,38,0,24,23,2,4,6.2,,3.789473684210526,,60.526315789473685,5.2631578947368425
raw_72f77ef1_6a4f_40e8_8b1e_10990a9e216d,David Black,David Black,Two Day,New Ball,1,28,0,18,17,1,3,4.4,,3.857142857142857,,60.714285714285715,3.5714285714285716
raw_72f77ef1_6a4f_40e8_8b1e_10990a9e216d,David Black,David Black,Two Day,Older Ball,2,41,1,24,25,1,3,6.5,24.0,3.5121951219512195,41.0,60.97560975609756,2.4390243902439024
raw_0bd4a7d2_9bf4_4945_bc43_9957abcbed9b,David Delany,David Delany,T20,Opening,1,12,1,2,11,0,1,2.0,2.0,1.0,12.0,91.66666666666667,0.0
raw_0bd4a7d2_9bf4_4945_bc43_9957abcbed9b,David Delany,David Delany,T20,Death,3,12,1,15,5,2,1,2.0,15.0,7.5,12.0,41.666666666666664,16.666666666666668
raw_ec4d1b73_b35b_45f8_8137_c549787d9e6b,Deenu Halke Widanelage,Deenu Halke Widanelage,One Day,Opening,1,24,0,11,14,0,5,4.0,,2.75,,58.333333333333336,0.0
raw_ec4d1b73_b35b_45f8_8137_c549787d9e6b,Deenu Halke Widanelage,Deenu Halke Widanelage,One Day,Middle,2,44,0,32,23,3,5,7.2,,4.363636363636363,,52.27272727272727,6.818181818181818
raw_1871f22e_66fc_47b7_9f53_a806420d62be,Deep Khanchandani,Deep Khanchandani,One Day,Opening,1,42,1,18,30,2,7,7.0,18.0,2.5714285714285716,42.0,71.42857142857143,4.761904761904762
raw_1871f22e_66fc_47b7_9f53_a806420d62be,Deep Khanchandani,Deep Khanchandani,One Day,Middle,2,56,1,37,35,5,8,9.2,37.0,3.9642857142857144,56.0,62.5,8.928571428571429
raw_2280c126_a08f_43b3_b178_70f7084a8e19,Devansh Singhal,Devansh Singhal,One Day,Opening,1,160,9,104,100,10,21,26.4,11.555555555555555,3.9,17.77777777777778,62.5,6.25
raw_2280c126_a08f_43b3_b178_70f7084a8e19,Devansh Singhal,Devansh Singhal,One Day,Middle,2,191,10,140,112,13,21,31.5,14.0,4.397905759162303,19.1,58.638743455497384,6.806282722513089
raw_2280c126_a08f_43b3_b178_70f7084a8e19,Devansh Singhal,Devansh Singhal,Two Day,New Ball,1,63,3,24,49,3,6,10.3,8.0,2.2857142857142856,21.0,77.77777777777777,4.761904761904762
raw_2280c126_a08f_43b3_b178_70f7084a8e19,Devansh Singhal,Devansh Singhal,Two Day,Older Ball,2,64,4,16,52,0,5,10.4,4.0,1.5,16.0,81.25,0.0
raw_42e88d65_50d9_4f96_aa3b_e0c528c99cec,Dhamotharan Kanniyappan,Dhamotharan Kanniyappan,One Day,Middle,2,24,0,27,10,3,2,4.0,,6.75,,41.666666666666664,12.5
raw_42e88d65_50d9_4f96_aa3b_e0c528c99cec,Dhamotharan Kanniyappan,Dhamotharan Kanniyappan,One Day,Death,3,17,2,12,10,1,1,2.5,6.0,4.235294117647059,8.5,58.8235294117647,5.882352941176471
raw_93123a37_ba9d_42dc_8c81_dbcce81da469,Dhanya Kunapuli,Dhanya Kunapuli,One Day,Opening,1,58,3,20,40,0,9,9.4,6.666666666666667,2.0689655172413794,19.333333333333332,68.96551724137932,0.0
raw_93123a37_ba9d_42dc_8c81_dbcce81da469,Dhanya Kunapuli,Dhanya Kunapuli,One Day,Middle,2,66,3,33,41,1,8,11.0,11.0,3.0,22.0,62.121212121212125,1.5151515151515151
raw_25b03223_1a06_44b9_a9d8_ec6d867e5331,Dhasindu Gunathilake,Dhasindu Gunathilake,One Day,Opening,1,21,0,11,14,1,2,3.3,,3.142857142857143,,66.66666666666667,4.761904761904762
raw_25b03223_1a06_44b9_a9d8_ec6d867e5331,Dhasindu Gunathilake,Dhasindu Gunathilake,One Day,Middle,2,5,0,5,3,1,1,0.5,,6.0,,60.0,20.0
raw_25b03223_1a06_44b9_a9d8_ec6d867e5331,Dhasindu Gunathilake,Dhasindu Gunathilake,Two Day,New Ball,1,33,0,18,23,2,3,5.3,,3.272727272727273,,69.6969696969697,6.0606060606060606
raw_25b03223_1a06_44b9_a9d8_ec6d867e5331,Dhasindu Gunathilake,Dhasindu Gunathilake,Two Day,Older Ball,2,30,0,35,12,5,3,5.0,,7.0,,40.0,16.666666666666668
raw_f5951ed4_5fc1_45de_ac74_b6f1db1e0aff,Dheera Wijetunge,Dheera Wijetunge,One Day,Opening,1,83,9,52,48,4,10,13.5,5.777777777777778,3.7590361445783134,9.222222222222221,57.83132530120482,4.819277108433735
raw_f5951ed4_5fc1_45de_ac74_b6f1db1e0aff,Dheera Wijetunge,Dheera Wijetunge,One Day,Middle,2,83,7,47,54,3,8,13.5,6.714285714285714,3.397590361445783,11.857142857142858,65.06024096385542,3.6144578313253013
raw_5b563e01_01c6_442f_a9ef_37f27c869d2a,Dhruv Khera,Dhruv Khera,One Day,Middle,2,11,1,11,5,0,1,1.5,11.0,6.0,11.0,45.45454545454545,0.0
raw_5b563e01_01c6_442f_a9ef_37f27c869d2a,Dhruv Khera,Dhruv Khera,Two Day,New Ball,1,12,0,1,11,0,1,2.0,,0.5,,91.66666666666667,0.0
raw_5b563e01_01c6_442f_a9ef_37f27c869d2a,Dhruv Khera,Dhruv Khera,Two Day,Older Ball,2,34,2,17,24,2,2,5.4,8.5,3.0,17.0,70.58823529411765,5.882352941176471
raw_0a3268a1_daeb_4b38_a66a_8be3de48fb4a,Dihain Lokubalasuriya,Dihain Lokubalasuriya,One Day,Opening,1,97,3,57,63,5,11,16.1,19.0,3.5257731958762886,32.333333333333336,64.94845360824742,5.154639175257732
raw_0a3268a1_daeb_4b38_a66a_8be3de48fb4a,Dihain Lokubalasuriya,Dihain Lokubalasuriya,One Day,Middle,2,123,9,53,88,1,13,20.3,5.888888888888889,2.5853658536585367,13.666666666666666,71.54471544715447,0.8130081300813008
raw_0a3268a1_daeb_4b38_a66a_8be3de48fb4a,Dihain Lokubalasuriya,Dihain Lokubalasuriya,Two Day,New Ball,1,54,6,22,42,2,6,9.0,3.6666666666666665,2.4444444444444446,9.0,77.77777777777777,3.7037037037037037
raw_0a3268a1_daeb_4b38_a66a_8be3de48fb4a,Dihain Lokubalasuriya,Dihain Lokubalasuriya,Two Day,Older Ball,2,36,1,12,29,0,5,6.0,12.0,2.0,36.0,80.55555555555556,0.0
raw_6d09213d_f685_45c1_b0d4_1fc583e0e545,Dishan Malalasekera,Dishan Malalasekera,T20,Opening,1,24,0,22,13,3,2,4.0,,5.5,,54.166666666666664,12.5
raw_6d09213d_f685_45c1_b0d4_1fc583e0e545,Dishan Malalasekera,Dishan Malalasekera,T20,Middle,2,6,0,4,2,0,1,1.0,,4.0,,33.333333333333336,0.0
raw_6d09213d_f685_45c1_b0d4_1fc583e0e545,Dishan Malalasekera,Dishan Malalasekera,T20,Death,3,12,1,27,3,4,2,2.0,27.0,13.5,12.0,25.0,33.333333333333336
raw_19aace6a_fa8b_4917_9ff8_036b5013ca4a,Divam Ghosh,Divam Ghosh,One Day,Opening,1,14,0,22,6,4,4,2.2,,9.428571428571429,,42.857142857142854,28.571428571428573
raw_19aace6a_fa8b_4917_9ff8_036b5013ca4a,Divam Ghosh,Divam Ghosh,One Day,Middle,2,47,2,39,29,6,6,7.5,19.5,4.9787234042553195,23.5,61.702127659574465,12.76595744680851
raw_19aace6a_fa8b_4917_9ff8_036b5013ca4a,Divam Ghosh,Divam Ghosh,Two Day,New Ball,1,6,0,8,2,1,1,1.0,,8.0,,33.333333333333336,16.666666666666668
raw_19aace6a_fa8b_4917_9ff8_036b5013ca4a,Divam Ghosh,Divam Ghosh,Two Day,Older Ball,2,8,1,1,7,0,2,1.2,1.0,0.75,8.0,87.5,0.0
dulaj_madushanka,Dulaj Madushanka,Dulaj Madushanka,One Day,Opening,1,163,3,150,102,25,12,27.1,50.0,5.521472392638037,54.333333333333336,62.576687116564415,15.337423312883436
dulaj_madushanka,Dulaj Madushanka,Dulaj Madushanka,One Day,Middle,2,420,15,293,248,34,19,70.0,19.533333333333335,4.185714285714286,28.0,59.04761904761905,8.095238095238095
dulaj_madushanka,Dulaj Madushanka,Dulaj Madushanka,One Day,Death,3,149,7,176,56,19,14,24.5,25.142857142857142,7.087248322147651,21.285714285714285,37.58389261744966,12.751677852348994
dulaj_madushanka,Dulaj Madushanka,Dulaj Madushanka,T20,Opening,1,30,2,32,14,3,5,5.0,16.0,6.4,15.0,46.666666666666664,10.0
dulaj_madushanka,Dulaj Madushanka,Dulaj Madushanka,T20,Middle,2,91,3,100,38,11,9,15.1,33.333333333333336,6.593406593406593,30.333333333333332,41.75824175824176,12.087912087912088
dulaj_madushanka,Dulaj Madushanka,Dulaj Madushanka,T20,Death,3,42,4,54,13,7,6,7.0,13.5,7.714285714285714,10.5,30.952380952380953,16.666666666666668
dulaj_madushanka,Dulaj Madushanka,Dulaj Madushanka,Two Day,New Ball,1,300,5,107,242,8,11,50.0,21.4,2.14,60.0,80.66666666666667,2.6666666666666665
dulaj_madushanka,Dulaj Madushanka,Dulaj Madushanka,Two Day,Older Ball,2,1162,39,493,921,58,22,193.4,12.64102564102564,2.5456110154905334,29.794871794871796,79.25989672977624,4.991394148020654
raw_6c9fe119_2686_4669_bc58_361986f8cb08,Dulaj Millawabandara,Dulaj Millawabandara,One Day,Opening,1,35,2,27,24,3,3,5.5,13.5,4.628571428571429,17.5,68.57142857142857,8.571428571428571
raw_6c9fe119_2686_4669_bc58_361986f8cb08,Dulaj Millawabandara,Dulaj Millawabandara,One Day,Middle,2,126,4,108,67,11,9,21.0,27.0,5.142857142857143,31.5,53.17460317460318,8.73015873015873
raw_6c9fe119_2686_4669_bc58_361986f8cb08,Dulaj Millawabandara,Dulaj Millawabandara,Two Day,New Ball,1,23,0,15,15,1,2,3.5,,3.9130434782608696,,65.21739130434783,4.3478260869565215
raw_6c9fe119_2686_4669_bc58_361986f8cb08,Dulaj Millawabandara,Dulaj Millawabandara,Two Day,Older Ball,2,78,4,45,51,3,6,13.0,11.25,3.4615384615384617,19.5,65.38461538461539,3.8461538461538463
raw_e47f5540_5c1e_4ec1_8670_85fc630ba676,Dulan Kuruppu,Dulan Kuruppu,Two Day,New Ball,1,4,0,0,4,0,1,0.4,,0.0,,100.0,0.0
raw_97733e24_3386_4019_bb66_6e07e8262e10,Dulina Millawabandara,Dulina Millawabandara,One Day,Opening,1,39,0,50,18,8,4,6.3,,7.6923076923076925,,46.15384615384615,20.512820512820515
raw_97733e24_3386_4019_bb66_6e07e8262e10,Dulina Millawabandara,Dulina Millawabandara,One Day,Middle,2,50,3,35,32,3,4,8.2,11.666666666666666,4.2,16.666666666666668,64.0,6.0
raw_97733e24_3386_4019_bb66_6e07e8262e10,Dulina Millawabandara,Dulina Millawabandara,Two Day,New Ball,1,34,1,6,29,0,3,5.4,6.0,1.0588235294117647,34.0,85.29411764705883,0.0
raw_97733e24_3386_4019_bb66_6e07e8262e10,Dulina Millawabandara,Dulina Millawabandara,Two Day,Older Ball,2,69,1,53,39,5,4,11.3,53.0,4.608695652173913,69.0,56.52173913043478,7.246376811594203
raw_42015b9f_d48c_4fdf_8c1c_9365b825bb52,Dulith Gunaratne,Dulith Gunaratne,One Day,Opening,1,144,5,59,104,3,5,24.0,11.8,2.4583333333333335,28.8,72.22222222222223,2.0833333333333335
raw_42015b9f_d48c_4fdf_8c1c_9365b825bb52,Dulith Gunaratne,Dulith Gunaratne,One Day,Middle,2,36,2,23,22,2,3,6.0,11.5,3.8333333333333335,18.0,61.111111111111114,5.555555555555555
raw_42015b9f_d48c_4fdf_8c1c_9365b825bb52,Dulith Gunaratne,Dulith Gunaratne,One Day,Death,3,54,6,46,24,3,4,9.0,7.666666666666667,5.111111111111111,9.0,44.44444444444444,5.555555555555555
raw_42015b9f_d48c_4fdf_8c1c_9365b825bb52,Dulith Gunaratne,Dulith Gunaratne,T20,Opening,1,48,2,35,28,3,3,8.0,17.5,4.375,24.0,58.333333333333336,6.25
raw_42015b9f_d48c_4fdf_8c1c_9365b825bb52,Dulith Gunaratne,Dulith Gunaratne,T20,Middle,2,24,0,36,6,4,1,4.0,,9.0,,25.0,16.666666666666668
raw_42015b9f_d48c_4fdf_8c1c_9365b825bb52,Dulith Gunaratne,Dulith Gunaratne,T20,Death,3,8,1,16,2,3,2,1.2,16.0,12.0,8.0,25.0,37.5
raw_42015b9f_d48c_4fdf_8c1c_9365b825bb52,Dulith Gunaratne,Dulith Gunaratne,Two Day,New Ball,1,60,1,24,47,1,2,10.0,24.0,2.4,60.0,78.33333333333333,1.6666666666666667
raw_42015b9f_d48c_4fdf_8c1c_9365b825bb52,Dulith Gunaratne,Dulith Gunaratne,Two Day,Older Ball,2,480,7,273,336,30,7,80.0,39.0,3.4125,68.57142857142857,70.0,6.25
raw_4af9eb68_499f_4fd6_9e82_ddc75e207e4e,Dustin Edge,Dustin Edge,One Day,Opening,1,177,0,91,120,6,28,29.3,,3.0847457627118646,,67.79661016949153,3.389830508474576
raw_4af9eb68_499f_4fd6_9e82_ddc75e207e4e,Dustin Edge,Dustin Edge,One Day,Middle,2,162,3,90,99,6,24,27.0,30.0,3.3333333333333335,54.0,61.111111111111114,3.7037037037037037
raw_0fe2589b_cfbe_430f_b2de_760180df20a3,Dylan Singh,Dylan Singh,One Day,Opening,1,30,1,26,14,1,4,5.0,26.0,5.2,30.0,46.666666666666664,3.3333333333333335
raw_0fe2589b_cfbe_430f_b2de_760180df20a3,Dylan Singh,Dylan Singh,One Day,Middle,2,30,1,8,23,0,5,5.0,8.0,1.6,30.0,76.66666666666667,0.0
raw_9248009f_ae54_47be_bbc8_e13db5774779,Emma Murdica,Emma Murdica,One Day,Opening,1,28,0,12,20,0,4,4.4,,2.5714285714285716,,71.42857142857143,0.0
raw_9248009f_ae54_47be_bbc8_e13db5774779,Emma Murdica,Emma Murdica,One Day,Middle,2,10,0,6,5,0,2,1.4,,3.6,,50.0,0.0
raw_b08384a4_29eb_40f3_9178_2278847efc63,Emmett Webb,Emmett Webb,One Day,Opening,1,83,4,61,44,4,12,13.5,15.25,4.409638554216867,20.75,53.01204819277108,4.819277108433735
raw_b08384a4_29eb_40f3_9178_2278847efc63,Emmett Webb,Emmett Webb,One Day,Middle,2,89,2,65,53,6,10,14.5,32.5,4.382022471910112,44.5,59.550561797752806,6.741573033707865
raw_b08384a4_29eb_40f3_9178_2278847efc63,Emmett Webb,Emmett Webb,Two Day,New Ball,1,43,0,19,33,1,4,7.1,,2.6511627906976742,,76.74418604651163,2.3255813953488373
raw_b08384a4_29eb_40f3_9178_2278847efc63,Emmett Webb,Emmett Webb,Two Day,Older Ball,2,147,7,67,106,5,9,24.3,9.571428571428571,2.7346938775510203,21.0,72.10884353741497,3.401360544217687
raw_44382e76_cd43_4ea9_816e_9bc1fcd31872,Esha Amit Joshi,Esha Amit Joshi,One Day,Opening,1,21,1,9,14,0,3,3.3,9.0,2.5714285714285716,21.0,66.66666666666667,0.0
raw_44382e76_cd43_4ea9_816e_9bc1fcd31872,Esha Amit Joshi,Esha Amit Joshi,One Day,Middle,2,18,1,6,12,0,3,3.0,6.0,2.0,18.0,66.66666666666667,0.0
raw_ba8601d0_557a_400e_a3cf_87902263eff2,Eshaan Sikand,Eshaan Sikand,Two Day,New Ball,1,10,0,6,5,0,1,1.4,,3.6,,50.0,0.0
raw_ba8601d0_557a_400e_a3cf_87902263eff2,Eshaan Sikand,Eshaan Sikand,Two Day,Older Ball,2,10,0,3,7,0,1,1.4,,1.8,,70.0,0.0
raw_ae6aa15e_5370_4f9d_a1b7_54bc20e15784,Ethan Walker,Ethan Walker,T20,Middle,2,12,1,9,6,1,1,2.0,9.0,4.5,12.0,50.0,8.333333333333334
evan_miller,Evan Miller,Evan Miller,One Day,Middle,2,84,0,64,52,8,2,14.0,,4.571428571428571,,61.904761904761905,9.523809523809524
evan_miller,Evan Miller,Evan Miller,T20,Opening,1,36,3,25,19,2,2,6.0,8.333333333333334,4.166666666666667,12.0,52.77777777777778,5.555555555555555
evan_miller,Evan Miller,Evan Miller,T20,Middle,2,48,2,52,19,5,4,8.0,26.0,6.5,24.0,39.583333333333336,10.416666666666666
evan_miller,Evan Miller,Evan Miller,T20,Death,3,12,1,9,4,0,1,2.0,9.0,4.5,12.0,33.333333333333336,0.0
evan_miller,Evan Miller,Evan Miller,Two Day,New Ball,1,18,0,9,12,1,1,3.0,,3.0,,66.66666666666667,5.555555555555555
evan_miller,Evan Miller,Evan Miller,Two Day,Older Ball,2,233,8,131,160,12,3,38.5,16.375,3.3733905579399144,29.125,68.6695278969957,5.150214592274678
raw_01a40ced_0174_4f5c_931d_85ebe9069239,Everett Pereira,Everett Pereira,One Day,Opening,1,10,1,5,9,0,2,1.4,5.0,3.0,10.0,90.0,0.0
raw_01a40ced_0174_4f5c_931d_85ebe9069239,Everett Pereira,Everett Pereira,One Day,Middle,2,10,0,7,6,1,2,1.4,,4.2,,60.0,10.0
raw_26c39e7b_feb6_4cd4_9b5b_f5e5a4568ea7,Evie Bungey,Evie Bungey,One Day,Opening,1,60,3,24,40,1,11,10.0,8.0,2.4,20.0,66.66666666666667,1.6666666666666667
raw_26c39e7b_feb6_4cd4_9b5b_f5e5a4568ea7,Evie Bungey,Evie Bungey,One Day,Middle,2,174,6,100,115,10,19,29.0,16.666666666666668,3.4482758620689653,29.0,66.0919540229885,5.747126436781609
raw_5949db70_58b4_43fa_9e70_3cd4ca51d196,Fabian Di Domenico,Fabian Di Domenico,One Day,Middle,2,14,0,21,4,3,2,2.2,,9.0,,28.571428571428573,21.428571428571427
raw_a0ef267f_04d2_4134_899b_e15ee95d6673,Fazmin Mohamed,Fazmin Mohamed,T20,Opening,1,18,1,24,6,2,1,3.0,24.0,8.0,18.0,33.333333333333336,11.11111111111111
raw_a0ef267f_04d2_4134_899b_e15ee95d6673,Fazmin Mohamed,Fazmin Mohamed,T20,Middle,2,6,1,5,4,1,1,1.0,5.0,5.0,6.0,66.66666666666667,16.666666666666668
raw_6db43992_ebca_47a5_a658_1b68721d184f,Flynn Long,Flynn Long,Two Day,Older Ball,2,16,0,17,6,2,1,2.4,,6.375,,37.5,12.5
raw_66dd6fb1_ce19_4faf_9aff_a3b9ca5f8bf5,Flynn Smith,Flynn Smith,One Day,Opening,1,21,0,22,12,3,2,3.3,,6.285714285714286,,57.142857142857146,14.285714285714286
raw_66dd6fb1_ce19_4faf_9aff_a3b9ca5f8bf5,Flynn Smith,Flynn Smith,One Day,Middle,2,24,2,23,13,1,2,4.0,11.5,5.75,12.0,54.166666666666664,4.166666666666667
raw_66dd6fb1_ce19_4faf_9aff_a3b9ca5f8bf5,Flynn Smith,Flynn Smith,Two Day,New Ball,1,46,3,38,27,4,2,7.4,12.666666666666666,4.956521739130435,15.333333333333334,58.69565217391305,8.695652173913043
raw_66dd6fb1_ce19_4faf_9aff_a3b9ca5f8bf5,Flynn Smith,Flynn Smith,Two Day,Older Ball,2,44,3,21,34,2,3,7.2,7.0,2.8636363636363638,14.666666666666666,77.27272727272727,4.545454545454546
raw_d6021e40_081d_438f_adb6_bdee2ad6066e,Gaatik Guhan,Gaatik Guhan,One Day,Opening,1,11,0,4,7,0,1,1.5,,2.1818181818181817,,63.63636363636363,0.0
raw_d6021e40_081d_438f_adb6_bdee2ad6066e,Gaatik Guhan,Gaatik Guhan,One Day,Middle,2,24,0,27,10,3,2,4.0,,6.75,,41.666666666666664,12.5
raw_d6021e40_081d_438f_adb6_bdee2ad6066e,Gaatik Guhan,Gaatik Guhan,Two Day,New Ball,1,3,0,4,2,1,1,0.3,,8.0,,66.66666666666667,33.333333333333336
raw_d6021e40_081d_438f_adb6_bdee2ad6066e,Gaatik Guhan,Gaatik Guhan,Two Day,Older Ball,2,40,0,30,20,2,4,6.4,,4.5,,50.0,5.0
raw_de10a9f8_cd04_4da0_a1d5_cdbfeda64f19,Garry Malhi,Garry Malhi,One Day,Opening,1,102,3,59,68,6,5,17.0,19.666666666666668,3.4705882352941178,34.0,66.66666666666667,5.882352941176471
raw_de10a9f8_cd04_4da0_a1d5_cdbfeda64f19,Garry Malhi,Garry Malhi,One Day,Middle,2,126,1,85,76,9,7,21.0,85.0,4.0476190476190474,126.0,60.317460317460316,7.142857142857143
raw_de10a9f8_cd04_4da0_a1d5_cdbfeda64f19,Garry Malhi,Garry Malhi,One Day,Death,3,80,2,106,30,13,5,13.2,53.0,7.95,40.0,37.5,16.25
raw_de10a9f8_cd04_4da0_a1d5_cdbfeda64f19,Garry Malhi,Garry Malhi,T20,Opening,1,36,2,45,11,5,3,6.0,22.5,7.5,18.0,30.555555555555557,13.88888888888889
raw_de10a9f8_cd04_4da0_a1d5_cdbfeda64f19,Garry Malhi,Garry Malhi,T20,Middle,2,6,0,6,0,0,1,1.0,,6.0,,0.0,0.0
raw_de10a9f8_cd04_4da0_a1d5_cdbfeda64f19,Garry Malhi,Garry Malhi,T20,Death,3,6,0,8,2,1,1,1.0,,8.0,,33.333333333333336,16.666666666666668
raw_de10a9f8_cd04_4da0_a1d5_cdbfeda64f19,Garry Malhi,Garry Malhi,Two Day,New Ball,1,36,1,45,22,7,2,6.0,45.0,7.5,36.0,61.111111111111114,19.444444444444443
raw_de10a9f8_cd04_4da0_a1d5_cdbfeda64f19,Garry Malhi,Garry Malhi,Two Day,Older Ball,2,78,1,36,61,4,3,13.0,36.0,2.769230769230769,78.0,78.2051282051282,5.128205128205129
raw_caa1da0a_3d9f_4a0b_8144_132d3eaed368,Gaveen Rodrigo,Gaveen Rodrigo,One Day,Opening,1,40,2,25,27,3,5,6.4,12.5,3.75,20.0,67.5,7.5
raw_caa1da0a_3d9f_4a0b_8144_132d3eaed368,Gaveen Rodrigo,Gaveen Rodrigo,One Day,Middle,2,21,1,11,10,0,3,3.3,11.0,3.142857142857143,21.0,47.61904761904762,0.0
raw_f573de81_9be7_4c31_a545_c8ffd689e21b,George Rengith,George Rengith,One Day,Opening,1,33,5,14,23,0,6,5.3,2.8,2.5454545454545454,6.6,69.6969696969697,0.0
raw_f573de81_9be7_4c31_a545_c8ffd689e21b,George Rengith,George Rengith,One Day,Middle,2,53,3,24,40,2,6,8.5,8.0,2.7169811320754715,17.666666666666668,75.47169811320755,3.7735849056603774
raw_f573de81_9be7_4c31_a545_c8ffd689e21b,George Rengith,George Rengith,Two Day,New Ball,1,5,0,3,3,0,1,0.5,,3.6,,60.0,0.0
raw_f573de81_9be7_4c31_a545_c8ffd689e21b,George Rengith,George Rengith,Two Day,Older Ball,2,6,0,2,4,0,1,1.0,,2.0,,66.66666666666667,0.0
raw_f2db1aa9_bf6c_4746_861d_b515a4da1739,Gookul Guhan,Gookul Guhan,One Day,Opening,1,82,3,39,60,4,9,13.4,13.0,2.8536585365853657,27.333333333333332,73.17073170731707,4.878048780487805
raw_f2db1aa9_bf6c_4746_861d_b515a4da1739,Gookul Guhan,Gookul Guhan,One Day,Middle,2,55,1,26,33,0,7,9.1,26.0,2.8363636363636364,55.0,60.0,0.0
raw_f2db1aa9_bf6c_4746_861d_b515a4da1739,Gookul Guhan,Gookul Guhan,Two Day,New Ball,1,78,8,24,65,2,9,13.0,3.0,1.8461538461538463,9.75,83.33333333333333,2.5641025641025643
raw_f2db1aa9_bf6c_4746_861d_b515a4da1739,Gookul Guhan,Gookul Guhan,Two Day,Older Ball,2,40,2,12,32,1,5,6.4,6.0,1.8,20.0,80.0,2.5
raw_237ceb1c_17d7_4296_9506_e785f681755a,Grant Haye,Grant Haye,One Day,Middle,2,6,0,4,2,0,1,1.0,,4.0,,33.333333333333336,0.0
raw_237ceb1c_17d7_4296_9506_e785f681755a,Grant Haye,Grant Haye,Two Day,Older Ball,2,114,3,59,86,9,4,19.0,19.666666666666668,3.1052631578947367,38.0,75.43859649122807,7.894736842105263
greg_mccormick,Greg Mccormick,Greg Mccormick,Two Day,Older Ball,2,60,0,40,35,3,1,10.0,,4.0,,58.333333333333336,5.0
raw_86c09564_7086_4295_ab87_c96d1f6e2909,Gurjap Singh,Gurjap Singh,One Day,Opening,1,11,0,9,6,0,1,1.5,,4.909090909090909,,54.54545454545455,0.0
raw_86c09564_7086_4295_ab87_c96d1f6e2909,Gurjap Singh,Gurjap Singh,One Day,Middle,2,10,0,7,4,0,1,1.4,,4.2,,40.0,0.0
raw_86c09564_7086_4295_ab87_c96d1f6e2909,Gurjap Singh,Gurjap Singh,Two Day,New Ball,1,34,0,20,19,0,3,5.4,,3.5294117647058822,,55.88235294117647,0.0
raw_86c09564_7086_4295_ab87_c96d1f6e2909,Gurjap Singh,Gurjap Singh,Two Day,Older Ball,2,16,0,6,12,0,2,2.4,,2.25,,75.0,0.0
raw_a086b1a1_745a_4071_85f2_e1749f2825a8,Hamish Young,Hamish Young,Two Day,New Ball,1,17,2,5,13,0,1,2.5,2.5,1.7647058823529411,8.5,76.47058823529412,0.0
raw_b465dbd9_3691_456c_97bd_e942514fe993,Hammad Afzal,Hammad Afzal,One Day,Opening,1,30,0,18,24,4,1,5.0,,3.6,,80.0,13.333333333333334
raw_b465dbd9_3691_456c_97bd_e942514fe993,Hammad Afzal,Hammad Afzal,One Day,Middle,2,12,1,6,10,1,1,2.0,6.0,3.0,12.0,83.33333333333333,8.333333333333334
raw_b465dbd9_3691_456c_97bd_e942514fe993,Hammad Afzal,Hammad Afzal,Two Day,New Ball,1,19,0,5,17,0,1,3.1,,1.5789473684210527,,89.47368421052632,0.0
raw_b465dbd9_3691_456c_97bd_e942514fe993,Hammad Afzal,Hammad Afzal,Two Day,Older Ball,2,54,0,33,41,5,2,9.0,,3.6666666666666665,,75.92592592592592,9.25925925925926
hamza_gondal,Hamza Gondal,Hamza Gondal,One Day,Middle,2,5,0,5,3,0,1,0.5,,6.0,,60.0,0.0
hamza_gondal,Hamza Gondal,Hamza Gondal,Two Day,Older Ball,2,12,0,8,10,1,1,2.0,,4.0,,83.33333333333333,8.333333333333334
raw_2bc74a2b_19a5_4e83_a637_95d96d64e3dd,Hardhik Krishna Mendu,Hardhik Krishna Mendu,One Day,Opening,1,22,0,11,13,0,4,3.4,,3.0,,59.09090909090909,0.0
raw_2bc74a2b_19a5_4e83_a637_95d96d64e3dd,Hardhik Krishna Mendu,Hardhik Krishna Mendu,One Day,Middle,2,33,0,3,30,0,5,5.3,,0.5454545454545454,,90.9090909090909,0.0
raw_2664c710_becf_46b8_ac9a_db219e734313,Harindra Krishna Mendu,Harindra Krishna Mendu,One Day,Middle,2,60,2,31,36,2,2,10.0,15.5,3.1,30.0,60.0,3.3333333333333335
raw_2664c710_becf_46b8_ac9a_db219e734313,Harindra Krishna Mendu,Harindra Krishna Mendu,One Day,Death,3,6,0,7,1,0,1,1.0,,7.0,,16.666666666666668,0.0
raw_2664c710_becf_46b8_ac9a_db219e734313,Harindra Krishna Mendu,Harindra Krishna Mendu,T20,Opening,1,6,0,6,3,1,1,1.0,,6.0,,50.0,16.666666666666668
raw_2664c710_becf_46b8_ac9a_db219e734313,Harindra Krishna Mendu,Harindra Krishna Mendu,T20,Middle,2,6,0,3,3,0,1,1.0,,3.0,,50.0,0.0
raw_2664c710_becf_46b8_ac9a_db219e734313,Harindra Krishna Mendu,Harindra Krishna Mendu,Two Day,New Ball,1,66,0,51,50,10,3,11.0,,4.636363636363637,,75.75757575757575,15.151515151515152
raw_2664c710_becf_46b8_ac9a_db219e734313,Harindra Krishna Mendu,Harindra Krishna Mendu,Two Day,Older Ball,2,102,1,89,66,14,4,17.0,89.0,5.235294117647059,102.0,64.70588235294117,13.72549019607843
harindra_mendu,Harindra Mendu,Harindra Mendu,One Day,Opening,1,210,7,85,157,7,17,35.0,12.142857142857142,2.4285714285714284,30.0,74.76190476190476,3.3333333333333335
harindra_mendu,Harindra Mendu,Harindra Mendu,One Day,Middle,2,301,17,253,164,28,22,50.1,14.882352941176471,5.043189368770764,17.705882352941178,54.48504983388705,9.30232558139535
harindra_mendu,Harindra Mendu,Harindra Mendu,One Day,Death,3,43,4,48,23,8,4,7.1,12.0,6.6976744186046515,10.75,53.48837209302326,18.6046511627907
harindra_mendu,Harindra Mendu,Harindra Mendu,T20,Opening,1,6,1,5,4,1,1,1.0,5.0,5.0,6.0,66.66666666666667,16.666666666666668
harindra_mendu,Harindra Mendu,Harindra Mendu,T20,Middle,2,36,0,73,8,10,4,6.0,,12.166666666666666,,22.22222222222222,27.77777777777778
harindra_mendu,Harindra Mendu,Harindra Mendu,Two Day,New Ball,1,189,5,132,124,17,12,31.3,26.4,4.190476190476191,37.8,65.60846560846561,8.994708994708995
harindra_mendu,Harindra Mendu,Harindra Mendu,Two Day,Older Ball,2,379,16,141,293,14,13,63.1,8.8125,2.232189973614776,23.6875,77.30870712401055,3.6939313984168867
raw_ac777130_399c_4a03_8533_dcc7c1d0017c,Harsha Krishna Mendu,Harsha Krishna Mendu,One Day,Opening,1,23,1,4,19,0,2,3.5,4.0,1.0434782608695652,23.0,82.6086956521739,0.0
raw_ac777130_399c_4a03_8533_dcc7c1d0017c,Harsha Krishna Mendu,Harsha Krishna Mendu,One Day,Middle,2,132,2,104,77,12,8,22.0,52.0,4.7272727272727275,66.0,58.333333333333336,9.090909090909092
raw_ac777130_399c_4a03_8533_dcc7c1d0017c,Harsha Krishna Mendu,Harsha Krishna Mendu,One Day,Death,3,12,0,15,5,2,1,2.0,,7.5,,41.666666666666664,16.666666666666668
raw_ac777130_399c_4a03_8533_dcc7c1d0017c,Harsha Krishna Mendu,Harsha Krishna Mendu,Two Day,New Ball,1,43,0,19,32,1,4,7.1,,2.6511627906976742,,74.4186046511628,2.3255813953488373
raw_ac777130_399c_4a03_8533_dcc7c1d0017c,Harsha Krishna Mendu,Harsha Krishna Mendu,Two Day,Older Ball,2,390,3,266,270,38,11,65.0,88.66666666666667,4.092307692307692,130.0,69.23076923076923,9.743589743589743
raw_33657226_9c2d_45be_8585_8645322bf4ff,Harsha Mendu,Harsha Mendu,One Day,Opening,1,66,1,59,38,8,8,11.0,59.0,5.363636363636363,66.0,57.57575757575758,12.121212121212121
raw_33657226_9c2d_45be_8585_8645322bf4ff,Harsha Mendu,Harsha Mendu,One Day,Middle,2,57,5,21,42,1,8,9.3,4.2,2.210526315789474,11.4,73.6842105263158,1.7543859649122806
raw_33657226_9c2d_45be_8585_8645322bf4ff,Harsha Mendu,Harsha Mendu,Two Day,New Ball,1,64,5,32,46,4,5,10.4,6.4,3.0,12.8,71.875,6.25
raw_33657226_9c2d_45be_8585_8645322bf4ff,Harsha Mendu,Harsha Mendu,Two Day,Older Ball,2,85,2,46,60,4,5,14.1,23.0,3.2470588235294118,42.5,70.58823529411765,4.705882352941177
raw_fab3956b_fc67_4b6c_a055_d0a9ef3b93d3,Harshill Jain,Harshill Jain,Two Day,Older Ball,2,54,1,38,34,4,1,9.0,38.0,4.222222222222222,54.0,62.96296296296296,7.407407407407407
raw_ba7366fd_9352_47f5_afde_0bec447b161b,Hasham Sagheer,Hasham Sagheer,Two Day,Older Ball,2,48,0,41,34,8,1,8.0,,5.125,,70.83333333333333,16.666666666666668
havi_shah,Havi Shah,Havi Shah,One Day,Opening,1,22,0,40,3,5,3,3.4,,10.909090909090908,,13.636363636363637,22.727272727272727
havi_shah,Havi Shah,Havi Shah,One Day,Middle,2,51,0,43,22,3,7,8.3,,5.0588235294117645,,43.13725490196079,5.882352941176471
havi_shah,Havi Shah,Havi Shah,Two Day,New Ball,1,47,0,22,31,2,6,7.5,,2.8085106382978724,,65.95744680851064,4.25531914893617
havi_shah,Havi Shah,Havi Shah,Two Day,Older Ball,2,84,1,59,50,6,7,14.0,59.0,4.214285714285714,84.0,59.523809523809526,7.142857142857143
raw_44f84638_9b41_409a_9582_980efbe52240,Havish Katta,Havish Katta,One Day,Opening,1,82,4,32,59,2,8,13.4,8.0,2.341463414634146,20.5,71.95121951219512,2.4390243902439024
raw_44f84638_9b41_409a_9582_980efbe52240,Havish Katta,Havish Katta,One Day,Middle,2,61,3,30,36,0,8,10.1,10.0,2.9508196721311477,20.333333333333332,59.01639344262295,0.0
hayden_selliah,Hayden Selliah,Hayden Selliah,One Day,Opening,1,23,0,7,16,0,2,3.5,,1.826086956521739,,69.56521739130434,0.0
hayden_selliah,Hayden Selliah,Hayden Selliah,One Day,Middle,2,24,1,34,11,7,1,4.0,34.0,8.5,24.0,45.833333333333336,29.166666666666668
hayden_selliah,Hayden Selliah,Hayden Selliah,Two Day,New Ball,1,47,0,34,26,3,4,7.5,,4.340425531914893,,55.319148936170215,6.382978723404255
hayden_selliah,Hayden Selliah,Hayden Selliah,Two Day,Older Ball,2,116,3,114,52,12,7,19.2,38.0,5.896551724137931,38.666666666666664,44.827586206896555,10.344827586206897
raw_d37ad4d0_0849_475d_aca4_8c656d406e3c,Hiten Naik,Hiten Naik,One Day,Opening,1,54,1,23,40,2,11,9.0,23.0,2.5555555555555554,54.0,74.07407407407408,3.7037037037037037
raw_d37ad4d0_0849_475d_aca4_8c656d406e3c,Hiten Naik,Hiten Naik,One Day,Middle,2,59,1,15,47,0,10,9.5,15.0,1.5254237288135593,59.0,79.66101694915254,0.0
raw_c1bfbf0b_446d_457c_8e87_b95b8b4cdc5b,Hodge Tyssen,Hodge Tyssen,One Day,Opening,1,49,2,45,24,4,5,8.1,22.5,5.510204081632653,24.5,48.97959183673469,8.16326530612245
raw_c1bfbf0b_446d_457c_8e87_b95b8b4cdc5b,Hodge Tyssen,Hodge Tyssen,One Day,Middle,2,264,12,222,137,19,17,44.0,18.5,5.045454545454546,22.0,51.89393939393939,7.196969696969697
raw_c1bfbf0b_446d_457c_8e87_b95b8b4cdc5b,Hodge Tyssen,Hodge Tyssen,T20,Opening,1,12,0,18,5,3,1,2.0,,9.0,,41.666666666666664,25.0
raw_c1bfbf0b_446d_457c_8e87_b95b8b4cdc5b,Hodge Tyssen,Hodge Tyssen,T20,Middle,2,42,4,57,15,7,2,7.0,14.25,8.142857142857142,10.5,35.714285714285715,16.666666666666668
raw_c1bfbf0b_446d_457c_8e87_b95b8b4cdc5b,Hodge Tyssen,Hodge Tyssen,T20,Death,3,6,0,9,1,1,1,1.0,,9.0,,16.666666666666668,16.666666666666668
raw_c1bfbf0b_446d_457c_8e87_b95b8b4cdc5b,Hodge Tyssen,Hodge Tyssen,Two Day,New Ball,1,78,1,45,52,4,7,13.0,45.0,3.4615384615384617,78.0,66.66666666666667,5.128205128205129
raw_c1bfbf0b_446d_457c_8e87_b95b8b4cdc5b,Hodge Tyssen,Hodge Tyssen,Two Day,Older Ball,2,214,12,156,133,18,9,35.4,13.0,4.373831775700935,17.833333333333332,62.149532710280376,8.411214953271028
raw_a8bbc19b_5055_47fa_8b70_ebb5860bc8af,Hridhaan Meshram,Hridhaan Meshram,One Day,Opening,1,33,2,19,16,0,5,5.3,9.5,3.4545454545454546,16.5,48.484848484848484,0.0
raw_a8bbc19b_5055_47fa_8b70_ebb5860bc8af,Hridhaan Meshram,Hridhaan Meshram,One Day,Middle,2,51,3,30,31,2,7,8.3,10.0,3.5294117647058822,17.0,60.78431372549019,3.9215686274509802
raw_5c49026b_c009_4843_b6ff_9d0f0fb4cabc,Hrishith Vinodh,Hrishith Vinodh,One Day,Middle,2,12,1,6,9,1,1,2.0,6.0,3.0,12.0,75.0,8.333333333333334
raw_5c49026b_c009_4843_b6ff_9d0f0fb4cabc,Hrishith Vinodh,Hrishith Vinodh,Two Day,New Ball,1,33,1,14,25,2,3,5.3,14.0,2.5454545454545454,33.0,75.75757575757575,6.0606060606060606
raw_5c49026b_c009_4843_b6ff_9d0f0fb4cabc,Hrishith Vinodh,Hrishith Vinodh,Two Day,Older Ball,2,67,2,35,47,5,4,11.1,17.5,3.1343283582089554,33.5,70.14925373134328,7.462686567164179
raw_0fb632dd_a20a_41ed_9a3f_3c6a0037e65a,Hunter Morgan,Hunter Morgan,Two Day,New Ball,1,12,0,4,10,0,1,2.0,,2.0,,83.33333333333333,0.0
raw_241ce136_f5f7_49dd_9cfa_4680ff04f3dc,Ilakkiyan Yathavan,Ilakkiyan Yathavan,One Day,Opening,1,6,0,0,6,0,1,1.0,,0.0,,100.0,0.0
raw_241ce136_f5f7_49dd_9cfa_4680ff04f3dc,Ilakkiyan Yathavan,Ilakkiyan Yathavan,One Day,Middle,2,5,0,3,3,0,1,0.5,,3.6,,60.0,0.0
raw_bdc053fc_ec3b_44bd_955d_f93dfe94946f,Insa Adhikari,Insa Adhikari,One Day,Opening,1,20,1,13,13,2,2,3.2,13.0,3.9,20.0,65.0,10.0
raw_bdc053fc_ec3b_44bd_955d_f93dfe94946f,Insa Adhikari,Insa Adhikari,One Day,Middle,2,40,0,41,19,6,5,6.4,,6.15,,47.5,15.0
raw_bdc053fc_ec3b_44bd_955d_f93dfe94946f,Insa Adhikari,Insa Adhikari,Two Day,New Ball,1,36,0,27,18,0,3,6.0,,4.5,,50.0,0.0
raw_bdc053fc_ec3b_44bd_955d_f93dfe94946f,Insa Adhikari,Insa Adhikari,Two Day,Older Ball,2,55,0,42,31,3,7,9.1,,4.581818181818182,,56.36363636363637,5.454545454545454
raw_fb5f7a1a_1892_48f9_90bb_8544f2c42c3f,Ishaan Dhumatkar,Ishaan Dhumatkar,One Day,Opening,1,13,0,13,6,2,3,2.1,,6.0,,46.15384615384615,15.384615384615385
raw_fb5f7a1a_1892_48f9_90bb_8544f2c42c3f,Ishaan Dhumatkar,Ishaan Dhumatkar,One Day,Middle,2,19,1,12,13,2,3,3.1,12.0,3.789473684210526,19.0,68.42105263157895,10.526315789473685
raw_5dc3a29c_9229_4236_8326_f415dc146b88,Ishan Gadkari,Ishan Gadkari,One Day,Opening,1,55,3,32,34,3,6,9.1,10.666666666666666,3.4909090909090907,18.333333333333332,61.81818181818182,5.454545454545454
raw_5dc3a29c_9229_4236_8326_f415dc146b88,Ishan Gadkari,Ishan Gadkari,One Day,Middle,2,88,5,86,49,14,12,14.4,17.2,5.863636363636363,17.6,55.68181818181818,15.909090909090908
raw_c1b95391_522d_4449_a1d1_cd3e547d343e,Isira Wijetunge,Isira Wijetunge,One Day,Opening,1,61,2,29,39,1,9,10.1,14.5,2.8524590163934427,30.5,63.9344262295082,1.639344262295082
raw_c1b95391_522d_4449_a1d1_cd3e547d343e,Isira Wijetunge,Isira Wijetunge,One Day,Middle,2,40,0,21,27,1,7,6.4,,3.15,,67.5,2.5
raw_134c71dc_75f7_4749_aa5b_9422af329871,Jack Janssen,Jack Janssen,One Day,Middle,2,23,0,8,15,0,2,3.5,,2.0869565217391304,,65.21739130434783,0.0
raw_134c71dc_75f7_4749_aa5b_9422af329871,Jack Janssen,Jack Janssen,Two Day,New Ball,1,32,1,24,17,2,3,5.2,24.0,4.5,32.0,53.125,6.25
raw_134c71dc_75f7_4749_aa5b_9422af329871,Jack Janssen,Jack Janssen,Two Day,Older Ball,2,41,1,15,32,1,4,6.5,15.0,2.1951219512195124,41.0,78.04878048780488,2.4390243902439024
raw_cd8a66fc_a7bb_4ec4_990b_c7fa2448ccc3,Jack Jenkins,Jack Jenkins,One Day,Opening,1,23,1,14,16,0,5,3.5,14.0,3.652173913043478,23.0,69.56521739130434,0.0
raw_cd8a66fc_a7bb_4ec4_990b_c7fa2448ccc3,Jack Jenkins,Jack Jenkins,One Day,Middle,2,19,0,21,7,2,4,3.1,,6.631578947368421,,36.8421052631579,10.526315789473685
raw_c8990de3_a649_424c_957d_438dc7ac08ac,Jade Christensen,Jade Christensen,T20,Opening,1,6,0,1,5,0,1,1.0,,1.0,,83.33333333333333,0.0
raw_c8990de3_a649_424c_957d_438dc7ac08ac,Jade Christensen,Jade Christensen,T20,Middle,2,6,1,7,2,1,1,1.0,7.0,7.0,6.0,33.333333333333336,16.666666666666668
raw_c8990de3_a649_424c_957d_438dc7ac08ac,Jade Christensen,Jade Christensen,T20,Death,3,6,2,7,3,1,1,1.0,3.5,7.0,3.0,50.0,16.666666666666668
raw_dfdcfe70_12bd_42cc_a487_c6dfbeed28a4,Jaegerjeet Sagoo,Jaegerjeet Sagoo,T20,Middle,2,13,0,16,7,3,1,2.1,,7.384615384615385,,53.84615384615385,23.076923076923077
raw_a6721f2e_5831_42c0_be6d_ac7073df8b92,Jahaan Goel,Jahaan Goel,One Day,Opening,1,38,2,15,26,1,5,6.2,7.5,2.3684210526315788,19.0,68.42105263157895,2.6315789473684212
raw_a6721f2e_5831_42c0_be6d_ac7073df8b92,Jahaan Goel,Jahaan Goel,One Day,Middle,2,66,2,20,51,1,9,11.0,10.0,1.8181818181818181,33.0,77.27272727272727,1.5151515151515151
raw_a6721f2e_5831_42c0_be6d_ac7073df8b92,Jahaan Goel,Jahaan Goel,Two Day,New Ball,1,55,2,31,34,3,6,9.1,15.5,3.381818181818182,27.5,61.81818181818182,5.454545454545454
raw_a6721f2e_5831_42c0_be6d_ac7073df8b92,Jahaan Goel,Jahaan Goel,Two Day,Older Ball,2,17,0,7,13,1,2,2.5,,2.4705882352941178,,76.47058823529412,5.882352941176471
raw_7b0c3cbb_bc0b_49ef_a5f2_f94680a178f6,Jai Westbury,Jai Westbury,Two Day,New Ball,1,27,0,5,22,0,2,4.3,,1.1111111111111112,,81.48148148148148,0.0
raw_7b0c3cbb_bc0b_49ef_a5f2_f94680a178f6,Jai Westbury,Jai Westbury,Two Day,Older Ball,2,59,3,36,40,4,4,9.5,12.0,3.6610169491525424,19.666666666666668,67.79661016949153,6.779661016949152
jaimee_ellwood,Jaimee Ellwood,Jaimee Ellwood,One Day,Opening,1,245,8,163,161,18,16,40.5,20.375,3.9918367346938775,30.625,65.71428571428571,7.346938775510204
jaimee_ellwood,Jaimee Ellwood,Jaimee Ellwood,One Day,Middle,2,285,5,224,174,28,23,47.3,44.8,4.71578947368421,57.0,61.05263157894737,9.824561403508772
jaimee_ellwood,Jaimee Ellwood,Jaimee Ellwood,One Day,Death,3,54,0,46,29,6,4,9.0,,5.111111111111111,,53.7037037037037,11.11111111111111
jaimee_ellwood,Jaimee Ellwood,Jaimee Ellwood,T20,Opening,1,132,6,103,70,9,9,22.0,17.166666666666668,4.681818181818182,22.0,53.03030303030303,6.818181818181818
jaimee_ellwood,Jaimee Ellwood,Jaimee Ellwood,T20,Middle,2,162,8,168,72,19,15,27.0,21.0,6.222222222222222,20.25,44.44444444444444,11.728395061728396
jaimee_ellwood,Jaimee Ellwood,Jaimee Ellwood,T20,Death,3,67,6,85,20,10,8,11.1,14.166666666666666,7.611940298507463,11.166666666666666,29.850746268656717,14.925373134328359
jaimee_ellwood,Jaimee Ellwood,Jaimee Ellwood,Two Day,New Ball,1,634,10,280,494,35,25,105.4,28.0,2.6498422712933754,63.4,77.91798107255521,5.520504731861199
jaimee_ellwood,Jaimee Ellwood,Jaimee Ellwood,Two Day,Older Ball,2,617,9,334,455,37,22,102.5,37.111111111111114,3.2479740680713127,68.55555555555556,73.74392220421394,5.996758508914101
raw_60410712_d354_41d1_8da7_71c889b96c60,Jake Burrell,Jake Burrell,Two Day,Older Ball,2,12,1,6,7,0,1,2.0,6.0,3.0,12.0,58.333333333333336,0.0
raw_c5c70bd0_f3a3_43c5_8065_92e6084b94dc,Jake Pascoe,Jake Pascoe,T20,Death,3,6,0,11,1,1,1,1.0,,11.0,,16.666666666666668,16.666666666666668
raw_c5c70bd0_f3a3_43c5_8065_92e6084b94dc,Jake Pascoe,Jake Pascoe,Two Day,Older Ball,2,26,1,15,21,1,3,4.2,15.0,3.4615384615384617,26.0,80.76923076923077,3.8461538461538463
raw_ed2a3c4f_31ae_4fb6_b217_849d1d6731ec,Jake Zinner,Jake Zinner,Two Day,Older Ball,2,6,0,12,0,2,1,1.0,,12.0,,0.0,33.333333333333336
raw_7da2b1b9_d764_4449_a12b_db21c554ba9a,James Anderson,James Anderson,Two Day,Older Ball,2,12,0,11,8,2,2,2.0,,5.5,,66.66666666666667,16.666666666666668
raw_1826fce0_1fd0_4c4e_8ac6_89d277dbc06c,James Fulton,James Fulton,Two Day,Older Ball,2,30,0,24,20,3,3,5.0,,4.8,,66.66666666666667,10.0
raw_3690ac43_3c40_4037_a3f8_afdcc24b44a1,James Harman,James Harman,One Day,Opening,1,9,0,5,7,1,1,1.3,,3.3333333333333335,,77.77777777777777,11.11111111111111
raw_3690ac43_3c40_4037_a3f8_afdcc24b44a1,James Harman,James Harman,One Day,Middle,2,3,0,4,2,1,1,0.3,,8.0,,66.66666666666667,33.333333333333336
raw_3690ac43_3c40_4037_a3f8_afdcc24b44a1,James Harman,James Harman,Two Day,New Ball,1,18,1,11,14,2,3,3.0,11.0,3.6666666666666665,18.0,77.77777777777777,11.11111111111111
raw_3690ac43_3c40_4037_a3f8_afdcc24b44a1,James Harman,James Harman,Two Day,Older Ball,2,36,0,21,27,4,3,6.0,,3.5,,75.0,11.11111111111111
james_jarvis,James Jarvis,James Jarvis,One Day,Middle,2,84,2,87,39,11,5,14.0,43.5,6.214285714285714,42.0,46.42857142857143,13.095238095238095
james_jarvis,James Jarvis,James Jarvis,T20,Middle,2,30,1,28,9,1,2,5.0,28.0,5.6,30.0,30.0,3.3333333333333335
james_jarvis,James Jarvis,James Jarvis,T20,Death,3,6,0,6,3,1,1,1.0,,6.0,,50.0,16.666666666666668
james_jarvis,James Jarvis,James Jarvis,Two Day,New Ball,1,18,0,17,10,3,2,3.0,,5.666666666666667,,55.55555555555556,16.666666666666668
james_jarvis,James Jarvis,James Jarvis,Two Day,Older Ball,2,202,3,227,107,37,7,33.4,75.66666666666667,6.742574257425742,67.33333333333333,52.97029702970297,18.316831683168317
raw_aa1ddda7_b036_405c_a0c7_a6b7250da55d,James Morley,James Morley,One Day,Opening,1,96,2,60,64,7,4,16.0,30.0,3.75,48.0,66.66666666666667,7.291666666666667
raw_aa1ddda7_b036_405c_a0c7_a6b7250da55d,James Morley,James Morley,One Day,Middle,2,6,0,3,3,0,1,1.0,,3.0,,50.0,0.0
raw_aa1ddda7_b036_405c_a0c7_a6b7250da55d,James Morley,James Morley,One Day,Death,3,36,0,30,17,3,2,6.0,,5.0,,47.22222222222222,8.333333333333334
raw_aa1ddda7_b036_405c_a0c7_a6b7250da55d,James Morley,James Morley,T20,Opening,1,44,1,60,20,8,5,7.2,60.0,8.181818181818182,44.0,45.45454545454545,18.181818181818183
raw_aa1ddda7_b036_405c_a0c7_a6b7250da55d,James Morley,James Morley,T20,Middle,2,30,0,34,10,3,4,5.0,,6.8,,33.333333333333336,10.0
raw_aa1ddda7_b036_405c_a0c7_a6b7250da55d,James Morley,James Morley,T20,Death,3,6,0,5,2,0,1,1.0,,5.0,,33.333333333333336,0.0
raw_aa1ddda7_b036_405c_a0c7_a6b7250da55d,James Morley,James Morley,Two Day,New Ball,1,90,2,50,68,7,3,15.0,25.0,3.3333333333333335,45.0,75.55555555555556,7.777777777777778
raw_aa1ddda7_b036_405c_a0c7_a6b7250da55d,James Morley,James Morley,Two Day,Older Ball,2,181,6,55,149,5,3,30.1,9.166666666666666,1.8232044198895028,30.166666666666668,82.32044198895028,2.7624309392265194
raw_4fc883ae_61f1_4cb6_be47_80d5259b5c33,James Polgar,James Polgar,One Day,Opening,1,134,5,112,75,14,9,22.2,22.4,5.014925373134329,26.8,55.97014925373134,10.447761194029852
raw_4fc883ae_61f1_4cb6_be47_80d5259b5c33,James Polgar,James Polgar,One Day,Middle,2,63,1,78,28,10,7,10.3,78.0,7.428571428571429,63.0,44.44444444444444,15.873015873015873
james_stevenson,James Stevenson,James Stevenson,T20,Middle,2,12,1,18,4,2,1,2.0,18.0,9.0,12.0,33.333333333333336,16.666666666666668
raw_936c3562_b8a7_496c_9c66_cb2c8a531127,Januda Weerasinghe,Januda Weerasinghe,One Day,Middle,2,12,1,10,8,2,1,2.0,10.0,5.0,12.0,66.66666666666667,16.666666666666668
raw_936c3562_b8a7_496c_9c66_cb2c8a531127,Januda Weerasinghe,Januda Weerasinghe,Two Day,Older Ball,2,45,0,25,30,1,3,7.3,,3.3333333333333335,,66.66666666666667,2.2222222222222223
raw_b8d2d93c_0fc0_4e1f_9671_f1fc051e10d5,Jarrod Greaves,Jarrod Greaves,One Day,Middle,2,18,0,16,8,1,1,3.0,,5.333333333333333,,44.44444444444444,5.555555555555555
raw_d43b1ebb_d25a_4ccd_859e_5a4417d94906,Jashet Ahluwalia,Jashet Ahluwalia,One Day,Opening,1,10,0,10,6,2,1,1.4,,6.0,,60.0,20.0
raw_d43b1ebb_d25a_4ccd_859e_5a4417d94906,Jashet Ahluwalia,Jashet Ahluwalia,One Day,Middle,2,15,0,35,2,6,2,2.3,,14.0,,13.333333333333334,40.0
raw_a0488825_fe97_4f6c_a710_16156b34eb29,Jason Storan,Jason Storan,One Day,Middle,2,24,1,15,18,3,1,4.0,15.0,3.75,24.0,75.0,12.5
raw_a0488825_fe97_4f6c_a710_16156b34eb29,Jason Storan,Jason Storan,One Day,Death,3,25,3,22,11,1,1,4.1,7.333333333333333,5.28,8.333333333333334,44.0,4.0
raw_a0488825_fe97_4f6c_a710_16156b34eb29,Jason Storan,Jason Storan,Two Day,New Ball,1,96,0,36,84,4,2,16.0,,2.25,,87.5,4.166666666666667
raw_a0488825_fe97_4f6c_a710_16156b34eb29,Jason Storan,Jason Storan,Two Day,Older Ball,2,78,2,44,57,4,2,13.0,22.0,3.3846153846153846,39.0,73.07692307692308,5.128205128205129
raw_10de71dd_cfa9_4736_8b01_674d0584b0f5,Jay Singh,Jay Singh,T20,Opening,1,6,1,3,3,0,1,1.0,3.0,3.0,6.0,50.0,0.0
raw_10de71dd_cfa9_4736_8b01_674d0584b0f5,Jay Singh,Jay Singh,T20,Middle,2,42,5,37,21,4,4,7.0,7.4,5.285714285714286,8.4,50.0,9.523809523809524
raw_10de71dd_cfa9_4736_8b01_674d0584b0f5,Jay Singh,Jay Singh,T20,Death,3,12,2,6,7,0,1,2.0,3.0,3.0,6.0,58.333333333333336,0.0
raw_6bbd0664_cc43_48ff_b6ff_06aaf26ec059,Jayden Jeyaweerasingham,Jayden Jeyaweerasingham,One Day,Opening,1,18,1,17,9,2,3,3.0,17.0,5.666666666666667,18.0,50.0,11.11111111111111
raw_6bbd0664_cc43_48ff_b6ff_06aaf26ec059,Jayden Jeyaweerasingham,Jayden Jeyaweerasingham,One Day,Middle,2,19,1,15,12,2,4,3.1,15.0,4.7368421052631575,19.0,63.1578947368421,10.526315789473685
raw_6bbd0664_cc43_48ff_b6ff_06aaf26ec059,Jayden Jeyaweerasingham,Jayden Jeyaweerasingham,Two Day,New Ball,1,9,1,6,5,0,2,1.3,6.0,4.0,9.0,55.55555555555556,0.0
raw_6bbd0664_cc43_48ff_b6ff_06aaf26ec059,Jayden Jeyaweerasingham,Jayden Jeyaweerasingham,Two Day,Older Ball,2,45,1,25,29,3,4,7.3,25.0,3.3333333333333335,45.0,64.44444444444444,6.666666666666667
raw_0831772c_ec7f_4f6e_afdf_79f13e5a7d90,Jayden Thomas,Jayden Thomas,One Day,Opening,1,5,0,6,2,1,1,0.5,,7.2,,40.0,20.0
raw_0831772c_ec7f_4f6e_afdf_79f13e5a7d90,Jayden Thomas,Jayden Thomas,One Day,Middle,2,5,0,2,3,0,1,0.5,,2.4,,60.0,0.0
raw_01b7021f_de14_44d1_97ff_05f75551d73a,Jebin Shrestha,Jebin Shrestha,One Day,Middle,2,5,0,6,1,0,1,0.5,,7.2,,20.0,0.0
raw_c7629893_f2af_46aa_9e89_95f3e01167a6,Jiyaan Shah,Jiyaan Shah,One Day,Opening,1,57,5,26,38,2,5,9.3,5.2,2.736842105263158,11.4,66.66666666666667,3.508771929824561
raw_c7629893_f2af_46aa_9e89_95f3e01167a6,Jiyaan Shah,Jiyaan Shah,One Day,Middle,2,39,3,13,27,0,5,6.3,4.333333333333333,2.0,13.0,69.23076923076923,0.0
raw_7a4b9f2e_377c_4eb2_9349_712bedf62859,Joel Pereira,Joel Pereira,Two Day,New Ball,1,12,1,5,9,0,1,2.0,5.0,2.5,12.0,75.0,0.0
raw_3e1a7925_8b53_433f_af56_8eab1522940c,Johannes Tyssen,Johannes Tyssen,One Day,Opening,1,128,3,98,82,16,11,21.2,32.666666666666664,4.59375,42.666666666666664,64.0625,12.5
raw_3e1a7925_8b53_433f_af56_8eab1522940c,Johannes Tyssen,Johannes Tyssen,One Day,Middle,2,46,2,44,20,3,6,7.4,22.0,5.739130434782608,23.0,43.47826086956522,6.521739130434782
raw_3e1a7925_8b53_433f_af56_8eab1522940c,Johannes Tyssen,Johannes Tyssen,Two Day,New Ball,1,61,3,21,48,2,3,10.1,7.0,2.0655737704918034,20.333333333333332,78.68852459016394,3.278688524590164
raw_3e1a7925_8b53_433f_af56_8eab1522940c,Johannes Tyssen,Johannes Tyssen,Two Day,Older Ball,2,99,4,70,60,8,3,16.3,17.5,4.242424242424242,24.75,60.60606060606061,8.080808080808081
raw_926e7f88_0dd6_4211_b320_bbe55ef2429a,Jordan Connell,Jordan Connell,Two Day,New Ball,1,12,0,15,5,2,1,2.0,,7.5,,41.666666666666664,16.666666666666668
raw_409f1c85_421d_4a18_b1b7_336f9db1d410,Jordin Dias,Jordin Dias,One Day,Opening,1,51,4,18,33,0,10,8.3,4.5,2.1176470588235294,12.75,64.70588235294117,0.0
raw_409f1c85_421d_4a18_b1b7_336f9db1d410,Jordin Dias,Jordin Dias,One Day,Middle,2,48,1,19,31,0,10,8.0,19.0,2.375,48.0,64.58333333333333,0.0
raw_31c3cd5d_8d88_4f88_a2f7_6e1da0af5200,Joshua Briginshaw,Joshua Briginshaw,Two Day,Older Ball,2,48,1,22,35,2,2,8.0,22.0,2.75,48.0,72.91666666666667,4.166666666666667
raw_2b87b10e_4193_467a_869e_237a3227df6e,Joss Elliott,Joss Elliott,One Day,Opening,1,8,0,1,7,0,2,1.2,,0.75,,87.5,0.0
raw_2b87b10e_4193_467a_869e_237a3227df6e,Joss Elliott,Joss Elliott,One Day,Middle,2,41,2,16,30,1,5,6.5,8.0,2.341463414634146,20.5,73.17073170731707,2.4390243902439024
raw_1acf39a3_4ac2_4fcb_9e4c_a7e48d22e33f,Kabilan Sutharsan,Kabilan Sutharsan,One Day,Opening,1,30,0,9,27,2,5,5.0,,1.8,,90.0,6.666666666666667
raw_1acf39a3_4ac2_4fcb_9e4c_a7e48d22e33f,Kabilan Sutharsan,Kabilan Sutharsan,One Day,Middle,2,35,2,15,29,3,5,5.5,7.5,2.5714285714285716,17.5,82.85714285714286,8.571428571428571
raw_b7bc2b8d_120c_498a_a0bb_34152d41835d,Kailaash Namasivayam,Kailaash Namasivayam,One Day,Opening,1,23,0,23,13,4,4,3.5,,6.0,,56.52173913043478,17.391304347826086
raw_b7bc2b8d_120c_498a_a0bb_34152d41835d,Kailaash Namasivayam,Kailaash Namasivayam,One Day,Middle,2,37,1,11,26,0,5,6.1,11.0,1.7837837837837838,37.0,70.27027027027027,0.0
raw_2ab913f7_aeac_43ba_bf8a_ff81fd80581c,Kamil Qureshi,Kamil Qureshi,One Day,Death,3,6,0,18,1,3,1,1.0,,18.0,,16.666666666666668,50.0
raw_2ab913f7_aeac_43ba_bf8a_ff81fd80581c,Kamil Qureshi,Kamil Qureshi,Two Day,Older Ball,2,18,0,23,8,3,1,3.0,,7.666666666666667,,44.44444444444444,16.666666666666668
raw_6df53d91_85ee_427a_9e74_3c7109b06f90,Kanav Sohagpure,Kanav Sohagpure,One Day,Opening,1,11,0,5,7,0,2,1.5,,2.727272727272727,,63.63636363636363,0.0
raw_6df53d91_85ee_427a_9e74_3c7109b06f90,Kanav Sohagpure,Kanav Sohagpure,One Day,Middle,2,14,1,9,9,0,2,2.2,9.0,3.857142857142857,14.0,64.28571428571429,0.0
raw_6df53d91_85ee_427a_9e74_3c7109b06f90,Kanav Sohagpure,Kanav Sohagpure,Two Day,New Ball,1,68,1,50,43,7,10,11.2,50.0,4.411764705882353,68.0,63.23529411764706,10.294117647058824
raw_6df53d91_85ee_427a_9e74_3c7109b06f90,Kanav Sohagpure,Kanav Sohagpure,Two Day,Older Ball,2,69,2,38,46,4,8,11.3,19.0,3.3043478260869565,34.5,66.66666666666667,5.797101449275362
raw_4aea8724_0843_47c8_8c38_2e5302ec0401,Karan Myagerimath,Karan Myagerimath,One Day,Middle,2,12,1,8,7,0,1,2.0,8.0,4.0,12.0,58.333333333333336,0.0
raw_4aea8724_0843_47c8_8c38_2e5302ec0401,Karan Myagerimath,Karan Myagerimath,Two Day,Older Ball,2,65,0,35,48,4,2,10.5,,3.230769230769231,,73.84615384615384,6.153846153846154
raw_3adedad6_cfb6_4c0a_83a9_921c90e56e13,Karan Rathore,Karan Rathore,One Day,Opening,1,23,2,14,15,2,4,3.5,7.0,3.652173913043478,11.5,65.21739130434783,8.695652173913043
raw_3adedad6_cfb6_4c0a_83a9_921c90e56e13,Karan Rathore,Karan Rathore,One Day,Middle,2,19,0,12,10,0,4,3.1,,3.789473684210526,,52.63157894736842,0.0
raw_cd2c401b_f605_4346_aeda_cbdc63704b9a,Karanvir Singh,Karanvir Singh,One Day,Opening,1,36,1,25,21,2,3,6.0,25.0,4.166666666666667,36.0,58.333333333333336,5.555555555555555
raw_cd2c401b_f605_4346_aeda_cbdc63704b9a,Karanvir Singh,Karanvir Singh,One Day,Middle,2,120,3,106,71,14,5,20.0,35.333333333333336,5.3,40.0,59.166666666666664,11.666666666666666
raw_cd2c401b_f605_4346_aeda_cbdc63704b9a,Karanvir Singh,Karanvir Singh,One Day,Death,3,12,1,18,2,2,1,2.0,18.0,9.0,12.0,16.666666666666668,16.666666666666668
raw_cd2c401b_f605_4346_aeda_cbdc63704b9a,Karanvir Singh,Karanvir Singh,T20,Opening,1,12,0,20,6,4,1,2.0,,10.0,,50.0,33.333333333333336
raw_cd2c401b_f605_4346_aeda_cbdc63704b9a,Karanvir Singh,Karanvir Singh,T20,Middle,2,30,2,37,9,4,2,5.0,18.5,7.4,15.0,30.0,13.333333333333334
raw_cd2c401b_f605_4346_aeda_cbdc63704b9a,Karanvir Singh,Karanvir Singh,Two Day,New Ball,1,36,1,21,27,2,2,6.0,21.0,3.5,36.0,75.0,5.555555555555555
raw_cd2c401b_f605_4346_aeda_cbdc63704b9a,Karanvir Singh,Karanvir Singh,Two Day,Older Ball,2,37,0,24,26,3,3,6.1,,3.891891891891892,,70.27027027027027,8.108108108108109
raw_ab74ed76_8519_45ac_81a8_d1ba1bafbec3,Karthick Dhakshinamoorthy,Karthick Dhakshinamoorthy,One Day,Opening,1,24,0,16,14,2,1,4.0,,4.0,,58.333333333333336,8.333333333333334
raw_ab74ed76_8519_45ac_81a8_d1ba1bafbec3,Karthick Dhakshinamoorthy,Karthick Dhakshinamoorthy,One Day,Middle,2,54,2,56,28,8,2,9.0,28.0,6.222222222222222,27.0,51.851851851851855,14.814814814814815
raw_ab74ed76_8519_45ac_81a8_d1ba1bafbec3,Karthick Dhakshinamoorthy,Karthick Dhakshinamoorthy,One Day,Death,3,12,0,24,2,3,1,2.0,,12.0,,16.666666666666668,25.0
raw_ab74ed76_8519_45ac_81a8_d1ba1bafbec3,Karthick Dhakshinamoorthy,Karthick Dhakshinamoorthy,T20,Opening,1,18,0,15,10,2,1,3.0,,5.0,,55.55555555555556,11.11111111111111
raw_ab74ed76_8519_45ac_81a8_d1ba1bafbec3,Karthick Dhakshinamoorthy,Karthick Dhakshinamoorthy,Two Day,New Ball,1,12,0,1,11,0,1,2.0,,0.5,,91.66666666666667,0.0
raw_ab74ed76_8519_45ac_81a8_d1ba1bafbec3,Karthick Dhakshinamoorthy,Karthick Dhakshinamoorthy,Two Day,Older Ball,2,192,4,121,139,17,6,32.0,30.25,3.78125,48.0,72.39583333333333,8.854166666666666
raw_f598d801_bea1_4582_ae50_098a5556afbc,Karthik Bellapu,Karthik Bellapu,One Day,Opening,1,16,0,9,10,1,2,2.4,,3.375,,62.5,6.25
raw_f598d801_bea1_4582_ae50_098a5556afbc,Karthik Bellapu,Karthik Bellapu,One Day,Middle,2,10,1,6,7,1,2,1.4,6.0,3.6,10.0,70.0,10.0
raw_3944cc2f_c318_41fa_aa71_43f922fe581c,Kashif Javed,Kashif Javed,Two Day,Older Ball,2,84,1,68,49,5,4,14.0,68.0,4.857142857142857,84.0,58.333333333333336,5.9523809523809526
raw_858f4339_808f_43dc_9a3d_f70e0aa4a792,Kaushik Saravana Babu,Kaushik Saravana Babu,One Day,Opening,1,9,0,5,7,1,1,1.3,,3.3333333333333335,,77.77777777777777,11.11111111111111
raw_858f4339_808f_43dc_9a3d_f70e0aa4a792,Kaushik Saravana Babu,Kaushik Saravana Babu,One Day,Middle,2,6,0,6,2,0,1,1.0,,6.0,,33.333333333333336,0.0
raw_858f4339_808f_43dc_9a3d_f70e0aa4a792,Kaushik Saravana Babu,Kaushik Saravana Babu,Two Day,New Ball,1,10,0,7,6,1,1,1.4,,4.2,,60.0,10.0
raw_52893fca_7a49_42d0_a7ec_86a27de272fb,Kaveen Silva,Kaveen Silva,One Day,Middle,2,10,1,5,7,0,1,1.4,5.0,3.0,10.0,70.0,0.0
raw_52893fca_7a49_42d0_a7ec_86a27de272fb,Kaveen Silva,Kaveen Silva,Two Day,New Ball,1,24,1,12,17,0,2,4.0,12.0,3.0,24.0,70.83333333333333,0.0
raw_52893fca_7a49_42d0_a7ec_86a27de272fb,Kaveen Silva,Kaveen Silva,Two Day,Older Ball,2,34,1,32,20,4,2,5.4,32.0,5.647058823529412,34.0,58.8235294117647,11.764705882352942
raw_7901fb2b_98f9_4a66_b9a7_48055bc52914,Kavinda Manamperi,Kavinda Manamperi,One Day,Opening,1,6,0,3,4,0,1,1.0,,3.0,,66.66666666666667,0.0
raw_7901fb2b_98f9_4a66_b9a7_48055bc52914,Kavinda Manamperi,Kavinda Manamperi,One Day,Middle,2,49,0,39,23,3,2,8.1,,4.775510204081633,,46.93877551020408,6.122448979591836
raw_7901fb2b_98f9_4a66_b9a7_48055bc52914,Kavinda Manamperi,Kavinda Manamperi,T20,Opening,1,6,0,8,3,1,1,1.0,,8.0,,50.0,16.666666666666668
raw_7901fb2b_98f9_4a66_b9a7_48055bc52914,Kavinda Manamperi,Kavinda Manamperi,T20,Middle,2,6,0,17,0,3,1,1.0,,17.0,,0.0,50.0
raw_7901fb2b_98f9_4a66_b9a7_48055bc52914,Kavinda Manamperi,Kavinda Manamperi,Two Day,New Ball,1,6,0,8,4,2,1,1.0,,8.0,,66.66666666666667,33.333333333333336
raw_7901fb2b_98f9_4a66_b9a7_48055bc52914,Kavinda Manamperi,Kavinda Manamperi,Two Day,Older Ball,2,213,7,108,152,11,3,35.3,15.428571428571429,3.0422535211267605,30.428571428571427,71.36150234741784,5.164319248826291
raw_84c941ac_74dd_46c1_8560_5ba745a03986,Kerin Jacob,Kerin Jacob,One Day,Opening,1,35,1,14,27,2,2,5.5,14.0,2.4,35.0,77.14285714285714,5.714285714285714
raw_84c941ac_74dd_46c1_8560_5ba745a03986,Kerin Jacob,Kerin Jacob,One Day,Middle,2,42,2,25,28,2,2,7.0,12.5,3.5714285714285716,21.0,66.66666666666667,4.761904761904762
raw_aea9aab6_f63c_4215_9f6e_c83da22e7f8f,Keshav Sankar,Keshav Sankar,One Day,Opening,1,6,0,9,3,2,1,1.0,,9.0,,50.0,33.333333333333336
raw_aea9aab6_f63c_4215_9f6e_c83da22e7f8f,Keshav Sankar,Keshav Sankar,One Day,Middle,2,82,1,95,39,14,3,13.4,95.0,6.951219512195122,82.0,47.5609756097561,17.073170731707318
raw_aea9aab6_f63c_4215_9f6e_c83da22e7f8f,Keshav Sankar,Keshav Sankar,T20,Opening,1,6,0,14,1,2,1,1.0,,14.0,,16.666666666666668,33.333333333333336
raw_aea9aab6_f63c_4215_9f6e_c83da22e7f8f,Keshav Sankar,Keshav Sankar,Two Day,New Ball,1,6,0,5,4,1,1,1.0,,5.0,,66.66666666666667,16.666666666666668
raw_aea9aab6_f63c_4215_9f6e_c83da22e7f8f,Keshav Sankar,Keshav Sankar,Two Day,Older Ball,2,225,3,175,132,17,6,37.3,58.333333333333336,4.666666666666667,75.0,58.666666666666664,7.555555555555555
raw_50c3e217_4e0c_430f_9a44_3f9000e910ff,Khushi Sood,Khushi Sood,One Day,Opening,1,21,0,7,15,0,4,3.3,,2.0,,71.42857142857143,0.0
raw_50c3e217_4e0c_430f_9a44_3f9000e910ff,Khushi Sood,Khushi Sood,One Day,Middle,2,23,2,15,10,0,4,3.5,7.5,3.9130434782608696,11.5,43.47826086956522,0.0
raw_5cb18125_0309_4c41_bb47_c92a8230350e,Kiaan Kungwani,Kiaan Kungwani,One Day,Opening,1,91,0,69,57,10,14,15.1,,4.549450549450549,,62.637362637362635,10.989010989010989
raw_5cb18125_0309_4c41_bb47_c92a8230350e,Kiaan Kungwani,Kiaan Kungwani,One Day,Middle,2,99,0,76,48,5,14,16.3,,4.606060606060606,,48.484848484848484,5.05050505050505
raw_5cb18125_0309_4c41_bb47_c92a8230350e,Kiaan Kungwani,Kiaan Kungwani,Two Day,New Ball,1,13,0,2,11,0,1,2.1,,0.9230769230769231,,84.61538461538461,0.0
raw_5cb18125_0309_4c41_bb47_c92a8230350e,Kiaan Kungwani,Kiaan Kungwani,Two Day,Older Ball,2,6,1,1,5,0,1,1.0,1.0,1.0,6.0,83.33333333333333,0.0
kiruba_sathiyaseelan,Kiruba Sathiyaseelan,Kiruba Sathiyaseelan,One Day,Opening,1,60,1,20,49,3,2,10.0,20.0,2.0,60.0,81.66666666666667,5.0
kiruba_sathiyaseelan,Kiruba Sathiyaseelan,Kiruba Sathiyaseelan,One Day,Middle,2,156,1,117,79,10,6,26.0,117.0,4.5,156.0,50.64102564102564,6.410256410256411
kiruba_sathiyaseelan,Kiruba Sathiyaseelan,Kiruba Sathiyaseelan,One Day,Death,3,6,1,4,3,0,1,1.0,4.0,4.0,6.0,50.0,0.0
kiruba_sathiyaseelan,Kiruba Sathiyaseelan,Kiruba Sathiyaseelan,T20,Opening,1,6,0,7,1,0,1,1.0,,7.0,,16.666666666666668,0.0
kiruba_sathiyaseelan,Kiruba Sathiyaseelan,Kiruba Sathiyaseelan,T20,Middle,2,30,3,39,12,6,4,5.0,13.0,7.8,10.0,40.0,20.0
kiruba_sathiyaseelan,Kiruba Sathiyaseelan,Kiruba Sathiyaseelan,T20,Death,3,3,0,3,0,0,1,0.3,,6.0,,0.0,0.0
kiruba_sathiyaseelan,Kiruba Sathiyaseelan,Kiruba Sathiyaseelan,Two Day,New Ball,1,6,0,1,5,0,1,1.0,,1.0,,83.33333333333333,0.0
kiruba_sathiyaseelan,Kiruba Sathiyaseelan,Kiruba Sathiyaseelan,Two Day,Older Ball,2,253,4,118,195,16,5,42.1,29.5,2.7984189723320156,63.25,77.07509881422925,6.324110671936759
raw_87959c22_6f53_463a_8576_d1fe09d0420c,Kiyansh Sancheti,Kiyansh Sancheti,One Day,Opening,1,80,3,44,50,3,13,13.2,14.666666666666666,3.3,26.666666666666668,62.5,3.75
raw_87959c22_6f53_463a_8576_d1fe09d0420c,Kiyansh Sancheti,Kiyansh Sancheti,One Day,Middle,2,75,2,39,50,3,13,12.3,19.5,3.12,37.5,66.66666666666667,4.0
raw_87959c22_6f53_463a_8576_d1fe09d0420c,Kiyansh Sancheti,Kiyansh Sancheti,Two Day,New Ball,1,12,0,11,7,2,1,2.0,,5.5,,58.333333333333336,16.666666666666668
raw_87959c22_6f53_463a_8576_d1fe09d0420c,Kiyansh Sancheti,Kiyansh Sancheti,Two Day,Older Ball,2,28,0,6,23,0,3,4.4,,1.2857142857142858,,82.14285714285714,0.0
raw_1cb682a2_c00f_4e20_8321_578d501eadb5,Krish Agrawal,Krish Agrawal,One Day,Opening,1,47,1,9,42,1,7,7.5,9.0,1.148936170212766,47.0,89.36170212765957,2.127659574468085
raw_9ad8e007_6a6f_4ad7_819e_918ff615bb74,Krish Agrawal,Krish Agrawal,One Day,Opening,1,71,3,32,50,3,10,11.5,10.666666666666666,2.704225352112676,23.666666666666668,70.4225352112676,4.225352112676056
raw_db986910_f8c2_4653_a003_bd6f4204467a,Krish Agrawal,Krish Agrawal,One Day,Opening,1,6,0,8,4,2,1,1.0,,8.0,,66.66666666666667,33.333333333333336
raw_1cb682a2_c00f_4e20_8321_578d501eadb5,Krish Agrawal,Krish Agrawal,One Day,Middle,2,51,2,18,42,2,7,8.3,9.0,2.1176470588235294,25.5,82.3529411764706,3.9215686274509802
raw_9ad8e007_6a6f_4ad7_819e_918ff615bb74,Krish Agrawal,Krish Agrawal,One Day,Middle,2,75,3,37,51,4,11,12.3,12.333333333333334,2.96,25.0,68.0,5.333333333333333
raw_db986910_f8c2_4653_a003_bd6f4204467a,Krish Agrawal,Krish Agrawal,One Day,Middle,2,36,1,24,24,3,1,6.0,24.0,4.0,36.0,66.66666666666667,8.333333333333334
raw_9ad8e007_6a6f_4ad7_819e_918ff615bb74,Krish Agrawal,Krish Agrawal,Two Day,New Ball,1,6,0,6,1,0,1,1.0,,6.0,,16.666666666666668,0.0
raw_f23058ea_db74_4b81_85e0_2be06c959aef,Krisha Lakhanpal,Krisha Lakhanpal,One Day,Opening,1,45,1,23,29,2,8,7.3,23.0,3.066666666666667,45.0,64.44444444444444,4.444444444444445
raw_f23058ea_db74_4b81_85e0_2be06c959aef,Krisha Lakhanpal,Krisha Lakhanpal,One Day,Middle,2,64,2,46,31,3,8,10.4,23.0,4.3125,32.0,48.4375,4.6875
raw_96161cd8_6c9f_46da_bea6_8d011a103df0,Krishanth Pradeep Pandian,Krishanth Pradeep Pandian,One Day,Opening,1,18,0,5,13,0,2,3.0,,1.6666666666666667,,72.22222222222223,0.0
raw_96161cd8_6c9f_46da_bea6_8d011a103df0,Krishanth Pradeep Pandian,Krishanth Pradeep Pandian,One Day,Middle,2,17,1,9,12,0,2,2.5,9.0,3.176470588235294,17.0,70.58823529411765,0.0
raw_c4b1f70f_9f85_4da7_8e47_eb319350f1c7,Krispin Martin,Krispin Martin,Two Day,Older Ball,2,24,0,12,16,0,1,4.0,,3.0,,66.66666666666667,0.0
raw_03eedc0d_9e21_48cd_a2d7_940d82a8340f,Krithik Kondapally,Krithik Kondapally,One Day,Opening,1,37,2,20,24,1,5,6.1,10.0,3.2432432432432434,18.5,64.86486486486487,2.7027027027027026
raw_03eedc0d_9e21_48cd_a2d7_940d82a8340f,Krithik Kondapally,Krithik Kondapally,One Day,Middle,2,85,1,42,56,2,8,14.1,42.0,2.9647058823529413,85.0,65.88235294117646,2.3529411764705883
raw_4c8841d8_5978_4328_b57f_5b1746bd04cd,Kshom Kapur,Kshom Kapur,One Day,Opening,1,73,6,37,47,2,8,12.1,6.166666666666667,3.041095890410959,12.166666666666666,64.38356164383562,2.73972602739726
raw_4c8841d8_5978_4328_b57f_5b1746bd04cd,Kshom Kapur,Kshom Kapur,One Day,Middle,2,85,4,53,52,5,8,14.1,13.25,3.7411764705882353,21.25,61.1764705882353,5.882352941176471
raw_4c8841d8_5978_4328_b57f_5b1746bd04cd,Kshom Kapur,Kshom Kapur,Two Day,New Ball,1,58,3,25,44,3,6,9.4,8.333333333333334,2.586206896551724,19.333333333333332,75.86206896551724,5.172413793103448
raw_4c8841d8_5978_4328_b57f_5b1746bd04cd,Kshom Kapur,Kshom Kapur,Two Day,Older Ball,2,23,1,2,21,0,3,3.5,2.0,0.5217391304347826,23.0,91.30434782608695,0.0
raw_a9dcb378_5149_445f_a9e1_c8c68dcc9a38,Lahiru Sandaruwan,Lahiru Sandaruwan,One Day,Opening,1,6,0,14,3,3,1,1.0,,14.0,,50.0,50.0
raw_a9dcb378_5149_445f_a9e1_c8c68dcc9a38,Lahiru Sandaruwan,Lahiru Sandaruwan,Two Day,Older Ball,2,216,4,105,161,8,2,36.0,26.25,2.9166666666666665,54.0,74.53703703703704,3.7037037037037037
raw_e7a64ef8_a70f_47ef_8bcb_5f0ffd03484e,Leo Gunatillake,Leo Gunatillake,One Day,Opening,1,71,1,42,41,3,15,11.5,42.0,3.5492957746478875,71.0,57.74647887323944,4.225352112676056
raw_e7a64ef8_a70f_47ef_8bcb_5f0ffd03484e,Leo Gunatillake,Leo Gunatillake,One Day,Middle,2,86,1,59,50,5,15,14.2,59.0,4.116279069767442,86.0,58.13953488372093,5.813953488372093
raw_6e105f70_5104_494f_bd89_b8eb4d8456cd,Leroy Gunaratnam,Leroy Gunaratnam,One Day,Opening,1,6,0,3,3,0,1,1.0,,3.0,,50.0,0.0
raw_6e105f70_5104_494f_bd89_b8eb4d8456cd,Leroy Gunaratnam,Leroy Gunaratnam,One Day,Middle,2,6,0,9,2,1,1,1.0,,9.0,,33.333333333333336,16.666666666666668
raw_6e105f70_5104_494f_bd89_b8eb4d8456cd,Leroy Gunaratnam,Leroy Gunaratnam,Two Day,New Ball,1,17,1,18,11,3,2,2.5,18.0,6.352941176470588,17.0,64.70588235294117,17.647058823529413
raw_6e105f70_5104_494f_bd89_b8eb4d8456cd,Leroy Gunaratnam,Leroy Gunaratnam,Two Day,Older Ball,2,60,2,30,48,6,3,10.0,15.0,3.0,30.0,80.0,10.0
raw_ee4057f0_6db1_4f4e_8043_4b1963c9df77,Liam Doherty,Liam Doherty,One Day,Middle,2,38,0,36,15,3,4,6.2,,5.684210526315789,,39.473684210526315,7.894736842105263
raw_9cd51b0d_f7c6_4743_83de_95cc4379eea5,Liam Edge,Liam Edge,One Day,Opening,1,41,0,9,33,0,8,6.5,,1.3170731707317074,,80.48780487804878,0.0
raw_9cd51b0d_f7c6_4743_83de_95cc4379eea5,Liam Edge,Liam Edge,One Day,Middle,2,65,2,31,46,2,8,10.5,15.5,2.8615384615384616,32.5,70.76923076923077,3.076923076923077
raw_9cd51b0d_f7c6_4743_83de_95cc4379eea5,Liam Edge,Liam Edge,Two Day,New Ball,1,26,0,10,19,1,3,4.2,,2.3076923076923075,,73.07692307692308,3.8461538461538463
raw_9cd51b0d_f7c6_4743_83de_95cc4379eea5,Liam Edge,Liam Edge,Two Day,Older Ball,2,49,1,28,33,3,4,8.1,28.0,3.4285714285714284,49.0,67.34693877551021,6.122448979591836
raw_b5469f9a_2882_4553_b5b6_69811019db34,Liam Forer,Liam Forer,One Day,Opening,1,16,0,29,5,5,2,2.4,,10.875,,31.25,31.25
raw_b5469f9a_2882_4553_b5b6_69811019db34,Liam Forer,Liam Forer,One Day,Middle,2,107,2,102,52,12,7,17.5,51.0,5.719626168224299,53.5,48.598130841121495,11.214953271028037
raw_1bff5f21_8b13_4415_82cf_bf03be3c6a01,Liam Hewett,Liam Hewett,Two Day,New Ball,1,6,0,7,3,1,1,1.0,,7.0,,50.0,16.666666666666668
raw_1bff5f21_8b13_4415_82cf_bf03be3c6a01,Liam Hewett,Liam Hewett,Two Day,Older Ball,2,6,1,0,6,0,1,1.0,0.0,0.0,6.0,100.0,0.0
raw_24649df8_2ba9_4218_b562_4c462edaad1b,Liam O'Rourke,Liam O'Rourke,One Day,Opening,1,9,0,9,6,2,1,1.3,,6.0,,66.66666666666667,22.22222222222222
raw_833c9b23_5c85_4256_ac97_4816326fce9c,Liam O'Rourke,Liam O'Rourke,One Day,Death,3,30,0,32,14,5,2,5.0,,6.4,,46.666666666666664,16.666666666666668
raw_833c9b23_5c85_4256_ac97_4816326fce9c,Liam O'Rourke,Liam O'Rourke,T20,Middle,2,24,1,27,12,2,2,4.0,27.0,6.75,24.0,50.0,8.333333333333334
raw_24649df8_2ba9_4218_b562_4c462edaad1b,Liam O'Rourke,Liam O'Rourke,Two Day,New Ball,1,88,1,40,69,6,5,14.4,40.0,2.727272727272727,88.0,78.4090909090909,6.818181818181818
raw_24649df8_2ba9_4218_b562_4c462edaad1b,Liam O'Rourke,Liam O'Rourke,Two Day,Older Ball,2,59,0,46,41,6,5,9.5,,4.677966101694915,,69.49152542372882,10.169491525423728
raw_833c9b23_5c85_4256_ac97_4816326fce9c,Liam O'Rourke,Liam O'Rourke,Two Day,Older Ball,2,126,5,63,96,9,4,21.0,12.6,3.0,25.2,76.19047619047619,7.142857142857143
liam_powell,Liam Powell,Liam Powell,Two Day,Older Ball,2,17,1,5,15,1,1,2.5,5.0,1.7647058823529411,17.0,88.23529411764706,5.882352941176471
raw_c6c50d1b_2d94_4701_a9bf_f496403165cc,Logan Neu,Logan Neu,Two Day,New Ball,1,12,0,12,9,3,1,2.0,,6.0,,75.0,25.0
raw_c6c50d1b_2d94_4701_a9bf_f496403165cc,Logan Neu,Logan Neu,Two Day,Older Ball,2,6,0,3,3,0,1,1.0,,3.0,,50.0,0.0
raw_ae9e947c_4480_4859_b9f6_25e499cf4a11,Lokshita Tamada,Lokshita Tamada,One Day,Opening,1,114,7,39,85,2,17,19.0,5.571428571428571,2.0526315789473686,16.285714285714285,74.56140350877193,1.7543859649122806
raw_ae9e947c_4480_4859_b9f6_25e499cf4a11,Lokshita Tamada,Lokshita Tamada,One Day,Middle,2,99,6,53,62,3,15,16.3,8.833333333333334,3.212121212121212,16.5,62.62626262626262,3.0303030303030303
raw_13b9050a_edbb_45ac_a434_b416440b5564,Lucas Anderson,Lucas Anderson,One Day,Opening,1,30,1,9,25,1,1,5.0,9.0,1.8,30.0,83.33333333333333,3.3333333333333335
raw_13b9050a_edbb_45ac_a434_b416440b5564,Lucas Anderson,Lucas Anderson,One Day,Middle,2,30,1,28,19,5,2,5.0,28.0,5.6,30.0,63.333333333333336,16.666666666666668
raw_13b9050a_edbb_45ac_a434_b416440b5564,Lucas Anderson,Lucas Anderson,T20,Opening,1,18,2,17,6,1,1,3.0,8.5,5.666666666666667,9.0,33.333333333333336,5.555555555555555
raw_13b9050a_edbb_45ac_a434_b416440b5564,Lucas Anderson,Lucas Anderson,T20,Middle,2,12,2,7,5,0,2,2.0,3.5,3.5,6.0,41.666666666666664,0.0
raw_13b9050a_edbb_45ac_a434_b416440b5564,Lucas Anderson,Lucas Anderson,T20,Death,3,12,0,11,5,1,1,2.0,,5.5,,41.666666666666664,8.333333333333334
raw_13b9050a_edbb_45ac_a434_b416440b5564,Lucas Anderson,Lucas Anderson,Two Day,New Ball,1,42,0,40,30,9,2,7.0,,5.714285714285714,,71.42857142857143,21.428571428571427
raw_13b9050a_edbb_45ac_a434_b416440b5564,Lucas Anderson,Lucas Anderson,Two Day,Older Ball,2,36,0,23,23,2,1,6.0,,3.8333333333333335,,63.888888888888886,5.555555555555555
raw_89f63af0_d3dd_46c1_b359_7ea470caec41,Luke Fraser,Luke Fraser,Two Day,Older Ball,2,12,0,10,6,1,1,2.0,,5.0,,50.0,8.333333333333334
raw_5e51cdc2_8d9e_4583_badc_2922f6095d48,Luke Galle,Luke Galle,One Day,Opening,1,30,0,20,22,3,1,5.0,,4.0,,73.33333333333333,10.0
raw_5e51cdc2_8d9e_4583_badc_2922f6095d48,Luke Galle,Luke Galle,T20,Opening,1,36,2,37,19,6,3,6.0,18.5,6.166666666666667,18.0,52.77777777777778,16.666666666666668
raw_5e51cdc2_8d9e_4583_badc_2922f6095d48,Luke Galle,Luke Galle,T20,Middle,2,12,2,13,5,1,2,2.0,6.5,6.5,6.0,41.666666666666664,8.333333333333334
raw_5e51cdc2_8d9e_4583_badc_2922f6095d48,Luke Galle,Luke Galle,T20,Death,3,12,0,14,4,1,2,2.0,,7.0,,33.333333333333336,8.333333333333334
raw_5e51cdc2_8d9e_4583_badc_2922f6095d48,Luke Galle,Luke Galle,Two Day,New Ball,1,348,1,181,270,29,9,58.0,181.0,3.1206896551724137,348.0,77.58620689655173,8.333333333333334
raw_5e51cdc2_8d9e_4583_badc_2922f6095d48,Luke Galle,Luke Galle,Two Day,Older Ball,2,592,20,276,458,34,9,98.4,13.8,2.7972972972972974,29.6,77.36486486486487,5.743243243243243
raw_c3b03892_51e5_42b8_93f0_432865d2209d,Mack Heath,Mack Heath,Two Day,New Ball,1,9,0,15,4,3,1,1.3,,10.0,,44.44444444444444,33.333333333333336
raw_c3b03892_51e5_42b8_93f0_432865d2209d,Mack Heath,Mack Heath,Two Day,Older Ball,2,29,1,12,22,0,2,4.5,12.0,2.4827586206896552,29.0,75.86206896551724,0.0
mahir_qureshi,Mahir Qureshi,Mahir Qureshi,One Day,Opening,1,36,0,40,18,5,5,6.0,,6.666666666666667,,50.0,13.88888888888889
mahir_qureshi,Mahir Qureshi,Mahir Qureshi,One Day,Middle,2,571,12,400,341,35,23,95.1,33.333333333333336,4.203152364273205,47.583333333333336,59.719789842381786,6.129597197898423
mahir_qureshi,Mahir Qureshi,Mahir Qureshi,One Day,Death,3,138,8,120,67,8,9,23.0,15.0,5.217391304347826,17.25,48.55072463768116,5.797101449275362
mahir_qureshi,Mahir Qureshi,Mahir Qureshi,T20,Opening,1,30,3,32,19,5,4,5.0,10.666666666666666,6.4,10.0,63.333333333333336,16.666666666666668
mahir_qureshi,Mahir Qureshi,Mahir Qureshi,T20,Middle,2,59,5,67,23,6,5,9.5,13.4,6.813559322033898,11.8,38.983050847457626,10.169491525423728
mahir_qureshi,Mahir Qureshi,Mahir Qureshi,Two Day,New Ball,1,6,0,4,5,1,1,1.0,,4.0,,83.33333333333333,16.666666666666668
mahir_qureshi,Mahir Qureshi,Mahir Qureshi,Two Day,Older Ball,2,180,4,125,124,18,6,30.0,31.25,4.166666666666667,45.0,68.88888888888889,10.0
raw_c24b03e4_c2ee_4aed_9b43_2cb539bff7b0,Manula Kalansooriya,Manula Kalansooriya,One Day,Opening,1,111,4,47,77,3,14,18.3,11.75,2.5405405405405403,27.75,69.36936936936937,2.7027027027027026
raw_c24b03e4_c2ee_4aed_9b43_2cb539bff7b0,Manula Kalansooriya,Manula Kalansooriya,One Day,Middle,2,86,2,48,54,3,12,14.2,24.0,3.3488372093023258,43.0,62.7906976744186,3.488372093023256
raw_c24b03e4_c2ee_4aed_9b43_2cb539bff7b0,Manula Kalansooriya,Manula Kalansooriya,Two Day,New Ball,1,46,1,10,42,2,5,7.4,10.0,1.3043478260869565,46.0,91.30434782608695,4.3478260869565215
raw_c24b03e4_c2ee_4aed_9b43_2cb539bff7b0,Manula Kalansooriya,Manula Kalansooriya,Two Day,Older Ball,2,38,2,15,27,1,4,6.2,7.5,2.3684210526315788,19.0,71.05263157894737,2.6315789473684212
raw_7c63e65e_33b0_43ea_891f_44a25e25389f,Matheesha Gamage,Matheesha Gamage,One Day,Opening,1,51,2,43,28,4,5,8.3,21.5,5.0588235294117645,25.5,54.90196078431372,7.8431372549019605
raw_7c63e65e_33b0_43ea_891f_44a25e25389f,Matheesha Gamage,Matheesha Gamage,One Day,Middle,2,36,1,38,18,5,5,6.0,38.0,6.333333333333333,36.0,50.0,13.88888888888889
raw_7c63e65e_33b0_43ea_891f_44a25e25389f,Matheesha Gamage,Matheesha Gamage,Two Day,New Ball,1,57,0,33,39,5,5,9.3,,3.473684210526316,,68.42105263157895,8.771929824561404
raw_7c63e65e_33b0_43ea_891f_44a25e25389f,Matheesha Gamage,Matheesha Gamage,Two Day,Older Ball,2,34,0,17,26,1,2,5.4,,3.0,,76.47058823529412,2.9411764705882355
raw_766136a6_7c59_4bca_a873_b84755a5131d,Matt Lorback,Matt Lorback,Two Day,New Ball,1,18,0,6,14,0,2,3.0,,2.0,,77.77777777777777,0.0
raw_766136a6_7c59_4bca_a873_b84755a5131d,Matt Lorback,Matt Lorback,Two Day,Older Ball,2,24,0,21,17,4,1,4.0,,5.25,,70.83333333333333,16.666666666666668
raw_289b8e53_aa95_4072_8288_588447304bcd,Matthew Briginshaw,Matthew Briginshaw,One Day,Opening,1,240,4,155,175,22,9,40.0,38.75,3.875,60.0,72.91666666666667,9.166666666666666
raw_289b8e53_aa95_4072_8288_588447304bcd,Matthew Briginshaw,Matthew Briginshaw,One Day,Middle,2,42,2,40,21,5,5,7.0,20.0,5.714285714285714,21.0,50.0,11.904761904761905
raw_289b8e53_aa95_4072_8288_588447304bcd,Matthew Briginshaw,Matthew Briginshaw,One Day,Death,3,84,4,85,36,8,8,14.0,21.25,6.071428571428571,21.0,42.857142857142854,9.523809523809524
raw_289b8e53_aa95_4072_8288_588447304bcd,Matthew Briginshaw,Matthew Briginshaw,Two Day,New Ball,1,483,6,214,389,32,11,80.3,35.666666666666664,2.658385093167702,80.5,80.5383022774327,6.625258799171843
raw_289b8e53_aa95_4072_8288_588447304bcd,Matthew Briginshaw,Matthew Briginshaw,Two Day,Older Ball,2,1095,25,620,808,77,15,182.3,24.8,3.3972602739726026,43.8,73.78995433789954,7.031963470319635
raw_8af1a510_ab4a_493e_9fd1_a2de11fafb83,Matthew Cormie,Matthew Cormie,One Day,Middle,2,18,1,24,8,4,1,3.0,24.0,8.0,18.0,44.44444444444444,22.22222222222222
raw_8af1a510_ab4a_493e_9fd1_a2de11fafb83,Matthew Cormie,Matthew Cormie,Two Day,New Ball,1,30,1,34,17,6,2,5.0,34.0,6.8,30.0,56.666666666666664,20.0
raw_8af1a510_ab4a_493e_9fd1_a2de11fafb83,Matthew Cormie,Matthew Cormie,Two Day,Older Ball,2,41,2,43,22,5,3,6.5,21.5,6.2926829268292686,20.5,53.65853658536585,12.195121951219512
raw_da741794_0168_47e9_98ee_67614e257272,Matthew Maiolo,Matthew Maiolo,Two Day,Older Ball,2,18,0,20,11,1,1,3.0,,6.666666666666667,,61.111111111111114,5.555555555555555
raw_34abe4ea_6320_4ca9_9dd1_bd6c4ed5fa59,Maven Wijesundera,Maven Wijesundera,One Day,Opening,1,126,4,53,92,5,16,21.0,13.25,2.5238095238095237,31.5,73.01587301587301,3.9682539682539684
raw_34abe4ea_6320_4ca9_9dd1_bd6c4ed5fa59,Maven Wijesundera,Maven Wijesundera,One Day,Middle,2,119,2,67,80,9,16,19.5,33.5,3.3781512605042017,59.5,67.22689075630252,7.563025210084033
raw_34abe4ea_6320_4ca9_9dd1_bd6c4ed5fa59,Maven Wijesundera,Maven Wijesundera,Two Day,New Ball,1,42,0,13,32,1,4,7.0,,1.8571428571428572,,76.19047619047619,2.380952380952381
raw_34abe4ea_6320_4ca9_9dd1_bd6c4ed5fa59,Maven Wijesundera,Maven Wijesundera,Two Day,Older Ball,2,39,4,11,29,0,3,6.3,2.75,1.6923076923076923,9.75,74.35897435897436,0.0
max_taborsky,Max Taborsky,Max Taborsky,One Day,Opening,1,165,5,84,116,8,12,27.3,16.8,3.0545454545454547,33.0,70.3030303030303,4.848484848484849
max_taborsky,Max Taborsky,Max Taborsky,One Day,Middle,2,183,2,134,111,9,9,30.3,67.0,4.39344262295082,91.5,60.65573770491803,4.918032786885246
max_taborsky,Max Taborsky,Max Taborsky,One Day,Death,3,18,0,17,9,1,2,3.0,,5.666666666666667,,50.0,5.555555555555555
max_taborsky,Max Taborsky,Max Taborsky,T20,Opening,1,66,4,70,35,10,7,11.0,17.5,6.363636363636363,16.5,53.03030303030303,15.151515151515152
max_taborsky,Max Taborsky,Max Taborsky,T20,Middle,2,156,7,141,75,14,12,26.0,20.142857142857142,5.423076923076923,22.285714285714285,48.07692307692308,8.974358974358974
max_taborsky,Max Taborsky,Max Taborsky,T20,Death,3,24,2,30,5,3,3,4.0,15.0,7.5,12.0,20.833333333333332,12.5
max_taborsky,Max Taborsky,Max Taborsky,Two Day,New Ball,1,224,5,116,164,11,14,37.2,23.2,3.107142857142857,44.8,73.21428571428571,4.910714285714286
max_taborsky,Max Taborsky,Max Taborsky,Two Day,Older Ball,2,550,17,295,404,33,20,91.4,17.352941176470587,3.2181818181818183,32.35294117647059,73.45454545454545,6.0
raw_f65d0c3d_2a58_4086_80b6_f9b2f98b617f,Maya Edge,Maya Edge,One Day,Opening,1,53,2,30,33,1,7,8.5,15.0,3.3962264150943398,26.5,62.264150943396224,1.8867924528301887
raw_f65d0c3d_2a58_4086_80b6_f9b2f98b617f,Maya Edge,Maya Edge,One Day,Middle,2,43,2,27,24,1,5,7.1,13.5,3.7674418604651163,21.5,55.81395348837209,2.3255813953488373
raw_ac97d449_6ed1_4649_a7dc_a5cad3207cff,Mayon Hewawasam,Mayon Hewawasam,One Day,Opening,1,44,1,25,26,1,9,7.2,25.0,3.409090909090909,44.0,59.09090909090909,2.272727272727273
raw_ac97d449_6ed1_4649_a7dc_a5cad3207cff,Mayon Hewawasam,Mayon Hewawasam,One Day,Middle,2,74,0,55,39,4,9,12.2,,4.45945945945946,,52.7027027027027,5.405405405405405
raw_f043208c_b196_465d_8de2_b29d2da36ee2,Michael Armstrong,Michael Armstrong,One Day,Middle,2,144,4,113,79,11,4,24.0,28.25,4.708333333333333,36.0,54.861111111111114,7.638888888888889
raw_f043208c_b196_465d_8de2_b29d2da36ee2,Michael Armstrong,Michael Armstrong,One Day,Death,3,30,4,22,18,1,2,5.0,5.5,4.4,7.5,60.0,3.3333333333333335
raw_f043208c_b196_465d_8de2_b29d2da36ee2,Michael Armstrong,Michael Armstrong,T20,Opening,1,19,1,16,11,2,2,3.1,16.0,5.052631578947368,19.0,57.89473684210526,10.526315789473685
raw_f043208c_b196_465d_8de2_b29d2da36ee2,Michael Armstrong,Michael Armstrong,T20,Middle,2,24,2,12,16,1,2,4.0,6.0,3.0,12.0,66.66666666666667,4.166666666666667
raw_f043208c_b196_465d_8de2_b29d2da36ee2,Michael Armstrong,Michael Armstrong,Two Day,New Ball,1,12,1,0,12,0,1,2.0,0.0,0.0,12.0,100.0,0.0
raw_f043208c_b196_465d_8de2_b29d2da36ee2,Michael Armstrong,Michael Armstrong,Two Day,Older Ball,2,237,8,113,173,9,4,39.3,14.125,2.8607594936708862,29.625,72.9957805907173,3.7974683544303796
raw_c6887d24_0435_45d6_8aa7_e23eb18773af,Michael Smith,Michael Smith,One Day,Opening,1,6,0,1,5,0,1,1.0,,1.0,,83.33333333333333,0.0
raw_c6887d24_0435_45d6_8aa7_e23eb18773af,Michael Smith,Michael Smith,One Day,Middle,2,36,2,30,21,4,1,6.0,15.0,5.0,18.0,58.333333333333336,11.11111111111111
raw_c6887d24_0435_45d6_8aa7_e23eb18773af,Michael Smith,Michael Smith,T20,Opening,1,12,1,13,8,3,1,2.0,13.0,6.5,12.0,66.66666666666667,25.0
raw_c6887d24_0435_45d6_8aa7_e23eb18773af,Michael Smith,Michael Smith,T20,Middle,2,30,0,41,14,6,3,5.0,,8.2,,46.666666666666664,20.0
raw_c6887d24_0435_45d6_8aa7_e23eb18773af,Michael Smith,Michael Smith,T20,Death,3,6,0,7,2,1,1,1.0,,7.0,,33.333333333333336,16.666666666666668
raw_c6887d24_0435_45d6_8aa7_e23eb18773af,Michael Smith,Michael Smith,Two Day,New Ball,1,12,0,8,10,2,1,2.0,,4.0,,83.33333333333333,16.666666666666668
raw_c6887d24_0435_45d6_8aa7_e23eb18773af,Michael Smith,Michael Smith,Two Day,Older Ball,2,84,1,48,63,7,3,14.0,48.0,3.4285714285714284,84.0,75.0,8.333333333333334
raw_5593719d_ed2a_4305_a3d5_8041d9074603,Mihith Jayasuriya,Mihith Jayasuriya,Two Day,New Ball,1,10,0,6,4,0,3,1.4,,3.6,,40.0,0.0
raw_5593719d_ed2a_4305_a3d5_8041d9074603,Mihith Jayasuriya,Mihith Jayasuriya,Two Day,Older Ball,2,32,1,15,20,1,4,5.2,15.0,2.8125,32.0,62.5,3.125
raw_13d69873_5643_42fe_a40b_1ecbd20cc6c0,Minza Lakhanpal,Minza Lakhanpal,One Day,Opening,1,57,0,19,42,1,10,9.3,,2.0,,73.6842105263158,1.7543859649122806
raw_13d69873_5643_42fe_a40b_1ecbd20cc6c0,Minza Lakhanpal,Minza Lakhanpal,One Day,Middle,2,88,0,75,41,5,10,14.4,,5.113636363636363,,46.59090909090909,5.681818181818182
raw_102ee77a_898b_48a9_b1f1_eaa2100ef868,Mishaan Naik,Mishaan Naik,One Day,Opening,1,97,0,74,58,10,18,16.1,,4.577319587628866,,59.79381443298969,10.309278350515465
raw_102ee77a_898b_48a9_b1f1_eaa2100ef868,Mishaan Naik,Mishaan Naik,One Day,Middle,2,100,3,65,58,6,18,16.4,21.666666666666668,3.9,33.333333333333336,58.0,6.0
raw_102ee77a_898b_48a9_b1f1_eaa2100ef868,Mishaan Naik,Mishaan Naik,Two Day,New Ball,1,38,1,13,29,1,4,6.2,13.0,2.0526315789473686,38.0,76.3157894736842,2.6315789473684212
raw_102ee77a_898b_48a9_b1f1_eaa2100ef868,Mishaan Naik,Mishaan Naik,Two Day,Older Ball,2,17,0,8,12,1,3,2.5,,2.823529411764706,,70.58823529411765,5.882352941176471
raw_7993ffa3_f7d1_45af_adc1_9f0030e0198d,Mitchell Clausen,Mitchell Clausen,One Day,Opening,1,18,0,30,7,4,1,3.0,,10.0,,38.888888888888886,22.22222222222222
raw_7993ffa3_f7d1_45af_adc1_9f0030e0198d,Mitchell Clausen,Mitchell Clausen,One Day,Middle,2,12,0,4,9,0,1,2.0,,2.0,,75.0,0.0
raw_7993ffa3_f7d1_45af_adc1_9f0030e0198d,Mitchell Clausen,Mitchell Clausen,Two Day,New Ball,1,50,1,19,41,2,2,8.2,19.0,2.28,50.0,82.0,4.0
raw_7993ffa3_f7d1_45af_adc1_9f0030e0198d,Mitchell Clausen,Mitchell Clausen,Two Day,Older Ball,2,105,3,57,74,3,4,17.3,19.0,3.257142857142857,35.0,70.47619047619048,2.857142857142857
raw_8b73de68_95e6_4b0f_80a6_1e1c3630bb69,Mitchell Kohne,Mitchell Kohne,One Day,Opening,1,162,4,115,109,16,8,27.0,28.75,4.2592592592592595,40.5,67.28395061728395,9.876543209876543
raw_c2cc6ae8_46c4_4922_9715_112d64cabe3a,Mitchell Kohne,Mitchell Kohne,One Day,Opening,1,126,3,98,80,12,7,21.0,32.666666666666664,4.666666666666667,42.0,63.492063492063494,9.523809523809524
raw_8b73de68_95e6_4b0f_80a6_1e1c3630bb69,Mitchell Kohne,Mitchell Kohne,One Day,Middle,2,90,1,86,39,8,7,15.0,86.0,5.733333333333333,90.0,43.333333333333336,8.88888888888889
raw_c2cc6ae8_46c4_4922_9715_112d64cabe3a,Mitchell Kohne,Mitchell Kohne,One Day,Middle,2,210,4,175,119,19,13,35.0,43.75,5.0,52.5,56.666666666666664,9.047619047619047
raw_8b73de68_95e6_4b0f_80a6_1e1c3630bb69,Mitchell Kohne,Mitchell Kohne,One Day,Death,3,78,6,71,39,6,5,13.0,11.833333333333334,5.461538461538462,13.0,50.0,7.6923076923076925
raw_c2cc6ae8_46c4_4922_9715_112d64cabe3a,Mitchell Kohne,Mitchell Kohne,One Day,Death,3,97,7,82,42,6,7,16.1,11.714285714285714,5.072164948453608,13.857142857142858,43.29896907216495,6.185567010309279
raw_8b73de68_95e6_4b0f_80a6_1e1c3630bb69,Mitchell Kohne,Mitchell Kohne,T20,Opening,1,96,2,138,34,22,10,16.0,69.0,8.625,48.0,35.416666666666664,22.916666666666668
raw_c2cc6ae8_46c4_4922_9715_112d64cabe3a,Mitchell Kohne,Mitchell Kohne,T20,Opening,1,42,2,38,23,5,5,7.0,19.0,5.428571428571429,21.0,54.76190476190476,11.904761904761905
raw_8b73de68_95e6_4b0f_80a6_1e1c3630bb69,Mitchell Kohne,Mitchell Kohne,T20,Middle,2,72,3,110,24,16,10,12.0,36.666666666666664,9.166666666666666,24.0,33.333333333333336,22.22222222222222
raw_c2cc6ae8_46c4_4922_9715_112d64cabe3a,Mitchell Kohne,Mitchell Kohne,T20,Middle,2,84,5,80,29,5,8,14.0,16.0,5.714285714285714,16.8,34.523809523809526,5.9523809523809526
raw_8b73de68_95e6_4b0f_80a6_1e1c3630bb69,Mitchell Kohne,Mitchell Kohne,T20,Death,3,42,4,38,12,1,6,7.0,9.5,5.428571428571429,10.5,28.571428571428573,2.380952380952381
raw_c2cc6ae8_46c4_4922_9715_112d64cabe3a,Mitchell Kohne,Mitchell Kohne,T20,Death,3,30,3,43,9,4,5,5.0,14.333333333333334,8.6,10.0,30.0,13.333333333333334
raw_8b73de68_95e6_4b0f_80a6_1e1c3630bb69,Mitchell Kohne,Mitchell Kohne,Two Day,New Ball,1,400,11,155,329,19,9,66.4,14.090909090909092,2.325,36.36363636363637,82.25,4.75
raw_c2cc6ae8_46c4_4922_9715_112d64cabe3a,Mitchell Kohne,Mitchell Kohne,Two Day,New Ball,1,270,3,125,213,14,7,45.0,41.666666666666664,2.7777777777777777,90.0,78.88888888888889,5.185185185185185
raw_8b73de68_95e6_4b0f_80a6_1e1c3630bb69,Mitchell Kohne,Mitchell Kohne,Two Day,Older Ball,2,350,6,216,251,30,8,58.2,36.0,3.702857142857143,58.333333333333336,71.71428571428571,8.571428571428571
raw_c2cc6ae8_46c4_4922_9715_112d64cabe3a,Mitchell Kohne,Mitchell Kohne,Two Day,Older Ball,2,250,8,144,186,18,6,41.4,18.0,3.456,31.25,74.4,7.2
raw_2580d416_790e_4e60_9c2e_08b7a3e262f5,Mith Ambi,Mith Ambi,Two Day,Older Ball,2,18,0,24,7,4,1,3.0,,8.0,,38.888888888888886,22.22222222222222
mohd_shuraque_jahan,Mohd Shuraque Jahan,Mohd Shuraque Jahan,One Day,Opening,1,29,0,28,16,2,5,4.5,,5.793103448275862,,55.172413793103445,6.896551724137931
mohd_shuraque_jahan,Mohd Shuraque Jahan,Mohd Shuraque Jahan,One Day,Middle,2,157,2,185,69,24,17,26.1,92.5,7.070063694267516,78.5,43.94904458598726,15.286624203821656
mohd_shuraque_jahan,Mohd Shuraque Jahan,Mohd Shuraque Jahan,One Day,Death,3,18,0,13,10,1,1,3.0,,4.333333333333333,,55.55555555555556,5.555555555555555
mohd_shuraque_jahan,Mohd Shuraque Jahan,Mohd Shuraque Jahan,T20,Opening,1,6,0,14,1,2,1,1.0,,14.0,,16.666666666666668,33.333333333333336
mohd_shuraque_jahan,Mohd Shuraque Jahan,Mohd Shuraque Jahan,T20,Middle,2,48,2,63,14,6,3,8.0,31.5,7.875,24.0,29.166666666666668,12.5
mohd_shuraque_jahan,Mohd Shuraque Jahan,Mohd Shuraque Jahan,T20,Death,3,12,0,11,5,0,1,2.0,,5.5,,41.666666666666664,0.0
mohd_shuraque_jahan,Mohd Shuraque Jahan,Mohd Shuraque Jahan,Two Day,Older Ball,2,147,3,165,76,26,6,24.3,55.0,6.73469387755102,49.0,51.70068027210884,17.687074829931973
raw_e179f93d_560b_4b98_9abc_6739b861e0e4,Mohit Kadam,Mohit Kadam,One Day,Opening,1,18,1,32,4,4,1,3.0,32.0,10.666666666666666,18.0,22.22222222222222,22.22222222222222
raw_e179f93d_560b_4b98_9abc_6739b861e0e4,Mohit Kadam,Mohit Kadam,One Day,Middle,2,42,2,28,27,4,1,7.0,14.0,4.0,21.0,64.28571428571429,9.523809523809524
raw_e179f93d_560b_4b98_9abc_6739b861e0e4,Mohit Kadam,Mohit Kadam,T20,Middle,2,6,0,1,5,0,1,1.0,,1.0,,83.33333333333333,0.0
raw_e179f93d_560b_4b98_9abc_6739b861e0e4,Mohit Kadam,Mohit Kadam,T20,Death,3,18,0,32,2,4,2,3.0,,10.666666666666666,,11.11111111111111,22.22222222222222
raw_e179f93d_560b_4b98_9abc_6739b861e0e4,Mohit Kadam,Mohit Kadam,Two Day,Older Ball,2,54,1,53,36,10,1,9.0,53.0,5.888888888888889,54.0,66.66666666666667,18.51851851851852
raw_84c67d3b_bd0f_4a19_a446_ff1943b60a70,Morgan Arundell,Morgan Arundell,One Day,Middle,2,12,1,5,9,0,1,2.0,5.0,2.5,12.0,75.0,0.0
raw_84c67d3b_bd0f_4a19_a446_ff1943b60a70,Morgan Arundell,Morgan Arundell,Two Day,Older Ball,2,102,1,72,57,6,4,17.0,72.0,4.235294117647059,102.0,55.88235294117647,5.882352941176471
raw_561b5dda_3abc_467a_b91f_147590e6ed10,Mujib Timori,Mujib Timori,One Day,Opening,1,30,1,13,24,2,2,5.0,13.0,2.6,30.0,80.0,6.666666666666667
raw_561b5dda_3abc_467a_b91f_147590e6ed10,Mujib Timori,Mujib Timori,One Day,Middle,2,49,2,40,24,4,3,8.1,20.0,4.8979591836734695,24.5,48.97959183673469,8.16326530612245
raw_561b5dda_3abc_467a_b91f_147590e6ed10,Mujib Timori,Mujib Timori,One Day,Death,3,12,0,12,6,1,1,2.0,,6.0,,50.0,8.333333333333334
raw_561b5dda_3abc_467a_b91f_147590e6ed10,Mujib Timori,Mujib Timori,T20,Middle,2,6,0,17,1,4,1,1.0,,17.0,,16.666666666666668,66.66666666666667
raw_561b5dda_3abc_467a_b91f_147590e6ed10,Mujib Timori,Mujib Timori,Two Day,Older Ball,2,71,5,34,55,4,2,11.5,6.8,2.8732394366197185,14.2,77.46478873239437,5.633802816901408
nakul_kale,Nakul Kale,Nakul Kale,One Day,Opening,1,280,9,183,171,17,44,46.4,20.333333333333332,3.9214285714285713,31.11111111111111,61.07142857142857,6.071428571428571
nakul_kale,Nakul Kale,Nakul Kale,One Day,Middle,2,349,16,179,223,11,43,58.1,11.1875,3.0773638968481376,21.8125,63.89684813753582,3.151862464183381
nakul_kale,Nakul Kale,Nakul Kale,Two Day,New Ball,1,75,3,46,46,3,8,12.3,15.333333333333334,3.68,25.0,61.333333333333336,4.0
nakul_kale,Nakul Kale,Nakul Kale,Two Day,Older Ball,2,111,4,46,77,2,10,18.3,11.5,2.4864864864864864,27.75,69.36936936936937,1.8018018018018018
nathan_bungey,Nathan Bungey,Nathan Bungey,One Day,Middle,2,215,7,138,134,14,6,35.5,19.714285714285715,3.8511627906976744,30.714285714285715,62.325581395348834,6.511627906976744
nathan_bungey,Nathan Bungey,Nathan Bungey,One Day,Death,3,24,1,19,13,1,3,4.0,19.0,4.75,24.0,54.166666666666664,4.166666666666667
nathan_bungey,Nathan Bungey,Nathan Bungey,T20,Opening,1,42,0,29,26,3,3,7.0,,4.142857142857143,,61.904761904761905,7.142857142857143
nathan_bungey,Nathan Bungey,Nathan Bungey,T20,Middle,2,54,1,46,26,5,4,9.0,46.0,5.111111111111111,54.0,48.148148148148145,9.25925925925926
nathan_bungey,Nathan Bungey,Nathan Bungey,Two Day,New Ball,1,48,0,8,41,0,4,8.0,,1.0,,85.41666666666667,0.0
nathan_bungey,Nathan Bungey,Nathan Bungey,Two Day,Older Ball,2,749,13,337,541,26,10,124.5,25.923076923076923,2.699599465954606,57.61538461538461,72.22963951935914,3.4712950600801067
raw_4bc730fa_5212_4fcd_b95d_7918d4f9ea73,Nathan Jago,Nathan Jago,One Day,Opening,1,23,2,12,14,0,2,3.5,6.0,3.130434782608696,11.5,60.869565217391305,0.0
raw_4bc730fa_5212_4fcd_b95d_7918d4f9ea73,Nathan Jago,Nathan Jago,One Day,Middle,2,23,1,11,14,0,2,3.5,11.0,2.869565217391304,23.0,60.869565217391305,0.0
raw_139d238d_ee88_4594_9bda_b7de14e9b864,Navindu Ranawalage,Navindu Ranawalage,One Day,Opening,1,6,1,0,6,0,1,1.0,0.0,0.0,6.0,100.0,0.0
raw_139d238d_ee88_4594_9bda_b7de14e9b864,Navindu Ranawalage,Navindu Ranawalage,One Day,Middle,2,3,0,1,2,0,1,0.3,,2.0,,66.66666666666667,0.0
raw_139d238d_ee88_4594_9bda_b7de14e9b864,Navindu Ranawalage,Navindu Ranawalage,Two Day,New Ball,1,34,0,8,29,1,6,5.4,,1.411764705882353,,85.29411764705883,2.9411764705882355
raw_139d238d_ee88_4594_9bda_b7de14e9b864,Navindu Ranawalage,Navindu Ranawalage,Two Day,Older Ball,2,40,1,15,31,0,5,6.4,15.0,2.25,40.0,77.5,0.0
raw_a358dc3c_cfb3_46cb_b151_4a8febdd969f,Navjot Singh Malhi,Navjot Singh Malhi,One Day,Opening,1,19,0,9,14,1,3,3.1,,2.8421052631578947,,73.6842105263158,5.2631578947368425
raw_a358dc3c_cfb3_46cb_b151_4a8febdd969f,Navjot Singh Malhi,Navjot Singh Malhi,One Day,Middle,2,200,2,142,110,13,9,33.2,71.0,4.26,100.0,55.0,6.5
raw_a358dc3c_cfb3_46cb_b151_4a8febdd969f,Navjot Singh Malhi,Navjot Singh Malhi,One Day,Death,3,36,3,44,14,6,5,6.0,14.666666666666666,7.333333333333333,12.0,38.888888888888886,16.666666666666668
raw_a358dc3c_cfb3_46cb_b151_4a8febdd969f,Navjot Singh Malhi,Navjot Singh Malhi,T20,Opening,1,6,0,3,4,0,1,1.0,,3.0,,66.66666666666667,0.0
raw_a358dc3c_cfb3_46cb_b151_4a8febdd969f,Navjot Singh Malhi,Navjot Singh Malhi,T20,Middle,2,61,2,57,26,4,5,10.1,28.5,5.60655737704918,30.5,42.622950819672134,6.557377049180328
raw_a358dc3c_cfb3_46cb_b151_4a8febdd969f,Navjot Singh Malhi,Navjot Singh Malhi,T20,Death,3,35,3,31,15,2,3,5.5,10.333333333333334,5.314285714285714,11.666666666666666,42.857142857142854,5.714285714285714
raw_a358dc3c_cfb3_46cb_b151_4a8febdd969f,Navjot Singh Malhi,Navjot Singh Malhi,Two Day,New Ball,1,24,0,11,20,2,1,4.0,,2.75,,83.33333333333333,8.333333333333334
raw_a358dc3c_cfb3_46cb_b151_4a8febdd969f,Navjot Singh Malhi,Navjot Singh Malhi,Two Day,Older Ball,2,108,1,32,92,3,3,18.0,32.0,1.7777777777777777,108.0,85.18518518518519,2.7777777777777777
raw_da3ad2d9_d421_4d96_a479_2371768a57be,Neev Patel,Neev Patel,One Day,Opening,1,45,2,37,22,3,7,7.3,18.5,4.933333333333334,22.5,48.888888888888886,6.666666666666667
raw_da3ad2d9_d421_4d96_a479_2371768a57be,Neev Patel,Neev Patel,One Day,Middle,2,40,4,28,21,2,8,6.4,7.0,4.2,10.0,52.5,5.0
raw_c8ed3b6f_118c_4b1f_94d1_073c62792528,Neil Chowkidar,Neil Chowkidar,One Day,Opening,1,132,3,99,68,7,15,22.0,33.0,4.5,44.0,51.515151515151516,5.303030303030303
raw_c8ed3b6f_118c_4b1f_94d1_073c62792528,Neil Chowkidar,Neil Chowkidar,One Day,Middle,2,136,3,117,69,10,15,22.4,39.0,5.161764705882353,45.333333333333336,50.73529411764706,7.352941176470588
raw_c8ed3b6f_118c_4b1f_94d1_073c62792528,Neil Chowkidar,Neil Chowkidar,Two Day,New Ball,1,62,3,29,46,3,6,10.2,9.666666666666666,2.806451612903226,20.666666666666668,74.19354838709677,4.838709677419355
raw_c8ed3b6f_118c_4b1f_94d1_073c62792528,Neil Chowkidar,Neil Chowkidar,Two Day,Older Ball,2,56,4,14,45,0,5,9.2,3.5,1.5,14.0,80.35714285714286,0.0
raw_69a0a2f2_1397_4a93_a2ea_940b857e46f4,Neil D'Souza,Neil D'Souza,One Day,Opening,1,110,3,74,69,8,6,18.2,24.666666666666668,4.036363636363636,36.666666666666664,62.72727272727273,7.2727272727272725
raw_69a0a2f2_1397_4a93_a2ea_940b857e46f4,Neil D'Souza,Neil D'Souza,One Day,Middle,2,21,2,16,12,2,4,3.3,8.0,4.571428571428571,10.5,57.142857142857146,9.523809523809524
raw_1eff89ff_3ff1_4be1_bef5_ca5ff368c8d3,Neil Shah,Neil Shah,One Day,Opening,1,45,2,42,24,7,4,7.3,21.0,5.6,22.5,53.333333333333336,15.555555555555555
raw_1eff89ff_3ff1_4be1_bef5_ca5ff368c8d3,Neil Shah,Neil Shah,One Day,Middle,2,18,0,18,10,3,3,3.0,,6.0,,55.55555555555556,16.666666666666668
raw_ca5c19a2_1a80_4061_b36c_48d2ab0b9ff2,Nihar Baldota,Nihar Baldota,Two Day,New Ball,1,19,0,13,12,1,2,3.1,,4.105263157894737,,63.1578947368421,5.2631578947368425
raw_ca5c19a2_1a80_4061_b36c_48d2ab0b9ff2,Nihar Baldota,Nihar Baldota,Two Day,Older Ball,2,11,0,1,10,0,1,1.5,,0.5454545454545454,,90.9090909090909,0.0
raw_f601749e_fcf2_446c_80e7_c5c5db387f57,Nikhil Indalkar,Nikhil Indalkar,One Day,Opening,1,18,2,4,14,0,4,3.0,2.0,1.3333333333333333,9.0,77.77777777777777,0.0
raw_f601749e_fcf2_446c_80e7_c5c5db387f57,Nikhil Indalkar,Nikhil Indalkar,One Day,Middle,2,53,2,23,37,1,7,8.5,11.5,2.6037735849056602,26.5,69.81132075471699,1.8867924528301887
nishnaath_kancharla,Nishnaath Kancharla,Nishnaath Kancharla,One Day,Opening,1,196,4,99,139,10,34,32.4,24.75,3.0306122448979593,49.0,70.91836734693878,5.1020408163265305
nishnaath_kancharla,Nishnaath Kancharla,Nishnaath Kancharla,One Day,Middle,2,151,6,66,107,6,23,25.1,11.0,2.622516556291391,25.166666666666668,70.86092715231788,3.9735099337748343
nishnaath_kancharla,Nishnaath Kancharla,Nishnaath Kancharla,Two Day,New Ball,1,46,1,26,33,4,5,7.4,26.0,3.391304347826087,46.0,71.73913043478261,8.695652173913043
nishnaath_kancharla,Nishnaath Kancharla,Nishnaath Kancharla,Two Day,Older Ball,2,61,3,37,41,4,5,10.1,12.333333333333334,3.639344262295082,20.333333333333332,67.21311475409836,6.557377049180328
noel_blacker,Noel Blacker,Noel Blacker,One Day,Middle,2,18,0,12,10,1,1,3.0,,4.0,,55.55555555555556,5.555555555555555
noel_blacker,Noel Blacker,Noel Blacker,One Day,Death,3,6,1,3,3,0,1,1.0,3.0,3.0,6.0,50.0,0.0
noel_blacker,Noel Blacker,Noel Blacker,Two Day,Older Ball,2,30,0,33,18,6,1,5.0,,6.6,,60.0,20.0
raw_ab1e6e21_5393_45bc_8fde_b973a5c4d8a4,Ohmkaaran Kalaiarul,Ohmkaaran Kalaiarul,Two Day,New Ball,1,35,1,26,18,1,3,5.5,26.0,4.457142857142857,35.0,51.42857142857143,2.857142857142857
raw_0b6ab035_9303_4e7c_942e_40543466513f,Ojas Parashar,Ojas Parashar,One Day,Opening,1,207,7,103,143,10,26,34.3,14.714285714285714,2.9855072463768115,29.571428571428573,69.08212560386474,4.830917874396135
raw_0b6ab035_9303_4e7c_942e_40543466513f,Ojas Parashar,Ojas Parashar,One Day,Middle,2,261,6,153,175,11,30,43.3,25.5,3.5172413793103448,43.5,67.04980842911877,4.21455938697318
raw_0b6ab035_9303_4e7c_942e_40543466513f,Ojas Parashar,Ojas Parashar,Two Day,New Ball,1,139,5,59,107,6,13,23.1,11.8,2.5467625899280577,27.8,76.97841726618705,4.316546762589928
raw_0b6ab035_9303_4e7c_942e_40543466513f,Ojas Parashar,Ojas Parashar,Two Day,Older Ball,2,155,7,45,119,1,13,25.5,6.428571428571429,1.7419354838709677,22.142857142857142,76.7741935483871,0.6451612903225806
raw_7e0660fe_b3de_4583_a237_1d64656428ca,Oliver Ambi,Oliver Ambi,One Day,Opening,1,113,4,56,78,5,15,18.5,14.0,2.9734513274336285,28.25,69.02654867256638,4.424778761061947
raw_7e0660fe_b3de_4583_a237_1d64656428ca,Oliver Ambi,Oliver Ambi,One Day,Middle,2,85,11,36,58,0,11,14.1,3.272727272727273,2.541176470588235,7.7272727272727275,68.23529411764706,0.0
raw_7e0660fe_b3de_4583_a237_1d64656428ca,Oliver Ambi,Oliver Ambi,Two Day,New Ball,1,35,2,16,24,1,5,5.5,8.0,2.742857142857143,17.5,68.57142857142857,2.857142857142857
raw_7e0660fe_b3de_4583_a237_1d64656428ca,Oliver Ambi,Oliver Ambi,Two Day,Older Ball,2,35,2,14,22,0,5,5.5,7.0,2.4,17.5,62.857142857142854,0.0
raw_8ba2f257_65e4_42d2_8fd1_6569e8162013,Ollie Briddock,Ollie Briddock,Two Day,New Ball,1,24,0,18,15,3,1,4.0,,4.5,,62.5,12.5
raw_8ba2f257_65e4_42d2_8fd1_6569e8162013,Ollie Briddock,Ollie Briddock,Two Day,Older Ball,2,6,0,8,1,1,1,1.0,,8.0,,16.666666666666668,16.666666666666668
raw_8f0c6b21_31d5_4dca_99e9_5b5f48a441e8,Omar Fauzaan,Omar Fauzaan,T20,Opening,1,12,0,21,4,4,2,2.0,,10.5,,33.333333333333336,33.333333333333336
raw_8f0c6b21_31d5_4dca_99e9_5b5f48a441e8,Omar Fauzaan,Omar Fauzaan,T20,Middle,2,60,4,63,27,8,5,10.0,15.75,6.3,15.0,45.0,13.333333333333334
raw_c4d8c39d_d8e2_4a27_bf67_b64a66bcd338,Panav Chaudhary,Panav Chaudhary,One Day,Opening,1,56,1,19,41,1,6,9.2,19.0,2.0357142857142856,56.0,73.21428571428571,1.7857142857142858
raw_c4d8c39d_d8e2_4a27_bf67_b64a66bcd338,Panav Chaudhary,Panav Chaudhary,One Day,Middle,2,17,0,17,6,0,3,2.5,,6.0,,35.294117647058826,0.0
raw_577c54ec_5298_41c7_bd0a_b56d36240a6d,Panav Negi,Panav Negi,One Day,Opening,1,95,3,77,52,8,11,15.5,25.666666666666668,4.863157894736842,31.666666666666668,54.73684210526316,8.421052631578947
raw_577c54ec_5298_41c7_bd0a_b56d36240a6d,Panav Negi,Panav Negi,One Day,Middle,2,233,11,220,127,29,25,38.5,20.0,5.665236051502146,21.181818181818183,54.506437768240346,12.446351931330472
raw_577c54ec_5298_41c7_bd0a_b56d36240a6d,Panav Negi,Panav Negi,Two Day,New Ball,1,18,0,6,14,0,2,3.0,,2.0,,77.77777777777777,0.0
raw_577c54ec_5298_41c7_bd0a_b56d36240a6d,Panav Negi,Panav Negi,Two Day,Older Ball,2,118,1,98,60,11,7,19.4,98.0,4.983050847457627,118.0,50.847457627118644,9.322033898305085
raw_f58aec9b_7225_4d9b_8ea0_bf679b36780d,Panshul Puri,Panshul Puri,One Day,Opening,1,31,1,26,17,3,5,5.1,26.0,5.032258064516129,31.0,54.83870967741935,9.67741935483871
raw_f58aec9b_7225_4d9b_8ea0_bf679b36780d,Panshul Puri,Panshul Puri,One Day,Middle,2,91,2,104,38,14,10,15.1,52.0,6.857142857142857,45.5,41.75824175824176,15.384615384615385
raw_0c96b435_9167_452b_b864_c3fcde401bb2,Partha Kale,Partha Kale,One Day,Opening,1,103,1,51,72,4,16,17.1,51.0,2.970873786407767,103.0,69.90291262135922,3.883495145631068
raw_0c96b435_9167_452b_b864_c3fcde401bb2,Partha Kale,Partha Kale,One Day,Middle,2,107,4,75,58,5,16,17.5,18.75,4.205607476635514,26.75,54.205607476635514,4.672897196261682
raw_0824fe9f_5c2c_473a_8976_68bafed64185,Patrick Cherry,Patrick Cherry,One Day,Middle,2,8,0,18,2,3,1,1.2,,13.5,,25.0,37.5
raw_0824fe9f_5c2c_473a_8976_68bafed64185,Patrick Cherry,Patrick Cherry,Two Day,New Ball,1,19,0,12,10,1,3,3.1,,3.789473684210526,,52.63157894736842,5.2631578947368425
raw_0824fe9f_5c2c_473a_8976_68bafed64185,Patrick Cherry,Patrick Cherry,Two Day,Older Ball,2,8,0,10,2,1,2,1.2,,7.5,,25.0,12.5
raw_4cbe514e_6871_43d6_8f6e_bbdc5c8c8a9c,Patrick Eldridge,Patrick Eldridge,Two Day,New Ball,1,6,0,2,5,0,1,1.0,,2.0,,83.33333333333333,0.0
raw_4cbe514e_6871_43d6_8f6e_bbdc5c8c8a9c,Patrick Eldridge,Patrick Eldridge,Two Day,Older Ball,2,228,3,110,175,17,6,38.0,36.666666666666664,2.8947368421052633,76.0,76.75438596491227,7.456140350877193
raw_ab6292fb_e694_4db6_a367_8d70bc78c3a1,Patrick French,Patrick French,One Day,Opening,1,9,1,7,5,1,2,1.3,7.0,4.666666666666667,9.0,55.55555555555556,11.11111111111111
raw_ab6292fb_e694_4db6_a367_8d70bc78c3a1,Patrick French,Patrick French,One Day,Middle,2,36,3,24,22,3,5,6.0,8.0,4.0,12.0,61.111111111111114,8.333333333333334
raw_76bd5284_d29d_4a77_aa0c_8cd7ad5494a9,Patrick Schmitt,Patrick Schmitt,T20,Opening,1,12,0,17,5,2,1,2.0,,8.5,,41.666666666666664,16.666666666666668
raw_76bd5284_d29d_4a77_aa0c_8cd7ad5494a9,Patrick Schmitt,Patrick Schmitt,T20,Death,3,6,1,16,2,3,1,1.0,16.0,16.0,6.0,33.333333333333336,50.0
raw_bce8b100_cbcb_41b0_85cc_804de698753d,Patrick Warr,Patrick Warr,Two Day,New Ball,1,11,0,6,8,1,1,1.5,,3.272727272727273,,72.72727272727273,9.090909090909092
paul_young,Paul Young,Paul Young,Two Day,Older Ball,2,10,2,2,9,0,1,1.4,1.0,1.2,5.0,90.0,0.0
raw_e1612848_b49e_4af1_a1bb_de2ac3a148b4,Pavneet Arneja,Pavneet Arneja,One Day,Middle,2,58,1,48,36,7,2,9.4,48.0,4.9655172413793105,58.0,62.06896551724138,12.068965517241379
raw_e1612848_b49e_4af1_a1bb_de2ac3a148b4,Pavneet Arneja,Pavneet Arneja,T20,Opening,1,6,0,1,5,0,1,1.0,,1.0,,83.33333333333333,0.0
raw_e1612848_b49e_4af1_a1bb_de2ac3a148b4,Pavneet Arneja,Pavneet Arneja,T20,Middle,2,12,0,13,5,1,1,2.0,,6.5,,41.666666666666664,8.333333333333334
raw_e1612848_b49e_4af1_a1bb_de2ac3a148b4,Pavneet Arneja,Pavneet Arneja,T20,Death,3,6,0,20,0,3,1,1.0,,20.0,,0.0,50.0
raw_e1612848_b49e_4af1_a1bb_de2ac3a148b4,Pavneet Arneja,Pavneet Arneja,Two Day,New Ball,1,18,0,22,11,5,1,3.0,,7.333333333333333,,61.111111111111114,27.77777777777778
raw_e1612848_b49e_4af1_a1bb_de2ac3a148b4,Pavneet Arneja,Pavneet Arneja,Two Day,Older Ball,2,103,1,59,77,7,2,17.1,59.0,3.436893203883495,103.0,74.75728155339806,6.796116504854369
raw_5af2b0ae_0e52_4ae3_a96b_046241c10ff5,Prabashitha Senevirathna,Prabashitha Senevirathna,One Day,Middle,2,12,0,7,7,0,1,2.0,,3.5,,58.333333333333336,0.0
raw_5af2b0ae_0e52_4ae3_a96b_046241c10ff5,Prabashitha Senevirathna,Prabashitha Senevirathna,Two Day,New Ball,1,7,0,3,4,0,1,1.1,,2.5714285714285716,,57.142857142857146,0.0
raw_5af2b0ae_0e52_4ae3_a96b_046241c10ff5,Prabashitha Senevirathna,Prabashitha Senevirathna,Two Day,Older Ball,2,12,0,7,6,0,1,2.0,,3.5,,50.0,0.0
raw_2cb0c66f_cdd6_4ab5_a606_7ff87aed534e,Praj Jain,Praj Jain,One Day,Opening,1,111,11,46,84,3,16,18.3,4.181818181818182,2.4864864864864864,10.090909090909092,75.67567567567568,2.7027027027027026
raw_2cb0c66f_cdd6_4ab5_a606_7ff87aed534e,Praj Jain,Praj Jain,One Day,Middle,2,153,10,98,93,7,17,25.3,9.8,3.843137254901961,15.3,60.78431372549019,4.57516339869281
raw_2cb0c66f_cdd6_4ab5_a606_7ff87aed534e,Praj Jain,Praj Jain,Two Day,New Ball,1,33,1,26,18,3,5,5.3,26.0,4.7272727272727275,33.0,54.54545454545455,9.090909090909092
raw_2cb0c66f_cdd6_4ab5_a606_7ff87aed534e,Praj Jain,Praj Jain,Two Day,Older Ball,2,109,5,52,82,6,7,18.1,10.4,2.8623853211009176,21.8,75.22935779816514,5.504587155963303
raw_a44f2e20_e168_4bfe_9b98_39b7591da449,Pranavan Kalaiarul,Pranavan Kalaiarul,One Day,Opening,1,46,1,23,31,2,8,7.4,23.0,3.0,46.0,67.3913043478261,4.3478260869565215
raw_a44f2e20_e168_4bfe_9b98_39b7591da449,Pranavan Kalaiarul,Pranavan Kalaiarul,One Day,Middle,2,55,3,28,35,2,7,9.1,9.333333333333334,3.0545454545454547,18.333333333333332,63.63636363636363,3.6363636363636362
raw_a44f2e20_e168_4bfe_9b98_39b7591da449,Pranavan Kalaiarul,Pranavan Kalaiarul,Two Day,Older Ball,2,29,1,7,25,1,2,4.5,7.0,1.4482758620689655,29.0,86.20689655172414,3.4482758620689653
raw_3780c95f_1491_424c_b987_dd353952a767,Pranil Shah,Pranil Shah,Two Day,New Ball,1,26,0,15,19,2,3,4.2,,3.4615384615384617,,73.07692307692308,7.6923076923076925
raw_3780c95f_1491_424c_b987_dd353952a767,Pranil Shah,Pranil Shah,Two Day,Older Ball,2,70,1,37,48,1,5,11.4,37.0,3.1714285714285713,70.0,68.57142857142857,1.4285714285714286
raw_c179103e_b86f_4695_b7e9_720779fb1a5e,Pratham Kalyani,Pratham Kalyani,One Day,Opening,1,39,3,31,26,5,5,6.3,10.333333333333334,4.769230769230769,13.0,66.66666666666667,12.820512820512821
raw_c179103e_b86f_4695_b7e9_720779fb1a5e,Pratham Kalyani,Pratham Kalyani,One Day,Middle,2,42,2,46,18,6,5,7.0,23.0,6.571428571428571,21.0,42.857142857142854,14.285714285714286
raw_c179103e_b86f_4695_b7e9_720779fb1a5e,Pratham Kalyani,Pratham Kalyani,Two Day,New Ball,1,75,3,26,55,1,9,12.3,8.666666666666666,2.08,25.0,73.33333333333333,1.3333333333333333
raw_c179103e_b86f_4695_b7e9_720779fb1a5e,Pratham Kalyani,Pratham Kalyani,Two Day,Older Ball,2,72,3,26,50,1,7,12.0,8.666666666666666,2.1666666666666665,24.0,69.44444444444444,1.3888888888888888
raw_7553d1cb_7425_4da8_a7ee_d252d818a4b3,Pratheek Nelluri,Pratheek Nelluri,One Day,Opening,1,201,5,122,132,10,20,33.3,24.4,3.6417910447761193,40.2,65.67164179104478,4.975124378109452
raw_7553d1cb_7425_4da8_a7ee_d252d818a4b3,Pratheek Nelluri,Pratheek Nelluri,One Day,Middle,2,606,24,444,360,42,37,101.0,18.5,4.396039603960396,25.25,59.40594059405941,6.930693069306931
raw_7553d1cb_7425_4da8_a7ee_d252d818a4b3,Pratheek Nelluri,Pratheek Nelluri,One Day,Death,3,87,5,51,55,4,8,14.3,10.2,3.5172413793103448,17.4,63.2183908045977,4.597701149425287
raw_7553d1cb_7425_4da8_a7ee_d252d818a4b3,Pratheek Nelluri,Pratheek Nelluri,T20,Opening,1,18,1,27,9,4,2,3.0,27.0,9.0,18.0,50.0,22.22222222222222
raw_7553d1cb_7425_4da8_a7ee_d252d818a4b3,Pratheek Nelluri,Pratheek Nelluri,T20,Middle,2,167,9,238,59,34,12,27.5,26.444444444444443,8.550898203592814,18.555555555555557,35.32934131736527,20.35928143712575
raw_7553d1cb_7425_4da8_a7ee_d252d818a4b3,Pratheek Nelluri,Pratheek Nelluri,T20,Death,3,30,1,36,7,2,3,5.0,36.0,7.2,30.0,23.333333333333332,6.666666666666667
raw_7553d1cb_7425_4da8_a7ee_d252d818a4b3,Pratheek Nelluri,Pratheek Nelluri,Two Day,New Ball,1,102,3,47,73,4,11,17.0,15.666666666666666,2.764705882352941,34.0,71.56862745098039,3.9215686274509802
raw_7553d1cb_7425_4da8_a7ee_d252d818a4b3,Pratheek Nelluri,Pratheek Nelluri,Two Day,Older Ball,2,902,21,462,669,50,27,150.2,22.0,3.073170731707317,42.95238095238095,74.16851441241685,5.5432372505543235
pravbir_gill,Pravbir Gill,Pravbir Gill,One Day,Opening,1,120,4,70,94,12,5,20.0,17.5,3.5,30.0,78.33333333333333,10.0
pravbir_gill,Pravbir Gill,Pravbir Gill,One Day,Middle,2,174,2,128,121,20,10,29.0,64.0,4.413793103448276,87.0,69.54022988505747,11.494252873563218
pravbir_gill,Pravbir Gill,Pravbir Gill,One Day,Death,3,81,2,106,28,11,6,13.3,53.0,7.851851851851852,40.5,34.5679012345679,13.580246913580247
pravbir_gill,Pravbir Gill,Pravbir Gill,T20,Opening,1,12,1,25,2,5,2,2.0,25.0,12.5,12.0,16.666666666666668,41.666666666666664
pravbir_gill,Pravbir Gill,Pravbir Gill,T20,Middle,2,37,2,34,21,2,2,6.1,17.0,5.513513513513513,18.5,56.75675675675676,5.405405405405405
pravbir_gill,Pravbir Gill,Pravbir Gill,Two Day,Older Ball,2,90,1,90,53,14,3,15.0,90.0,6.0,90.0,58.888888888888886,15.555555555555555
pravin_chelvan,Pravin Chelvan,Pravin Chelvan,One Day,Opening,1,186,4,110,128,11,10,31.0,27.5,3.5483870967741935,46.5,68.81720430107526,5.913978494623656
pravin_chelvan,Pravin Chelvan,Pravin Chelvan,One Day,Middle,2,270,4,172,162,15,13,45.0,43.0,3.8222222222222224,67.5,60.0,5.555555555555555
pravin_chelvan,Pravin Chelvan,Pravin Chelvan,One Day,Death,3,95,5,89,44,8,8,15.5,17.8,5.621052631578947,19.0,46.31578947368421,8.421052631578947
pravin_chelvan,Pravin Chelvan,Pravin Chelvan,T20,Opening,1,48,1,80,14,11,8,8.0,80.0,10.0,48.0,29.166666666666668,22.916666666666668
pravin_chelvan,Pravin Chelvan,Pravin Chelvan,T20,Middle,2,154,4,211,46,26,13,25.4,52.75,8.220779220779221,38.5,29.87012987012987,16.883116883116884
pravin_chelvan,Pravin Chelvan,Pravin Chelvan,T20,Death,3,30,2,56,8,7,5,5.0,28.0,11.2,15.0,26.666666666666668,23.333333333333332
raw_a45ecdee_10ce_4339_9cc3_92d5d39d43a6,Priaav Salot,Priaav Salot,One Day,Opening,1,6,1,2,4,0,1,1.0,2.0,2.0,6.0,66.66666666666667,0.0
raw_a45ecdee_10ce_4339_9cc3_92d5d39d43a6,Priaav Salot,Priaav Salot,One Day,Middle,2,6,0,5,4,0,1,1.0,,5.0,,66.66666666666667,0.0
raw_a45ecdee_10ce_4339_9cc3_92d5d39d43a6,Priaav Salot,Priaav Salot,Two Day,New Ball,1,16,0,4,12,0,2,2.4,,1.5,,75.0,0.0
raw_a45ecdee_10ce_4339_9cc3_92d5d39d43a6,Priaav Salot,Priaav Salot,Two Day,Older Ball,2,29,1,18,21,3,2,4.5,18.0,3.7241379310344827,29.0,72.41379310344827,10.344827586206897
raw_8fa24d16_4ec2_4f99_a38a_8117bd7db9f6,Prithish Pancholi,Prithish Pancholi,One Day,Opening,1,20,1,1,19,0,1,3.2,1.0,0.3,20.0,95.0,0.0
raw_8fa24d16_4ec2_4f99_a38a_8117bd7db9f6,Prithish Pancholi,Prithish Pancholi,Two Day,New Ball,1,46,0,27,31,2,2,7.4,,3.5217391304347827,,67.3913043478261,4.3478260869565215
raw_8fa24d16_4ec2_4f99_a38a_8117bd7db9f6,Prithish Pancholi,Prithish Pancholi,Two Day,Older Ball,2,12,0,9,7,0,1,2.0,,4.5,,58.333333333333336,0.0
raw_8f9a08e1_5393_4e05_9d3a_790a8a70f7bc,Pulkit Gupta,Pulkit Gupta,One Day,Opening,1,132,1,111,80,13,11,22.0,111.0,5.045454545454546,132.0,60.60606060606061,9.848484848484848
raw_8f9a08e1_5393_4e05_9d3a_790a8a70f7bc,Pulkit Gupta,Pulkit Gupta,One Day,Middle,2,294,5,199,193,22,15,49.0,39.8,4.061224489795919,58.8,65.64625850340136,7.482993197278912
raw_8f9a08e1_5393_4e05_9d3a_790a8a70f7bc,Pulkit Gupta,Pulkit Gupta,One Day,Death,3,186,14,195,67,15,12,31.0,13.928571428571429,6.290322580645161,13.285714285714286,36.02150537634409,8.064516129032258
raw_8f9a08e1_5393_4e05_9d3a_790a8a70f7bc,Pulkit Gupta,Pulkit Gupta,T20,Opening,1,30,0,43,12,7,4,5.0,,8.6,,40.0,23.333333333333332
raw_8f9a08e1_5393_4e05_9d3a_790a8a70f7bc,Pulkit Gupta,Pulkit Gupta,T20,Middle,2,74,3,122,17,16,6,12.2,40.666666666666664,9.891891891891891,24.666666666666668,22.972972972972972,21.62162162162162
raw_8f9a08e1_5393_4e05_9d3a_790a8a70f7bc,Pulkit Gupta,Pulkit Gupta,T20,Death,3,18,2,24,7,2,3,3.0,12.0,8.0,9.0,38.888888888888886,11.11111111111111
raw_8f9a08e1_5393_4e05_9d3a_790a8a70f7bc,Pulkit Gupta,Pulkit Gupta,Two Day,New Ball,1,72,1,46,55,9,3,12.0,46.0,3.8333333333333335,72.0,76.38888888888889,12.5
raw_8f9a08e1_5393_4e05_9d3a_790a8a70f7bc,Pulkit Gupta,Pulkit Gupta,Two Day,Older Ball,2,271,7,152,192,14,7,45.1,21.714285714285715,3.3653136531365315,38.714285714285715,70.84870848708488,5.166051660516605
raw_13f275e2_3b04_4592_9126_40b496587372,Raghu Mendu,Raghu Mendu,Two Day,New Ball,1,18,0,22,12,4,1,3.0,,7.333333333333333,,66.66666666666667,22.22222222222222
raw_84183f3c_946d_44be_8854_e34043617695,Raghuveer Gomatam,Raghuveer Gomatam,One Day,Opening,1,29,0,18,21,2,5,4.5,,3.7241379310344827,,72.41379310344827,6.896551724137931
raw_84183f3c_946d_44be_8854_e34043617695,Raghuveer Gomatam,Raghuveer Gomatam,One Day,Middle,2,47,3,35,26,2,6,7.5,11.666666666666666,4.468085106382978,15.666666666666666,55.319148936170215,4.25531914893617
raw_84183f3c_946d_44be_8854_e34043617695,Raghuveer Gomatam,Raghuveer Gomatam,Two Day,New Ball,1,7,0,7,3,1,2,1.1,,6.0,,42.857142857142854,14.285714285714286
raw_84183f3c_946d_44be_8854_e34043617695,Raghuveer Gomatam,Raghuveer Gomatam,Two Day,Older Ball,2,16,1,9,10,1,3,2.4,9.0,3.375,16.0,62.5,6.25
raw_ce82908b_ad3e_4b2f_a978_422ca03db344,Rahil Deshwal,Rahil Deshwal,One Day,Opening,1,14,0,19,6,3,3,2.2,,8.142857142857142,,42.857142857142854,21.428571428571427
raw_ce82908b_ad3e_4b2f_a978_422ca03db344,Rahil Deshwal,Rahil Deshwal,One Day,Middle,2,17,0,17,8,2,3,2.5,,6.0,,47.05882352941177,11.764705882352942
raw_ce82908b_ad3e_4b2f_a978_422ca03db344,Rahil Deshwal,Rahil Deshwal,Two Day,New Ball,1,56,2,18,42,1,8,9.2,9.0,1.9285714285714286,28.0,75.0,1.7857142857142858
raw_ce82908b_ad3e_4b2f_a978_422ca03db344,Rahil Deshwal,Rahil Deshwal,Two Day,Older Ball,2,43,1,14,35,2,6,7.1,14.0,1.9534883720930232,43.0,81.3953488372093,4.651162790697675
raw_037e06fb_56d9_42ef_9105_6bb409373998,Rahul Bharadwaj,Rahul Bharadwaj,Two Day,New Ball,1,39,2,13,30,1,4,6.3,6.5,2.0,19.5,76.92307692307692,2.5641025641025643
raw_037e06fb_56d9_42ef_9105_6bb409373998,Rahul Bharadwaj,Rahul Bharadwaj,Two Day,Older Ball,2,46,0,25,25,1,3,7.4,,3.260869565217391,,54.34782608695652,2.1739130434782608
raw_3e6f46e7_943d_4b03_b2c4_3d1a19803336,Raja Sekhar Kunapuli Venkata Naga,Raja Sekhar Kunapuli Venkata Naga,One Day,Middle,2,12,0,19,3,2,1,2.0,,9.5,,25.0,16.666666666666668
raw_535c0ca9_b770_4138_a489_9f14a1edf933,Rajandeep Singh,Rajandeep Singh,One Day,Opening,1,42,1,17,34,2,2,7.0,17.0,2.4285714285714284,42.0,80.95238095238095,4.761904761904762
raw_535c0ca9_b770_4138_a489_9f14a1edf933,Rajandeep Singh,Rajandeep Singh,One Day,Middle,2,12,0,13,6,2,1,2.0,,6.5,,50.0,16.666666666666668
raw_535c0ca9_b770_4138_a489_9f14a1edf933,Rajandeep Singh,Rajandeep Singh,One Day,Death,3,12,1,13,4,1,1,2.0,13.0,6.5,12.0,33.333333333333336,8.333333333333334
raw_535c0ca9_b770_4138_a489_9f14a1edf933,Rajandeep Singh,Rajandeep Singh,T20,Opening,1,24,2,26,12,4,2,4.0,13.0,6.5,12.0,50.0,16.666666666666668
raw_535c0ca9_b770_4138_a489_9f14a1edf933,Rajandeep Singh,Rajandeep Singh,T20,Middle,2,12,0,14,6,2,2,2.0,,7.0,,50.0,16.666666666666668
raw_535c0ca9_b770_4138_a489_9f14a1edf933,Rajandeep Singh,Rajandeep Singh,T20,Death,3,12,1,17,2,2,2,2.0,17.0,8.5,12.0,16.666666666666668,16.666666666666668
raw_535c0ca9_b770_4138_a489_9f14a1edf933,Rajandeep Singh,Rajandeep Singh,Two Day,New Ball,1,96,2,40,73,3,6,16.0,20.0,2.5,48.0,76.04166666666667,3.125
raw_535c0ca9_b770_4138_a489_9f14a1edf933,Rajandeep Singh,Rajandeep Singh,Two Day,Older Ball,2,372,12,156,287,12,5,62.0,13.0,2.5161290322580645,31.0,77.15053763440861,3.225806451612903
raw_d8017474_0895_4330_ba99_a0f8c4cc4f3b,Rajvir Singh,Rajvir Singh,One Day,Opening,1,11,0,6,7,0,1,1.5,,3.272727272727273,,63.63636363636363,0.0
raw_d8017474_0895_4330_ba99_a0f8c4cc4f3b,Rajvir Singh,Rajvir Singh,One Day,Middle,2,6,0,4,2,0,1,1.0,,4.0,,33.333333333333336,0.0
raw_d8017474_0895_4330_ba99_a0f8c4cc4f3b,Rajvir Singh,Rajvir Singh,One Day,Death,3,16,0,14,9,2,1,2.4,,5.25,,56.25,12.5
raw_d8017474_0895_4330_ba99_a0f8c4cc4f3b,Rajvir Singh,Rajvir Singh,Two Day,New Ball,1,32,0,23,19,1,3,5.2,,4.3125,,59.375,3.125
raw_d8017474_0895_4330_ba99_a0f8c4cc4f3b,Rajvir Singh,Rajvir Singh,Two Day,Older Ball,2,24,1,12,18,1,2,4.0,12.0,3.0,24.0,75.0,4.166666666666667
randika_dias,Randika Dias,Randika Dias,Two Day,Older Ball,2,192,3,102,133,9,3,32.0,34.0,3.1875,64.0,69.27083333333333,4.6875
reece_anderson,Reece Anderson,Reece Anderson,One Day,Opening,1,440,15,237,331,34,24,73.2,15.8,3.231818181818182,29.333333333333332,75.22727272727273,7.7272727272727275
reece_anderson,Reece Anderson,Reece Anderson,One Day,Middle,2,576,22,460,321,47,37,96.0,20.90909090909091,4.791666666666667,26.181818181818183,55.729166666666664,8.159722222222221
reece_anderson,Reece Anderson,Reece Anderson,One Day,Death,3,143,3,126,63,12,12,23.5,42.0,5.286713286713287,47.666666666666664,44.05594405594405,8.391608391608392
reece_anderson,Reece Anderson,Reece Anderson,T20,Opening,1,96,3,123,37,18,8,16.0,41.0,7.6875,32.0,38.541666666666664,18.75
reece_anderson,Reece Anderson,Reece Anderson,T20,Middle,2,102,4,124,34,13,11,17.0,31.0,7.294117647058823,25.5,33.333333333333336,12.745098039215685
reece_anderson,Reece Anderson,Reece Anderson,T20,Death,3,23,3,23,10,2,4,3.5,7.666666666666667,6.0,7.666666666666667,43.47826086956522,8.695652173913043
reece_anderson,Reece Anderson,Reece Anderson,Two Day,New Ball,1,721,6,303,567,31,25,120.1,50.5,2.521497919556172,120.16666666666667,78.64077669902913,4.2995839112343965
reece_anderson,Reece Anderson,Reece Anderson,Two Day,Older Ball,2,848,35,435,623,51,27,141.2,12.428571428571429,3.077830188679245,24.228571428571428,73.46698113207547,6.014150943396227
raw_184510d4_e736_4675_88c6_ad2e26bc3b4c,Reya Pandya,Reya Pandya,One Day,Opening,1,21,0,8,14,0,4,3.3,,2.2857142857142856,,66.66666666666667,0.0
raw_184510d4_e736_4675_88c6_ad2e26bc3b4c,Reya Pandya,Reya Pandya,One Day,Middle,2,32,3,15,20,0,5,5.2,5.0,2.8125,10.666666666666666,62.5,0.0
raw_184510d4_e736_4675_88c6_ad2e26bc3b4c,Reya Pandya,Reya Pandya,Two Day,New Ball,1,27,2,10,18,0,4,4.3,5.0,2.2222222222222223,13.5,66.66666666666667,0.0
raw_184510d4_e736_4675_88c6_ad2e26bc3b4c,Reya Pandya,Reya Pandya,Two Day,Older Ball,2,59,4,28,43,3,5,9.5,7.0,2.847457627118644,14.75,72.88135593220339,5.084745762711864
raw_fa2ae790_4454_45f0_9b06_c5f147e82b9f,Reyaansh Chadha,Reyaansh Chadha,Two Day,New Ball,1,10,0,10,4,1,3,1.4,,6.0,,40.0,10.0
raw_fa2ae790_4454_45f0_9b06_c5f147e82b9f,Reyaansh Chadha,Reyaansh Chadha,Two Day,Older Ball,2,12,1,2,10,0,3,2.0,2.0,1.0,12.0,83.33333333333333,0.0
raw_56b03457_3581_461f_8e0e_cf7963c8ee85,Reyan Arora,Reyan Arora,One Day,Opening,1,114,4,80,69,10,19,19.0,20.0,4.2105263157894735,28.5,60.526315789473685,8.771929824561404
raw_56b03457_3581_461f_8e0e_cf7963c8ee85,Reyan Arora,Reyan Arora,One Day,Middle,2,184,5,114,118,12,23,30.4,22.8,3.717391304347826,36.8,64.1304347826087,6.521739130434782
raw_56b03457_3581_461f_8e0e_cf7963c8ee85,Reyan Arora,Reyan Arora,Two Day,New Ball,1,83,4,34,65,4,7,13.5,8.5,2.4578313253012047,20.75,78.3132530120482,4.819277108433735
raw_56b03457_3581_461f_8e0e_cf7963c8ee85,Reyan Arora,Reyan Arora,Two Day,Older Ball,2,77,3,21,62,1,6,12.5,7.0,1.6363636363636365,25.666666666666668,80.51948051948052,1.2987012987012987
raw_c1b0ef10_75e3_445a_977b_d0aa1fb8640a,Riaan Raja,Riaan Raja,One Day,Opening,1,11,0,10,7,2,2,1.5,,5.454545454545454,,63.63636363636363,18.181818181818183
raw_c1b0ef10_75e3_445a_977b_d0aa1fb8640a,Riaan Raja,Riaan Raja,One Day,Middle,2,11,0,3,8,0,2,1.5,,1.6363636363636365,,72.72727272727273,0.0
raw_c1b0ef10_75e3_445a_977b_d0aa1fb8640a,Riaan Raja,Riaan Raja,Two Day,New Ball,1,23,0,5,19,0,5,3.5,,1.3043478260869565,,82.6086956521739,0.0
raw_c1b0ef10_75e3_445a_977b_d0aa1fb8640a,Riaan Raja,Riaan Raja,Two Day,Older Ball,2,24,4,5,21,0,3,4.0,1.25,1.25,6.0,87.5,0.0
raw_5885e0ec_da58_4464_b4c3_2a6124a89125,Rikhil Bharadwaj,Rikhil Bharadwaj,One Day,Opening,1,81,3,59,52,7,9,13.3,19.666666666666668,4.37037037037037,27.0,64.19753086419753,8.641975308641975
raw_5885e0ec_da58_4464_b4c3_2a6124a89125,Rikhil Bharadwaj,Rikhil Bharadwaj,One Day,Middle,2,99,6,64,62,5,9,16.3,10.666666666666666,3.878787878787879,16.5,62.62626262626262,5.05050505050505
raw_5885e0ec_da58_4464_b4c3_2a6124a89125,Rikhil Bharadwaj,Rikhil Bharadwaj,Two Day,New Ball,1,51,1,27,36,1,3,8.3,27.0,3.176470588235294,51.0,70.58823529411765,1.9607843137254901
raw_5885e0ec_da58_4464_b4c3_2a6124a89125,Rikhil Bharadwaj,Rikhil Bharadwaj,Two Day,Older Ball,2,133,4,66,94,4,7,22.1,16.5,2.9774436090225564,33.25,70.67669172932331,3.007518796992481
raw_8ff4ef93_a500_4d37_9ab4_57208331d851,Rishaan Bahri,Rishaan Bahri,One Day,Opening,1,154,5,80,104,5,15,25.4,16.0,3.116883116883117,30.8,67.53246753246754,3.2467532467532467
raw_8ff4ef93_a500_4d37_9ab4_57208331d851,Rishaan Bahri,Rishaan Bahri,One Day,Middle,2,111,3,42,77,2,13,18.3,14.0,2.27027027027027,37.0,69.36936936936937,1.8018018018018018
raw_8ff4ef93_a500_4d37_9ab4_57208331d851,Rishaan Bahri,Rishaan Bahri,Two Day,New Ball,1,58,1,22,41,1,6,9.4,22.0,2.2758620689655173,58.0,70.6896551724138,1.7241379310344827
raw_8ff4ef93_a500_4d37_9ab4_57208331d851,Rishaan Bahri,Rishaan Bahri,Two Day,Older Ball,2,86,2,49,59,4,5,14.2,24.5,3.4186046511627906,43.0,68.6046511627907,4.651162790697675
raw_04754f3d_9dc9_43f2_91b0_537f1ffc44ed,Rishabh Sircar,Rishabh Sircar,Two Day,Older Ball,2,24,0,11,17,0,1,4.0,,2.75,,70.83333333333333,0.0
raw_e25c8ba5_9b46_4e54_a576_669dffd84134,Rishi Chowkidar,Rishi Chowkidar,One Day,Opening,1,86,2,26,63,0,12,14.2,13.0,1.813953488372093,43.0,73.25581395348837,0.0
raw_e25c8ba5_9b46_4e54_a576_669dffd84134,Rishi Chowkidar,Rishi Chowkidar,One Day,Middle,2,195,14,122,128,12,21,32.3,8.714285714285714,3.753846153846154,13.928571428571429,65.64102564102564,6.153846153846154
raw_e25c8ba5_9b46_4e54_a576_669dffd84134,Rishi Chowkidar,Rishi Chowkidar,Two Day,New Ball,1,40,1,12,30,0,5,6.4,12.0,1.8,40.0,75.0,0.0
raw_e25c8ba5_9b46_4e54_a576_669dffd84134,Rishi Chowkidar,Rishi Chowkidar,Two Day,Older Ball,2,61,3,26,42,0,5,10.1,8.666666666666666,2.557377049180328,20.333333333333332,68.85245901639344,0.0
raw_d8352113_2118_49bb_bad1_328f97284d5a,Robbie Goldsmith,Robbie Goldsmith,One Day,Opening,1,100,4,63,61,5,16,16.4,15.75,3.78,25.0,61.0,5.0
raw_d8352113_2118_49bb_bad1_328f97284d5a,Robbie Goldsmith,Robbie Goldsmith,One Day,Middle,2,146,2,129,83,18,17,24.2,64.5,5.301369863013699,73.0,56.84931506849315,12.32876712328767
raw_b536f720_e8ef_419c_8a82_3c8979a1f9fe,Rohan Kevat,Rohan Kevat,One Day,Middle,2,2,0,2,1,0,1,0.2,,6.0,,50.0,0.0
raw_b536f720_e8ef_419c_8a82_3c8979a1f9fe,Rohan Kevat,Rohan Kevat,Two Day,Older Ball,2,19,0,19,11,3,3,3.1,,6.0,,57.89473684210526,15.789473684210526
raw_cb8b8724_cc86_4b3e_a156_fa9b1b822773,Rohan Parikh,Rohan Parikh,One Day,Opening,1,33,1,23,17,1,3,5.3,23.0,4.181818181818182,33.0,51.515151515151516,3.0303030303030303
raw_cb8b8724_cc86_4b3e_a156_fa9b1b822773,Rohan Parikh,Rohan Parikh,One Day,Middle,2,16,0,5,12,0,3,2.4,,1.875,,75.0,0.0
raw_cb8b8724_cc86_4b3e_a156_fa9b1b822773,Rohan Parikh,Rohan Parikh,Two Day,New Ball,1,45,2,28,26,2,4,7.3,14.0,3.7333333333333334,22.5,57.77777777777778,4.444444444444445
raw_cb8b8724_cc86_4b3e_a156_fa9b1b822773,Rohan Parikh,Rohan Parikh,Two Day,Older Ball,2,23,1,9,20,1,2,3.5,9.0,2.347826086956522,23.0,86.95652173913044,4.3478260869565215
raw_818cb34c_0d42_4eab_aa15_2343ac6af746,Rohan Rao,Rohan Rao,One Day,Opening,1,4,0,3,1,0,1,0.4,,4.5,,25.0,0.0
raw_818cb34c_0d42_4eab_aa15_2343ac6af746,Rohan Rao,Rohan Rao,One Day,Middle,2,5,0,4,4,1,1,0.5,,4.8,,80.0,20.0
raw_818cb34c_0d42_4eab_aa15_2343ac6af746,Rohan Rao,Rohan Rao,Two Day,New Ball,1,12,0,5,8,0,2,2.0,,2.5,,66.66666666666667,0.0
raw_818cb34c_0d42_4eab_aa15_2343ac6af746,Rohan Rao,Rohan Rao,Two Day,Older Ball,2,39,1,47,15,7,6,6.3,47.0,7.230769230769231,39.0,38.46153846153846,17.94871794871795
raw_68ab4a5d_2a46_4815_8d70_866bd0a56fb2,Rohit Raghavan,Rohit Raghavan,Two Day,New Ball,1,6,0,0,6,0,1,1.0,,0.0,,100.0,0.0
raw_68ab4a5d_2a46_4815_8d70_866bd0a56fb2,Rohit Raghavan,Rohit Raghavan,Two Day,Older Ball,2,162,5,49,135,6,2,27.0,9.8,1.8148148148148149,32.4,83.33333333333333,3.7037037037037037
raw_f2d78439_cd2a_4f7e_b8a2_64449dcba4fd,Rohit Tumuluri,Rohit Tumuluri,One Day,Opening,1,3,0,3,1,0,1,0.3,,6.0,,33.333333333333336,0.0
raw_f2d78439_cd2a_4f7e_b8a2_64449dcba4fd,Rohit Tumuluri,Rohit Tumuluri,One Day,Middle,2,3,0,0,3,0,1,0.3,,0.0,,100.0,0.0
raw_f2d78439_cd2a_4f7e_b8a2_64449dcba4fd,Rohit Tumuluri,Rohit Tumuluri,Two Day,New Ball,1,12,0,4,9,0,2,2.0,,2.0,,75.0,0.0
raw_f2d78439_cd2a_4f7e_b8a2_64449dcba4fd,Rohit Tumuluri,Rohit Tumuluri,Two Day,Older Ball,2,27,1,19,19,3,2,4.3,19.0,4.222222222222222,27.0,70.37037037037037,11.11111111111111
raw_619ae60a_50fb_40d8_9c1f_ea4a2a47504c,Rory Pennycook,Rory Pennycook,One Day,Middle,2,24,0,11,20,1,1,4.0,,2.75,,83.33333333333333,4.166666666666667
raw_619ae60a_50fb_40d8_9c1f_ea4a2a47504c,Rory Pennycook,Rory Pennycook,T20,Middle,2,12,1,10,3,0,1,2.0,10.0,5.0,12.0,25.0,0.0
raw_619ae60a_50fb_40d8_9c1f_ea4a2a47504c,Rory Pennycook,Rory Pennycook,T20,Death,3,4,0,1,3,0,1,0.4,,1.5,,75.0,0.0
raw_619ae60a_50fb_40d8_9c1f_ea4a2a47504c,Rory Pennycook,Rory Pennycook,Two Day,New Ball,1,6,0,1,5,0,1,1.0,,1.0,,83.33333333333333,0.0
raw_619ae60a_50fb_40d8_9c1f_ea4a2a47504c,Rory Pennycook,Rory Pennycook,Two Day,Older Ball,2,36,0,26,25,5,2,6.0,,4.333333333333333,,69.44444444444444,13.88888888888889
raw_23486be2_556a_456d_b187_7d7437a02798,Rovyn Hettiarachchi,Rovyn Hettiarachchi,One Day,Opening,1,43,1,21,26,1,9,7.1,21.0,2.9302325581395348,43.0,60.46511627906977,2.3255813953488373
raw_23486be2_556a_456d_b187_7d7437a02798,Rovyn Hettiarachchi,Rovyn Hettiarachchi,One Day,Middle,2,53,0,30,33,3,9,8.5,,3.3962264150943398,,62.264150943396224,5.660377358490566
raw_4e7e3347_dd18_461f_b4f7_fe084279a493,Ruan Jayaratne,Ruan Jayaratne,Two Day,New Ball,1,59,2,19,51,3,2,9.5,9.5,1.9322033898305084,29.5,86.44067796610169,5.084745762711864
raw_4e7e3347_dd18_461f_b4f7_fe084279a493,Ruan Jayaratne,Ruan Jayaratne,Two Day,Older Ball,2,29,0,18,20,2,2,4.5,,3.7241379310344827,,68.96551724137932,6.896551724137931
raw_f016afb8_c53c_41d8_9ae6_ded27625909c,Rudy Paterson,Rudy Paterson,One Day,Opening,1,15,0,6,12,1,3,2.3,,2.4,,80.0,6.666666666666667
raw_f016afb8_c53c_41d8_9ae6_ded27625909c,Rudy Paterson,Rudy Paterson,One Day,Middle,2,9,0,1,8,0,2,1.3,,0.6666666666666666,,88.88888888888889,0.0
raw_515d4bb5_bf65_4727_8503_710e490bc486,Ruhaan Gulati,Ruhaan Gulati,One Day,Opening,1,32,0,23,22,3,8,5.2,,4.3125,,68.75,9.375
raw_515d4bb5_bf65_4727_8503_710e490bc486,Ruhaan Gulati,Ruhaan Gulati,One Day,Middle,2,40,0,41,16,4,7,6.4,,6.15,,40.0,10.0
raw_daf68834_b771_4a94_bc6f_07cfc5a86d66,Ruhaan Wason,Ruhaan Wason,One Day,Opening,1,10,0,2,8,0,2,1.4,,1.2,,80.0,0.0
raw_daf68834_b771_4a94_bc6f_07cfc5a86d66,Ruhaan Wason,Ruhaan Wason,One Day,Middle,2,7,1,3,4,0,2,1.1,3.0,2.5714285714285716,7.0,57.142857142857146,0.0
raw_0b53a686_9857_4eb4_94b2_3e11f6bef1f1,Ruhain Gunasinghe,Ruhain Gunasinghe,One Day,Opening,1,48,2,23,31,1,9,8.0,11.5,2.875,24.0,64.58333333333333,2.0833333333333335
raw_0b53a686_9857_4eb4_94b2_3e11f6bef1f1,Ruhain Gunasinghe,Ruhain Gunasinghe,One Day,Middle,2,92,1,65,47,5,10,15.2,65.0,4.239130434782608,92.0,51.08695652173913,5.434782608695652
raw_0b53a686_9857_4eb4_94b2_3e11f6bef1f1,Ruhain Gunasinghe,Ruhain Gunasinghe,Two Day,New Ball,1,17,0,4,13,0,3,2.5,,1.411764705882353,,76.47058823529412,0.0
raw_0b53a686_9857_4eb4_94b2_3e11f6bef1f1,Ruhain Gunasinghe,Ruhain Gunasinghe,Two Day,Older Ball,2,22,1,4,18,0,3,3.4,4.0,1.0909090909090908,22.0,81.81818181818181,0.0
raw_b9b70753_126a_452a_a877_280e267ae723,Rumaan Gulati,Rumaan Gulati,One Day,Opening,1,56,4,14,47,1,5,9.2,3.5,1.5,14.0,83.92857142857143,1.7857142857142858
raw_b9b70753_126a_452a_a877_280e267ae723,Rumaan Gulati,Rumaan Gulati,One Day,Middle,2,23,3,7,18,0,4,3.5,2.3333333333333335,1.826086956521739,7.666666666666667,78.26086956521739,0.0
raw_38568b7c_eefe_4e47_a5ca_8619f69a1079,Rylie Gordon,Rylie Gordon,One Day,Middle,2,39,1,49,20,7,4,6.3,49.0,7.538461538461538,39.0,51.282051282051285,17.94871794871795
ryon_mulleriyawa,Ryon Mulleriyawa,Ryon Mulleriyawa,One Day,Opening,1,131,5,55,103,6,17,21.5,11.0,2.519083969465649,26.2,78.62595419847328,4.580152671755725
ryon_mulleriyawa,Ryon Mulleriyawa,Ryon Mulleriyawa,One Day,Middle,2,207,10,93,141,4,18,34.3,9.3,2.6956521739130435,20.7,68.1159420289855,1.932367149758454
ryon_mulleriyawa,Ryon Mulleriyawa,Ryon Mulleriyawa,Two Day,New Ball,1,55,1,19,41,1,7,9.1,19.0,2.0727272727272728,55.0,74.54545454545455,1.8181818181818181
ryon_mulleriyawa,Ryon Mulleriyawa,Ryon Mulleriyawa,Two Day,Older Ball,2,158,6,64,109,2,9,26.2,10.666666666666666,2.430379746835443,26.333333333333332,68.9873417721519,1.2658227848101267
raw_6c57f124_1d81_4b71_9568_2a55b21e2d64,Saagar Sachdeva,Saagar Sachdeva,One Day,Opening,1,14,0,12,8,1,2,2.2,,5.142857142857143,,57.142857142857146,7.142857142857143
raw_6c57f124_1d81_4b71_9568_2a55b21e2d64,Saagar Sachdeva,Saagar Sachdeva,One Day,Middle,2,45,1,29,26,2,2,7.3,29.0,3.8666666666666667,45.0,57.77777777777778,4.444444444444445
raw_6c57f124_1d81_4b71_9568_2a55b21e2d64,Saagar Sachdeva,Saagar Sachdeva,Two Day,New Ball,1,50,1,40,28,5,3,8.2,40.0,4.8,50.0,56.0,10.0
raw_6c57f124_1d81_4b71_9568_2a55b21e2d64,Saagar Sachdeva,Saagar Sachdeva,Two Day,Older Ball,2,64,2,20,51,1,4,10.4,10.0,1.875,32.0,79.6875,1.5625
raw_aec2c0bb_6a3b_4fd5_95d1_8445fb6ffcb1,Sachin Gamage,Sachin Gamage,T20,Opening,1,12,0,11,5,1,2,2.0,,5.5,,41.666666666666664,8.333333333333334
raw_aec2c0bb_6a3b_4fd5_95d1_8445fb6ffcb1,Sachin Gamage,Sachin Gamage,T20,Middle,2,18,1,16,9,1,2,3.0,16.0,5.333333333333333,18.0,50.0,5.555555555555555
raw_aec2c0bb_6a3b_4fd5_95d1_8445fb6ffcb1,Sachin Gamage,Sachin Gamage,T20,Death,3,7,2,13,3,3,1,1.1,6.5,11.142857142857142,3.5,42.857142857142854,42.857142857142854
sachith_prasad,Sachith Prasad,Sachith Prasad,One Day,Opening,1,84,1,67,55,9,3,14.0,67.0,4.785714285714286,84.0,65.47619047619048,10.714285714285714
sachith_prasad,Sachith Prasad,Sachith Prasad,One Day,Middle,2,54,3,38,32,3,3,9.0,12.666666666666666,4.222222222222222,18.0,59.25925925925926,5.555555555555555
sachith_prasad,Sachith Prasad,Sachith Prasad,One Day,Death,3,47,4,46,22,5,3,7.5,11.5,5.872340425531915,11.75,46.808510638297875,10.638297872340425
sachith_prasad,Sachith Prasad,Sachith Prasad,Two Day,Older Ball,2,91,4,61,61,6,2,15.1,15.25,4.021978021978022,22.75,67.03296703296704,6.593406593406593
sahas_baduraliya,Sahas Baduraliya,Sahas Baduraliya,One Day,Opening,1,124,4,70,81,7,20,20.4,17.5,3.3870967741935485,31.0,65.3225806451613,5.645161290322581
sahas_baduraliya,Sahas Baduraliya,Sahas Baduraliya,One Day,Middle,2,229,13,113,155,9,24,38.1,8.692307692307692,2.960698689956332,17.615384615384617,67.68558951965065,3.930131004366812
sahas_baduraliya,Sahas Baduraliya,Sahas Baduraliya,Two Day,New Ball,1,63,1,55,36,7,6,10.3,55.0,5.238095238095238,63.0,57.142857142857146,11.11111111111111
sahas_baduraliya,Sahas Baduraliya,Sahas Baduraliya,Two Day,Older Ball,2,159,3,92,110,9,10,26.3,30.666666666666668,3.4716981132075473,53.0,69.18238993710692,5.660377358490566
raw_d816340d_73e1_4395_953b_8f9e2ea91984,Saijan Thananjeyan,Saijan Thananjeyan,One Day,Opening,1,70,3,42,45,5,15,11.4,14.0,3.6,23.333333333333332,64.28571428571429,7.142857142857143
raw_d816340d_73e1_4395_953b_8f9e2ea91984,Saijan Thananjeyan,Saijan Thananjeyan,One Day,Middle,2,98,3,46,66,3,16,16.2,15.333333333333334,2.816326530612245,32.666666666666664,67.34693877551021,3.061224489795918
raw_847c6b21_a40e_4cb9_bee2_879bd1f238d3,Saketh Moturi,Saketh Moturi,One Day,Opening,1,34,1,23,20,2,4,5.4,23.0,4.0588235294117645,34.0,58.8235294117647,5.882352941176471
raw_847c6b21_a40e_4cb9_bee2_879bd1f238d3,Saketh Moturi,Saketh Moturi,One Day,Middle,2,157,3,119,96,14,14,26.1,39.666666666666664,4.547770700636943,52.333333333333336,61.146496815286625,8.9171974522293
raw_847c6b21_a40e_4cb9_bee2_879bd1f238d3,Saketh Moturi,Saketh Moturi,Two Day,New Ball,1,18,0,10,12,1,2,3.0,,3.3333333333333335,,66.66666666666667,5.555555555555555
raw_847c6b21_a40e_4cb9_bee2_879bd1f238d3,Saketh Moturi,Saketh Moturi,Two Day,Older Ball,2,38,3,20,23,1,4,6.2,6.666666666666667,3.1578947368421053,12.666666666666666,60.526315789473685,2.6315789473684212
raw_1ea6d4c0_8486_4154_b876_ca8a1560502e,Sam Goodwin,Sam Goodwin,Two Day,New Ball,1,6,0,6,4,1,1,1.0,,6.0,,66.66666666666667,16.666666666666668
raw_1ea6d4c0_8486_4154_b876_ca8a1560502e,Sam Goodwin,Sam Goodwin,Two Day,Older Ball,2,23,0,18,14,2,2,3.5,,4.695652173913044,,60.869565217391305,8.695652173913043
raw_efe243e6_bec1_45ed_ab5d_297e6443273c,Samar Patel,Samar Patel,One Day,Opening,1,41,0,29,19,2,5,6.5,,4.2439024390243905,,46.34146341463415,4.878048780487805
raw_efe243e6_bec1_45ed_ab5d_297e6443273c,Samar Patel,Samar Patel,One Day,Middle,2,43,2,24,26,1,4,7.1,12.0,3.3488372093023258,21.5,60.46511627906977,2.3255813953488373
raw_a27119e9_2b15_4632_bab0_37c915a5fb78,Sandaru S Bandara,Sandaru S Bandara,One Day,Opening,1,12,0,1,11,0,2,2.0,,0.5,,91.66666666666667,0.0
raw_a27119e9_2b15_4632_bab0_37c915a5fb78,Sandaru S Bandara,Sandaru S Bandara,One Day,Middle,2,18,0,8,13,0,3,3.0,,2.6666666666666665,,72.22222222222223,0.0
raw_4eb6f2b1_612c_4399_bbe5_84d9c25fa69a,Sanithu Kalansooriya,Sanithu Kalansooriya,One Day,Opening,1,59,0,37,35,2,5,9.5,,3.76271186440678,,59.32203389830509,3.389830508474576
raw_4eb6f2b1_612c_4399_bbe5_84d9c25fa69a,Sanithu Kalansooriya,Sanithu Kalansooriya,One Day,Middle,2,107,4,70,65,4,7,17.5,17.5,3.925233644859813,26.75,60.74766355140187,3.7383177570093458
raw_4eb6f2b1_612c_4399_bbe5_84d9c25fa69a,Sanithu Kalansooriya,Sanithu Kalansooriya,Two Day,New Ball,1,58,2,34,38,3,5,9.4,17.0,3.5172413793103448,29.0,65.51724137931035,5.172413793103448
raw_4eb6f2b1_612c_4399_bbe5_84d9c25fa69a,Sanithu Kalansooriya,Sanithu Kalansooriya,Two Day,Older Ball,2,67,1,73,30,8,6,11.1,73.0,6.537313432835821,67.0,44.776119402985074,11.940298507462687
raw_ebc7e04e_6d74_4697_abb0_c89411dafc43,Sanjay Ravichandran,Sanjay Ravichandran,One Day,Opening,1,17,0,17,10,2,1,2.5,,6.0,,58.8235294117647,11.764705882352942
raw_ebc7e04e_6d74_4697_abb0_c89411dafc43,Sanjay Ravichandran,Sanjay Ravichandran,One Day,Middle,2,12,0,14,4,1,1,2.0,,7.0,,33.333333333333336,8.333333333333334
raw_ebc7e04e_6d74_4697_abb0_c89411dafc43,Sanjay Ravichandran,Sanjay Ravichandran,Two Day,New Ball,1,47,1,39,23,3,4,7.5,39.0,4.9787234042553195,47.0,48.93617021276596,6.382978723404255
raw_ebc7e04e_6d74_4697_abb0_c89411dafc43,Sanjay Ravichandran,Sanjay Ravichandran,Two Day,Older Ball,2,36,1,13,28,1,3,6.0,13.0,2.1666666666666665,36.0,77.77777777777777,2.7777777777777777
sankar_melethat,Sankar Melethat,Sankar Melethat,Two Day,New Ball,1,12,0,9,6,1,1,2.0,,4.5,,50.0,8.333333333333334
sankar_melethat,Sankar Melethat,Sankar Melethat,Two Day,Older Ball,2,54,0,37,36,5,1,9.0,,4.111111111111111,,66.66666666666667,9.25925925925926
raw_07dbfa96_d9b8_4962_bd92_348a4da54ef5,Sanvitha Yarlagadda,Sanvitha Yarlagadda,One Day,Opening,1,42,1,19,24,0,7,7.0,19.0,2.7142857142857144,42.0,57.142857142857146,0.0
raw_07dbfa96_d9b8_4962_bd92_348a4da54ef5,Sanvitha Yarlagadda,Sanvitha Yarlagadda,One Day,Middle,2,50,0,26,30,1,8,8.2,,3.12,,60.0,2.0
raw_70ececf4_fb1e_49e4_9eef_76dd04ba2c7d,Satej Parashar,Satej Parashar,One Day,Opening,1,92,3,60,61,9,13,15.2,20.0,3.9130434782608696,30.666666666666668,66.30434782608695,9.782608695652174
raw_70ececf4_fb1e_49e4_9eef_76dd04ba2c7d,Satej Parashar,Satej Parashar,One Day,Middle,2,166,6,90,114,8,19,27.4,15.0,3.253012048192771,27.666666666666668,68.67469879518072,4.819277108433735
raw_70ececf4_fb1e_49e4_9eef_76dd04ba2c7d,Satej Parashar,Satej Parashar,Two Day,New Ball,1,70,1,34,52,4,7,11.4,34.0,2.914285714285714,70.0,74.28571428571429,5.714285714285714
raw_70ececf4_fb1e_49e4_9eef_76dd04ba2c7d,Satej Parashar,Satej Parashar,Two Day,Older Ball,2,155,5,63,115,4,11,25.5,12.6,2.4387096774193546,31.0,74.19354838709677,2.5806451612903225
raw_ed5c44d4_1642_4b9e_9844_6167e04cf29e,Satwik Bhattacharjee,Satwik Bhattacharjee,One Day,Opening,1,30,1,4,26,0,4,5.0,4.0,0.8,30.0,86.66666666666667,0.0
raw_ed5c44d4_1642_4b9e_9844_6167e04cf29e,Satwik Bhattacharjee,Satwik Bhattacharjee,One Day,Middle,2,18,1,11,13,2,3,3.0,11.0,3.6666666666666665,18.0,72.22222222222223,11.11111111111111
raw_ed5c44d4_1642_4b9e_9844_6167e04cf29e,Satwik Bhattacharjee,Satwik Bhattacharjee,Two Day,New Ball,1,27,2,11,18,0,3,4.3,5.5,2.4444444444444446,13.5,66.66666666666667,0.0
raw_ed5c44d4_1642_4b9e_9844_6167e04cf29e,Satwik Bhattacharjee,Satwik Bhattacharjee,Two Day,Older Ball,2,71,2,34,46,3,5,11.5,17.0,2.8732394366197185,35.5,64.78873239436619,4.225352112676056
raw_be8fe38e_cefa_40eb_bf5e_f1fd8252661e,Satyaki Datta,Satyaki Datta,One Day,Opening,1,106,5,42,74,2,15,17.4,8.4,2.3773584905660377,21.2,69.81132075471699,1.8867924528301887
raw_be8fe38e_cefa_40eb_bf5e_f1fd8252661e,Satyaki Datta,Satyaki Datta,One Day,Middle,2,90,3,57,54,4,13,15.0,19.0,3.8,30.0,60.0,4.444444444444445
raw_b424a88c_1217_41ef_9032_6c4b05171656,Savindu Kumarage,Savindu Kumarage,One Day,Opening,1,29,1,10,24,1,2,4.5,10.0,2.0689655172413794,29.0,82.75862068965517,3.4482758620689653
raw_b424a88c_1217_41ef_9032_6c4b05171656,Savindu Kumarage,Savindu Kumarage,One Day,Middle,2,6,2,1,5,0,1,1.0,0.5,1.0,3.0,83.33333333333333,0.0
raw_b424a88c_1217_41ef_9032_6c4b05171656,Savindu Kumarage,Savindu Kumarage,Two Day,New Ball,1,58,0,31,41,2,5,9.4,,3.206896551724138,,70.6896551724138,3.4482758620689653
raw_b424a88c_1217_41ef_9032_6c4b05171656,Savindu Kumarage,Savindu Kumarage,Two Day,Older Ball,2,86,0,77,43,6,5,14.2,,5.372093023255814,,50.0,6.976744186046512
raw_a76f8c5b_48fa_423c_a158_1a7108e3bab9,Scott Antidormi,Scott Antidormi,Two Day,Older Ball,2,11,0,16,5,3,1,1.5,,8.727272727272727,,45.45454545454545,27.272727272727273
raw_fb42bdd6_3cbd_4f32_ad5f_57be43ec7577,Senan Niranjan,Senan Niranjan,One Day,Opening,1,15,0,19,7,3,3,2.3,,7.6,,46.666666666666664,20.0
raw_fb42bdd6_3cbd_4f32_ad5f_57be43ec7577,Senan Niranjan,Senan Niranjan,One Day,Middle,2,16,0,5,11,0,2,2.4,,1.875,,68.75,0.0
raw_c5a45f5a_4030_46a8_9d4b_7cbb8613903a,Sennon Pathiranage,Sennon Pathiranage,One Day,Opening,1,27,0,4,24,0,4,4.3,,0.8888888888888888,,88.88888888888889,0.0
raw_c5a45f5a_4030_46a8_9d4b_7cbb8613903a,Sennon Pathiranage,Sennon Pathiranage,One Day,Middle,2,24,1,5,19,0,4,4.0,5.0,1.25,24.0,79.16666666666667,0.0
raw_0e6dbc75_7ead_4d9a_aeca_f0616cda68d2,Senon Hewawasam,Senon Hewawasam,One Day,Opening,1,60,2,27,49,4,10,10.0,13.5,2.7,30.0,81.66666666666667,6.666666666666667
raw_0e6dbc75_7ead_4d9a_aeca_f0616cda68d2,Senon Hewawasam,Senon Hewawasam,One Day,Middle,2,70,2,57,38,6,10,11.4,28.5,4.885714285714286,35.0,54.285714285714285,8.571428571428571
raw_65062bd5_4b58_4f02_8d8d_b957d8290941,Seran Parathan,Seran Parathan,Two Day,New Ball,1,12,0,3,10,0,1,2.0,,1.5,,83.33333333333333,0.0
raw_65062bd5_4b58_4f02_8d8d_b957d8290941,Seran Parathan,Seran Parathan,Two Day,Older Ball,2,22,0,13,15,2,1,3.4,,3.5454545454545454,,68.18181818181819,9.090909090909092
raw_bbd3f925_daf9_4610_b338_993f0b73feb2,Shaan Kandola,Shaan Kandola,One Day,Opening,1,59,4,46,31,4,6,9.5,11.5,4.677966101694915,14.75,52.54237288135593,6.779661016949152
raw_bbd3f925_daf9_4610_b338_993f0b73feb2,Shaan Kandola,Shaan Kandola,One Day,Middle,2,50,1,63,24,9,6,8.2,63.0,7.56,50.0,48.0,18.0
raw_bbd3f925_daf9_4610_b338_993f0b73feb2,Shaan Kandola,Shaan Kandola,Two Day,New Ball,1,27,1,11,20,1,2,4.3,11.0,2.4444444444444446,27.0,74.07407407407408,3.7037037037037037
raw_bbd3f925_daf9_4610_b338_993f0b73feb2,Shaan Kandola,Shaan Kandola,Two Day,Older Ball,2,54,0,31,39,3,4,9.0,,3.4444444444444446,,72.22222222222223,5.555555555555555
raw_2377cd57_43e2_4849_a2f3_3a87689d1f2f,Shaunik Sharma,Shaunik Sharma,One Day,Opening,1,72,4,57,39,5,12,12.0,14.25,4.75,18.0,54.166666666666664,6.944444444444445
raw_2377cd57_43e2_4849_a2f3_3a87689d1f2f,Shaunik Sharma,Shaunik Sharma,One Day,Middle,2,91,4,86,48,9,14,15.1,21.5,5.670329670329671,22.75,52.747252747252745,9.89010989010989
raw_2377cd57_43e2_4849_a2f3_3a87689d1f2f,Shaunik Sharma,Shaunik Sharma,Two Day,New Ball,1,72,4,29,54,3,6,12.0,7.25,2.4166666666666665,18.0,75.0,4.166666666666667
raw_2377cd57_43e2_4849_a2f3_3a87689d1f2f,Shaunik Sharma,Shaunik Sharma,Two Day,Older Ball,2,56,4,20,40,1,5,9.2,5.0,2.142857142857143,14.0,71.42857142857143,1.7857142857142858
raw_953459c3_923b_4e57_a4df_8318b5c6cdf7,Shaurya Nikam,Shaurya Nikam,One Day,Opening,1,96,6,50,59,2,14,16.0,8.333333333333334,3.125,16.0,61.458333333333336,2.0833333333333335
raw_953459c3_923b_4e57_a4df_8318b5c6cdf7,Shaurya Nikam,Shaurya Nikam,One Day,Middle,2,97,4,46,65,2,14,16.1,11.5,2.845360824742268,24.25,67.01030927835052,2.0618556701030926
raw_953459c3_923b_4e57_a4df_8318b5c6cdf7,Shaurya Nikam,Shaurya Nikam,Two Day,New Ball,1,14,0,2,12,0,3,2.2,,0.8571428571428571,,85.71428571428571,0.0
raw_953459c3_923b_4e57_a4df_8318b5c6cdf7,Shaurya Nikam,Shaurya Nikam,Two Day,Older Ball,2,14,0,4,10,0,3,2.2,,1.7142857142857142,,71.42857142857143,0.0
raw_f122cb1a_c350_4621_bab3_bc0c86046ea5,Shenal Mapa,Shenal Mapa,One Day,Opening,1,20,0,19,7,1,4,3.2,,5.7,,35.0,5.0
raw_f122cb1a_c350_4621_bab3_bc0c86046ea5,Shenal Mapa,Shenal Mapa,One Day,Middle,2,44,0,29,27,3,5,7.2,,3.9545454545454546,,61.36363636363637,6.818181818181818
raw_f122cb1a_c350_4621_bab3_bc0c86046ea5,Shenal Mapa,Shenal Mapa,Two Day,New Ball,1,16,0,3,13,0,2,2.4,,1.125,,81.25,0.0
raw_f122cb1a_c350_4621_bab3_bc0c86046ea5,Shenal Mapa,Shenal Mapa,Two Day,Older Ball,2,40,4,11,30,0,4,6.4,2.75,1.65,10.0,75.0,0.0
raw_3d53c671_8a3a_47a2_9ca0_7eac6d578264,Shiv Patel,Shiv Patel,One Day,Opening,1,51,3,23,36,1,5,8.3,7.666666666666667,2.7058823529411766,17.0,70.58823529411765,1.9607843137254901
raw_3d53c671_8a3a_47a2_9ca0_7eac6d578264,Shiv Patel,Shiv Patel,One Day,Middle,2,62,1,80,26,12,6,10.2,80.0,7.741935483870968,62.0,41.935483870967744,19.35483870967742
raw_3d53c671_8a3a_47a2_9ca0_7eac6d578264,Shiv Patel,Shiv Patel,T20,Middle,2,12,0,14,3,1,1,2.0,,7.0,,25.0,8.333333333333334
raw_3d53c671_8a3a_47a2_9ca0_7eac6d578264,Shiv Patel,Shiv Patel,Two Day,New Ball,1,26,0,25,12,3,3,4.2,,5.769230769230769,,46.15384615384615,11.538461538461538
raw_3d53c671_8a3a_47a2_9ca0_7eac6d578264,Shiv Patel,Shiv Patel,Two Day,Older Ball,2,59,1,63,26,8,5,9.5,63.0,6.406779661016949,59.0,44.067796610169495,13.559322033898304
raw_c29fd8b6_4284_4799_a52d_73d58004cf16,Shoaib Virk,Shoaib Virk,One Day,Middle,2,72,1,36,51,4,2,12.0,36.0,3.0,72.0,70.83333333333333,5.555555555555555
raw_c29fd8b6_4284_4799_a52d_73d58004cf16,Shoaib Virk,Shoaib Virk,One Day,Death,3,12,1,8,7,1,2,2.0,8.0,4.0,12.0,58.333333333333336,8.333333333333334
raw_c29fd8b6_4284_4799_a52d_73d58004cf16,Shoaib Virk,Shoaib Virk,T20,Opening,1,24,1,24,10,2,2,4.0,24.0,6.0,24.0,41.666666666666664,8.333333333333334
raw_c29fd8b6_4284_4799_a52d_73d58004cf16,Shoaib Virk,Shoaib Virk,T20,Middle,2,18,2,21,8,3,2,3.0,10.5,7.0,9.0,44.44444444444444,16.666666666666668
raw_c29fd8b6_4284_4799_a52d_73d58004cf16,Shoaib Virk,Shoaib Virk,T20,Death,3,24,1,26,5,0,2,4.0,26.0,6.5,24.0,20.833333333333332,0.0
raw_c29fd8b6_4284_4799_a52d_73d58004cf16,Shoaib Virk,Shoaib Virk,Two Day,New Ball,1,30,1,13,23,2,2,5.0,13.0,2.6,30.0,76.66666666666667,6.666666666666667
raw_c29fd8b6_4284_4799_a52d_73d58004cf16,Shoaib Virk,Shoaib Virk,Two Day,Older Ball,2,258,10,119,198,13,4,43.0,11.9,2.7674418604651163,25.8,76.74418604651163,5.038759689922481
raw_3311122c_f0c7_4396_8e8d_1b94a3da6907,Shreshtah Manjunath,Shreshtah Manjunath,One Day,Opening,1,38,0,23,25,3,6,6.2,,3.6315789473684212,,65.78947368421052,7.894736842105263
raw_3311122c_f0c7_4396_8e8d_1b94a3da6907,Shreshtah Manjunath,Shreshtah Manjunath,One Day,Middle,2,44,0,36,21,3,7,7.2,,4.909090909090909,,47.72727272727273,6.818181818181818
raw_55751160_94a5_4fa3_8bcc_369b7ca95ef0,Shrey Patel,Shrey Patel,One Day,Opening,1,23,0,29,12,5,3,3.5,,7.565217391304348,,52.17391304347826,21.73913043478261
raw_55751160_94a5_4fa3_8bcc_369b7ca95ef0,Shrey Patel,Shrey Patel,One Day,Middle,2,88,3,102,37,12,8,14.4,34.0,6.954545454545454,29.333333333333332,42.04545454545455,13.636363636363637
raw_4f8041e3_7256_49c1_abcc_3ed555737764,Shreyansh Jha,Shreyansh Jha,Two Day,New Ball,1,31,0,20,20,3,4,5.1,,3.870967741935484,,64.51612903225806,9.67741935483871
raw_4f8041e3_7256_49c1_abcc_3ed555737764,Shreyansh Jha,Shreyansh Jha,Two Day,Older Ball,2,30,2,10,23,1,3,5.0,5.0,2.0,15.0,76.66666666666667,3.3333333333333335
raw_b13d7730_5596_4271_979a_fa34635c9905,Shubham Harish,Shubham Harish,One Day,Opening,1,38,0,25,23,1,6,6.2,,3.9473684210526314,,60.526315789473685,2.6315789473684212
raw_b13d7730_5596_4271_979a_fa34635c9905,Shubham Harish,Shubham Harish,One Day,Middle,2,28,0,21,17,3,4,4.4,,4.5,,60.714285714285715,10.714285714285714
raw_27a26d4c_7a24_4a05_8049_3b1856c14c96,Shubham Tyagi,Shubham Tyagi,Two Day,Older Ball,2,114,1,81,81,8,4,19.0,81.0,4.2631578947368425,114.0,71.05263157894737,7.017543859649122
raw_6923c81d_de2e_4cfb_b3a3_77509ad7e4cd,Siddhant Verma,Siddhant Verma,One Day,Opening,1,34,1,17,23,1,4,5.4,17.0,3.0,34.0,67.6470588235294,2.9411764705882355
raw_6923c81d_de2e_4cfb_b3a3_77509ad7e4cd,Siddhant Verma,Siddhant Verma,One Day,Middle,2,25,0,7,21,1,5,4.1,,1.68,,84.0,4.0
raw_2d76596f_0e65_46b8_8539_a55a6ec9630e,Siddhanth Iruvanti,Siddhanth Iruvanti,One Day,Opening,1,18,0,3,16,0,2,3.0,,1.0,,88.88888888888889,0.0
raw_2d76596f_0e65_46b8_8539_a55a6ec9630e,Siddhanth Iruvanti,Siddhanth Iruvanti,One Day,Middle,2,4,0,0,4,0,1,0.4,,0.0,,100.0,0.0
raw_2d76596f_0e65_46b8_8539_a55a6ec9630e,Siddhanth Iruvanti,Siddhanth Iruvanti,Two Day,New Ball,1,61,0,32,41,2,4,10.1,,3.1475409836065573,,67.21311475409836,3.278688524590164
raw_2d76596f_0e65_46b8_8539_a55a6ec9630e,Siddhanth Iruvanti,Siddhanth Iruvanti,Two Day,Older Ball,2,14,2,6,9,0,2,2.2,3.0,2.5714285714285716,7.0,64.28571428571429,0.0
raw_46924919_7f28_4f0b_a6dd_a2d9c8ce815a,Siddharth Bhatt,Siddharth Bhatt,Two Day,New Ball,1,9,0,7,6,1,2,1.3,,4.666666666666667,,66.66666666666667,11.11111111111111
raw_46924919_7f28_4f0b_a6dd_a2d9c8ce815a,Siddharth Bhatt,Siddharth Bhatt,Two Day,Older Ball,2,4,0,2,3,0,1,0.4,,3.0,,75.0,0.0
raw_4d2abb15_cdc1_4459_98b3_dfb8e6541b47,Siddharth Dhall,Siddharth Dhall,One Day,Opening,1,10,1,7,3,0,3,1.4,7.0,4.2,10.0,30.0,0.0
raw_4d2abb15_cdc1_4459_98b3_dfb8e6541b47,Siddharth Dhall,Siddharth Dhall,One Day,Middle,2,33,0,34,20,6,4,5.3,,6.181818181818182,,60.60606060606061,18.181818181818183
raw_b87aa1b8_3610_48e4_8d91_5207f4650c42,Siddharth Gomatam,Siddharth Gomatam,One Day,Opening,1,11,0,3,9,0,2,1.5,,1.6363636363636365,,81.81818181818181,0.0
raw_b87aa1b8_3610_48e4_8d91_5207f4650c42,Siddharth Gomatam,Siddharth Gomatam,One Day,Middle,2,36,4,13,26,1,4,6.0,3.25,2.1666666666666665,9.0,72.22222222222223,2.7777777777777777
raw_b87aa1b8_3610_48e4_8d91_5207f4650c42,Siddharth Gomatam,Siddharth Gomatam,Two Day,New Ball,1,40,2,13,29,0,4,6.4,6.5,1.95,20.0,72.5,0.0
raw_b87aa1b8_3610_48e4_8d91_5207f4650c42,Siddharth Gomatam,Siddharth Gomatam,Two Day,Older Ball,2,43,2,21,28,2,4,7.1,10.5,2.9302325581395348,21.5,65.11627906976744,4.651162790697675
raw_8846b304_210d_4ca4_826f_e23a482df465,Siddharth Kelaiya,Siddharth Kelaiya,One Day,Opening,1,163,4,148,100,24,27,27.1,37.0,5.447852760736196,40.75,61.34969325153374,14.723926380368098
raw_8846b304_210d_4ca4_826f_e23a482df465,Siddharth Kelaiya,Siddharth Kelaiya,One Day,Middle,2,198,8,119,125,12,25,33.0,14.875,3.606060606060606,24.75,63.13131313131313,6.0606060606060606
raw_8846b304_210d_4ca4_826f_e23a482df465,Siddharth Kelaiya,Siddharth Kelaiya,Two Day,New Ball,1,11,1,3,8,0,3,1.5,3.0,1.6363636363636365,11.0,72.72727272727273,0.0
raw_8846b304_210d_4ca4_826f_e23a482df465,Siddharth Kelaiya,Siddharth Kelaiya,Two Day,Older Ball,2,36,1,7,30,0,3,6.0,7.0,1.1666666666666667,36.0,83.33333333333333,0.0
raw_afeb2ac5_b6af_4c63_ba67_3565368826e8,Simon Gordon,Simon Gordon,T20,Opening,1,6,0,12,3,3,1,1.0,,12.0,,50.0,50.0
raw_afeb2ac5_b6af_4c63_ba67_3565368826e8,Simon Gordon,Simon Gordon,T20,Death,3,6,0,12,0,2,1,1.0,,12.0,,0.0,33.333333333333336
raw_afeb2ac5_b6af_4c63_ba67_3565368826e8,Simon Gordon,Simon Gordon,Two Day,Older Ball,2,36,0,24,24,2,1,6.0,,4.0,,66.66666666666667,5.555555555555555
raw_cf679b34_396a_42df_bb13_0c48b842e16f,Skandah Manjunath,Skandah Manjunath,One Day,Opening,1,54,2,32,33,3,8,9.0,16.0,3.5555555555555554,27.0,61.111111111111114,5.555555555555555
raw_cf679b34_396a_42df_bb13_0c48b842e16f,Skandah Manjunath,Skandah Manjunath,One Day,Middle,2,62,3,20,46,1,10,10.2,6.666666666666667,1.935483870967742,20.666666666666668,74.19354838709677,1.6129032258064515
raw_cf679b34_396a_42df_bb13_0c48b842e16f,Skandah Manjunath,Skandah Manjunath,Two Day,New Ball,1,71,1,30,54,4,8,11.5,30.0,2.535211267605634,71.0,76.05633802816901,5.633802816901408
raw_cf679b34_396a_42df_bb13_0c48b842e16f,Skandah Manjunath,Skandah Manjunath,Two Day,Older Ball,2,159,7,87,105,9,10,26.3,12.428571428571429,3.2830188679245285,22.714285714285715,66.0377358490566,5.660377358490566
raw_e6a0bec7_f8da_42d7_9a9b_0ececc9ee093,Smaran Singh,Smaran Singh,One Day,Opening,1,119,0,98,65,9,11,19.5,,4.9411764705882355,,54.621848739495796,7.563025210084033
raw_e6a0bec7_f8da_42d7_9a9b_0ececc9ee093,Smaran Singh,Smaran Singh,One Day,Middle,2,97,3,65,56,5,9,16.1,21.666666666666668,4.020618556701031,32.333333333333336,57.7319587628866,5.154639175257732
raw_e6a0bec7_f8da_42d7_9a9b_0ececc9ee093,Smaran Singh,Smaran Singh,Two Day,New Ball,1,114,3,76,76,10,8,19.0,25.333333333333332,4.0,38.0,66.66666666666667,8.771929824561404
raw_e6a0bec7_f8da_42d7_9a9b_0ececc9ee093,Smaran Singh,Smaran Singh,Two Day,Older Ball,2,179,7,125,122,17,9,29.5,17.857142857142858,4.189944134078212,25.571428571428573,68.15642458100558,9.497206703910615
soham_melag,Soham Melag,Soham Melag,One Day,Opening,1,203,2,118,128,10,25,33.5,59.0,3.4876847290640396,101.5,63.05418719211823,4.926108374384237
soham_melag,Soham Melag,Soham Melag,One Day,Middle,2,264,10,176,169,15,31,44.0,17.6,4.0,26.4,64.01515151515152,5.681818181818182
soham_melag,Soham Melag,Soham Melag,T20,Middle,2,6,0,8,1,0,1,1.0,,8.0,,16.666666666666668,0.0
soham_melag,Soham Melag,Soham Melag,T20,Death,3,6,0,5,1,0,1,1.0,,5.0,,16.666666666666668,0.0
soham_melag,Soham Melag,Soham Melag,Two Day,New Ball,1,45,1,14,34,1,5,7.3,14.0,1.8666666666666667,45.0,75.55555555555556,2.2222222222222223
soham_melag,Soham Melag,Soham Melag,Two Day,Older Ball,2,158,6,99,104,12,15,26.2,16.5,3.759493670886076,26.333333333333332,65.82278481012658,7.594936708860759
raw_50d76d02_1856_4cf4_a220_73962c7a0bfe,Sonal Weerakkody,Sonal Weerakkody,One Day,Middle,2,6,0,11,1,2,1,1.0,,11.0,,16.666666666666668,33.333333333333336
raw_50d76d02_1856_4cf4_a220_73962c7a0bfe,Sonal Weerakkody,Sonal Weerakkody,Two Day,Older Ball,2,12,1,9,6,1,2,2.0,9.0,4.5,12.0,50.0,8.333333333333334
raw_308df111_c81a_4422_ad1d_3c4369f299f4,Spencer Storan,Spencer Storan,One Day,Opening,1,12,0,10,6,0,1,2.0,,5.0,,50.0,0.0
raw_308df111_c81a_4422_ad1d_3c4369f299f4,Spencer Storan,Spencer Storan,One Day,Middle,2,34,2,34,18,4,2,5.4,17.0,6.0,17.0,52.94117647058823,11.764705882352942
raw_308df111_c81a_4422_ad1d_3c4369f299f4,Spencer Storan,Spencer Storan,Two Day,New Ball,1,72,0,43,46,2,4,12.0,,3.5833333333333335,,63.888888888888886,2.7777777777777777
raw_308df111_c81a_4422_ad1d_3c4369f299f4,Spencer Storan,Spencer Storan,Two Day,Older Ball,2,109,3,41,85,2,7,18.1,13.666666666666666,2.256880733944954,36.333333333333336,77.98165137614679,1.834862385321101
raw_6cb07a1a_7936_424e_97aa_2287416a3dad,Sri Swetcha Chandragiri,Sri Swetcha Chandragiri,One Day,Opening,1,31,1,17,16,0,4,5.1,17.0,3.2903225806451615,31.0,51.61290322580645,0.0
raw_6cb07a1a_7936_424e_97aa_2287416a3dad,Sri Swetcha Chandragiri,Sri Swetcha Chandragiri,One Day,Middle,2,20,0,13,10,0,4,3.2,,3.9,,50.0,0.0
raw_e6846333_9ab4_482f_b68f_85817af0005b,Sridhar Tummalapalli,Sridhar Tummalapalli,One Day,Middle,2,66,3,78,26,10,2,11.0,26.0,7.090909090909091,22.0,39.39393939393939,15.151515151515152
raw_e6846333_9ab4_482f_b68f_85817af0005b,Sridhar Tummalapalli,Sridhar Tummalapalli,One Day,Death,3,12,0,6,6,0,1,2.0,,3.0,,50.0,0.0
raw_e6846333_9ab4_482f_b68f_85817af0005b,Sridhar Tummalapalli,Sridhar Tummalapalli,Two Day,Older Ball,2,462,11,208,336,18,5,77.0,18.90909090909091,2.7012987012987013,42.0,72.72727272727273,3.896103896103896
raw_fee46b3b_c52a_465c_8e72_d0093c9fcae7,Srineer Esarapu,Srineer Esarapu,One Day,Opening,1,10,0,5,8,1,1,1.4,,3.0,,80.0,10.0
raw_fee46b3b_c52a_465c_8e72_d0093c9fcae7,Srineer Esarapu,Srineer Esarapu,One Day,Middle,2,6,0,13,0,1,1,1.0,,13.0,,0.0,16.666666666666668
raw_fee46b3b_c52a_465c_8e72_d0093c9fcae7,Srineer Esarapu,Srineer Esarapu,Two Day,New Ball,1,22,0,23,11,3,2,3.4,,6.2727272727272725,,50.0,13.636363636363637
raw_59606bf3_52e9_41eb_9d03_c0ea42e335dd,Srivatsav Muduganti,Srivatsav Muduganti,One Day,Middle,2,20,2,12,11,1,2,3.2,6.0,3.6,10.0,55.0,5.0
raw_59606bf3_52e9_41eb_9d03_c0ea42e335dd,Srivatsav Muduganti,Srivatsav Muduganti,Two Day,Older Ball,2,12,1,21,5,4,2,2.0,21.0,10.5,12.0,41.666666666666664,33.333333333333336
raw_e4a5e975_3986_4d63_a469_9e32bc654770,Sruthik Chitrala,Sruthik Chitrala,One Day,Opening,1,75,4,18,60,1,10,12.3,4.5,1.44,18.75,80.0,1.3333333333333333
raw_e4a5e975_3986_4d63_a469_9e32bc654770,Sruthik Chitrala,Sruthik Chitrala,One Day,Middle,2,109,6,51,72,3,16,18.1,8.5,2.8073394495412844,18.166666666666668,66.05504587155963,2.7522935779816513
raw_e4a5e975_3986_4d63_a469_9e32bc654770,Sruthik Chitrala,Sruthik Chitrala,Two Day,New Ball,1,12,0,5,10,1,2,2.0,,2.5,,83.33333333333333,8.333333333333334
raw_e4a5e975_3986_4d63_a469_9e32bc654770,Sruthik Chitrala,Sruthik Chitrala,Two Day,Older Ball,2,66,2,30,48,3,4,11.0,15.0,2.727272727272727,33.0,72.72727272727273,4.545454545454546
raw_4fc48801_698a_47c2_b26d_5479a1091329,Stefan Jarosz-Setiawan,Stefan Jarosz-Setiawan,One Day,Opening,1,27,0,23,17,3,3,4.3,,5.111111111111111,,62.96296296296296,11.11111111111111
raw_4fc48801_698a_47c2_b26d_5479a1091329,Stefan Jarosz-Setiawan,Stefan Jarosz-Setiawan,One Day,Middle,2,33,0,52,9,6,4,5.3,,9.454545454545455,,27.272727272727273,18.181818181818183
raw_2ecad9ed_3966_4cba_85f3_644b5191db5c,Stephen Quinn,Stephen Quinn,T20,Middle,2,12,1,21,4,4,1,2.0,21.0,10.5,12.0,33.333333333333336,33.333333333333336
raw_b158852a_e522_4cba_b919_72cfad37ab0e,Sudheendra Krishna,Sudheendra Krishna,One Day,Middle,2,126,2,80,81,8,5,21.0,40.0,3.8095238095238093,63.0,64.28571428571429,6.349206349206349
raw_b158852a_e522_4cba_b919_72cfad37ab0e,Sudheendra Krishna,Sudheendra Krishna,One Day,Death,3,6,0,4,2,0,1,1.0,,4.0,,33.333333333333336,0.0
raw_b158852a_e522_4cba_b919_72cfad37ab0e,Sudheendra Krishna,Sudheendra Krishna,Two Day,Older Ball,2,138,4,109,88,10,2,23.0,27.25,4.739130434782608,34.5,63.768115942028984,7.246376811594203
sudish_perera,Sudish Perera,Sudish Perera,T20,Opening,1,6,0,12,1,2,1,1.0,,12.0,,16.666666666666668,33.333333333333336
raw_e1995f95_7ef3_4301_84ac_c7f1d0999f50,Sumeet Kumar,Sumeet Kumar,One Day,Middle,2,12,0,8,7,1,1,2.0,,4.0,,58.333333333333336,8.333333333333334
raw_e1995f95_7ef3_4301_84ac_c7f1d0999f50,Sumeet Kumar,Sumeet Kumar,One Day,Death,3,6,0,8,3,1,1,1.0,,8.0,,50.0,16.666666666666668
raw_87dcf20b_a607_4346_a352_899db515d5fb,Sunil Somaia,Sunil Somaia,Two Day,Older Ball,2,18,0,8,14,1,1,3.0,,2.6666666666666665,,77.77777777777777,5.555555555555555
raw_30c56b1a_6f17_44fe_a85e_0c40f331bd17,Sunny Krishna,Sunny Krishna,One Day,Opening,1,12,0,4,9,0,2,2.0,,2.0,,75.0,0.0
raw_30c56b1a_6f17_44fe_a85e_0c40f331bd17,Sunny Krishna,Sunny Krishna,One Day,Middle,2,48,0,46,27,8,2,8.0,,5.75,,56.25,16.666666666666668
raw_30c56b1a_6f17_44fe_a85e_0c40f331bd17,Sunny Krishna,Sunny Krishna,One Day,Death,3,24,0,31,8,4,2,4.0,,7.75,,33.333333333333336,16.666666666666668
raw_30c56b1a_6f17_44fe_a85e_0c40f331bd17,Sunny Krishna,Sunny Krishna,Two Day,New Ball,1,6,0,0,6,0,1,1.0,,0.0,,100.0,0.0
raw_30c56b1a_6f17_44fe_a85e_0c40f331bd17,Sunny Krishna,Sunny Krishna,Two Day,Older Ball,2,85,1,36,68,5,2,14.1,36.0,2.541176470588235,85.0,80.0,5.882352941176471
raw_e701bf5c_122c_4a76_9616_9246a7c3d014,Syon Neel,Syon Neel,Two Day,New Ball,1,5,0,0,5,0,1,0.5,,0.0,,100.0,0.0
raw_e701bf5c_122c_4a76_9616_9246a7c3d014,Syon Neel,Syon Neel,Two Day,Older Ball,2,5,0,1,4,0,1,0.5,,1.2,,80.0,0.0
raw_73833b4d_2c6c_45d4_ba3a_bb0a5cdab54f,Talon Storan,Talon Storan,One Day,Opening,1,14,0,11,9,2,2,2.2,,4.714285714285714,,64.28571428571429,14.285714285714286
raw_73833b4d_2c6c_45d4_ba3a_bb0a5cdab54f,Talon Storan,Talon Storan,One Day,Middle,2,16,1,4,12,0,2,2.4,4.0,1.5,16.0,75.0,0.0
raw_73833b4d_2c6c_45d4_ba3a_bb0a5cdab54f,Talon Storan,Talon Storan,Two Day,New Ball,1,52,3,43,30,6,6,8.4,14.333333333333334,4.961538461538462,17.333333333333332,57.69230769230769,11.538461538461538
raw_73833b4d_2c6c_45d4_ba3a_bb0a5cdab54f,Talon Storan,Talon Storan,Two Day,Older Ball,2,31,2,29,20,6,3,5.1,14.5,5.612903225806452,15.5,64.51612903225806,19.35483870967742
tarun_suresh_priya,Tarun Suresh Priya,Tarun Suresh Priya,One Day,Opening,1,192,3,133,111,13,32,32.0,44.333333333333336,4.15625,64.0,57.8125,6.770833333333333
tarun_suresh_priya,Tarun Suresh Priya,Tarun Suresh Priya,One Day,Middle,2,222,4,125,136,9,31,37.0,31.25,3.3783783783783785,55.5,61.26126126126126,4.054054054054054
tarun_suresh_priya,Tarun Suresh Priya,Tarun Suresh Priya,Two Day,New Ball,1,39,1,12,28,0,5,6.3,12.0,1.8461538461538463,39.0,71.7948717948718,0.0
tarun_suresh_priya,Tarun Suresh Priya,Tarun Suresh Priya,Two Day,Older Ball,2,28,0,10,19,0,3,4.4,,2.142857142857143,,67.85714285714286,0.0
raw_4e5f11c4_524c_4065_8409_b1169bc2a924,Tejas Cherukuvada,Tejas Cherukuvada,One Day,Opening,1,16,0,15,10,3,2,2.4,,5.625,,62.5,18.75
raw_4e5f11c4_524c_4065_8409_b1169bc2a924,Tejas Cherukuvada,Tejas Cherukuvada,One Day,Middle,2,11,0,3,8,0,2,1.5,,1.6363636363636365,,72.72727272727273,0.0
raw_4e5f11c4_524c_4065_8409_b1169bc2a924,Tejas Cherukuvada,Tejas Cherukuvada,Two Day,New Ball,1,45,0,17,29,0,6,7.3,,2.2666666666666666,,64.44444444444444,0.0
raw_4e5f11c4_524c_4065_8409_b1169bc2a924,Tejas Cherukuvada,Tejas Cherukuvada,Two Day,Older Ball,2,9,0,2,8,0,2,1.3,,1.3333333333333333,,88.88888888888889,0.0
raw_ed1a54cd_a82c_43d7_baa1_4f939a0cb7ad,Tejas Pai,Tejas Pai,Two Day,Older Ball,2,6,0,13,1,2,1,1.0,,13.0,,16.666666666666668,33.333333333333336
raw_8c8133d6_6eb8_4dca_a7fb_9e37d3ed51cd,Theviru Perera,Theviru Perera,One Day,Opening,1,108,1,57,75,6,15,18.0,57.0,3.1666666666666665,108.0,69.44444444444444,5.555555555555555
raw_8c8133d6_6eb8_4dca_a7fb_9e37d3ed51cd,Theviru Perera,Theviru Perera,One Day,Middle,2,79,3,59,45,7,11,13.1,19.666666666666668,4.481012658227848,26.333333333333332,56.962025316455694,8.860759493670885
raw_ab476f5c_1200_4e11_9968_36548fcfbea1,Thilanga Jayasuriya,Thilanga Jayasuriya,Two Day,New Ball,1,41,3,12,33,1,2,6.5,4.0,1.7560975609756098,13.666666666666666,80.48780487804878,2.4390243902439024
raw_ab476f5c_1200_4e11_9968_36548fcfbea1,Thilanga Jayasuriya,Thilanga Jayasuriya,Two Day,Older Ball,2,50,1,49,26,7,3,8.2,49.0,5.88,50.0,52.0,14.0
raw_5d3c8cb4_9325_49bd_9468_a8b3c2609d63,Thomas Doig,Thomas Doig,One Day,Opening,1,277,13,145,205,18,38,46.1,11.153846153846153,3.1407942238267146,21.307692307692307,74.0072202166065,6.498194945848375
raw_5d3c8cb4_9325_49bd_9468_a8b3c2609d63,Thomas Doig,Thomas Doig,One Day,Middle,2,449,28,298,270,25,46,74.5,10.642857142857142,3.9821826280623607,16.035714285714285,60.13363028953229,5.567928730512249
raw_5d3c8cb4_9325_49bd_9468_a8b3c2609d63,Thomas Doig,Thomas Doig,Two Day,New Ball,1,33,1,14,27,2,4,5.3,14.0,2.5454545454545454,33.0,81.81818181818181,6.0606060606060606
raw_5d3c8cb4_9325_49bd_9468_a8b3c2609d63,Thomas Doig,Thomas Doig,Two Day,Older Ball,2,191,6,78,140,5,9,31.5,13.0,2.450261780104712,31.833333333333332,73.29842931937172,2.6178010471204187
thomas_goldsmith,Thomas Goldsmith,Thomas Goldsmith,One Day,Middle,2,120,1,90,66,10,5,20.0,90.0,4.5,120.0,55.0,8.333333333333334
thomas_goldsmith,Thomas Goldsmith,Thomas Goldsmith,One Day,Death,3,36,1,28,23,4,3,6.0,28.0,4.666666666666667,36.0,63.888888888888886,11.11111111111111
thomas_goldsmith,Thomas Goldsmith,Thomas Goldsmith,T20,Opening,1,6,0,18,0,3,1,1.0,,18.0,,0.0,50.0
thomas_goldsmith,Thomas Goldsmith,Thomas Goldsmith,T20,Middle,2,66,3,105,19,14,5,11.0,35.0,9.545454545454545,22.0,28.78787878787879,21.21212121212121
thomas_goldsmith,Thomas Goldsmith,Thomas Goldsmith,T20,Death,3,24,2,36,6,4,3,4.0,18.0,9.0,12.0,25.0,16.666666666666668
thomas_goldsmith,Thomas Goldsmith,Thomas Goldsmith,Two Day,Older Ball,2,551,11,265,401,28,8,91.5,24.09090909090909,2.885662431941924,50.09090909090909,72.77676950998185,5.081669691470054
raw_aec60016_ec07_4dd7_a431_340a44d67c03,Thomas Jurberg,Thomas Jurberg,One Day,Opening,1,6,0,4,5,1,1,1.0,,4.0,,83.33333333333333,16.666666666666668
raw_aec60016_ec07_4dd7_a431_340a44d67c03,Thomas Jurberg,Thomas Jurberg,One Day,Middle,2,14,0,5,11,0,2,2.2,,2.142857142857143,,78.57142857142857,0.0
raw_aec60016_ec07_4dd7_a431_340a44d67c03,Thomas Jurberg,Thomas Jurberg,Two Day,New Ball,1,38,1,38,20,5,5,6.2,38.0,6.0,38.0,52.63157894736842,13.157894736842104
raw_aec60016_ec07_4dd7_a431_340a44d67c03,Thomas Jurberg,Thomas Jurberg,Two Day,Older Ball,2,77,1,59,44,6,6,12.5,59.0,4.597402597402597,77.0,57.142857142857146,7.792207792207792
raw_3aa87830_65b3_4913_92fa_de83f2a46d2b,Thomas Kuiper,Thomas Kuiper,One Day,Opening,1,30,1,17,22,3,1,5.0,17.0,3.4,30.0,73.33333333333333,10.0
raw_3aa87830_65b3_4913_92fa_de83f2a46d2b,Thomas Kuiper,Thomas Kuiper,One Day,Middle,2,30,0,13,21,1,1,5.0,,2.6,,70.0,3.3333333333333335
raw_3aa87830_65b3_4913_92fa_de83f2a46d2b,Thomas Kuiper,Thomas Kuiper,T20,Opening,1,54,2,30,35,3,4,9.0,15.0,3.3333333333333335,27.0,64.81481481481481,5.555555555555555
raw_3aa87830_65b3_4913_92fa_de83f2a46d2b,Thomas Kuiper,Thomas Kuiper,T20,Middle,2,102,7,94,52,10,9,17.0,13.428571428571429,5.529411764705882,14.571428571428571,50.98039215686274,9.803921568627452
raw_3aa87830_65b3_4913_92fa_de83f2a46d2b,Thomas Kuiper,Thomas Kuiper,T20,Death,3,60,3,80,22,9,6,10.0,26.666666666666668,8.0,20.0,36.666666666666664,15.0
raw_3aa87830_65b3_4913_92fa_de83f2a46d2b,Thomas Kuiper,Thomas Kuiper,Two Day,New Ball,1,126,3,51,105,8,4,21.0,17.0,2.4285714285714284,42.0,83.33333333333333,6.349206349206349
raw_3aa87830_65b3_4913_92fa_de83f2a46d2b,Thomas Kuiper,Thomas Kuiper,Two Day,Older Ball,2,210,2,141,152,18,5,35.0,70.5,4.0285714285714285,105.0,72.38095238095238,8.571428571428571
raw_e6eb6c54_d3b9_4b3b_827c_ecbaddb52c5a,Thomas Raymond,Thomas Raymond,Two Day,Older Ball,2,25,1,12,19,1,1,4.1,12.0,2.88,25.0,76.0,4.0
thomas_taborsky,Thomas Taborsky,Thomas Taborsky,Two Day,New Ball,1,73,2,40,49,2,5,12.1,20.0,3.287671232876712,36.5,67.12328767123287,2.73972602739726
thomas_taborsky,Thomas Taborsky,Thomas Taborsky,Two Day,Older Ball,2,24,1,11,16,0,3,4.0,11.0,2.75,24.0,66.66666666666667,0.0
raw_0c04aa5d_f324_4f25_bc58_8dba85aa429b,Timothy Rae,Timothy Rae,One Day,Opening,1,12,0,4,8,0,2,2.0,,2.0,,66.66666666666667,0.0
raw_0c04aa5d_f324_4f25_bc58_8dba85aa429b,Timothy Rae,Timothy Rae,One Day,Middle,2,7,0,2,5,0,2,1.1,,1.7142857142857142,,71.42857142857143,0.0
raw_d550092d_e50c_4249_bb9e_729636b0f0c9,Tom Trevethan,Tom Trevethan,Two Day,New Ball,1,35,0,21,22,1,3,5.5,,3.6,,62.857142857142854,2.857142857142857
raw_d550092d_e50c_4249_bb9e_729636b0f0c9,Tom Trevethan,Tom Trevethan,Two Day,Older Ball,2,33,0,10,25,0,3,5.3,,1.8181818181818181,,75.75757575757575,0.0
raw_638329db_6695_46db_ad39_8cabdbeba817,Torre Torcasio,Torre Torcasio,Two Day,Older Ball,2,12,0,15,3,2,1,2.0,,7.5,,25.0,16.666666666666668
raw_41c35bb3_d120_4025_a066_8217f8dfff79,Tushar Pai,Tushar Pai,Two Day,New Ball,1,18,0,8,13,1,1,3.0,,2.6666666666666665,,72.22222222222223,5.555555555555555
raw_41c35bb3_d120_4025_a066_8217f8dfff79,Tushar Pai,Tushar Pai,Two Day,Older Ball,2,66,2,52,44,7,2,11.0,26.0,4.7272727272727275,33.0,66.66666666666667,10.606060606060606
raw_f3736170_4c8c_48a0_9fb4_2bc71c50fac6,Tyler Voulanas,Tyler Voulanas,One Day,Middle,2,12,1,7,9,1,1,2.0,7.0,3.5,12.0,75.0,8.333333333333334
raw_f3736170_4c8c_48a0_9fb4_2bc71c50fac6,Tyler Voulanas,Tyler Voulanas,Two Day,New Ball,1,6,0,3,5,0,1,1.0,,3.0,,83.33333333333333,0.0
raw_f3736170_4c8c_48a0_9fb4_2bc71c50fac6,Tyler Voulanas,Tyler Voulanas,Two Day,Older Ball,2,90,2,23,78,1,2,15.0,11.5,1.5333333333333334,45.0,86.66666666666667,1.1111111111111112
raw_f1bb8d00_986c_4658_867b_df54edce49eb,Umesh Naga Sashank Katta,Umesh Naga Sashank Katta,One Day,Opening,1,98,7,72,61,9,10,16.2,10.285714285714286,4.408163265306122,14.0,62.244897959183675,9.183673469387756
raw_f1bb8d00_986c_4658_867b_df54edce49eb,Umesh Naga Sashank Katta,Umesh Naga Sashank Katta,One Day,Middle,2,84,2,74,38,5,7,14.0,37.0,5.285714285714286,42.0,45.23809523809524,5.9523809523809526
raw_f1bb8d00_986c_4658_867b_df54edce49eb,Umesh Naga Sashank Katta,Umesh Naga Sashank Katta,Two Day,New Ball,1,62,3,46,34,4,6,10.2,15.333333333333334,4.451612903225806,20.666666666666668,54.83870967741935,6.451612903225806
raw_f1bb8d00_986c_4658_867b_df54edce49eb,Umesh Naga Sashank Katta,Umesh Naga Sashank Katta,Two Day,Older Ball,2,54,3,17,41,1,4,9.0,5.666666666666667,1.8888888888888888,18.0,75.92592592592592,1.8518518518518519
raw_00000000_0000_0000_0000_000000000001,Unknown Player_1,Unknown Player_1,One Day,Opening,1,22,1,18,12,2,2,3.4,18.0,4.909090909090909,22.0,54.54545454545455,9.090909090909092
raw_00000000_0000_0000_0000_000000000001,Unknown Player_1,Unknown Player_1,One Day,Middle,2,8,0,8,3,1,1,1.2,,6.0,,37.5,12.5
raw_00000000_0000_0000_0000_000000000001,Unknown Player_1,Unknown Player_1,Two Day,Older Ball,2,6,1,10,3,2,1,1.0,10.0,10.0,6.0,50.0,33.333333333333336
raw_00000000_0000_0000_0000_000000000001,Unknown Player_3,Unknown Player_3,One Day,Opening,1,6,0,8,1,0,1,1.0,,8.0,,16.666666666666668,0.0
raw_00000000_0000_0000_0000_000000000002,Unknown Player_3,Unknown Player_3,One Day,Opening,1,11,0,10,5,1,1,1.5,,5.454545454545454,,45.45454545454545,9.090909090909092
raw_00000000_0000_0000_0000_000000000001,Unknown Player_3,Unknown Player_3,One Day,Middle,2,4,0,4,1,0,1,0.4,,6.0,,25.0,0.0
raw_00000000_0000_0000_0000_000000000002,Unknown Player_3,Unknown Player_3,One Day,Middle,2,12,1,4,8,0,1,2.0,4.0,2.0,12.0,66.66666666666667,0.0
vansh_trivedi,Vansh Trivedi,Vansh Trivedi,One Day,Opening,1,273,9,167,175,16,19,45.3,18.555555555555557,3.67032967032967,30.333333333333332,64.1025641025641,5.86080586080586
vansh_trivedi,Vansh Trivedi,Vansh Trivedi,One Day,Middle,2,170,5,153,86,15,17,28.2,30.6,5.4,34.0,50.588235294117645,8.823529411764707
vansh_trivedi,Vansh Trivedi,Vansh Trivedi,One Day,Death,3,18,0,18,10,2,2,3.0,,6.0,,55.55555555555556,11.11111111111111
vansh_trivedi,Vansh Trivedi,Vansh Trivedi,T20,Opening,1,54,2,51,29,4,4,9.0,25.5,5.666666666666667,27.0,53.7037037037037,7.407407407407407
vansh_trivedi,Vansh Trivedi,Vansh Trivedi,T20,Middle,2,42,5,52,16,7,4,7.0,10.4,7.428571428571429,8.4,38.095238095238095,16.666666666666668
vansh_trivedi,Vansh Trivedi,Vansh Trivedi,Two Day,New Ball,1,248,8,128,184,16,12,41.2,16.0,3.096774193548387,31.0,74.19354838709677,6.451612903225806
vansh_trivedi,Vansh Trivedi,Vansh Trivedi,Two Day,Older Ball,2,436,11,255,293,26,13,72.4,23.181818181818183,3.5091743119266057,39.63636363636363,67.20183486238533,5.963302752293578
raw_f4c85a5b_7caf_4087_a832_ab90c627c0dc,Varun Bhat,Varun Bhat,One Day,Opening,1,586,16,292,431,33,31,97.4,18.25,2.9897610921501707,36.625,73.54948805460751,5.631399317406143
raw_f4c85a5b_7caf_4087_a832_ab90c627c0dc,Varun Bhat,Varun Bhat,One Day,Middle,2,352,12,256,196,19,20,58.4,21.333333333333332,4.363636363636363,29.333333333333332,55.68181818181818,5.3977272727272725
raw_f4c85a5b_7caf_4087_a832_ab90c627c0dc,Varun Bhat,Varun Bhat,One Day,Death,3,32,1,23,19,2,2,5.2,23.0,4.3125,32.0,59.375,6.25
raw_f4c85a5b_7caf_4087_a832_ab90c627c0dc,Varun Bhat,Varun Bhat,T20,Opening,1,155,4,180,66,17,12,25.5,45.0,6.967741935483871,38.75,42.58064516129032,10.96774193548387
raw_f4c85a5b_7caf_4087_a832_ab90c627c0dc,Varun Bhat,Varun Bhat,T20,Middle,2,123,7,150,47,17,10,20.3,21.428571428571427,7.317073170731708,17.571428571428573,38.21138211382114,13.821138211382113
raw_f4c85a5b_7caf_4087_a832_ab90c627c0dc,Varun Bhat,Varun Bhat,T20,Death,3,30,1,35,10,3,4,5.0,35.0,7.0,30.0,33.333333333333336,10.0
raw_f4c85a5b_7caf_4087_a832_ab90c627c0dc,Varun Bhat,Varun Bhat,Two Day,New Ball,1,746,9,312,598,35,24,124.2,34.666666666666664,2.5093833780160857,82.88888888888889,80.16085790884719,4.6916890080428955
raw_f4c85a5b_7caf_4087_a832_ab90c627c0dc,Varun Bhat,Varun Bhat,Two Day,Older Ball,2,796,21,438,571,45,23,132.4,20.857142857142858,3.301507537688442,37.904761904761905,71.73366834170854,5.653266331658291
raw_8d693c52_b5b5_4933_837e_49e2cc452735,Vedant Joshi,Vedant Joshi,One Day,Opening,1,160,4,80,109,7,16,26.4,20.0,3.0,40.0,68.125,4.375
raw_8d693c52_b5b5_4933_837e_49e2cc452735,Vedant Joshi,Vedant Joshi,One Day,Middle,2,377,19,247,242,24,30,62.5,13.0,3.9310344827586206,19.842105263157894,64.19098143236074,6.36604774535809
raw_8d693c52_b5b5_4933_837e_49e2cc452735,Vedant Joshi,Vedant Joshi,One Day,Death,3,12,1,14,5,2,2,2.0,14.0,7.0,12.0,41.666666666666664,16.666666666666668
raw_8d693c52_b5b5_4933_837e_49e2cc452735,Vedant Joshi,Vedant Joshi,T20,Opening,1,24,0,36,12,6,3,4.0,,9.0,,50.0,25.0
raw_8d693c52_b5b5_4933_837e_49e2cc452735,Vedant Joshi,Vedant Joshi,T20,Middle,2,42,1,45,14,3,4,7.0,45.0,6.428571428571429,42.0,33.333333333333336,7.142857142857143
raw_8d693c52_b5b5_4933_837e_49e2cc452735,Vedant Joshi,Vedant Joshi,T20,Death,3,18,1,15,8,1,2,3.0,15.0,5.0,18.0,44.44444444444444,5.555555555555555
raw_8d693c52_b5b5_4933_837e_49e2cc452735,Vedant Joshi,Vedant Joshi,Two Day,New Ball,1,183,7,101,127,9,15,30.3,14.428571428571429,3.3114754098360657,26.142857142857142,69.39890710382514,4.918032786885246
raw_8d693c52_b5b5_4933_837e_49e2cc452735,Vedant Joshi,Vedant Joshi,Two Day,Older Ball,2,520,7,286,376,33,22,86.4,40.857142857142854,3.3,74.28571428571429,72.3076923076923,6.346153846153846
raw_46aebc1c_5f59_4b24_91bd_7e03aa0f9384,Vedant Nandakumar,Vedant Nandakumar,One Day,Opening,1,43,0,14,32,0,8,7.1,,1.9534883720930232,,74.4186046511628,0.0
raw_46aebc1c_5f59_4b24_91bd_7e03aa0f9384,Vedant Nandakumar,Vedant Nandakumar,One Day,Middle,2,74,0,43,41,1,9,12.2,,3.4864864864864864,,55.4054054054054,1.3513513513513513
raw_ce9bac86_87af_48f1_a1fb_9030b35f4400,Vedant Singh,Vedant Singh,One Day,Opening,1,36,2,25,21,3,4,6.0,12.5,4.166666666666667,18.0,58.333333333333336,8.333333333333334
raw_ce9bac86_87af_48f1_a1fb_9030b35f4400,Vedant Singh,Vedant Singh,One Day,Middle,2,108,4,89,58,9,13,18.0,22.25,4.944444444444445,27.0,53.7037037037037,8.333333333333334
raw_ce9bac86_87af_48f1_a1fb_9030b35f4400,Vedant Singh,Vedant Singh,Two Day,New Ball,1,61,3,45,41,8,7,10.1,15.0,4.426229508196721,20.333333333333332,67.21311475409836,13.114754098360656
raw_ce9bac86_87af_48f1_a1fb_9030b35f4400,Vedant Singh,Vedant Singh,Two Day,Older Ball,2,89,4,36,62,2,8,14.5,9.0,2.4269662921348316,22.25,69.66292134831461,2.247191011235955
raw_959d7001_91bd_4f20_8632_4fc67ba37a78,Vedanth Shah,Vedanth Shah,One Day,Middle,2,35,0,20,21,0,1,5.5,,3.4285714285714284,,60.0,0.0
raw_959d7001_91bd_4f20_8632_4fc67ba37a78,Vedanth Shah,Vedanth Shah,Two Day,New Ball,1,26,0,24,13,2,1,4.2,,5.538461538461538,,50.0,7.6923076923076925
raw_959d7001_91bd_4f20_8632_4fc67ba37a78,Vedanth Shah,Vedanth Shah,Two Day,Older Ball,2,29,0,21,22,3,2,4.5,,4.344827586206897,,75.86206896551724,10.344827586206897
raw_3cf5056c_807d_4827_899f_51bb1c9d29bd,Venkata Anil Chakravarthy Chandragiri,Venkata Anil Chakravarthy Chandragiri,One Day,Middle,2,12,0,9,7,1,1,2.0,,4.5,,58.333333333333336,8.333333333333334
raw_3cf5056c_807d_4827_899f_51bb1c9d29bd,Venkata Anil Chakravarthy Chandragiri,Venkata Anil Chakravarthy Chandragiri,One Day,Death,3,6,0,12,0,1,1,1.0,,12.0,,0.0,16.666666666666668
raw_aa6bd8c6_c2cc_4154_8f0e_efba5eb723d1,Vihaan Tomer,Vihaan Tomer,One Day,Opening,1,173,11,105,106,9,22,28.5,9.545454545454545,3.6416184971098264,15.727272727272727,61.27167630057804,5.202312138728324
raw_aa6bd8c6_c2cc_4154_8f0e_efba5eb723d1,Vihaan Tomer,Vihaan Tomer,One Day,Middle,2,196,8,115,120,10,21,32.4,14.375,3.520408163265306,24.5,61.224489795918366,5.1020408163265305
raw_aa6bd8c6_c2cc_4154_8f0e_efba5eb723d1,Vihaan Tomer,Vihaan Tomer,Two Day,New Ball,1,91,4,55,60,6,8,15.1,13.75,3.6263736263736264,22.75,65.93406593406593,6.593406593406593
raw_aa6bd8c6_c2cc_4154_8f0e_efba5eb723d1,Vihaan Tomer,Vihaan Tomer,Two Day,Older Ball,2,94,3,41,68,4,6,15.4,13.666666666666666,2.617021276595745,31.333333333333332,72.34042553191489,4.25531914893617
raw_22e5fc2d_679f_4c34_ac7f_e4d588758df8,Vihan Shirguppe,Vihan Shirguppe,One Day,Opening,1,115,5,115,63,13,11,19.1,23.0,6.0,23.0,54.78260869565217,11.304347826086957
raw_22e5fc2d_679f_4c34_ac7f_e4d588758df8,Vihan Shirguppe,Vihan Shirguppe,One Day,Middle,2,96,1,96,50,13,10,16.0,96.0,6.0,96.0,52.083333333333336,13.541666666666666
raw_22e5fc2d_679f_4c34_ac7f_e4d588758df8,Vihan Shirguppe,Vihan Shirguppe,Two Day,New Ball,1,56,1,20,40,1,8,9.2,20.0,2.142857142857143,56.0,71.42857142857143,1.7857142857142858
raw_22e5fc2d_679f_4c34_ac7f_e4d588758df8,Vihan Shirguppe,Vihan Shirguppe,Two Day,Older Ball,2,83,3,30,61,2,8,13.5,10.0,2.1686746987951806,27.666666666666668,73.49397590361446,2.4096385542168677
raw_383a1ba0_5cf5_4df2_a18b_416f2b749e71,Vikas Cherukuvada,Vikas Cherukuvada,One Day,Opening,1,31,0,27,14,3,7,5.1,,5.225806451612903,,45.16129032258065,9.67741935483871
raw_383a1ba0_5cf5_4df2_a18b_416f2b749e71,Vikas Cherukuvada,Vikas Cherukuvada,One Day,Middle,2,47,0,24,34,3,9,7.5,,3.0638297872340425,,72.34042553191489,6.382978723404255
raw_cfdc1b60_4712_47df_a94f_3ac0ff887349,Vikram Roy,Vikram Roy,One Day,Opening,1,6,0,1,5,0,1,1.0,,1.0,,83.33333333333333,0.0
raw_cfdc1b60_4712_47df_a94f_3ac0ff887349,Vikram Roy,Vikram Roy,One Day,Middle,2,6,1,1,5,0,1,1.0,1.0,1.0,6.0,83.33333333333333,0.0
raw_cfdc1b60_4712_47df_a94f_3ac0ff887349,Vikram Roy,Vikram Roy,Two Day,New Ball,1,33,1,14,28,3,5,5.3,14.0,2.5454545454545454,33.0,84.84848484848484,9.090909090909092
raw_cfdc1b60_4712_47df_a94f_3ac0ff887349,Vikram Roy,Vikram Roy,Two Day,Older Ball,2,37,1,9,31,1,4,6.1,9.0,1.4594594594594594,37.0,83.78378378378379,2.7027027027027026
raw_5dbd368c_c246_491c_ac80_752e31ec6158,Vimal Kewada,Vimal Kewada,One Day,Opening,1,25,0,19,15,3,4,4.1,,4.56,,60.0,12.0
raw_5dbd368c_c246_491c_ac80_752e31ec6158,Vimal Kewada,Vimal Kewada,One Day,Middle,2,61,1,41,36,4,7,10.1,41.0,4.032786885245901,61.0,59.01639344262295,6.557377049180328
raw_5dbd368c_c246_491c_ac80_752e31ec6158,Vimal Kewada,Vimal Kewada,Two Day,New Ball,1,20,2,1,19,0,4,3.2,0.5,0.3,10.0,95.0,0.0
raw_5dbd368c_c246_491c_ac80_752e31ec6158,Vimal Kewada,Vimal Kewada,Two Day,Older Ball,2,28,1,10,20,0,3,4.4,10.0,2.142857142857143,28.0,71.42857142857143,0.0
vinay_bharatula,Vinay Bharatula,Vinay Bharatula,One Day,Middle,2,42,3,10,37,1,1,7.0,3.3333333333333335,1.4285714285714286,14.0,88.0952380952381,2.380952380952381
vinay_bharatula,Vinay Bharatula,Vinay Bharatula,One Day,Death,3,18,0,3,16,0,1,3.0,,1.0,,88.88888888888889,0.0
vinay_bharatula,Vinay Bharatula,Vinay Bharatula,Two Day,New Ball,1,30,0,8,26,1,1,5.0,,1.6,,86.66666666666667,3.3333333333333335
raw_a6aa64b3_c608_45b3_911c_ae7538c1a215,Vinuk Dasanayake,Vinuk Dasanayake,One Day,Opening,1,195,9,88,141,7,28,32.3,9.777777777777779,2.707692307692308,21.666666666666668,72.3076923076923,3.58974358974359
raw_a6aa64b3_c608_45b3_911c_ae7538c1a215,Vinuk Dasanayake,Vinuk Dasanayake,One Day,Middle,2,228,12,107,153,6,26,38.0,8.916666666666666,2.8157894736842106,19.0,67.10526315789474,2.6315789473684212
raw_a6aa64b3_c608_45b3_911c_ae7538c1a215,Vinuk Dasanayake,Vinuk Dasanayake,Two Day,New Ball,1,118,6,55,89,5,10,19.4,9.166666666666666,2.7966101694915255,19.666666666666668,75.42372881355932,4.237288135593221
raw_a6aa64b3_c608_45b3_911c_ae7538c1a215,Vinuk Dasanayake,Vinuk Dasanayake,Two Day,Older Ball,2,133,1,63,96,5,9,22.1,63.0,2.8421052631578947,133.0,72.18045112781955,3.7593984962406015
raw_af108978_6fad_4a54_9b55_7f16a97bfbaf,Viren Rahul,Viren Rahul,One Day,Middle,2,14,1,3,11,0,1,2.2,3.0,1.2857142857142858,14.0,78.57142857142857,0.0
raw_af108978_6fad_4a54_9b55_7f16a97bfbaf,Viren Rahul,Viren Rahul,Two Day,New Ball,1,23,1,6,17,0,3,3.5,6.0,1.565217391304348,23.0,73.91304347826087,0.0
raw_af108978_6fad_4a54_9b55_7f16a97bfbaf,Viren Rahul,Viren Rahul,Two Day,Older Ball,2,20,0,9,15,1,2,3.2,,2.7,,75.0,5.0
raw_ef77ec1d_030f_40ae_8a43_010aaeb6147f,Vishal Senthil,Vishal Senthil,One Day,Opening,1,137,5,92,84,11,14,22.5,18.4,4.029197080291971,27.4,61.31386861313869,8.02919708029197
raw_ef77ec1d_030f_40ae_8a43_010aaeb6147f,Vishal Senthil,Vishal Senthil,One Day,Middle,2,157,13,81,112,8,16,26.1,6.230769230769231,3.0955414012738856,12.076923076923077,71.3375796178344,5.095541401273885
raw_ef77ec1d_030f_40ae_8a43_010aaeb6147f,Vishal Senthil,Vishal Senthil,Two Day,New Ball,1,161,1,101,101,9,10,26.5,101.0,3.7639751552795033,161.0,62.732919254658384,5.590062111801243
raw_ef77ec1d_030f_40ae_8a43_010aaeb6147f,Vishal Senthil,Vishal Senthil,Two Day,Older Ball,2,122,3,72,84,10,9,20.2,24.0,3.540983606557377,40.666666666666664,68.85245901639344,8.19672131147541
raw_1febbdb5_f04c_4a3f_b1b6_7b5a4d621e47,Vishnu Chinmaya,Vishnu Chinmaya,One Day,Opening,1,10,0,3,7,0,1,1.4,,1.8,,70.0,0.0
raw_1febbdb5_f04c_4a3f_b1b6_7b5a4d621e47,Vishnu Chinmaya,Vishnu Chinmaya,One Day,Middle,2,5,0,2,3,0,1,0.5,,2.4,,60.0,0.0
raw_1febbdb5_f04c_4a3f_b1b6_7b5a4d621e47,Vishnu Chinmaya,Vishnu Chinmaya,Two Day,New Ball,1,32,1,28,19,4,3,5.2,28.0,5.25,32.0,59.375,12.5
raw_1febbdb5_f04c_4a3f_b1b6_7b5a4d621e47,Vishnu Chinmaya,Vishnu Chinmaya,Two Day,Older Ball,2,37,1,20,30,4,3,6.1,20.0,3.2432432432432434,37.0,81.08108108108108,10.81081081081081
raw_8263a081_80a8_4ed6_aaeb_ef1fa26ec2b4,Vishva Arachchige,Vishva Arachchige,One Day,Middle,2,60,1,26,42,2,2,10.0,26.0,2.6,60.0,70.0,3.3333333333333335
raw_8263a081_80a8_4ed6_aaeb_ef1fa26ec2b4,Vishva Arachchige,Vishva Arachchige,One Day,Death,3,12,0,18,1,1,1,2.0,,9.0,,8.333333333333334,8.333333333333334
raw_8263a081_80a8_4ed6_aaeb_ef1fa26ec2b4,Vishva Arachchige,Vishva Arachchige,T20,Opening,1,6,0,5,3,0,1,1.0,,5.0,,50.0,0.0
raw_8263a081_80a8_4ed6_aaeb_ef1fa26ec2b4,Vishva Arachchige,Vishva Arachchige,T20,Middle,2,7,0,9,1,1,1,1.1,,7.714285714285714,,14.285714285714286,14.285714285714286
raw_36d2e795_187c_47c8_87fc_7d9a56ebb38e,Vivaan Bhatt,Vivaan Bhatt,One Day,Opening,1,72,3,29,49,1,14,12.0,9.666666666666666,2.4166666666666665,24.0,68.05555555555556,1.3888888888888888
raw_36d2e795_187c_47c8_87fc_7d9a56ebb38e,Vivaan Bhatt,Vivaan Bhatt,One Day,Middle,2,103,3,56,67,5,14,17.1,18.666666666666668,3.262135922330097,34.333333333333336,65.04854368932038,4.854368932038835
raw_a0e87a46_e12d_4cd7_a83d_aa7a04a3cef8,Vivaan Kapil,Vivaan Kapil,One Day,Opening,1,152,3,76,99,5,23,25.2,25.333333333333332,3.0,50.666666666666664,65.13157894736842,3.289473684210526
raw_a0e87a46_e12d_4cd7_a83d_aa7a04a3cef8,Vivaan Kapil,Vivaan Kapil,One Day,Middle,2,194,5,89,139,9,21,32.2,17.8,2.752577319587629,38.8,71.64948453608247,4.639175257731959
raw_147b615f_6b73_4efe_879b_57276153aefb,Vivaansh Singh,Vivaansh Singh,One Day,Opening,1,47,2,20,33,0,7,7.5,10.0,2.5531914893617023,23.5,70.2127659574468,0.0
raw_147b615f_6b73_4efe_879b_57276153aefb,Vivaansh Singh,Vivaansh Singh,One Day,Middle,2,42,4,16,28,0,7,7.0,4.0,2.2857142857142856,10.5,66.66666666666667,0.0
raw_e65bc3c8_140e_4919_bf0b_fe03bd13dd75,Vyom Goel,Vyom Goel,One Day,Opening,1,59,0,21,42,0,10,9.5,,2.135593220338983,,71.1864406779661,0.0
raw_e65bc3c8_140e_4919_bf0b_fe03bd13dd75,Vyom Goel,Vyom Goel,One Day,Middle,2,109,2,28,87,1,14,18.1,14.0,1.5412844036697249,54.5,79.81651376146789,0.9174311926605505
raw_e65bc3c8_140e_4919_bf0b_fe03bd13dd75,Vyom Goel,Vyom Goel,Two Day,New Ball,1,14,1,7,7,0,2,2.2,7.0,3.0,14.0,50.0,0.0
raw_e65bc3c8_140e_4919_bf0b_fe03bd13dd75,Vyom Goel,Vyom Goel,Two Day,Older Ball,2,22,0,0,22,0,3,3.4,,0.0,,100.0,0.0
raw_c4a53c7e_702d_4109_9bb7_f240bf046a1e,Vyom Kapur,Vyom Kapur,One Day,Opening,1,66,0,66,33,9,8,11.0,,6.0,,50.0,13.636363636363637
raw_c4a53c7e_702d_4109_9bb7_f240bf046a1e,Vyom Kapur,Vyom Kapur,One Day,Middle,2,85,2,52,52,4,11,14.1,26.0,3.6705882352941175,42.5,61.1764705882353,4.705882352941177
raw_c4a53c7e_702d_4109_9bb7_f240bf046a1e,Vyom Kapur,Vyom Kapur,Two Day,New Ball,1,34,1,3,31,0,5,5.4,3.0,0.5294117647058824,34.0,91.17647058823529,0.0
raw_c4a53c7e_702d_4109_9bb7_f240bf046a1e,Vyom Kapur,Vyom Kapur,Two Day,Older Ball,2,41,5,4,38,0,6,6.5,0.8,0.5853658536585366,8.2,92.6829268292683,0.0
raw_48351728_8f3e_452d_ad3a_54dd4310ea41,Will Christophers,Will Christophers,T20,Opening,1,6,0,1,5,0,1,1.0,,1.0,,83.33333333333333,0.0
raw_48351728_8f3e_452d_ad3a_54dd4310ea41,Will Christophers,Will Christophers,T20,Middle,2,12,1,6,8,0,1,2.0,6.0,3.0,12.0,66.66666666666667,0.0
raw_48351728_8f3e_452d_ad3a_54dd4310ea41,Will Christophers,Will Christophers,T20,Death,3,6,0,4,2,0,1,1.0,,4.0,,33.333333333333336,0.0
raw_59b0920d_96c2_4c9b_b76b_dd3e2a50856a,Will Trevethan,Will Trevethan,Two Day,New Ball,1,12,0,7,7,0,1,2.0,,3.5,,58.333333333333336,0.0
raw_59b0920d_96c2_4c9b_b76b_dd3e2a50856a,Will Trevethan,Will Trevethan,Two Day,Older Ball,2,22,0,11,15,1,2,3.4,,3.0,,68.18181818181819,4.545454545454546
raw_e2545913_7c6c_4fae_9f55_959cd8683c9f,William Bromley,William Bromley,Two Day,New Ball,1,30,0,10,24,0,2,5.0,,2.0,,80.0,0.0
raw_e2545913_7c6c_4fae_9f55_959cd8683c9f,William Bromley,William Bromley,Two Day,Older Ball,2,88,3,44,63,3,3,14.4,14.666666666666666,3.0,29.333333333333332,71.5909090909091,3.409090909090909
raw_2ac811e1_05a5_4912_8634_2363d7e7b1e5,Yadukulan Balashanmugan,Yadukulan Balashanmugan,T20,Middle,2,12,0,13,2,1,1,2.0,,6.5,,16.666666666666668,8.333333333333334
raw_39a61dac_97cd_44b8_b618_d19d6c61589b,Yash Bilagi,Yash Bilagi,One Day,Opening,1,84,1,48,51,4,9,14.0,48.0,3.4285714285714284,84.0,60.714285714285715,4.761904761904762
raw_39a61dac_97cd_44b8_b618_d19d6c61589b,Yash Bilagi,Yash Bilagi,One Day,Middle,2,130,2,76,85,6,14,21.4,38.0,3.5076923076923077,65.0,65.38461538461539,4.615384615384615
raw_39a61dac_97cd_44b8_b618_d19d6c61589b,Yash Bilagi,Yash Bilagi,Two Day,New Ball,1,98,3,63,62,8,6,16.2,21.0,3.857142857142857,32.666666666666664,63.265306122448976,8.16326530612245
raw_39a61dac_97cd_44b8_b618_d19d6c61589b,Yash Bilagi,Yash Bilagi,Two Day,Older Ball,2,69,3,53,46,9,5,11.3,17.666666666666668,4.608695652173913,23.0,66.66666666666667,13.043478260869565
raw_2234f147_bea4_4844_9103_ff726405d79e,Yash Pendse,Yash Pendse,One Day,Opening,1,10,0,10,6,1,2,1.4,,6.0,,60.0,10.0
raw_2234f147_bea4_4844_9103_ff726405d79e,Yash Pendse,Yash Pendse,One Day,Middle,2,11,2,4,10,0,2,1.5,2.0,2.1818181818181817,5.5,90.9090909090909,0.0
raw_361fb9d4_4d92_4260_9744_53d07fe2c185,Yochith Mandala,Yochith Mandala,One Day,Opening,1,192,2,147,103,10,15,32.0,73.5,4.59375,96.0,53.645833333333336,5.208333333333333
raw_361fb9d4_4d92_4260_9744_53d07fe2c185,Yochith Mandala,Yochith Mandala,One Day,Middle,2,75,0,85,34,11,8,12.3,,6.8,,45.333333333333336,14.666666666666666
raw_361fb9d4_4d92_4260_9744_53d07fe2c185,Yochith Mandala,Yochith Mandala,Two Day,New Ball,1,85,3,47,63,7,10,14.1,15.666666666666666,3.3176470588235296,28.333333333333332,74.11764705882354,8.235294117647058
raw_361fb9d4_4d92_4260_9744_53d07fe2c185,Yochith Mandala,Yochith Mandala,Two Day,Older Ball,2,116,6,52,84,4,8,19.2,8.666666666666666,2.689655172413793,19.333333333333332,72.41379310344827,3.4482758620689653
raw_3c5a5fa6_4339_45c3_9d90_e0b80b89ad92,Yojit Sardana,Yojit Sardana,One Day,Middle,2,15,0,8,10,0,2,2.3,,3.2,,66.66666666666667,0.0
raw_3c5a5fa6_4339_45c3_9d90_e0b80b89ad92,Yojit Sardana,Yojit Sardana,Two Day,New Ball,1,21,1,10,14,1,3,3.3,10.0,2.857142857142857,21.0,66.66666666666667,4.761904761904762
raw_3c5a5fa6_4339_45c3_9d90_e0b80b89ad92,Yojit Sardana,Yojit Sardana,Two Day,Older Ball,2,37,2,23,24,2,2,6.1,11.5,3.72972972972973,18.5,64.86486486486487,5.405405405405405
raw_7939e855_f0ab_46af_839a_0614a3fa4fa2,Yuvraj Kotecha,Yuvraj Kotecha,Two Day,New Ball,1,71,4,26,55,3,9,11.5,6.5,2.1971830985915495,17.75,77.46478873239437,4.225352112676056
raw_7939e855_f0ab_46af_839a_0614a3fa4fa2,Yuvraj Kotecha,Yuvraj Kotecha,Two Day,Older Ball,2,56,1,11,49,1,8,9.2,11.0,1.1785714285714286,56.0,87.5,1.7857142857142858
raw_1dcba457_e7e9_421a_aca0_fb0c22285cf7,Zac Powell,Zac Powell,Two Day,New Ball,1,23,0,15,17,3,2,3.5,,3.9130434782608696,,73.91304347826087,13.043478260869565
raw_1dcba457_e7e9_421a_aca0_fb0c22285cf7,Zac Powell,Zac Powell,Two Day,Older Ball,2,11,0,3,9,0,2,1.5,,1.6363636363636365,,81.81818181818181,0.0
raw_0a60c040_f106_4b37_8b40_4b4549a349bf,Zachary Connaughton,Zachary Connaughton,T20,Opening,1,12,1,10,8,2,1,2.0,10.0,5.0,12.0,66.66666666666667,16.666666666666668
raw_0a60c040_f106_4b37_8b40_4b4549a349bf,Zachary Connaughton,Zachary Connaughton,T20,Middle,2,6,0,12,0,1,1,1.0,,12.0,,0.0,16.666666666666668
raw_0a60c040_f106_4b37_8b40_4b4549a349bf,Zachary Connaughton,Zachary Connaughton,T20,Death,3,6,0,10,1,1,1,1.0,,10.0,,16.666666666666668,16.666666666666668
raw_1f318218_9695_46dd_a624_62b0d1d26fc4,Zaron Chanel,Zaron Chanel,T20,Opening,1,6,0,17,1,4,1,1.0,,17.0,,16.666666666666668,66.66666666666667
raw_1f318218_9695_46dd_a624_62b0d1d26fc4,Zaron Chanel,Zaron Chanel,T20,Middle,2,6,1,7,4,1,1,1.0,7.0,7.0,6.0,66.66666666666667,16.666666666666668
raw_d42d1fee_9352_4581_b0d0_fa6266af37ea,Zayaan Arbab,Zayaan Arbab,Two Day,New Ball,1,5,1,1,4,0,1,0.5,1.0,1.2,5.0,80.0,0.0
raw_d42d1fee_9352_4581_b0d0_fa6266af37ea,Zayaan Arbab,Zayaan Arbab,Two Day,Older Ball,2,21,2,8,14,0,2,3.3,4.0,2.2857142857142856,10.5,66.66666666666667,0.0
raw_8b43800e_b092_4d30_83b5_07485b97bfb4,Zivan Shah,Zivan Shah,One Day,Opening,1,43,2,24,30,3,7,7.1,12.0,3.3488372093023258,21.5,69.76744186046511,6.976744186046512
raw_8b43800e_b092_4d30_83b5_07485b97bfb4,Zivan Shah,Zivan Shah,One Day,Middle,2,33,1,22,19,2,7,5.3,22.0,4.0,33.0,57.57575757575758,6.0606060606060606
