season_id,season,team_id,grade_id,grade_name,player_key,canonical_player_id,canonical_player_name,display_player_name,bbb_runs,bbb_balls_faced,bbb_dismissals,bbb_dot_balls,bbb_dot_ball_balls_faced,bbb_batting_innings,bbb_matches,latest_match_date,bat_sr,batting_dot_ball_pct
3e3a72f9-34fa-49f5-a42e-35d86629a3af,Summer 2022/23,1dc2be88-5385-43e2-97c5-02a2edbe2d0a,f2c9d8e0-11e0-4677-8f4d-d84fbe5e6cdf,C1 Grade,jason_jennings,jason_jennings,Jason Jennings,Jason Jennings,107.0,177.0,1,119,177.0,1,1,2022-11-26T13:00:00.0000000+10:30,60.451977401129945,67.2316384180791
3e3a72f9-34fa-49f5-a42e-35d86629a3af,Summer 2022/23,1dc2be88-5385-43e2-97c5-02a2edbe2d0a,f2c9d8e0-11e0-4677-8f4d-d84fbe5e6cdf,C1 Grade,raw_761f2f46_806e_4d87_87ee_d2c30ef3f65c,raw_761f2f46_806e_4d87_87ee_d2c30ef3f65c,Matthew Aston,Matthew Aston,4.0,3.0,1,1,3.0,1,1,2022-11-26T13:00:00.0000000+10:30,133.33333333333334,33.333333333333336
3e3a72f9-34fa-49f5-a42e-35d86629a3af,Summer 2022/23,1dc2be88-5385-43e2-97c5-02a2edbe2d0a,f2c9d8e0-11e0-4677-8f4d-d84fbe5e6cdf,C1 Grade,raw_b2cedc68_089b_4c05_9a04_67d9dda8acfe,raw_b2cedc68_089b_4c05_9a04_67d9dda8acfe,Benjamin James,Benjamin James,1.0,9.0,1,8,9.0,1,1,2022-11-26T13:00:00.0000000+10:30,11.11111111111111,88.88888888888889
3e3a72f9-34fa-49f5-a42e-35d86629a3af,Summer 2022/23,47381e3b-dd50-46f2-b41a-6def27a12ec1,58dfbaf3-80a0-4321-855d-aeb2d74d898d,U15 Boys Division 2,aidan_richardson,aidan_richardson,Aidan Richardson,Aidan Richardson,9.0,43.0,1,39,43.0,1,1,2023-02-05T13:00:00.0000000+10:30,20.930232558139537,90.69767441860465
3e3a72f9-34fa-49f5-a42e-35d86629a3af,Summer 2022/23,47381e3b-dd50-46f2-b41a-6def27a12ec1,58dfbaf3-80a0-4321-855d-aeb2d74d898d,U15 Boys Division 2,brendan_russell,brendan_russell,Brendan Russell,Brendan Russell,8.0,37.0,3,32,37.0,3,3,2023-02-19T13:00:00.0000000+10:30,21.62162162162162,86.48648648648648
3e3a72f9-34fa-49f5-a42e-35d86629a3af,Summer 2022/23,47381e3b-dd50-46f2-b41a-6def27a12ec1,58dfbaf3-80a0-4321-855d-aeb2d74d898d,U15 Boys Division 2,brock_carlisle,brock_carlisle,Brock Carlisle,Brock Carlisle,31.0,153.0,2,134,153.0,2,2,2023-02-19T13:00:00.0000000+10:30,20.26143790849673,87.58169934640523
3e3a72f9-34fa-49f5-a42e-35d86629a3af,Summer 2022/23,47381e3b-dd50-46f2-b41a-6def27a12ec1,58dfbaf3-80a0-4321-855d-aeb2d74d898d,U15 Boys Division 2,cameron_baldock,cameron_baldock,Cameron Baldock,Cameron Baldock,21.0,100.0,0,86,100.0,1,1,2022-11-27T13:00:00.0000000+10:30,21.0,86.0
3e3a72f9-34fa-49f5-a42e-35d86629a3af,Summer 2022/23,47381e3b-dd50-46f2-b41a-6def27a12ec1,58dfbaf3-80a0-4321-855d-aeb2d74d898d,U15 Boys Division 2,felix_lilith_spring,felix_lilith_spring,Felix Lilith-Spring,Felix Lilith-Spring,8.0,18.0,1,13,18.0,2,2,2023-02-19T13:00:00.0000000+10:30,44.44444444444444,72.22222222222223
3e3a72f9-34fa-49f5-a42e-35d86629a3af,Summer 2022/23,47381e3b-dd50-46f2-b41a-6def27a12ec1,58dfbaf3-80a0-4321-855d-aeb2d74d898d,U15 Boys Division 2,flynn_maher,flynn_maher,Flynn Maher,Flynn Maher,22.0,37.0,2,23,37.0,3,3,2023-02-19T13:00:00.0000000+10:30,59.45945945945946,62.16216216216216
3e3a72f9-34fa-49f5-a42e-35d86629a3af,Summer 2022/23,47381e3b-dd50-46f2-b41a-6def27a12ec1,58dfbaf3-80a0-4321-855d-aeb2d74d898d,U15 Boys Division 2,harrison_glatter,harrison_glatter,Harrison Glatter,Harrison Glatter,59.0,181.0,2,143,181.0,3,3,2023-02-19T13:00:00.0000000+10:30,32.59668508287293,79.00552486187846
3e3a72f9-34fa-49f5-a42e-35d86629a3af,Summer 2022/23,47381e3b-dd50-46f2-b41a-6def27a12ec1,58dfbaf3-80a0-4321-855d-aeb2d74d898d,U15 Boys Division 2,jayden_hower,jayden_hower,Jayden Hower,Jayden Hower,10.0,37.0,2,31,37.0,3,3,2023-02-19T13:00:00.0000000+10:30,27.027027027027028,83.78378378378379
3e3a72f9-34fa-49f5-a42e-35d86629a3af,Summer 2022/23,47381e3b-dd50-46f2-b41a-6def27a12ec1,58dfbaf3-80a0-4321-855d-aeb2d74d898d,U15 Boys Division 2,joshua_mount,joshua_mount,Joshua Mount,Joshua Mount,9.0,48.0,2,42,48.0,3,3,2023-02-19T13:00:00.0000000+10:30,18.75,87.5
3e3a72f9-34fa-49f5-a42e-35d86629a3af,Summer 2022/23,47381e3b-dd50-46f2-b41a-6def27a12ec1,58dfbaf3-80a0-4321-855d-aeb2d74d898d,U15 Boys Division 2,liam_harvey,liam_harvey,Liam Harvey,Liam Harvey,6.0,87.0,2,83,87.0,2,2,2023-02-19T13:00:00.0000000+10:30,6.896551724137931,95.40229885057471
3e3a72f9-34fa-49f5-a42e-35d86629a3af,Summer 2022/23,47381e3b-dd50-46f2-b41a-6def27a12ec1,58dfbaf3-80a0-4321-855d-aeb2d74d898d,U15 Boys Division 2,max_tonkin,max_tonkin,Max Tonkin,Max Tonkin,13.0,47.0,2,39,47.0,3,3,2023-02-19T13:00:00.0000000+10:30,27.659574468085108,82.97872340425532
3e3a72f9-34fa-49f5-a42e-35d86629a3af,Summer 2022/23,47381e3b-dd50-46f2-b41a-6def27a12ec1,58dfbaf3-80a0-4321-855d-aeb2d74d898d,U15 Boys Division 2,raw_2357cd91_625f_4677_ad0c_f9be317c47ae,raw_2357cd91_625f_4677_ad0c_f9be317c47ae,Lucas Elliott,Lucas Elliott,7.0,29.0,1,26,29.0,1,1,2023-02-05T13:00:00.0000000+10:30,24.137931034482758,89.65517241379311
3e3a72f9-34fa-49f5-a42e-35d86629a3af,Summer 2022/23,47381e3b-dd50-46f2-b41a-6def27a12ec1,58dfbaf3-80a0-4321-855d-aeb2d74d898d,U15 Boys Division 2,raw_33db9b1c_ef3c_452f_b611_cbd07fc6615d,raw_33db9b1c_ef3c_452f_b611_cbd07fc6615d,Nicholas Mann,Nicholas Mann,0.0,5.0,1,5,5.0,1,1,2023-02-19T13:00:00.0000000+10:30,0.0,100.0
3e3a72f9-34fa-49f5-a42e-35d86629a3af,Summer 2022/23,47381e3b-dd50-46f2-b41a-6def27a12ec1,58dfbaf3-80a0-4321-855d-aeb2d74d898d,U15 Boys Division 2,raw_970ad081_3d1f_4215_8f36_869049363bf6,raw_970ad081_3d1f_4215_8f36_869049363bf6,Lachlan Fitzgerald,Lachlan Fitzgerald,0.0,11.0,2,11,11.0,2,2,2023-02-19T13:00:00.0000000+10:30,0.0,100.0
3e3a72f9-34fa-49f5-a42e-35d86629a3af,Summer 2022/23,47381e3b-dd50-46f2-b41a-6def27a12ec1,58dfbaf3-80a0-4321-855d-aeb2d74d898d,U15 Boys Division 2,zac_egan,zac_egan,Zac Egan,Zac Egan,1.0,17.0,0,16,17.0,1,1,2022-11-27T13:00:00.0000000+10:30,5.882352941176471,94.11764705882354
3e3a72f9-34fa-49f5-a42e-35d86629a3af,Summer 2022/23,4e49e650-da93-40b4-ab31-af784004356e,f2dd3076-c145-44f4-9d21-69dccb87798a,U14 Boys South Division 1,bailey_bennett,bailey_bennett,Bailey Bennett,Bailey Bennett,80.0,69.0,2,39,69.0,2,2,2023-01-08T08:30:00.0000000+10:30,115.94202898550725,56.52173913043478
3e3a72f9-34fa-49f5-a42e-35d86629a3af,Summer 2022/23,4e49e650-da93-40b4-ab31-af784004356e,f2dd3076-c145-44f4-9d21-69dccb87798a,U14 Boys South Division 1,dylan_mcnab,dylan_mcnab,Dylan Mcnab,Dylan Mcnab,2.0,9.0,1,7,9.0,1,1,2023-01-08T08:30:00.0000000+10:30,22.22222222222222,77.77777777777777
3e3a72f9-34fa-49f5-a42e-35d86629a3af,Summer 2022/23,4e49e650-da93-40b4-ab31-af784004356e,f2dd3076-c145-44f4-9d21-69dccb87798a,U14 Boys South Division 1,mitchell_russell,mitchell_russell,Mitchell Russell,Mitchell Russell,15.0,28.0,2,23,28.0,2,2,2023-01-08T08:30:00.0000000+10:30,53.57142857142857,82.14285714285714
3e3a72f9-34fa-49f5-a42e-35d86629a3af,Summer 2022/23,4e49e650-da93-40b4-ab31-af784004356e,f2dd3076-c145-44f4-9d21-69dccb87798a,U14 Boys South Division 1,mitchell_trenorden,mitchell_trenorden,Mitchell Trenorden,Mitchell Trenorden,13.0,36.0,3,29,36.0,3,3,2023-01-08T08:30:00.0000000+10:30,36.111111111111114,80.55555555555556
3e3a72f9-34fa-49f5-a42e-35d86629a3af,Summer 2022/23,4e49e650-da93-40b4-ab31-af784004356e,f2dd3076-c145-44f4-9d21-69dccb87798a,U14 Boys South Division 1,raw_26cb2c08_9ab9_4344_bfea_fb8647f67de5,raw_26cb2c08_9ab9_4344_bfea_fb8647f67de5,Ansh Patel,Ansh Patel,10.0,20.0,1,14,20.0,1,1,2023-01-08T08:30:00.0000000+10:30,50.0,70.0
3e3a72f9-34fa-49f5-a42e-35d86629a3af,Summer 2022/23,4e49e650-da93-40b4-ab31-af784004356e,f2dd3076-c145-44f4-9d21-69dccb87798a,U14 Boys South Division 1,raw_3e1adebb_52c6_4915_ad92_93ac5ec5d9eb,raw_3e1adebb_52c6_4915_ad92_93ac5ec5d9eb,Dane Higgins,Dane Higgins,24.0,54.0,2,43,54.0,2,2,2022-12-18T08:30:00.0000000+10:30,44.44444444444444,79.62962962962963
3e3a72f9-34fa-49f5-a42e-35d86629a3af,Summer 2022/23,4e49e650-da93-40b4-ab31-af784004356e,f2dd3076-c145-44f4-9d21-69dccb87798a,U14 Boys South Division 1,raw_ef2fde84_ff3a_4495_95d8_b36f118ec016,raw_ef2fde84_ff3a_4495_95d8_b36f118ec016,Tyler Rowston,Tyler Rowston,11.0,31.0,2,24,31.0,2,2,2023-01-08T08:30:00.0000000+10:30,35.483870967741936,77.41935483870968
3e3a72f9-34fa-49f5-a42e-35d86629a3af,Summer 2022/23,4e49e650-da93-40b4-ab31-af784004356e,f2dd3076-c145-44f4-9d21-69dccb87798a,U14 Boys South Division 1,raw_fa78d1d0_056c_49ca_aa80_ebe70377eafe,raw_fa78d1d0_056c_49ca_aa80_ebe70377eafe,Noah Ball,Noah Ball,16.0,32.0,1,24,32.0,1,1,2022-12-18T08:30:00.0000000+10:30,50.0,75.0
3e3a72f9-34fa-49f5-a42e-35d86629a3af,Summer 2022/23,4e49e650-da93-40b4-ab31-af784004356e,f2dd3076-c145-44f4-9d21-69dccb87798a,U14 Boys South Division 1,raw_feced089_8864_4a4d_84b3_ccfd31618652,raw_feced089_8864_4a4d_84b3_ccfd31618652,Noah Hanks,Noah Hanks,56.0,69.0,3,48,69.0,3,3,2023-01-08T08:30:00.0000000+10:30,81.15942028985508,69.56521739130434
3e3a72f9-34fa-49f5-a42e-35d86629a3af,Summer 2022/23,4e49e650-da93-40b4-ab31-af784004356e,f2dd3076-c145-44f4-9d21-69dccb87798a,U14 Boys South Division 1,shivaan_naidu,shivaan_naidu,Shivaan Naidu,Shivaan Naidu,4.0,21.0,2,18,21.0,2,2,2023-01-08T08:30:00.0000000+10:30,19.047619047619047,85.71428571428571
3e3a72f9-34fa-49f5-a42e-35d86629a3af,Summer 2022/23,4e49e650-da93-40b4-ab31-af784004356e,f2dd3076-c145-44f4-9d21-69dccb87798a,U14 Boys South Division 1,tom_gill,tom_gill,Tom Gill,Tom Gill,44.0,77.0,3,54,77.0,3,3,2023-01-08T08:30:00.0000000+10:30,57.142857142857146,70.12987012987013
3e3a72f9-34fa-49f5-a42e-35d86629a3af,Summer 2022/23,4e49e650-da93-40b4-ab31-af784004356e,f2dd3076-c145-44f4-9d21-69dccb87798a,U14 Boys South Division 1,zac_egan,zac_egan,Zac Egan,Zac Egan,10.0,44.0,3,38,44.0,3,3,2023-01-08T08:30:00.0000000+10:30,22.727272727272727,86.36363636363636
3e3a72f9-34fa-49f5-a42e-35d86629a3af,Summer 2022/23,57da2d08-55fa-49db-8796-a46fd253a72d,807f6099-7898-4b56-a902-e3efaf2c7cf6,O'Neills Sports T20 Division 1,jake_shaw,jake_shaw,Jake Shaw,Jake Shaw,4.0,4.0,1,0,4.0,1,1,2022-12-06T17:10:00.0000000+10:30,100.0,0.0
3e3a72f9-34fa-49f5-a42e-35d86629a3af,Summer 2022/23,57da2d08-55fa-49db-8796-a46fd253a72d,807f6099-7898-4b56-a902-e3efaf2c7cf6,O'Neills Sports T20 Division 1,josh_burrows,josh_burrows,Josh Burrows,Josh Burrows,0.0,2.0,1,2,2.0,1,1,2023-01-10T17:10:00.0000000+10:30,0.0,100.0
3e3a72f9-34fa-49f5-a42e-35d86629a3af,Summer 2022/23,57da2d08-55fa-49db-8796-a46fd253a72d,807f6099-7898-4b56-a902-e3efaf2c7cf6,O'Neills Sports T20 Division 1,joshua_spall,joshua_spall,Joshua Spall,Joshua Spall,58.0,64.0,3,34,64.0,3,3,2023-01-17T17:10:00.0000000+10:30,90.625,53.125
3e3a72f9-34fa-49f5-a42e-35d86629a3af,Summer 2022/23,57da2d08-55fa-49db-8796-a46fd253a72d,807f6099-7898-4b56-a902-e3efaf2c7cf6,O'Neills Sports T20 Division 1,raw_205e8fd2_2a71_4bb7_af36_80deca0a9b8a,raw_205e8fd2_2a71_4bb7_af36_80deca0a9b8a,Matt Hehner,Matt Hehner,32.0,27.0,3,9,27.0,3,3,2023-01-17T17:10:00.0000000+10:30,118.51851851851852,33.333333333333336
3e3a72f9-34fa-49f5-a42e-35d86629a3af,Summer 2022/23,57da2d08-55fa-49db-8796-a46fd253a72d,807f6099-7898-4b56-a902-e3efaf2c7cf6,O'Neills Sports T20 Division 1,raw_3a789cea_76b1_4886_9355_e458ba052d05,raw_3a789cea_76b1_4886_9355_e458ba052d05,Richard Gabb,Richard Gabb,50.0,51.0,2,25,51.0,2,2,2023-01-17T17:10:00.0000000+10:30,98.03921568627452,49.01960784313726
3e3a72f9-34fa-49f5-a42e-35d86629a3af,Summer 2022/23,57da2d08-55fa-49db-8796-a46fd253a72d,807f6099-7898-4b56-a902-e3efaf2c7cf6,O'Neills Sports T20 Division 1,raw_83c03530_5522_4ee8_aae6_408666e96e51,raw_83c03530_5522_4ee8_aae6_408666e96e51,Todd Middleton,Todd Middleton,10.0,26.0,3,17,26.0,3,3,2023-01-17T17:10:00.0000000+10:30,38.46153846153846,65.38461538461539
3e3a72f9-34fa-49f5-a42e-35d86629a3af,Summer 2022/23,57da2d08-55fa-49db-8796-a46fd253a72d,807f6099-7898-4b56-a902-e3efaf2c7cf6,O'Neills Sports T20 Division 1,raw_87852833_31a3_4338_8fc3_77295208cbae,raw_87852833_31a3_4338_8fc3_77295208cbae,Joe Norbury,Joe Norbury,56.0,74.0,3,45,74.0,3,3,2023-01-17T17:10:00.0000000+10:30,75.67567567567568,60.810810810810814
3e3a72f9-34fa-49f5-a42e-35d86629a3af,Summer 2022/23,57da2d08-55fa-49db-8796-a46fd253a72d,807f6099-7898-4b56-a902-e3efaf2c7cf6,O'Neills Sports T20 Division 1,raw_8c7365d6_63c4_4241_a349_d35ebe7bcf1a,raw_8c7365d6_63c4_4241_a349_d35ebe7bcf1a,Marcus Lee,Marcus Lee,2.0,8.0,1,6,8.0,1,1,2022-12-06T17:10:00.0000000+10:30,25.0,75.0
3e3a72f9-34fa-49f5-a42e-35d86629a3af,Summer 2022/23,57da2d08-55fa-49db-8796-a46fd253a72d,807f6099-7898-4b56-a902-e3efaf2c7cf6,O'Neills Sports T20 Division 1,raw_98bc2f3b_30cf_4b6d_b441_87e94b2361f0,raw_98bc2f3b_30cf_4b6d_b441_87e94b2361f0,Daniel Rabbett,Daniel Rabbett,13.0,33.0,1,20,33.0,1,1,2023-01-10T17:10:00.0000000+10:30,39.39393939393939,60.60606060606061
3e3a72f9-34fa-49f5-a42e-35d86629a3af,Summer 2022/23,57da2d08-55fa-49db-8796-a46fd253a72d,807f6099-7898-4b56-a902-e3efaf2c7cf6,O'Neills Sports T20 Division 1,raw_a6e17218_f7bb_4349_b7ea_300c803920b7,raw_a6e17218_f7bb_4349_b7ea_300c803920b7,Austin Robertson,Austin Robertson,13.0,13.0,1,5,13.0,1,1,2022-12-06T17:10:00.0000000+10:30,100.0,38.46153846153846
3e3a72f9-34fa-49f5-a42e-35d86629a3af,Summer 2022/23,57da2d08-55fa-49db-8796-a46fd253a72d,807f6099-7898-4b56-a902-e3efaf2c7cf6,O'Neills Sports T20 Division 1,raw_b270c0b2_5125_4134_a734_62315b457a23,raw_b270c0b2_5125_4134_a734_62315b457a23,Joshua Golding,Joshua Golding,9.0,15.0,3,9,15.0,3,3,2023-01-17T17:10:00.0000000+10:30,60.0,60.0
3e3a72f9-34fa-49f5-a42e-35d86629a3af,Summer 2022/23,57da2d08-55fa-49db-8796-a46fd253a72d,807f6099-7898-4b56-a902-e3efaf2c7cf6,O'Neills Sports T20 Division 1,raw_e74ebdf7_88d0_4e68_8a4c_aa20756136b0,raw_e74ebdf7_88d0_4e68_8a4c_aa20756136b0,Shaun Newell,Shaun Newell,26.0,34.0,3,24,34.0,3,3,2023-01-17T17:10:00.0000000+10:30,76.47058823529412,70.58823529411765
3e3a72f9-34fa-49f5-a42e-35d86629a3af,Summer 2022/23,57da2d08-55fa-49db-8796-a46fd253a72d,807f6099-7898-4b56-a902-e3efaf2c7cf6,O'Neills Sports T20 Division 1,raw_eea0ea77_dee1_4437_b2aa_4460513cb53f,raw_eea0ea77_dee1_4437_b2aa_4460513cb53f,Joshua Niederer,Joshua Niederer,6.0,11.0,1,8,11.0,1,1,2022-12-06T17:10:00.0000000+10:30,54.54545454545455,72.72727272727273
3e3a72f9-34fa-49f5-a42e-35d86629a3af,Summer 2022/23,5d777fdf-7822-464f-9a93-799c59236485,9d0bd045-fa40-4ab2-bca1-486426065377,U14 Boys South Division 2,cameron_green,cameron_green,Cameron Green,Cameron Green,23.0,88.0,5,73,88.0,5,4,2023-03-05T08:30:00.0000000+10:30,26.136363636363637,82.95454545454545
3e3a72f9-34fa-49f5-a42e-35d86629a3af,Summer 2022/23,5d777fdf-7822-464f-9a93-799c59236485,9d0bd045-fa40-4ab2-bca1-486426065377,U14 Boys South Division 2,declan_grantham,declan_grantham,Declan Grantham,Declan Grantham,13.0,52.0,4,43,52.0,4,4,2023-03-05T08:30:00.0000000+10:30,25.0,82.6923076923077
3e3a72f9-34fa-49f5-a42e-35d86629a3af,Summer 2022/23,5d777fdf-7822-464f-9a93-799c59236485,9d0bd045-fa40-4ab2-bca1-486426065377,U14 Boys South Division 2,dylan_mcnab,dylan_mcnab,Dylan Mcnab,Dylan Mcnab,8.0,14.0,1,9,14.0,1,1,2022-10-16T08:30:00.0000000+10:30,57.142857142857146,64.28571428571429
3e3a72f9-34fa-49f5-a42e-35d86629a3af,Summer 2022/23,5d777fdf-7822-464f-9a93-799c59236485,9d0bd045-fa40-4ab2-bca1-486426065377,U14 Boys South Division 2,jayden_simons,jayden_simons,Jayden Simons,Jayden Simons,109.0,108.0,5,69,108.0,5,4,2023-03-05T08:30:00.0000000+10:30,100.92592592592592,63.888888888888886
3e3a72f9-34fa-49f5-a42e-35d86629a3af,Summer 2022/23,5d777fdf-7822-464f-9a93-799c59236485,9d0bd045-fa40-4ab2-bca1-486426065377,U14 Boys South Division 2,joel_harvey,joel_harvey,Joel Harvey,Joel Harvey,15.0,19.0,2,11,19.0,2,1,2023-01-08T08:30:00.0000000+10:30,78.94736842105263,57.89473684210526
3e3a72f9-34fa-49f5-a42e-35d86629a3af,Summer 2022/23,5d777fdf-7822-464f-9a93-799c59236485,9d0bd045-fa40-4ab2-bca1-486426065377,U14 Boys South Division 2,raw_0d5b72fd_09c9_4ace_a42e_4abb8b574a65,raw_0d5b72fd_09c9_4ace_a42e_4abb8b574a65,Drew Reynolds,Drew Reynolds,25.0,79.0,4,66,79.0,4,4,2023-03-05T08:30:00.0000000+10:30,31.645569620253166,83.54430379746836
3e3a72f9-34fa-49f5-a42e-35d86629a3af,Summer 2022/23,5d777fdf-7822-464f-9a93-799c59236485,9d0bd045-fa40-4ab2-bca1-486426065377,U14 Boys South Division 2,raw_25be9f5e_af19_43a6_8d9d_826112200276,raw_25be9f5e_af19_43a6_8d9d_826112200276,Hudson Fraser,Hudson Fraser,20.0,31.0,4,23,31.0,4,3,2023-03-05T08:30:00.0000000+10:30,64.51612903225806,74.19354838709677
3e3a72f9-34fa-49f5-a42e-35d86629a3af,Summer 2022/23,5d777fdf-7822-464f-9a93-799c59236485,9d0bd045-fa40-4ab2-bca1-486426065377,U14 Boys South Division 2,raw_47109598_1ffe_41b3_a38f_d760c01d44ac,raw_47109598_1ffe_41b3_a38f_d760c01d44ac,Ty Allen,Ty Allen,14.0,52.0,3,43,52.0,3,3,2023-03-05T08:30:00.0000000+10:30,26.923076923076923,82.6923076923077
3e3a72f9-34fa-49f5-a42e-35d86629a3af,Summer 2022/23,5d777fdf-7822-464f-9a93-799c59236485,9d0bd045-fa40-4ab2-bca1-486426065377,U14 Boys South Division 2,raw_ad5e4e08_b75a_4403_b0f2_f83314ec5668,raw_ad5e4e08_b75a_4403_b0f2_f83314ec5668,Daivik Kumar,Daivik Kumar,8.0,61.0,4,54,61.0,4,3,2023-03-05T08:30:00.0000000+10:30,13.114754098360656,88.52459016393442
3e3a72f9-34fa-49f5-a42e-35d86629a3af,Summer 2022/23,5d777fdf-7822-464f-9a93-799c59236485,9d0bd045-fa40-4ab2-bca1-486426065377,U14 Boys South Division 2,raw_e72707f4_7599_46df_8d35_289a19dc7b31,raw_e72707f4_7599_46df_8d35_289a19dc7b31,Koren Steele,Koren Steele,20.0,83.0,5,71,83.0,5,4,2023-03-05T08:30:00.0000000+10:30,24.096385542168676,85.5421686746988
3e3a72f9-34fa-49f5-a42e-35d86629a3af,Summer 2022/23,5d777fdf-7822-464f-9a93-799c59236485,9d0bd045-fa40-4ab2-bca1-486426065377,U14 Boys South Division 2,raw_ef4f9462_581c_41c1_86dc_3740bf3ac7c2,raw_ef4f9462_581c_41c1_86dc_3740bf3ac7c2,Harry James,Harry James,67.0,116.0,5,74,116.0,5,4,2023-03-05T08:30:00.0000000+10:30,57.758620689655174,63.793103448275865
3e3a72f9-34fa-49f5-a42e-35d86629a3af,Summer 2022/23,5d777fdf-7822-464f-9a93-799c59236485,9d0bd045-fa40-4ab2-bca1-486426065377,U14 Boys South Division 2,ryan_langaard,ryan_langaard,Ryan Langaard,Ryan Langaard,9.0,65.0,5,65,65.0,5,4,2023-03-05T08:30:00.0000000+10:30,13.846153846153847,100.0
3e3a72f9-34fa-49f5-a42e-35d86629a3af,Summer 2022/23,5d777fdf-7822-464f-9a93-799c59236485,9d0bd045-fa40-4ab2-bca1-486426065377,U14 Boys South Division 2,tyler_stevens,tyler_stevens,Tyler Stevens,Tyler Stevens,47.0,135.0,5,110,135.0,5,4,2023-03-05T08:30:00.0000000+10:30,34.81481481481482,81.48148148148148
3e3a72f9-34fa-49f5-a42e-35d86629a3af,Summer 2022/23,689f18d9-cf87-4abe-acc3-feac38c222d8,a30320c1-1c63-4bc9-aa2a-26bed711b6a6,U12 Boys South Division 2,ayden_cook,ayden_cook,Ayden Cook,Ayden Cook,1.0,4.0,1,3,4.0,1,1,2022-10-16T09:00:00.0000000+10:30,25.0,75.0
3e3a72f9-34fa-49f5-a42e-35d86629a3af,Summer 2022/23,689f18d9-cf87-4abe-acc3-feac38c222d8,a30320c1-1c63-4bc9-aa2a-26bed711b6a6,U12 Boys South Division 2,billy_rowston,billy_rowston,Billy Rowston,Billy Rowston,16.0,59.0,4,48,59.0,4,4,2023-02-03T17:00:00.0000000+10:30,27.11864406779661,81.35593220338983
3e3a72f9-34fa-49f5-a42e-35d86629a3af,Summer 2022/23,689f18d9-cf87-4abe-acc3-feac38c222d8,a30320c1-1c63-4bc9-aa2a-26bed711b6a6,U12 Boys South Division 2,caleb_eckert,caleb_eckert,Caleb Eckert,Caleb Eckert,1.0,8.0,1,7,8.0,1,1,2022-10-16T09:00:00.0000000+10:30,12.5,87.5
3e3a72f9-34fa-49f5-a42e-35d86629a3af,Summer 2022/23,689f18d9-cf87-4abe-acc3-feac38c222d8,a30320c1-1c63-4bc9-aa2a-26bed711b6a6,U12 Boys South Division 2,campbell_loizi,campbell_loizi,Campbell Loizi,Campbell Loizi,0.0,1.0,1,1,1.0,1,1,2022-10-16T09:00:00.0000000+10:30,0.0,100.0
3e3a72f9-34fa-49f5-a42e-35d86629a3af,Summer 2022/23,689f18d9-cf87-4abe-acc3-feac38c222d8,a30320c1-1c63-4bc9-aa2a-26bed711b6a6,U12 Boys South Division 2,harry_tonkin,harry_tonkin,Harry Tonkin,Harry Tonkin,4.0,24.0,2,20,24.0,3,3,2023-02-03T17:00:00.0000000+10:30,16.666666666666668,83.33333333333333
3e3a72f9-34fa-49f5-a42e-35d86629a3af,Summer 2022/23,689f18d9-cf87-4abe-acc3-feac38c222d8,a30320c1-1c63-4bc9-aa2a-26bed711b6a6,U12 Boys South Division 2,jack_briggs,jack_briggs,Jack Briggs,Jack Briggs,37.0,52.0,4,24,52.0,5,5,2023-02-03T17:00:00.0000000+10:30,71.15384615384616,46.15384615384615
3e3a72f9-34fa-49f5-a42e-35d86629a3af,Summer 2022/23,689f18d9-cf87-4abe-acc3-feac38c222d8,a30320c1-1c63-4bc9-aa2a-26bed711b6a6,U12 Boys South Division 2,levi_porker,levi_porker,Levi Porker,Levi Porker,25.0,38.0,2,22,38.0,2,2,2023-02-03T17:00:00.0000000+10:30,65.78947368421052,57.89473684210526
3e3a72f9-34fa-49f5-a42e-35d86629a3af,Summer 2022/23,689f18d9-cf87-4abe-acc3-feac38c222d8,a30320c1-1c63-4bc9-aa2a-26bed711b6a6,U12 Boys South Division 2,max_tuffin,max_tuffin,Max Tuffin,Max Tuffin,20.0,69.0,4,52,69.0,4,4,2023-02-03T17:00:00.0000000+10:30,28.985507246376812,75.3623188405797
3e3a72f9-34fa-49f5-a42e-35d86629a3af,Summer 2022/23,689f18d9-cf87-4abe-acc3-feac38c222d8,a30320c1-1c63-4bc9-aa2a-26bed711b6a6,U12 Boys South Division 2,paxton_brown,paxton_brown,Paxton Brown,Paxton Brown,8.0,47.0,4,39,47.0,4,4,2023-02-03T17:00:00.0000000+10:30,17.02127659574468,82.97872340425532
3e3a72f9-34fa-49f5-a42e-35d86629a3af,Summer 2022/23,689f18d9-cf87-4abe-acc3-feac38c222d8,a30320c1-1c63-4bc9-aa2a-26bed711b6a6,U12 Boys South Division 2,raw_054ff076_0199_441e_818b_8005d769412c,raw_054ff076_0199_441e_818b_8005d769412c,Joel Foody,Joel Foody,48.0,57.0,4,30,57.0,4,4,2023-02-03T17:00:00.0000000+10:30,84.21052631578948,52.63157894736842
3e3a72f9-34fa-49f5-a42e-35d86629a3af,Summer 2022/23,689f18d9-cf87-4abe-acc3-feac38c222d8,a30320c1-1c63-4bc9-aa2a-26bed711b6a6,U12 Boys South Division 2,raw_3b270af8_eb23_499e_96c8_83b1c8c2bc40,raw_3b270af8_eb23_499e_96c8_83b1c8c2bc40,Oscar Rayner,Oscar Rayner,20.0,31.0,3,20,31.0,4,4,2023-02-03T17:00:00.0000000+10:30,64.51612903225806,64.51612903225806
3e3a72f9-34fa-49f5-a42e-35d86629a3af,Summer 2022/23,689f18d9-cf87-4abe-acc3-feac38c222d8,a30320c1-1c63-4bc9-aa2a-26bed711b6a6,U12 Boys South Division 2,raw_3cfea35b_1630_441a_98b0_9b4c8d100f1a,raw_3cfea35b_1630_441a_98b0_9b4c8d100f1a,Cade Harrington,Cade Harrington,3.0,36.0,3,33,36.0,4,4,2023-02-03T17:00:00.0000000+10:30,8.333333333333334,91.66666666666667
3e3a72f9-34fa-49f5-a42e-35d86629a3af,Summer 2022/23,689f18d9-cf87-4abe-acc3-feac38c222d8,a30320c1-1c63-4bc9-aa2a-26bed711b6a6,U12 Boys South Division 2,raw_8a232878_880c_4946_ab92_43af804063d0,raw_8a232878_880c_4946_ab92_43af804063d0,Jackson Hern,Jackson Hern,4.0,38.0,3,35,38.0,3,3,2023-02-03T17:00:00.0000000+10:30,10.526315789473685,92.10526315789474
3e3a72f9-34fa-49f5-a42e-35d86629a3af,Summer 2022/23,689f18d9-cf87-4abe-acc3-feac38c222d8,a30320c1-1c63-4bc9-aa2a-26bed711b6a6,U12 Boys South Division 2,raw_c4151569_d84b_4d49_8f44_4ebb2d0de5e5,raw_c4151569_d84b_4d49_8f44_4ebb2d0de5e5,Harry Fitzgerald,Harry Fitzgerald,4.0,11.0,2,7,11.0,2,2,2022-12-16T17:00:00.0000000+10:30,36.36363636363637,63.63636363636363
3e3a72f9-34fa-49f5-a42e-35d86629a3af,Summer 2022/23,689f18d9-cf87-4abe-acc3-feac38c222d8,a30320c1-1c63-4bc9-aa2a-26bed711b6a6,U12 Boys South Division 2,raw_f60ace16_04d7_4de0_8fdd_9f4670f7a333,raw_f60ace16_04d7_4de0_8fdd_9f4670f7a333,Harrison Cook,Harrison Cook,9.0,24.0,1,18,24.0,1,1,2022-10-16T09:00:00.0000000+10:30,37.5,75.0
3e3a72f9-34fa-49f5-a42e-35d86629a3af,Summer 2022/23,689f18d9-cf87-4abe-acc3-feac38c222d8,a30320c1-1c63-4bc9-aa2a-26bed711b6a6,U12 Boys South Division 2,raw_fd1f08a9_917c_4e81_9360_6802720e3d52,raw_fd1f08a9_917c_4e81_9360_6802720e3d52,Max Morgan,Max Morgan,1.0,33.0,3,32,33.0,3,3,2022-12-16T17:00:00.0000000+10:30,3.0303030303030303,96.96969696969697
3e3a72f9-34fa-49f5-a42e-35d86629a3af,Summer 2022/23,95741596-2cb8-4edf-87d4-1f525b50fbed,876392b3-8747-416a-b695-31f9afd2ea3b,U10 Mixed South Division 1,oscar_foran,oscar_foran,Oscar Foran,Oscar Foran,18.0,16.0,1,8,16.0,1,1,2023-01-15T09:00:00.0000000+10:30,112.5,50.0
3e3a72f9-34fa-49f5-a42e-35d86629a3af,Summer 2022/23,95741596-2cb8-4edf-87d4-1f525b50fbed,876392b3-8747-416a-b695-31f9afd2ea3b,U10 Mixed South Division 1,raw_410ae86d_ebbf_44b0_8565_d79e31a87c69,raw_410ae86d_ebbf_44b0_8565_d79e31a87c69,Hayden Castanelli,Hayden Castanelli,16.0,12.0,1,3,12.0,1,1,2023-01-15T09:00:00.0000000+10:30,133.33333333333334,25.0
3e3a72f9-34fa-49f5-a42e-35d86629a3af,Summer 2022/23,95741596-2cb8-4edf-87d4-1f525b50fbed,876392b3-8747-416a-b695-31f9afd2ea3b,U10 Mixed South Division 1,raw_5d2b540d_e544_4253_ad85_0c90d3b865ee,raw_5d2b540d_e544_4253_ad85_0c90d3b865ee,Fredrick Smith,Fredrick Smith,7.0,15.0,1,8,15.0,1,1,2023-01-15T09:00:00.0000000+10:30,46.666666666666664,53.333333333333336
3e3a72f9-34fa-49f5-a42e-35d86629a3af,Summer 2022/23,95741596-2cb8-4edf-87d4-1f525b50fbed,876392b3-8747-416a-b695-31f9afd2ea3b,U10 Mixed South Division 1,raw_6fb38f28_fbd2_4e13_9a45_e944f8ccbb80,raw_6fb38f28_fbd2_4e13_9a45_e944f8ccbb80,Jackson Jefferies,Jackson Jefferies,5.0,13.0,1,11,13.0,1,1,2023-01-15T09:00:00.0000000+10:30,38.46153846153846,84.61538461538461
3e3a72f9-34fa-49f5-a42e-35d86629a3af,Summer 2022/23,95741596-2cb8-4edf-87d4-1f525b50fbed,876392b3-8747-416a-b695-31f9afd2ea3b,U10 Mixed South Division 1,raw_d3edebad_ca5e_4f29_8267_a044033625d3,raw_d3edebad_ca5e_4f29_8267_a044033625d3,Dylan Howie,Dylan Howie,1.0,13.0,1,12,13.0,1,1,2023-01-15T09:00:00.0000000+10:30,7.6923076923076925,92.3076923076923
3e3a72f9-34fa-49f5-a42e-35d86629a3af,Summer 2022/23,95741596-2cb8-4edf-87d4-1f525b50fbed,876392b3-8747-416a-b695-31f9afd2ea3b,U10 Mixed South Division 1,raw_f126a429_b2ca_48f8_b7e3_2be5267cd16a,raw_f126a429_b2ca_48f8_b7e3_2be5267cd16a,Oliver Smith,Oliver Smith,10.0,13.0,1,9,13.0,1,1,2023-01-15T09:00:00.0000000+10:30,76.92307692307692,69.23076923076923
3e3a72f9-34fa-49f5-a42e-35d86629a3af,Summer 2022/23,a26c2dcf-96e6-449b-ad13-91f90a8da6a1,7bdf3a00-e119-4cb9-a843-87e3d7b0a42a,ISC Teamwear LO Division 6,matthew_jeffries,matthew_jeffries,Matthew Jeffries,Matthew Jeffries,10.0,31.0,2,26,31.0,2,2,2023-03-18T12:30:00.0000000+10:30,32.25806451612903,83.87096774193549
3e3a72f9-34fa-49f5-a42e-35d86629a3af,Summer 2022/23,a26c2dcf-96e6-449b-ad13-91f90a8da6a1,7bdf3a00-e119-4cb9-a843-87e3d7b0a42a,ISC Teamwear LO Division 6,raw_0276c452_452a_4da6_9e8d_22e0f3786906,raw_0276c452_452a_4da6_9e8d_22e0f3786906,Michael Thompson,Michael Thompson,19.0,39.0,2,25,39.0,2,2,2023-03-18T12:30:00.0000000+10:30,48.717948717948715,64.1025641025641
3e3a72f9-34fa-49f5-a42e-35d86629a3af,Summer 2022/23,a26c2dcf-96e6-449b-ad13-91f90a8da6a1,7bdf3a00-e119-4cb9-a843-87e3d7b0a42a,ISC Teamwear LO Division 6,raw_02ad16a5_3864_4094_ab9f_34722b540bd7,raw_02ad16a5_3864_4094_ab9f_34722b540bd7,Damien Pimlott,Damien Pimlott,20.0,47.0,1,35,47.0,1,1,2023-03-18T12:30:00.0000000+10:30,42.5531914893617,74.46808510638297
3e3a72f9-34fa-49f5-a42e-35d86629a3af,Summer 2022/23,a26c2dcf-96e6-449b-ad13-91f90a8da6a1,7bdf3a00-e119-4cb9-a843-87e3d7b0a42a,ISC Teamwear LO Division 6,raw_1971de3f_c586_4091_86c3_f9a9efef8b6d,raw_1971de3f_c586_4091_86c3_f9a9efef8b6d,Tyson Roser,Tyson Roser,24.0,46.0,2,33,46.0,2,2,2023-03-18T12:30:00.0000000+10:30,52.17391304347826,71.73913043478261
3e3a72f9-34fa-49f5-a42e-35d86629a3af,Summer 2022/23,a26c2dcf-96e6-449b-ad13-91f90a8da6a1,7bdf3a00-e119-4cb9-a843-87e3d7b0a42a,ISC Teamwear LO Division 6,raw_25a06c2a_bd16_45d5_b4a9_06511381ba94,raw_25a06c2a_bd16_45d5_b4a9_06511381ba94,Bradley Wyatt,Bradley Wyatt,20.0,77.0,2,63,77.0,2,2,2023-03-18T12:30:00.0000000+10:30,25.974025974025974,81.81818181818181
3e3a72f9-34fa-49f5-a42e-35d86629a3af,Summer 2022/23,a26c2dcf-96e6-449b-ad13-91f90a8da6a1,7bdf3a00-e119-4cb9-a843-87e3d7b0a42a,ISC Teamwear LO Division 6,raw_aaa8fa44_0a97_4950_bfcc_0ec0cd75227c,raw_aaa8fa44_0a97_4950_bfcc_0ec0cd75227c,Dylan Hoyle,Dylan Hoyle,76.0,67.0,2,35,67.0,2,2,2023-03-18T12:30:00.0000000+10:30,113.43283582089552,52.23880597014925
3e3a72f9-34fa-49f5-a42e-35d86629a3af,Summer 2022/23,a26c2dcf-96e6-449b-ad13-91f90a8da6a1,7bdf3a00-e119-4cb9-a843-87e3d7b0a42a,ISC Teamwear LO Division 6,tyson_hocking,tyson_hocking,Tyson Hocking,Tyson Hocking,3.0,13.0,2,11,13.0,2,2,2023-03-18T12:30:00.0000000+10:30,23.076923076923077,84.61538461538461
3e3a72f9-34fa-49f5-a42e-35d86629a3af,Summer 2022/23,a8d4e1b8-ee5f-4f3e-9210-5e946cd80c3c,e0663b75-d639-4bbe-867b-f0b693164ac4,U12 Boys South Division 1,archer_fraser,archer_fraser,Archer Fraser,Archer Fraser,10.0,27.0,2,17,27.0,2,2,2023-01-06T17:00:00.0000000+10:30,37.03703703703704,62.96296296296296
3e3a72f9-34fa-49f5-a42e-35d86629a3af,Summer 2022/23,a8d4e1b8-ee5f-4f3e-9210-5e946cd80c3c,e0663b75-d639-4bbe-867b-f0b693164ac4,U12 Boys South Division 1,ayden_cook,ayden_cook,Ayden Cook,Ayden Cook,36.0,75.0,4,48,75.0,4,4,2023-02-19T09:00:00.0000000+10:30,48.0,64.0
3e3a72f9-34fa-49f5-a42e-35d86629a3af,Summer 2022/23,a8d4e1b8-ee5f-4f3e-9210-5e946cd80c3c,e0663b75-d639-4bbe-867b-f0b693164ac4,U12 Boys South Division 1,caleb_eckert,caleb_eckert,Caleb Eckert,Caleb Eckert,5.0,83.0,4,78,83.0,4,4,2023-02-19T09:00:00.0000000+10:30,6.024096385542169,93.97590361445783
3e3a72f9-34fa-49f5-a42e-35d86629a3af,Summer 2022/23,a8d4e1b8-ee5f-4f3e-9210-5e946cd80c3c,e0663b75-d639-4bbe-867b-f0b693164ac4,U12 Boys South Division 1,campbell_loizi,campbell_loizi,Campbell Loizi,Campbell Loizi,13.0,68.0,4,55,68.0,4,4,2023-02-19T09:00:00.0000000+10:30,19.11764705882353,80.88235294117646
3e3a72f9-34fa-49f5-a42e-35d86629a3af,Summer 2022/23,a8d4e1b8-ee5f-4f3e-9210-5e946cd80c3c,e0663b75-d639-4bbe-867b-f0b693164ac4,U12 Boys South Division 1,charlie_hayford,charlie_hayford,Charlie Hayford,Charlie Hayford,20.0,40.0,4,23,40.0,4,4,2023-01-06T17:00:00.0000000+10:30,50.0,57.5
3e3a72f9-34fa-49f5-a42e-35d86629a3af,Summer 2022/23,a8d4e1b8-ee5f-4f3e-9210-5e946cd80c3c,e0663b75-d639-4bbe-867b-f0b693164ac4,U12 Boys South Division 1,jack_briggs,jack_briggs,Jack Briggs,Jack Briggs,16.0,26.0,2,17,26.0,2,2,2023-02-19T09:00:00.0000000+10:30,61.53846153846154,65.38461538461539
3e3a72f9-34fa-49f5-a42e-35d86629a3af,Summer 2022/23,a8d4e1b8-ee5f-4f3e-9210-5e946cd80c3c,e0663b75-d639-4bbe-867b-f0b693164ac4,U12 Boys South Division 1,levi_porker,levi_porker,Levi Porker,Levi Porker,12.0,50.0,3,38,50.0,3,3,2023-02-19T09:00:00.0000000+10:30,24.0,76.0
3e3a72f9-34fa-49f5-a42e-35d86629a3af,Summer 2022/23,a8d4e1b8-ee5f-4f3e-9210-5e946cd80c3c,e0663b75-d639-4bbe-867b-f0b693164ac4,U12 Boys South Division 1,max_tuffin,max_tuffin,Max Tuffin,Max Tuffin,0.0,5.0,1,5,5.0,1,1,2022-10-21T17:00:00.0000000+10:30,0.0,100.0
3e3a72f9-34fa-49f5-a42e-35d86629a3af,Summer 2022/23,a8d4e1b8-ee5f-4f3e-9210-5e946cd80c3c,e0663b75-d639-4bbe-867b-f0b693164ac4,U12 Boys South Division 1,patrick_hayford,patrick_hayford,Patrick Hayford,Patrick Hayford,12.0,49.0,4,38,49.0,4,4,2023-02-19T09:00:00.0000000+10:30,24.489795918367346,77.55102040816327
3e3a72f9-34fa-49f5-a42e-35d86629a3af,Summer 2022/23,a8d4e1b8-ee5f-4f3e-9210-5e946cd80c3c,e0663b75-d639-4bbe-867b-f0b693164ac4,U12 Boys South Division 1,raw_00000000_0000_0000_0000_000000000002,raw_00000000_0000_0000_0000_000000000002,********,********,4.0,25.0,1,21,25.0,1,1,2023-02-19T09:00:00.0000000+10:30,16.0,84.0
3e3a72f9-34fa-49f5-a42e-35d86629a3af,Summer 2022/23,a8d4e1b8-ee5f-4f3e-9210-5e946cd80c3c,e0663b75-d639-4bbe-867b-f0b693164ac4,U12 Boys South Division 1,raw_00000000_0000_0000_0000_000000000003,raw_00000000_0000_0000_0000_000000000003,********,********,1.0,10.0,1,9,10.0,1,1,2023-02-19T09:00:00.0000000+10:30,10.0,90.0
3e3a72f9-34fa-49f5-a42e-35d86629a3af,Summer 2022/23,a8d4e1b8-ee5f-4f3e-9210-5e946cd80c3c,e0663b75-d639-4bbe-867b-f0b693164ac4,U12 Boys South Division 1,raw_054ff076_0199_441e_818b_8005d769412c,raw_054ff076_0199_441e_818b_8005d769412c,Joel Foody,Joel Foody,0.0,2.0,1,2,2.0,1,1,2022-10-21T17:00:00.0000000+10:30,0.0,100.0
3e3a72f9-34fa-49f5-a42e-35d86629a3af,Summer 2022/23,a8d4e1b8-ee5f-4f3e-9210-5e946cd80c3c,e0663b75-d639-4bbe-867b-f0b693164ac4,U12 Boys South Division 1,raw_c47d2005_0b6a_466d_8df6_e0f61b5686ec,raw_c47d2005_0b6a_466d_8df6_e0f61b5686ec,Carter Hodge,Carter Hodge,22.0,41.0,5,27,41.0,5,5,2023-02-19T09:00:00.0000000+10:30,53.65853658536585,65.85365853658537
3e3a72f9-34fa-49f5-a42e-35d86629a3af,Summer 2022/23,a8d4e1b8-ee5f-4f3e-9210-5e946cd80c3c,e0663b75-d639-4bbe-867b-f0b693164ac4,U12 Boys South Division 1,raw_f60ace16_04d7_4de0_8fdd_9f4670f7a333,raw_f60ace16_04d7_4de0_8fdd_9f4670f7a333,Harrison Cook,Harrison Cook,23.0,39.0,3,27,39.0,3,3,2023-01-06T17:00:00.0000000+10:30,58.97435897435897,69.23076923076923
3e3a72f9-34fa-49f5-a42e-35d86629a3af,Summer 2022/23,a8d4e1b8-ee5f-4f3e-9210-5e946cd80c3c,e0663b75-d639-4bbe-867b-f0b693164ac4,U12 Boys South Division 1,ryan_howell,ryan_howell,Ryan Howell,Ryan Howell,37.0,72.0,5,44,72.0,5,5,2023-02-19T09:00:00.0000000+10:30,51.388888888888886,61.111111111111114
3e3a72f9-34fa-49f5-a42e-35d86629a3af,Summer 2022/23,a8d4e1b8-ee5f-4f3e-9210-5e946cd80c3c,e0663b75-d639-4bbe-867b-f0b693164ac4,U12 Boys South Division 1,sid_davis,sid_davis,Sid Davis,Sid Davis,8.0,11.0,1,6,11.0,1,1,2023-01-06T17:00:00.0000000+10:30,72.72727272727273,54.54545454545455
3e3a72f9-34fa-49f5-a42e-35d86629a3af,Summer 2022/23,a8d4e1b8-ee5f-4f3e-9210-5e946cd80c3c,e0663b75-d639-4bbe-867b-f0b693164ac4,U12 Boys South Division 1,tyler_stevens,tyler_stevens,Tyler Stevens,Tyler Stevens,1.0,3.0,1,2,3.0,1,1,2022-11-25T17:00:00.0000000+10:30,33.333333333333336,66.66666666666667
3e3a72f9-34fa-49f5-a42e-35d86629a3af,Summer 2022/23,b72147fe-e328-4a40-945e-705c9c59609e,8d5685ea-e271-4277-a90d-08d1de48022f,U15 Boys Division 1,aidan_richardson,aidan_richardson,Aidan Richardson,Aidan Richardson,21.0,40.0,3,29,40.0,3,3,2022-12-18T12:30:00.0000000+10:30,52.5,72.5
3e3a72f9-34fa-49f5-a42e-35d86629a3af,Summer 2022/23,b72147fe-e328-4a40-945e-705c9c59609e,8d5685ea-e271-4277-a90d-08d1de48022f,U15 Boys Division 1,aidan_secomb,aidan_secomb,Aidan Secomb,Aidan Secomb,139.0,206.0,6,136,206.0,6,5,2023-02-19T13:00:00.0000000+10:30,67.47572815533981,66.01941747572816
3e3a72f9-34fa-49f5-a42e-35d86629a3af,Summer 2022/23,b72147fe-e328-4a40-945e-705c9c59609e,8d5685ea-e271-4277-a90d-08d1de48022f,U15 Boys Division 1,andre_dobie,andre_dobie,Andre Dobie,Andre Dobie,36.0,112.0,6,94,112.0,6,5,2023-02-19T13:00:00.0000000+10:30,32.142857142857146,83.92857142857143
3e3a72f9-34fa-49f5-a42e-35d86629a3af,Summer 2022/23,b72147fe-e328-4a40-945e-705c9c59609e,8d5685ea-e271-4277-a90d-08d1de48022f,U15 Boys Division 1,bailey_hague,bailey_hague,Bailey Hague,Bailey Hague,30.0,149.0,7,130,149.0,7,5,2023-02-19T13:00:00.0000000+10:30,20.13422818791946,87.24832214765101
3e3a72f9-34fa-49f5-a42e-35d86629a3af,Summer 2022/23,b72147fe-e328-4a40-945e-705c9c59609e,8d5685ea-e271-4277-a90d-08d1de48022f,U15 Boys Division 1,cameron_baldock,cameron_baldock,Cameron Baldock,Cameron Baldock,62.0,159.0,5,118,159.0,5,4,2023-02-19T13:00:00.0000000+10:30,38.9937106918239,74.21383647798743
3e3a72f9-34fa-49f5-a42e-35d86629a3af,Summer 2022/23,b72147fe-e328-4a40-945e-705c9c59609e,8d5685ea-e271-4277-a90d-08d1de48022f,U15 Boys Division 1,carter_shaw,carter_shaw,Carter Shaw,Carter Shaw,131.0,296.0,7,221,296.0,7,6,2023-02-19T13:00:00.0000000+10:30,44.25675675675676,74.66216216216216
3e3a72f9-34fa-49f5-a42e-35d86629a3af,Summer 2022/23,b72147fe-e328-4a40-945e-705c9c59609e,8d5685ea-e271-4277-a90d-08d1de48022f,U15 Boys Division 1,cooper_knowles,cooper_knowles,Cooper Knowles,Cooper Knowles,80.0,343.0,8,287,343.0,8,6,2023-02-19T13:00:00.0000000+10:30,23.323615160349853,83.6734693877551
3e3a72f9-34fa-49f5-a42e-35d86629a3af,Summer 2022/23,b72147fe-e328-4a40-945e-705c9c59609e,8d5685ea-e271-4277-a90d-08d1de48022f,U15 Boys Division 1,levi_swan,levi_swan,Levi Swan,Levi Swan,74.0,81.0,6,55,81.0,6,5,2023-02-19T13:00:00.0000000+10:30,91.35802469135803,67.90123456790124
3e3a72f9-34fa-49f5-a42e-35d86629a3af,Summer 2022/23,b72147fe-e328-4a40-945e-705c9c59609e,8d5685ea-e271-4277-a90d-08d1de48022f,U15 Boys Division 1,liam_harvey,liam_harvey,Liam Harvey,Liam Harvey,0.0,5.0,1,5,5.0,1,1,2022-11-27T13:00:00.0000000+10:30,0.0,100.0
3e3a72f9-34fa-49f5-a42e-35d86629a3af,Summer 2022/23,b72147fe-e328-4a40-945e-705c9c59609e,8d5685ea-e271-4277-a90d-08d1de48022f,U15 Boys Division 1,lucas_sutton,lucas_sutton,Lucas Sutton,Lucas Sutton,25.0,56.0,5,40,56.0,5,4,2023-02-19T13:00:00.0000000+10:30,44.642857142857146,71.42857142857143
3e3a72f9-34fa-49f5-a42e-35d86629a3af,Summer 2022/23,b72147fe-e328-4a40-945e-705c9c59609e,8d5685ea-e271-4277-a90d-08d1de48022f,U15 Boys Division 1,luke_broadwood,luke_broadwood,Luke Broadwood,Luke Broadwood,7.0,15.0,3,11,15.0,3,3,2023-02-19T13:00:00.0000000+10:30,46.666666666666664,73.33333333333333
3e3a72f9-34fa-49f5-a42e-35d86629a3af,Summer 2022/23,b72147fe-e328-4a40-945e-705c9c59609e,8d5685ea-e271-4277-a90d-08d1de48022f,U15 Boys Division 1,milan_roka,milan_roka,Milan Roka,Milan Roka,41.0,111.0,4,86,111.0,4,3,2023-02-19T13:00:00.0000000+10:30,36.93693693693694,77.47747747747748
3e3a72f9-34fa-49f5-a42e-35d86629a3af,Summer 2022/23,b72147fe-e328-4a40-945e-705c9c59609e,8d5685ea-e271-4277-a90d-08d1de48022f,U15 Boys Division 1,noah_bowman,noah_bowman,Noah Bowman,Noah Bowman,1.0,12.0,1,11,12.0,1,1,2023-01-08T13:00:00.0000000+10:30,8.333333333333334,91.66666666666667
3e3a72f9-34fa-49f5-a42e-35d86629a3af,Summer 2022/23,b72147fe-e328-4a40-945e-705c9c59609e,8d5685ea-e271-4277-a90d-08d1de48022f,U15 Boys Division 1,raw_2b0ee639_a30f_45d1_9cfd_edc94c8a4d57,raw_2b0ee639_a30f_45d1_9cfd_edc94c8a4d57,Ethan Sheppard,Ethan Sheppard,6.0,20.0,1,16,20.0,1,1,2022-10-16T13:00:00.0000000+10:30,30.0,80.0
3e3a72f9-34fa-49f5-a42e-35d86629a3af,Summer 2022/23,b72147fe-e328-4a40-945e-705c9c59609e,8d5685ea-e271-4277-a90d-08d1de48022f,U15 Boys Division 1,raw_bf0368d4_e355_4aaf_928e_70dbac09a492,raw_bf0368d4_e355_4aaf_928e_70dbac09a492,Benjamin Kennedy,Benjamin Kennedy,62.0,251.0,8,211,251.0,8,6,2023-02-19T13:00:00.0000000+10:30,24.701195219123505,84.06374501992032
3e3a72f9-34fa-49f5-a42e-35d86629a3af,Summer 2022/23,c8289ecf-3231-4f8a-a537-0bec1c6c5638,25d43fe1-71c1-4ee0-a186-329b6b155d0e,O'Neills Sports T20 Division 2,raw_02ad16a5_3864_4094_ab9f_34722b540bd7,raw_02ad16a5_3864_4094_ab9f_34722b540bd7,Damien Pimlott,Damien Pimlott,4.0,4.0,1,1,4.0,1,1,2023-01-17T17:10:00.0000000+10:30,100.0,25.0
3e3a72f9-34fa-49f5-a42e-35d86629a3af,Summer 2022/23,c8289ecf-3231-4f8a-a537-0bec1c6c5638,25d43fe1-71c1-4ee0-a186-329b6b155d0e,O'Neills Sports T20 Division 2,raw_0ac11e9b_8c39_46a5_a223_87e276de8d4f,raw_0ac11e9b_8c39_46a5_a223_87e276de8d4f,Hayden Sutton,Hayden Sutton,1.0,3.0,1,2,3.0,1,1,2023-01-17T17:10:00.0000000+10:30,33.333333333333336,66.66666666666667
3e3a72f9-34fa-49f5-a42e-35d86629a3af,Summer 2022/23,c8289ecf-3231-4f8a-a537-0bec1c6c5638,25d43fe1-71c1-4ee0-a186-329b6b155d0e,O'Neills Sports T20 Division 2,raw_3423b111_7f0f_495c_8242_116cd53f5672,raw_3423b111_7f0f_495c_8242_116cd53f5672,Luke Hardy,Luke Hardy,1.0,1.0,1,0,1.0,1,1,2023-01-17T17:10:00.0000000+10:30,100.0,0.0
3e3a72f9-34fa-49f5-a42e-35d86629a3af,Summer 2022/23,c8289ecf-3231-4f8a-a537-0bec1c6c5638,25d43fe1-71c1-4ee0-a186-329b6b155d0e,O'Neills Sports T20 Division 2,raw_a6e17218_f7bb_4349_b7ea_300c803920b7,raw_a6e17218_f7bb_4349_b7ea_300c803920b7,Austin Robertson,Austin Robertson,23.0,28.0,1,15,28.0,1,1,2023-01-17T17:10:00.0000000+10:30,82.14285714285714,53.57142857142857
3e3a72f9-34fa-49f5-a42e-35d86629a3af,Summer 2022/23,c8289ecf-3231-4f8a-a537-0bec1c6c5638,25d43fe1-71c1-4ee0-a186-329b6b155d0e,O'Neills Sports T20 Division 2,raw_b2cedc68_089b_4c05_9a04_67d9dda8acfe,raw_b2cedc68_089b_4c05_9a04_67d9dda8acfe,Benjamin James,Benjamin James,9.0,21.0,1,16,21.0,1,1,2023-01-17T17:10:00.0000000+10:30,42.857142857142854,76.19047619047619
3e3a72f9-34fa-49f5-a42e-35d86629a3af,Summer 2022/23,c8289ecf-3231-4f8a-a537-0bec1c6c5638,25d43fe1-71c1-4ee0-a186-329b6b155d0e,O'Neills Sports T20 Division 2,raw_eea0ea77_dee1_4437_b2aa_4460513cb53f,raw_eea0ea77_dee1_4437_b2aa_4460513cb53f,Joshua Niederer,Joshua Niederer,45.0,47.0,1,22,47.0,1,1,2023-01-17T17:10:00.0000000+10:30,95.74468085106383,46.808510638297875
3e3a72f9-34fa-49f5-a42e-35d86629a3af,Summer 2022/23,c8289ecf-3231-4f8a-a537-0bec1c6c5638,25d43fe1-71c1-4ee0-a186-329b6b155d0e,O'Neills Sports T20 Division 2,raw_f6afa2af_6f03_48ea_af61_21f0e22b453b,raw_f6afa2af_6f03_48ea_af61_21f0e22b453b,Paul Radbourne,Paul Radbourne,7.0,6.0,1,2,6.0,1,1,2023-01-17T17:10:00.0000000+10:30,116.66666666666667,33.333333333333336
3e3a72f9-34fa-49f5-a42e-35d86629a3af,Summer 2022/23,c8289ecf-3231-4f8a-a537-0bec1c6c5638,25d43fe1-71c1-4ee0-a186-329b6b155d0e,O'Neills Sports T20 Division 2,raw_f89db413_fbae_44bf_b75b_10896b2ef2c4,raw_f89db413_fbae_44bf_b75b_10896b2ef2c4,Jase Brodyk,Jase Brodyk,7.0,10.0,1,4,10.0,1,1,2023-01-17T17:10:00.0000000+10:30,70.0,40.0
3e3a72f9-34fa-49f5-a42e-35d86629a3af,Summer 2022/23,e1c36ef9-bd9c-4cd2-bd64-37fa90026ad3,b0e70b89-7643-4a1a-b929-ecd4cc4b8fcc,O'Neills Sports T20 Division 3,jason_jennings,jason_jennings,Jason Jennings,Jason Jennings,12.0,13.0,1,8,13.0,1,1,2022-12-20T17:10:00.0000000+10:30,92.3076923076923,61.53846153846154
3e3a72f9-34fa-49f5-a42e-35d86629a3af,Summer 2022/23,e1c36ef9-bd9c-4cd2-bd64-37fa90026ad3,b0e70b89-7643-4a1a-b929-ecd4cc4b8fcc,O'Neills Sports T20 Division 3,matthew_jeffries,matthew_jeffries,Matthew Jeffries,Matthew Jeffries,0.0,1.0,1,1,1.0,1,1,2022-12-20T17:10:00.0000000+10:30,0.0,100.0
3e3a72f9-34fa-49f5-a42e-35d86629a3af,Summer 2022/23,e1c36ef9-bd9c-4cd2-bd64-37fa90026ad3,b0e70b89-7643-4a1a-b929-ecd4cc4b8fcc,O'Neills Sports T20 Division 3,michael_fakes,michael_fakes,Michael Fakes,Michael Fakes,1.0,1.0,1,0,1.0,1,1,2022-12-20T17:10:00.0000000+10:30,100.0,0.0
3e3a72f9-34fa-49f5-a42e-35d86629a3af,Summer 2022/23,e1c36ef9-bd9c-4cd2-bd64-37fa90026ad3,b0e70b89-7643-4a1a-b929-ecd4cc4b8fcc,O'Neills Sports T20 Division 3,raw_0276c452_452a_4da6_9e8d_22e0f3786906,raw_0276c452_452a_4da6_9e8d_22e0f3786906,Michael Thompson,Michael Thompson,0.0,1.0,1,1,1.0,1,1,2022-12-20T17:10:00.0000000+10:30,0.0,100.0
3e3a72f9-34fa-49f5-a42e-35d86629a3af,Summer 2022/23,e1c36ef9-bd9c-4cd2-bd64-37fa90026ad3,b0e70b89-7643-4a1a-b929-ecd4cc4b8fcc,O'Neills Sports T20 Division 3,raw_25a06c2a_bd16_45d5_b4a9_06511381ba94,raw_25a06c2a_bd16_45d5_b4a9_06511381ba94,Bradley Wyatt,Bradley Wyatt,0.0,1.0,1,1,1.0,1,1,2022-12-20T17:10:00.0000000+10:30,0.0,100.0
3e3a72f9-34fa-49f5-a42e-35d86629a3af,Summer 2022/23,e1c36ef9-bd9c-4cd2-bd64-37fa90026ad3,b0e70b89-7643-4a1a-b929-ecd4cc4b8fcc,O'Neills Sports T20 Division 3,raw_5c4b13ef_34ea_4c42_a114_47e2fdd19973,raw_5c4b13ef_34ea_4c42_a114_47e2fdd19973,Paul Richardson,Paul Richardson,19.0,15.0,1,5,15.0,1,1,2022-12-20T17:10:00.0000000+10:30,126.66666666666667,33.333333333333336
3e3a72f9-34fa-49f5-a42e-35d86629a3af,Summer 2022/23,e1c36ef9-bd9c-4cd2-bd64-37fa90026ad3,b0e70b89-7643-4a1a-b929-ecd4cc4b8fcc,O'Neills Sports T20 Division 3,raw_aaa8fa44_0a97_4950_bfcc_0ec0cd75227c,raw_aaa8fa44_0a97_4950_bfcc_0ec0cd75227c,Dylan Hoyle,Dylan Hoyle,13.0,17.0,1,11,17.0,1,1,2022-12-20T17:10:00.0000000+10:30,76.47058823529412,64.70588235294117
3e3a72f9-34fa-49f5-a42e-35d86629a3af,Summer 2022/23,e1c36ef9-bd9c-4cd2-bd64-37fa90026ad3,b0e70b89-7643-4a1a-b929-ecd4cc4b8fcc,O'Neills Sports T20 Division 3,raw_ca43b431_cffc_4c51_bd6e_6e11e22e8c20,raw_ca43b431_cffc_4c51_bd6e_6e11e22e8c20,Brett Julian,Brett Julian,25.0,23.0,1,13,23.0,1,1,2022-12-20T17:10:00.0000000+10:30,108.69565217391305,56.52173913043478
3e3a72f9-34fa-49f5-a42e-35d86629a3af,Summer 2022/23,e1c36ef9-bd9c-4cd2-bd64-37fa90026ad3,b0e70b89-7643-4a1a-b929-ecd4cc4b8fcc,O'Neills Sports T20 Division 3,raw_f89db413_fbae_44bf_b75b_10896b2ef2c4,raw_f89db413_fbae_44bf_b75b_10896b2ef2c4,Jase Brodyk,Jase Brodyk,6.0,7.0,1,1,7.0,1,1,2022-12-20T17:10:00.0000000+10:30,85.71428571428571,14.285714285714286
3e3a72f9-34fa-49f5-a42e-35d86629a3af,Summer 2022/23,e1c36ef9-bd9c-4cd2-bd64-37fa90026ad3,b0e70b89-7643-4a1a-b929-ecd4cc4b8fcc,O'Neills Sports T20 Division 3,simon_loizi,simon_loizi,Simon Loizi,Simon Loizi,16.0,17.0,1,7,17.0,1,1,2022-12-20T17:10:00.0000000+10:30,94.11764705882354,41.1764705882353
3e3a72f9-34fa-49f5-a42e-35d86629a3af,Summer 2022/23,ff2b6426-f54a-4d86-9e16-844bda1ddc1c,a83f7331-65b9-4de5-978f-40ced7670aa3,A2 Sportcentre Grade,jake_shaw,jake_shaw,Jake Shaw,Jake Shaw,32.0,47.0,4,33,47.0,4,3,2023-03-04T13:00:00.0000000+10:30,68.08510638297872,70.2127659574468
3e3a72f9-34fa-49f5-a42e-35d86629a3af,Summer 2022/23,ff2b6426-f54a-4d86-9e16-844bda1ddc1c,a83f7331-65b9-4de5-978f-40ced7670aa3,A2 Sportcentre Grade,james_holmes,james_holmes,James Holmes,James Holmes,25.0,43.0,2,33,43.0,2,2,2022-11-26T13:00:00.0000000+10:30,58.13953488372093,76.74418604651163
3e3a72f9-34fa-49f5-a42e-35d86629a3af,Summer 2022/23,ff2b6426-f54a-4d86-9e16-844bda1ddc1c,a83f7331-65b9-4de5-978f-40ced7670aa3,A2 Sportcentre Grade,joshua_spall,joshua_spall,Joshua Spall,Joshua Spall,20.0,24.0,1,15,24.0,1,1,2023-03-04T13:00:00.0000000+10:30,83.33333333333333,62.5
3e3a72f9-34fa-49f5-a42e-35d86629a3af,Summer 2022/23,ff2b6426-f54a-4d86-9e16-844bda1ddc1c,a83f7331-65b9-4de5-978f-40ced7670aa3,A2 Sportcentre Grade,leigh_kuerschner,leigh_kuerschner,Leigh Kuerschner,Leigh Kuerschner,3.0,11.0,1,9,11.0,1,1,2022-10-15T13:00:00.0000000+10:30,27.272727272727273,81.81818181818181
3e3a72f9-34fa-49f5-a42e-35d86629a3af,Summer 2022/23,ff2b6426-f54a-4d86-9e16-844bda1ddc1c,a83f7331-65b9-4de5-978f-40ced7670aa3,A2 Sportcentre Grade,raw_1540437c_7d5f_4916_bebb_13a43096322c,raw_1540437c_7d5f_4916_bebb_13a43096322c,Sam Tugwell,Sam Tugwell,2.0,6.0,1,4,6.0,1,1,2022-11-26T13:00:00.0000000+10:30,33.333333333333336,66.66666666666667
3e3a72f9-34fa-49f5-a42e-35d86629a3af,Summer 2022/23,ff2b6426-f54a-4d86-9e16-844bda1ddc1c,a83f7331-65b9-4de5-978f-40ced7670aa3,A2 Sportcentre Grade,raw_1a69b5d8_da3a_4162_b50b_61a08660d572,raw_1a69b5d8_da3a_4162_b50b_61a08660d572,Cameron Pannach,Cameron Pannach,25.0,44.0,2,35,44.0,2,1,2023-03-04T13:00:00.0000000+10:30,56.81818181818182,79.54545454545455
3e3a72f9-34fa-49f5-a42e-35d86629a3af,Summer 2022/23,ff2b6426-f54a-4d86-9e16-844bda1ddc1c,a83f7331-65b9-4de5-978f-40ced7670aa3,A2 Sportcentre Grade,raw_205e8fd2_2a71_4bb7_af36_80deca0a9b8a,raw_205e8fd2_2a71_4bb7_af36_80deca0a9b8a,Matt Hehner,Matt Hehner,44.0,64.0,3,45,64.0,3,2,2023-03-04T13:00:00.0000000+10:30,68.75,70.3125
3e3a72f9-34fa-49f5-a42e-35d86629a3af,Summer 2022/23,ff2b6426-f54a-4d86-9e16-844bda1ddc1c,a83f7331-65b9-4de5-978f-40ced7670aa3,A2 Sportcentre Grade,raw_3a789cea_76b1_4886_9355_e458ba052d05,raw_3a789cea_76b1_4886_9355_e458ba052d05,Richard Gabb,Richard Gabb,1.0,4.0,1,3,4.0,1,1,2022-10-15T13:00:00.0000000+10:30,25.0,75.0
3e3a72f9-34fa-49f5-a42e-35d86629a3af,Summer 2022/23,ff2b6426-f54a-4d86-9e16-844bda1ddc1c,a83f7331-65b9-4de5-978f-40ced7670aa3,A2 Sportcentre Grade,raw_558a9ac4_8aab_46cb_81fc_8a717e603c1b,raw_558a9ac4_8aab_46cb_81fc_8a717e603c1b,Aiden Shaw,Aiden Shaw,19.0,83.0,2,69,83.0,2,2,2023-03-04T13:00:00.0000000+10:30,22.89156626506024,83.13253012048193
3e3a72f9-34fa-49f5-a42e-35d86629a3af,Summer 2022/23,ff2b6426-f54a-4d86-9e16-844bda1ddc1c,a83f7331-65b9-4de5-978f-40ced7670aa3,A2 Sportcentre Grade,raw_8084e498_d143_412a_9483_c81c20c06c54,raw_8084e498_d143_412a_9483_c81c20c06c54,Mark Nankervis,Mark Nankervis,3.0,11.0,1,9,11.0,1,1,2022-10-15T13:00:00.0000000+10:30,27.272727272727273,81.81818181818181
3e3a72f9-34fa-49f5-a42e-35d86629a3af,Summer 2022/23,ff2b6426-f54a-4d86-9e16-844bda1ddc1c,a83f7331-65b9-4de5-978f-40ced7670aa3,A2 Sportcentre Grade,raw_83c03530_5522_4ee8_aae6_408666e96e51,raw_83c03530_5522_4ee8_aae6_408666e96e51,Todd Middleton,Todd Middleton,26.0,67.0,3,50,67.0,3,2,2023-03-04T13:00:00.0000000+10:30,38.80597014925373,74.6268656716418
3e3a72f9-34fa-49f5-a42e-35d86629a3af,Summer 2022/23,ff2b6426-f54a-4d86-9e16-844bda1ddc1c,a83f7331-65b9-4de5-978f-40ced7670aa3,A2 Sportcentre Grade,raw_87852833_31a3_4338_8fc3_77295208cbae,raw_87852833_31a3_4338_8fc3_77295208cbae,Joe Norbury,Joe Norbury,74.0,166.0,4,99,166.0,4,3,2023-03-04T13:00:00.0000000+10:30,44.57831325301205,59.63855421686747
3e3a72f9-34fa-49f5-a42e-35d86629a3af,Summer 2022/23,ff2b6426-f54a-4d86-9e16-844bda1ddc1c,a83f7331-65b9-4de5-978f-40ced7670aa3,A2 Sportcentre Grade,raw_b270c0b2_5125_4134_a734_62315b457a23,raw_b270c0b2_5125_4134_a734_62315b457a23,Joshua Golding,Joshua Golding,105.0,171.0,4,84,171.0,4,3,2023-03-04T13:00:00.0000000+10:30,61.40350877192982,49.12280701754386
3e3a72f9-34fa-49f5-a42e-35d86629a3af,Summer 2022/23,ff2b6426-f54a-4d86-9e16-844bda1ddc1c,a83f7331-65b9-4de5-978f-40ced7670aa3,A2 Sportcentre Grade,raw_e74ebdf7_88d0_4e68_8a4c_aa20756136b0,raw_e74ebdf7_88d0_4e68_8a4c_aa20756136b0,Shaun Newell,Shaun Newell,76.0,124.0,4,90,124.0,4,3,2023-03-04T13:00:00.0000000+10:30,61.29032258064516,72.58064516129032
3e3a72f9-34fa-49f5-a42e-35d86629a3af,Summer 2022/23,ff2b6426-f54a-4d86-9e16-844bda1ddc1c,a83f7331-65b9-4de5-978f-40ced7670aa3,A2 Sportcentre Grade,raw_ed1c49de_6316_47fb_a63a_81073b111740,raw_ed1c49de_6316_47fb_a63a_81073b111740,Jordan Wright,Jordan Wright,18.0,29.0,2,21,29.0,2,2,2023-03-04T13:00:00.0000000+10:30,62.06896551724138,72.41379310344827
3e3a72f9-34fa-49f5-a42e-35d86629a3af,Summer 2022/23,ff2b6426-f54a-4d86-9e16-844bda1ddc1c,a83f7331-65b9-4de5-978f-40ced7670aa3,A2 Sportcentre Grade,raw_eea0ea77_dee1_4437_b2aa_4460513cb53f,raw_eea0ea77_dee1_4437_b2aa_4460513cb53f,Joshua Niederer,Joshua Niederer,22.0,89.0,4,74,89.0,4,3,2023-03-04T13:00:00.0000000+10:30,24.719101123595507,83.14606741573034
3e3a72f9-34fa-49f5-a42e-35d86629a3af,Summer 2022/23,ff2b6426-f54a-4d86-9e16-844bda1ddc1c,a83f7331-65b9-4de5-978f-40ced7670aa3,A2 Sportcentre Grade,raw_f4404c43_09f8_408c_a0c1_edd82a589504,raw_f4404c43_09f8_408c_a0c1_edd82a589504,Nathan Turner,Nathan Turner,32.0,115.0,1,98,115.0,1,1,2022-11-26T13:00:00.0000000+10:30,27.82608695652174,85.21739130434783
7ec61036-ef0f-434b-9cfb-d287d9f6ec26,Summer 2016/17,2bb20c27-bbd8-4e0a-8368-7617a6dea52b,98ad1e1e-9c0e-4f2a-8020-fc033ee4da8b,Under 12 South Division 1,raw_220f91c7_eac1_452a_a170_7f623bc3a7ed,raw_220f91c7_eac1_452a_a170_7f623bc3a7ed,Gregor Cooper,Gregor Cooper,0.0,1.0,1,1,1.0,1,1,2017-02-12T09:00:00.0000000+00:00,0.0,100.0
7ec61036-ef0f-434b-9cfb-d287d9f6ec26,Summer 2016/17,2bb20c27-bbd8-4e0a-8368-7617a6dea52b,98ad1e1e-9c0e-4f2a-8020-fc033ee4da8b,Under 12 South Division 1,raw_94636140_8e5c_4dbb_9749_bd9e81f301e0,raw_94636140_8e5c_4dbb_9749_bd9e81f301e0,Rhylee Bhatia-King,Rhylee Bhatia-King,19.0,12.0,1,5,12.0,1,1,2017-02-12T09:00:00.0000000+00:00,158.33333333333334,41.666666666666664
7ec61036-ef0f-434b-9cfb-d287d9f6ec26,Summer 2016/17,53b4a2a4-cd06-4365-83d2-99d75b67fcd3,0e22d9c8-9926-46d8-90ff-b5fffa19e53e,Under 14 South Division 1,josh_burrows,josh_burrows,Josh Burrows,Josh Burrows,0.0,3.0,1,3,3.0,1,1,2017-01-22T09:00:00.0000000+00:00,0.0,100.0
7ec61036-ef0f-434b-9cfb-d287d9f6ec26,Summer 2016/17,53b4a2a4-cd06-4365-83d2-99d75b67fcd3,0e22d9c8-9926-46d8-90ff-b5fffa19e53e,Under 14 South Division 1,raw_0cf2cd71_d9af_46aa_bfe4_5cf1f71d9a4f,raw_0cf2cd71_d9af_46aa_bfe4_5cf1f71d9a4f,Chase Humphrey,Chase Humphrey,3.0,38.0,1,35,38.0,1,1,2017-01-22T09:00:00.0000000+00:00,7.894736842105263,92.10526315789474
7ec61036-ef0f-434b-9cfb-d287d9f6ec26,Summer 2016/17,53b4a2a4-cd06-4365-83d2-99d75b67fcd3,0e22d9c8-9926-46d8-90ff-b5fffa19e53e,Under 14 South Division 1,raw_370fc0be_ad68_4924_9070_24fc8f1ee336,raw_370fc0be_ad68_4924_9070_24fc8f1ee336,Jack Ball,Jack Ball,0.0,6.0,1,6,6.0,1,1,2017-01-22T09:00:00.0000000+00:00,0.0,100.0
7ec61036-ef0f-434b-9cfb-d287d9f6ec26,Summer 2016/17,53b4a2a4-cd06-4365-83d2-99d75b67fcd3,0e22d9c8-9926-46d8-90ff-b5fffa19e53e,Under 14 South Division 1,raw_3fd2657e_7361_4b54_9958_8eb99ce38d6a,raw_3fd2657e_7361_4b54_9958_8eb99ce38d6a,Harrison Hoad,Harrison Hoad,0.0,4.0,1,4,4.0,1,1,2017-01-22T09:00:00.0000000+00:00,0.0,100.0
7ec61036-ef0f-434b-9cfb-d287d9f6ec26,Summer 2016/17,53b4a2a4-cd06-4365-83d2-99d75b67fcd3,0e22d9c8-9926-46d8-90ff-b5fffa19e53e,Under 14 South Division 1,raw_488dc6f7_fc5d_4e76_af8c_823d5c880e20,raw_488dc6f7_fc5d_4e76_af8c_823d5c880e20,Binath Jayaweera,Binath Jayaweera,0.0,5.0,1,5,5.0,1,1,2017-01-22T09:00:00.0000000+00:00,0.0,100.0
7ec61036-ef0f-434b-9cfb-d287d9f6ec26,Summer 2016/17,53b4a2a4-cd06-4365-83d2-99d75b67fcd3,0e22d9c8-9926-46d8-90ff-b5fffa19e53e,Under 14 South Division 1,raw_49a507d2_c789_443e_b196_43935a8fc850,raw_49a507d2_c789_443e_b196_43935a8fc850,Tyler Dodd,Tyler Dodd,11.0,40.0,1,33,40.0,1,1,2017-01-22T09:00:00.0000000+00:00,27.5,82.5
7ec61036-ef0f-434b-9cfb-d287d9f6ec26,Summer 2016/17,53b4a2a4-cd06-4365-83d2-99d75b67fcd3,0e22d9c8-9926-46d8-90ff-b5fffa19e53e,Under 14 South Division 1,raw_5881dfa3_a530_43bd_a3f2_ec58037e193a,raw_5881dfa3_a530_43bd_a3f2_ec58037e193a,Benjamin Brown,Benjamin Brown,1.0,5.0,1,4,5.0,1,1,2017-01-22T09:00:00.0000000+00:00,20.0,80.0
7ec61036-ef0f-434b-9cfb-d287d9f6ec26,Summer 2016/17,53b4a2a4-cd06-4365-83d2-99d75b67fcd3,0e22d9c8-9926-46d8-90ff-b5fffa19e53e,Under 14 South Division 1,raw_a37f54eb_fa87_44e9_b9ef_89cc5b7624d5,raw_a37f54eb_fa87_44e9_b9ef_89cc5b7624d5,Jacob Comley,Jacob Comley,0.0,1.0,1,1,1.0,1,1,2017-01-22T09:00:00.0000000+00:00,0.0,100.0
7ec61036-ef0f-434b-9cfb-d287d9f6ec26,Summer 2016/17,53b4a2a4-cd06-4365-83d2-99d75b67fcd3,0e22d9c8-9926-46d8-90ff-b5fffa19e53e,Under 14 South Division 1,raw_bdae8688_776c_4413_bfca_9baa5aabf38a,raw_bdae8688_776c_4413_bfca_9baa5aabf38a,Aiden Shaw,Aiden Shaw,21.0,67.0,1,52,67.0,1,1,2017-01-22T09:00:00.0000000+00:00,31.34328358208955,77.61194029850746
7ec61036-ef0f-434b-9cfb-d287d9f6ec26,Summer 2016/17,53b4a2a4-cd06-4365-83d2-99d75b67fcd3,0e22d9c8-9926-46d8-90ff-b5fffa19e53e,Under 14 South Division 1,raw_c66035bb_c57a_47d0_b203_40a47e37926a,raw_c66035bb_c57a_47d0_b203_40a47e37926a,Cooper O'Shea,Cooper O'Shea,0.0,5.0,1,5,5.0,1,1,2017-01-22T09:00:00.0000000+00:00,0.0,100.0
7ec61036-ef0f-434b-9cfb-d287d9f6ec26,Summer 2016/17,53b4a2a4-cd06-4365-83d2-99d75b67fcd3,0e22d9c8-9926-46d8-90ff-b5fffa19e53e,Under 14 South Division 1,raw_cade3106_584e_4f8b_94cb_a7c3fa7ddf3e,raw_cade3106_584e_4f8b_94cb_a7c3fa7ddf3e,Brock Humphrey,Brock Humphrey,18.0,50.0,1,38,50.0,1,1,2017-01-22T09:00:00.0000000+00:00,36.0,76.0
95aa262f-30aa-4e11-8296-3a374a9fa3aa,Summer 2019/20,042476e5-dfbc-433e-afc5-6dcb80976c0e,2dde5a9e-70e2-42df-9ed6-b87c087f8caa,O'Neills Sports Division 1 Group 3,benjamin_bullimore,benjamin_bullimore,Benjamin Bullimore,Benjamin Bullimore,0.0,2.0,1,2,2.0,1,1,2020-01-08T03:40:00.0000000+10:30,0.0,100.0
95aa262f-30aa-4e11-8296-3a374a9fa3aa,Summer 2019/20,042476e5-dfbc-433e-afc5-6dcb80976c0e,2dde5a9e-70e2-42df-9ed6-b87c087f8caa,O'Neills Sports Division 1 Group 3,raw_0ee061a9_b7b8_4379_ab58_185e759869d2,raw_0ee061a9_b7b8_4379_ab58_185e759869d2,Richard Gabb,Richard Gabb,19.0,21.0,1,13,21.0,1,1,2020-01-08T03:40:00.0000000+10:30,90.47619047619048,61.904761904761905
95aa262f-30aa-4e11-8296-3a374a9fa3aa,Summer 2019/20,042476e5-dfbc-433e-afc5-6dcb80976c0e,2dde5a9e-70e2-42df-9ed6-b87c087f8caa,O'Neills Sports Division 1 Group 3,raw_205e8fd2_2a71_4bb7_af36_80deca0a9b8a,raw_205e8fd2_2a71_4bb7_af36_80deca0a9b8a,Matt Hehner,Matt Hehner,2.0,5.0,1,3,5.0,1,1,2020-01-08T03:40:00.0000000+10:30,40.0,60.0
95aa262f-30aa-4e11-8296-3a374a9fa3aa,Summer 2019/20,042476e5-dfbc-433e-afc5-6dcb80976c0e,2dde5a9e-70e2-42df-9ed6-b87c087f8caa,O'Neills Sports Division 1 Group 3,raw_83c03530_5522_4ee8_aae6_408666e96e51,raw_83c03530_5522_4ee8_aae6_408666e96e51,Todd Middleton,Todd Middleton,35.0,36.0,1,19,36.0,1,1,2020-01-08T03:40:00.0000000+10:30,97.22222222222223,52.77777777777778
95aa262f-30aa-4e11-8296-3a374a9fa3aa,Summer 2019/20,042476e5-dfbc-433e-afc5-6dcb80976c0e,2dde5a9e-70e2-42df-9ed6-b87c087f8caa,O'Neills Sports Division 1 Group 3,raw_b270c0b2_5125_4134_a734_62315b457a23,raw_b270c0b2_5125_4134_a734_62315b457a23,Joshua Golding,Joshua Golding,1.0,9.0,1,8,9.0,1,1,2020-01-08T03:40:00.0000000+10:30,11.11111111111111,88.88888888888889
95aa262f-30aa-4e11-8296-3a374a9fa3aa,Summer 2019/20,042476e5-dfbc-433e-afc5-6dcb80976c0e,2dde5a9e-70e2-42df-9ed6-b87c087f8caa,O'Neills Sports Division 1 Group 3,raw_c43e1f5c_83e7_432e_9c4f_fbdb0c21b01e,raw_c43e1f5c_83e7_432e_9c4f_fbdb0c21b01e,Shaun Newell,Shaun Newell,4.0,9.0,1,5,9.0,1,1,2020-01-08T03:40:00.0000000+10:30,44.44444444444444,55.55555555555556
95aa262f-30aa-4e11-8296-3a374a9fa3aa,Summer 2019/20,042476e5-dfbc-433e-afc5-6dcb80976c0e,2dde5a9e-70e2-42df-9ed6-b87c087f8caa,O'Neills Sports Division 1 Group 3,raw_f16b7f44_3263_4037_8710_a66fcc14a59c,raw_f16b7f44_3263_4037_8710_a66fcc14a59c,Danny Irvine,Danny Irvine,49.0,30.0,1,10,30.0,1,1,2020-01-08T03:40:00.0000000+10:30,163.33333333333334,33.333333333333336
95aa262f-30aa-4e11-8296-3a374a9fa3aa,Summer 2019/20,042476e5-dfbc-433e-afc5-6dcb80976c0e,2dde5a9e-70e2-42df-9ed6-b87c087f8caa,O'Neills Sports Division 1 Group 3,raw_f4404c43_09f8_408c_a0c1_edd82a589504,raw_f4404c43_09f8_408c_a0c1_edd82a589504,Nathan Turner,Nathan Turner,5.0,1.0,1,0,1.0,1,1,2020-01-08T03:40:00.0000000+10:30,500.0,0.0
95aa262f-30aa-4e11-8296-3a374a9fa3aa,Summer 2019/20,422855ac-667a-4680-8fd0-c86494a94b44,7dc1a034-d178-46f0-b068-887828c27de3,Under 15 Division 2,michael_fakes,michael_fakes,Michael Fakes,Michael Fakes,0.0,9.0,1,9,9.0,1,1,2020-03-01T23:00:00.0000000+10:30,0.0,100.0
95aa262f-30aa-4e11-8296-3a374a9fa3aa,Summer 2019/20,422855ac-667a-4680-8fd0-c86494a94b44,7dc1a034-d178-46f0-b068-887828c27de3,Under 15 Division 2,nathan_wyatt,nathan_wyatt,Nathan Wyatt,Nathan Wyatt,1.0,6.0,1,5,6.0,1,1,2020-03-01T23:00:00.0000000+10:30,16.666666666666668,83.33333333333333
95aa262f-30aa-4e11-8296-3a374a9fa3aa,Summer 2019/20,422855ac-667a-4680-8fd0-c86494a94b44,7dc1a034-d178-46f0-b068-887828c27de3,Under 15 Division 2,noah_bevan,noah_bevan,Noah Bevan,Noah Bevan,9.0,26.0,1,21,26.0,1,1,2020-03-01T23:00:00.0000000+10:30,34.61538461538461,80.76923076923077
95aa262f-30aa-4e11-8296-3a374a9fa3aa,Summer 2019/20,422855ac-667a-4680-8fd0-c86494a94b44,7dc1a034-d178-46f0-b068-887828c27de3,Under 15 Division 2,raw_2778262a_0161_459d_addd_9c056886d2ae,raw_2778262a_0161_459d_addd_9c056886d2ae,Colin Rowston,Colin Rowston,0.0,3.0,1,3,3.0,1,1,2020-03-01T23:00:00.0000000+10:30,0.0,100.0
95aa262f-30aa-4e11-8296-3a374a9fa3aa,Summer 2019/20,422855ac-667a-4680-8fd0-c86494a94b44,7dc1a034-d178-46f0-b068-887828c27de3,Under 15 Division 2,raw_34df7019_2026_4799_a6ea_c4a807176b5c,raw_34df7019_2026_4799_a6ea_c4a807176b5c,Leroy Hagon,Leroy Hagon,20.0,28.0,1,16,28.0,1,1,2020-03-01T23:00:00.0000000+10:30,71.42857142857143,57.142857142857146
95aa262f-30aa-4e11-8296-3a374a9fa3aa,Summer 2019/20,422855ac-667a-4680-8fd0-c86494a94b44,7dc1a034-d178-46f0-b068-887828c27de3,Under 15 Division 2,raw_7b01f955_4425_4779_8a2e_0b18d9ab6f26,raw_7b01f955_4425_4779_8a2e_0b18d9ab6f26,Cameron Cooper,Cameron Cooper,0.0,6.0,1,6,6.0,1,1,2020-03-01T23:00:00.0000000+10:30,0.0,100.0
95aa262f-30aa-4e11-8296-3a374a9fa3aa,Summer 2019/20,422855ac-667a-4680-8fd0-c86494a94b44,7dc1a034-d178-46f0-b068-887828c27de3,Under 15 Division 2,raw_aaa8fa44_0a97_4950_bfcc_0ec0cd75227c,raw_aaa8fa44_0a97_4950_bfcc_0ec0cd75227c,Dylan Hoyle,Dylan Hoyle,17.0,24.0,1,17,24.0,1,1,2020-03-01T23:00:00.0000000+10:30,70.83333333333333,70.83333333333333
95aa262f-30aa-4e11-8296-3a374a9fa3aa,Summer 2019/20,422855ac-667a-4680-8fd0-c86494a94b44,7dc1a034-d178-46f0-b068-887828c27de3,Under 15 Division 2,raw_c95fe759_dd09_4c36_bd09_b270f22c27dc,raw_c95fe759_dd09_4c36_bd09_b270f22c27dc,Dawson Horrell,Dawson Horrell,6.0,5.0,1,3,5.0,1,1,2020-03-01T23:00:00.0000000+10:30,120.0,60.0
95aa262f-30aa-4e11-8296-3a374a9fa3aa,Summer 2019/20,422855ac-667a-4680-8fd0-c86494a94b44,7dc1a034-d178-46f0-b068-887828c27de3,Under 15 Division 2,raw_ce3a5982_de0f_4d2b_ba5a_2c3527aed814,raw_ce3a5982_de0f_4d2b_ba5a_2c3527aed814,Declan Humphrey,Declan Humphrey,7.0,14.0,1,9,14.0,1,1,2020-03-01T23:00:00.0000000+10:30,50.0,64.28571428571429
95aa262f-30aa-4e11-8296-3a374a9fa3aa,Summer 2019/20,422855ac-667a-4680-8fd0-c86494a94b44,7dc1a034-d178-46f0-b068-887828c27de3,Under 15 Division 2,raw_ff37d773_7965_4faf_bb34_dc50eab3200c,raw_ff37d773_7965_4faf_bb34_dc50eab3200c,********,********,2.0,17.0,1,15,17.0,1,1,2020-03-01T23:00:00.0000000+10:30,11.764705882352942,88.23529411764706
95aa262f-30aa-4e11-8296-3a374a9fa3aa,Summer 2019/20,470d4939-f882-4c44-8200-f74b6805762a,8c8c66ab-2db7-40f6-887b-a65ebc1e6e18,Under 17 Division 1,jake_thyssen,jake_thyssen,Jake Thyssen,Jake Thyssen,32.0,38.0,2,21,38.0,2,2,2020-03-01T12:30:00.0000000+00:00,84.21052631578948,55.26315789473684
95aa262f-30aa-4e11-8296-3a374a9fa3aa,Summer 2019/20,470d4939-f882-4c44-8200-f74b6805762a,8c8c66ab-2db7-40f6-887b-a65ebc1e6e18,Under 17 Division 1,josh_burrows,josh_burrows,Josh Burrows,Josh Burrows,34.0,63.0,3,49,63.0,3,3,2020-03-01T12:30:00.0000000+00:00,53.96825396825397,77.77777777777777
95aa262f-30aa-4e11-8296-3a374a9fa3aa,Summer 2019/20,470d4939-f882-4c44-8200-f74b6805762a,8c8c66ab-2db7-40f6-887b-a65ebc1e6e18,Under 17 Division 1,raw_00000000_0000_0000_0000_000000000001,raw_00000000_0000_0000_0000_000000000001,Unknown Player_1,Unknown Player_1,1.0,20.0,2,19,20.0,2,2,2020-03-01T12:30:00.0000000+00:00,5.0,95.0
95aa262f-30aa-4e11-8296-3a374a9fa3aa,Summer 2019/20,470d4939-f882-4c44-8200-f74b6805762a,8c8c66ab-2db7-40f6-887b-a65ebc1e6e18,Under 17 Division 1,raw_07e4f4bd_6744_4fd5_bda9_daf8e4ffbd26,raw_07e4f4bd_6744_4fd5_bda9_daf8e4ffbd26,Dylan Worrall,Dylan Worrall,4.0,15.0,2,13,15.0,2,2,2020-03-01T12:30:00.0000000+00:00,26.666666666666668,86.66666666666667
95aa262f-30aa-4e11-8296-3a374a9fa3aa,Summer 2019/20,470d4939-f882-4c44-8200-f74b6805762a,8c8c66ab-2db7-40f6-887b-a65ebc1e6e18,Under 17 Division 1,raw_0f00d22f_36fd_46ad_a82f_8d9741934534,raw_0f00d22f_36fd_46ad_a82f_8d9741934534,Hayden Newman,Hayden Newman,1.0,7.0,1,6,7.0,1,1,2020-01-19T23:00:00.0000000+10:30,14.285714285714286,85.71428571428571
95aa262f-30aa-4e11-8296-3a374a9fa3aa,Summer 2019/20,470d4939-f882-4c44-8200-f74b6805762a,8c8c66ab-2db7-40f6-887b-a65ebc1e6e18,Under 17 Division 1,raw_88963044_0646_489c_90bf_79aca26006b5,raw_88963044_0646_489c_90bf_79aca26006b5,Jaxon Newman,Jaxon Newman,37.0,92.0,2,72,92.0,2,2,2020-01-19T23:00:00.0000000+10:30,40.21739130434783,78.26086956521739
95aa262f-30aa-4e11-8296-3a374a9fa3aa,Summer 2019/20,470d4939-f882-4c44-8200-f74b6805762a,8c8c66ab-2db7-40f6-887b-a65ebc1e6e18,Under 17 Division 1,raw_a711adbc_d255_4e6c_a14b_acf9bffaf7f0,raw_a711adbc_d255_4e6c_a14b_acf9bffaf7f0,Lachy Stewart,Lachy Stewart,3.0,22.0,1,19,22.0,1,1,2019-10-27T23:00:00.0000000+10:30,13.636363636363637,86.36363636363636
95aa262f-30aa-4e11-8296-3a374a9fa3aa,Summer 2019/20,470d4939-f882-4c44-8200-f74b6805762a,8c8c66ab-2db7-40f6-887b-a65ebc1e6e18,Under 17 Division 1,raw_bdae8688_776c_4413_bfca_9baa5aabf38a,raw_bdae8688_776c_4413_bfca_9baa5aabf38a,Aiden Shaw,Aiden Shaw,27.0,34.0,2,20,34.0,2,2,2020-03-01T12:30:00.0000000+00:00,79.41176470588235,58.8235294117647
95aa262f-30aa-4e11-8296-3a374a9fa3aa,Summer 2019/20,470d4939-f882-4c44-8200-f74b6805762a,8c8c66ab-2db7-40f6-887b-a65ebc1e6e18,Under 17 Division 1,raw_c24a3dea_d4e9_4156_80a9_4a9e59cd8cc0,raw_c24a3dea_d4e9_4156_80a9_4a9e59cd8cc0,Sean O'Sullivan,Sean O'Sullivan,7.0,20.0,2,17,20.0,2,2,2020-01-19T23:00:00.0000000+10:30,35.0,85.0
95aa262f-30aa-4e11-8296-3a374a9fa3aa,Summer 2019/20,470d4939-f882-4c44-8200-f74b6805762a,8c8c66ab-2db7-40f6-887b-a65ebc1e6e18,Under 17 Division 1,raw_dfc2d929_78af_4c1b_a5a8_ad91b1f9ff01,raw_dfc2d929_78af_4c1b_a5a8_ad91b1f9ff01,Toby Russell,Toby Russell,4.0,34.0,2,32,34.0,2,2,2020-03-01T12:30:00.0000000+00:00,11.764705882352942,94.11764705882354
95aa262f-30aa-4e11-8296-3a374a9fa3aa,Summer 2019/20,470d4939-f882-4c44-8200-f74b6805762a,8c8c66ab-2db7-40f6-887b-a65ebc1e6e18,Under 17 Division 1,tanner_kenny,tanner_kenny,Tanner Kenny,Tanner Kenny,99.0,187.0,2,135,187.0,2,2,2020-03-01T12:30:00.0000000+00:00,52.94117647058823,72.19251336898395
95aa262f-30aa-4e11-8296-3a374a9fa3aa,Summer 2019/20,470d4939-f882-4c44-8200-f74b6805762a,8c8c66ab-2db7-40f6-887b-a65ebc1e6e18,Under 17 Division 1,thomas_jeffries,thomas_jeffries,Thomas Jeffries,Thomas Jeffries,8.0,61.0,2,53,61.0,2,2,2020-03-01T12:30:00.0000000+00:00,13.114754098360656,86.88524590163935
95aa262f-30aa-4e11-8296-3a374a9fa3aa,Summer 2019/20,605ba255-adf2-4502-8d22-1b50dea84cce,81ddf82c-209b-488f-99d6-b3cb7a64ec00,Womens 1st Grade 2019,jo_cooke,jo_cooke,Jo Cooke,Jo Cooke,0.0,2.0,1,2,2.0,1,1,2019-10-27T23:30:00.0000000+10:30,0.0,100.0
95aa262f-30aa-4e11-8296-3a374a9fa3aa,Summer 2019/20,605ba255-adf2-4502-8d22-1b50dea84cce,81ddf82c-209b-488f-99d6-b3cb7a64ec00,Womens 1st Grade 2019,raw_e0729413_5ab1_45fe_b07d_97a29adf5541,raw_e0729413_5ab1_45fe_b07d_97a29adf5541,Samantha Gilbertson,Samantha Gilbertson,0.0,1.0,1,1,1.0,1,1,2019-10-27T23:30:00.0000000+10:30,0.0,100.0
95aa262f-30aa-4e11-8296-3a374a9fa3aa,Summer 2019/20,605ba255-adf2-4502-8d22-1b50dea84cce,81ddf82c-209b-488f-99d6-b3cb7a64ec00,Womens 1st Grade 2019,raw_f7b5d072_df3b_4c2b_a9be_d2c74850f62d,raw_f7b5d072_df3b_4c2b_a9be_d2c74850f62d,Brooke Mullen,Brooke Mullen,10.0,7.0,1,4,7.0,1,1,2019-10-27T23:30:00.0000000+10:30,142.85714285714286,57.142857142857146
95aa262f-30aa-4e11-8296-3a374a9fa3aa,Summer 2019/20,66765186-580f-4172-b411-50adeab0b211,68137f75-73ba-4ac6-9646-815f7bdf3ff7,Under 14 South Division 2,aidan_richardson,aidan_richardson,Aidan Richardson,Aidan Richardson,4.0,13.0,2,12,13.0,2,2,2020-03-01T19:00:00.0000000+10:30,30.76923076923077,92.3076923076923
95aa262f-30aa-4e11-8296-3a374a9fa3aa,Summer 2019/20,66765186-580f-4172-b411-50adeab0b211,68137f75-73ba-4ac6-9646-815f7bdf3ff7,Under 14 South Division 2,jayden_hower,jayden_hower,Jayden Hower,Jayden Hower,15.0,31.0,4,23,31.0,4,4,2020-03-08T19:00:00.0000000+10:30,48.38709677419355,74.19354838709677
95aa262f-30aa-4e11-8296-3a374a9fa3aa,Summer 2019/20,66765186-580f-4172-b411-50adeab0b211,68137f75-73ba-4ac6-9646-815f7bdf3ff7,Under 14 South Division 2,levi_swan,levi_swan,Levi Swan,Levi Swan,16.0,29.0,1,22,29.0,1,1,2019-12-15T19:00:00.0000000+10:30,55.172413793103445,75.86206896551724
95aa262f-30aa-4e11-8296-3a374a9fa3aa,Summer 2019/20,66765186-580f-4172-b411-50adeab0b211,68137f75-73ba-4ac6-9646-815f7bdf3ff7,Under 14 South Division 2,max_tonkin,max_tonkin,Max Tonkin,Max Tonkin,33.0,49.0,2,35,49.0,2,2,2020-03-01T19:00:00.0000000+10:30,67.34693877551021,71.42857142857143
95aa262f-30aa-4e11-8296-3a374a9fa3aa,Summer 2019/20,66765186-580f-4172-b411-50adeab0b211,68137f75-73ba-4ac6-9646-815f7bdf3ff7,Under 14 South Division 2,raw_220f91c7_eac1_452a_a170_7f623bc3a7ed,raw_220f91c7_eac1_452a_a170_7f623bc3a7ed,Gregor Cooper,Gregor Cooper,15.0,45.0,3,39,45.0,3,3,2020-03-01T19:00:00.0000000+10:30,33.333333333333336,86.66666666666667
95aa262f-30aa-4e11-8296-3a374a9fa3aa,Summer 2019/20,66765186-580f-4172-b411-50adeab0b211,68137f75-73ba-4ac6-9646-815f7bdf3ff7,Under 14 South Division 2,raw_2220f59a_9c50_4a6b_83d0_0988d12f920d,raw_2220f59a_9c50_4a6b_83d0_0988d12f920d,Daniel O'Loughlin,Daniel O'Loughlin,0.0,6.0,2,6,6.0,2,2,2020-03-08T19:00:00.0000000+10:30,0.0,100.0
95aa262f-30aa-4e11-8296-3a374a9fa3aa,Summer 2019/20,66765186-580f-4172-b411-50adeab0b211,68137f75-73ba-4ac6-9646-815f7bdf3ff7,Under 14 South Division 2,raw_22d6b32c_c839_46ee_b902_c205a24e3f60,raw_22d6b32c_c839_46ee_b902_c205a24e3f60,Nalika Subasinghe,Nalika Subasinghe,6.0,14.0,2,11,14.0,2,2,2019-12-22T19:00:00.0000000+10:30,42.857142857142854,78.57142857142857
95aa262f-30aa-4e11-8296-3a374a9fa3aa,Summer 2019/20,66765186-580f-4172-b411-50adeab0b211,68137f75-73ba-4ac6-9646-815f7bdf3ff7,Under 14 South Division 2,raw_4410f398_17f0_4f16_b14c_3ffecbc76eb0,raw_4410f398_17f0_4f16_b14c_3ffecbc76eb0,Isaac Gilson,Isaac Gilson,28.0,54.0,2,41,54.0,2,2,2020-03-08T19:00:00.0000000+10:30,51.851851851851855,75.92592592592592
95aa262f-30aa-4e11-8296-3a374a9fa3aa,Summer 2019/20,66765186-580f-4172-b411-50adeab0b211,68137f75-73ba-4ac6-9646-815f7bdf3ff7,Under 14 South Division 2,raw_875cfb20_4afb_4dc7_a87d_778719d48a91,raw_875cfb20_4afb_4dc7_a87d_778719d48a91,Cody Prime,Cody Prime,15.0,35.0,2,26,35.0,2,2,2020-03-08T19:00:00.0000000+10:30,42.857142857142854,74.28571428571429
95aa262f-30aa-4e11-8296-3a374a9fa3aa,Summer 2019/20,66765186-580f-4172-b411-50adeab0b211,68137f75-73ba-4ac6-9646-815f7bdf3ff7,Under 14 South Division 2,raw_91acefac_f204_4d47_81ba_a8e3a5883683,raw_91acefac_f204_4d47_81ba_a8e3a5883683,Isaac Ritter,Isaac Ritter,5.0,17.0,3,15,17.0,3,3,2020-03-08T19:00:00.0000000+10:30,29.41176470588235,88.23529411764706
95aa262f-30aa-4e11-8296-3a374a9fa3aa,Summer 2019/20,66765186-580f-4172-b411-50adeab0b211,68137f75-73ba-4ac6-9646-815f7bdf3ff7,Under 14 South Division 2,raw_98768630_c0b3_4dfc_aea9_18c48a7255f7,raw_98768630_c0b3_4dfc_aea9_18c48a7255f7,Cooper Rowe,Cooper Rowe,4.0,13.0,1,9,13.0,1,1,2020-03-01T19:00:00.0000000+10:30,30.76923076923077,69.23076923076923
95aa262f-30aa-4e11-8296-3a374a9fa3aa,Summer 2019/20,66765186-580f-4172-b411-50adeab0b211,68137f75-73ba-4ac6-9646-815f7bdf3ff7,Under 14 South Division 2,raw_99aa7b99_0fff_4f39_a233_212d0377d513,raw_99aa7b99_0fff_4f39_a233_212d0377d513,Pierre Joubert,Pierre Joubert,1.0,7.0,2,6,7.0,2,2,2020-01-12T19:00:00.0000000+10:30,14.285714285714286,85.71428571428571
95aa262f-30aa-4e11-8296-3a374a9fa3aa,Summer 2019/20,66765186-580f-4172-b411-50adeab0b211,68137f75-73ba-4ac6-9646-815f7bdf3ff7,Under 14 South Division 2,raw_cf2b623f_6113_459e_994f_2dad691144ba,raw_cf2b623f_6113_459e_994f_2dad691144ba,Brock Hutchinson,Brock Hutchinson,0.0,2.0,1,2,2.0,1,1,2019-12-15T19:00:00.0000000+10:30,0.0,100.0
95aa262f-30aa-4e11-8296-3a374a9fa3aa,Summer 2019/20,66765186-580f-4172-b411-50adeab0b211,68137f75-73ba-4ac6-9646-815f7bdf3ff7,Under 14 South Division 2,raw_f90e2643_12f7_45dd_ad10_855fd64f86c4,raw_f90e2643_12f7_45dd_ad10_855fd64f86c4,Tyler Mckenna,Tyler Mckenna,1.0,16.0,2,15,16.0,2,2,2019-12-22T19:00:00.0000000+10:30,6.25,93.75
95aa262f-30aa-4e11-8296-3a374a9fa3aa,Summer 2019/20,6dca4829-5e32-4338-9fdc-d149e672d942,9feb1e65-22a3-4e27-9987-5cd581bb43a5,Under 12 South Division 2,jake_thyssen,jake_thyssen,Jake Thyssen,Jake Thyssen,2.0,24.0,1,22,24.0,1,1,2019-11-10T19:30:00.0000000+10:30,8.333333333333334,91.66666666666667
95aa262f-30aa-4e11-8296-3a374a9fa3aa,Summer 2019/20,6dca4829-5e32-4338-9fdc-d149e672d942,9feb1e65-22a3-4e27-9987-5cd581bb43a5,Under 12 South Division 2,joel_harvey,joel_harvey,Joel Harvey,Joel Harvey,0.0,5.0,1,5,5.0,1,1,2019-11-10T19:30:00.0000000+10:30,0.0,100.0
95aa262f-30aa-4e11-8296-3a374a9fa3aa,Summer 2019/20,6dca4829-5e32-4338-9fdc-d149e672d942,9feb1e65-22a3-4e27-9987-5cd581bb43a5,Under 12 South Division 2,raw_17d8a493_d4b2_438a_b7c4_69a93a4b5d08,raw_17d8a493_d4b2_438a_b7c4_69a93a4b5d08,********,********,0.0,3.0,1,3,3.0,1,1,2019-11-10T19:30:00.0000000+10:30,0.0,100.0
95aa262f-30aa-4e11-8296-3a374a9fa3aa,Summer 2019/20,6dca4829-5e32-4338-9fdc-d149e672d942,9feb1e65-22a3-4e27-9987-5cd581bb43a5,Under 12 South Division 2,raw_263f5254_283b_4dfb_ab33_5bb9661b2366,raw_263f5254_283b_4dfb_ab33_5bb9661b2366,Lincoln Manning,Lincoln Manning,1.0,8.0,1,7,8.0,1,1,2019-11-10T19:30:00.0000000+10:30,12.5,87.5
95aa262f-30aa-4e11-8296-3a374a9fa3aa,Summer 2019/20,6dca4829-5e32-4338-9fdc-d149e672d942,9feb1e65-22a3-4e27-9987-5cd581bb43a5,Under 12 South Division 2,raw_c0ff2fb7_7c08_481b_96d3_7e08e98df34f,raw_c0ff2fb7_7c08_481b_96d3_7e08e98df34f,Darcy Fauser,Darcy Fauser,9.0,20.0,1,14,20.0,1,1,2019-11-10T19:30:00.0000000+10:30,45.0,70.0
95aa262f-30aa-4e11-8296-3a374a9fa3aa,Summer 2019/20,6dca4829-5e32-4338-9fdc-d149e672d942,9feb1e65-22a3-4e27-9987-5cd581bb43a5,Under 12 South Division 2,raw_c2c96bb8_4eca_4af1_9843_8d9c9db2ee08,raw_c2c96bb8_4eca_4af1_9843_8d9c9db2ee08,Kyson Pollock,Kyson Pollock,0.0,2.0,1,2,2.0,1,1,2019-11-10T19:30:00.0000000+10:30,0.0,100.0
95aa262f-30aa-4e11-8296-3a374a9fa3aa,Summer 2019/20,6dca4829-5e32-4338-9fdc-d149e672d942,9feb1e65-22a3-4e27-9987-5cd581bb43a5,Under 12 South Division 2,raw_e78bfcd0_7162_43d6_b034_8e5f9d878b31,raw_e78bfcd0_7162_43d6_b034_8e5f9d878b31,Kaelan Higgins,Kaelan Higgins,2.0,5.0,1,4,5.0,1,1,2019-11-10T19:30:00.0000000+10:30,40.0,80.0
95aa262f-30aa-4e11-8296-3a374a9fa3aa,Summer 2019/20,6dca4829-5e32-4338-9fdc-d149e672d942,9feb1e65-22a3-4e27-9987-5cd581bb43a5,Under 12 South Division 2,raw_fd9198ee_c10a_4c3b_b6fe_bc6d8e2335a4,raw_fd9198ee_c10a_4c3b_b6fe_bc6d8e2335a4,James Parker,James Parker,1.0,11.0,1,10,11.0,1,1,2019-11-10T19:30:00.0000000+10:30,9.090909090909092,90.9090909090909
95aa262f-30aa-4e11-8296-3a374a9fa3aa,Summer 2019/20,6dca4829-5e32-4338-9fdc-d149e672d942,9feb1e65-22a3-4e27-9987-5cd581bb43a5,Under 12 South Division 2,ryan_langaard,ryan_langaard,Ryan Langaard,Ryan Langaard,1.0,22.0,1,21,22.0,1,1,2019-11-10T19:30:00.0000000+10:30,4.545454545454546,95.45454545454545
95aa262f-30aa-4e11-8296-3a374a9fa3aa,Summer 2019/20,6dca4829-5e32-4338-9fdc-d149e672d942,9feb1e65-22a3-4e27-9987-5cd581bb43a5,Under 12 South Division 2,shivaan_naidu,shivaan_naidu,Shivaan Naidu,Shivaan Naidu,4.0,25.0,1,22,25.0,1,1,2019-11-10T19:30:00.0000000+10:30,16.0,88.0
95aa262f-30aa-4e11-8296-3a374a9fa3aa,Summer 2019/20,7341c3e1-b192-4252-b015-da0887ed9073,57102906-2ea7-46ce-ae45-68d0342bb0a1,B1 Grade,jake_shaw,jake_shaw,Jake Shaw,Jake Shaw,14.0,73.0,2,66,73.0,2,1,2019-11-16T23:30:00.0000000+10:30,19.17808219178082,90.41095890410959
95aa262f-30aa-4e11-8296-3a374a9fa3aa,Summer 2019/20,7341c3e1-b192-4252-b015-da0887ed9073,57102906-2ea7-46ce-ae45-68d0342bb0a1,B1 Grade,raw_2de79133_f18d_4f54_a440_3f1fe0cc72f9,raw_2de79133_f18d_4f54_a440_3f1fe0cc72f9,Paul Radbourne,Paul Radbourne,5.0,24.0,1,22,24.0,1,1,2019-11-16T23:30:00.0000000+10:30,20.833333333333332,91.66666666666667
95aa262f-30aa-4e11-8296-3a374a9fa3aa,Summer 2019/20,7341c3e1-b192-4252-b015-da0887ed9073,57102906-2ea7-46ce-ae45-68d0342bb0a1,B1 Grade,raw_5c4b13ef_34ea_4c42_a114_47e2fdd19973,raw_5c4b13ef_34ea_4c42_a114_47e2fdd19973,Paul Richardson,Paul Richardson,17.0,38.0,2,31,38.0,2,1,2019-11-16T23:30:00.0000000+10:30,44.73684210526316,81.57894736842105
95aa262f-30aa-4e11-8296-3a374a9fa3aa,Summer 2019/20,7341c3e1-b192-4252-b015-da0887ed9073,57102906-2ea7-46ce-ae45-68d0342bb0a1,B1 Grade,raw_761f2f46_806e_4d87_87ee_d2c30ef3f65c,raw_761f2f46_806e_4d87_87ee_d2c30ef3f65c,Matthew Aston,Matthew Aston,19.0,65.0,2,57,65.0,2,1,2019-11-16T23:30:00.0000000+10:30,29.23076923076923,87.6923076923077
95aa262f-30aa-4e11-8296-3a374a9fa3aa,Summer 2019/20,7341c3e1-b192-4252-b015-da0887ed9073,57102906-2ea7-46ce-ae45-68d0342bb0a1,B1 Grade,raw_84fdf76c_f928_4446_ac58_1560ad97ee17,raw_84fdf76c_f928_4446_ac58_1560ad97ee17,Zac Harris,Zac Harris,4.0,14.0,2,12,14.0,2,1,2019-11-16T23:30:00.0000000+10:30,28.571428571428573,85.71428571428571
95aa262f-30aa-4e11-8296-3a374a9fa3aa,Summer 2019/20,7341c3e1-b192-4252-b015-da0887ed9073,57102906-2ea7-46ce-ae45-68d0342bb0a1,B1 Grade,raw_98bc2f3b_30cf_4b6d_b441_87e94b2361f0,raw_98bc2f3b_30cf_4b6d_b441_87e94b2361f0,Daniel Rabbett,Daniel Rabbett,31.0,99.0,2,86,99.0,2,1,2019-11-16T23:30:00.0000000+10:30,31.31313131313131,86.86868686868686
95aa262f-30aa-4e11-8296-3a374a9fa3aa,Summer 2019/20,7341c3e1-b192-4252-b015-da0887ed9073,57102906-2ea7-46ce-ae45-68d0342bb0a1,B1 Grade,raw_b55dcfd8_54a7_4951_a44b_e7f8059c2562,raw_b55dcfd8_54a7_4951_a44b_e7f8059c2562,Luke Hardy,Luke Hardy,4.0,8.0,2,7,8.0,2,1,2019-11-16T23:30:00.0000000+10:30,50.0,87.5
95aa262f-30aa-4e11-8296-3a374a9fa3aa,Summer 2019/20,7341c3e1-b192-4252-b015-da0887ed9073,57102906-2ea7-46ce-ae45-68d0342bb0a1,B1 Grade,raw_ea025590_55a4_42cc_90d8_08a406c61cc4,raw_ea025590_55a4_42cc_90d8_08a406c61cc4,Kaine Hopkins,Kaine Hopkins,4.0,13.0,2,12,13.0,2,1,2019-11-16T23:30:00.0000000+10:30,30.76923076923077,92.3076923076923
95aa262f-30aa-4e11-8296-3a374a9fa3aa,Summer 2019/20,7341c3e1-b192-4252-b015-da0887ed9073,57102906-2ea7-46ce-ae45-68d0342bb0a1,B1 Grade,raw_eea0ea77_dee1_4437_b2aa_4460513cb53f,raw_eea0ea77_dee1_4437_b2aa_4460513cb53f,Joshua Niederer,Joshua Niederer,35.0,116.0,2,101,116.0,2,1,2019-11-16T23:30:00.0000000+10:30,30.17241379310345,87.06896551724138
95aa262f-30aa-4e11-8296-3a374a9fa3aa,Summer 2019/20,7341c3e1-b192-4252-b015-da0887ed9073,57102906-2ea7-46ce-ae45-68d0342bb0a1,B1 Grade,raw_f5cdcaed_ff90_498a_aa43_4b738b4a634d,raw_f5cdcaed_ff90_498a_aa43_4b738b4a634d,Brett Julian,Brett Julian,35.0,81.0,2,65,81.0,2,1,2019-11-16T23:30:00.0000000+10:30,43.20987654320987,80.24691358024691
95aa262f-30aa-4e11-8296-3a374a9fa3aa,Summer 2019/20,9fe3059c-84c7-4a30-8ce1-f85321e284e5,cd259e23-0d49-4f83-a117-349e563392fa,ISC Teamwear LO Division 2,raw_00000000_0000_0000_0000_000000000001,raw_00000000_0000_0000_0000_000000000001,Unknown Player_1,Unknown Player_1,5.0,14.0,1,10,14.0,1,1,2020-02-29T23:30:00.0000000+10:30,35.714285714285715,71.42857142857143
95aa262f-30aa-4e11-8296-3a374a9fa3aa,Summer 2019/20,9fe3059c-84c7-4a30-8ce1-f85321e284e5,cd259e23-0d49-4f83-a117-349e563392fa,ISC Teamwear LO Division 2,raw_05ecaede_d979_4b30_94fa_8738bef6faf4,raw_05ecaede_d979_4b30_94fa_8738bef6faf4,Greg Harriss,Greg Harriss,1.0,11.0,2,10,11.0,2,2,2019-12-07T23:30:00.0000000+10:30,9.090909090909092,90.9090909090909
95aa262f-30aa-4e11-8296-3a374a9fa3aa,Summer 2019/20,9fe3059c-84c7-4a30-8ce1-f85321e284e5,cd259e23-0d49-4f83-a117-349e563392fa,ISC Teamwear LO Division 2,raw_0aae807c_e178_4758_bae9_f720d362d538,raw_0aae807c_e178_4758_bae9_f720d362d538,Liam Pengilly,Liam Pengilly,0.0,2.0,1,2,2.0,1,1,2019-10-26T23:30:00.0000000+10:30,0.0,100.0
95aa262f-30aa-4e11-8296-3a374a9fa3aa,Summer 2019/20,9fe3059c-84c7-4a30-8ce1-f85321e284e5,cd259e23-0d49-4f83-a117-349e563392fa,ISC Teamwear LO Division 2,raw_14d93d89_fd50_42ca_8abb_2e3365219271,raw_14d93d89_fd50_42ca_8abb_2e3365219271,Adam Oswald,Adam Oswald,1.0,24.0,1,23,24.0,1,1,2019-10-26T23:30:00.0000000+10:30,4.166666666666667,95.83333333333333
95aa262f-30aa-4e11-8296-3a374a9fa3aa,Summer 2019/20,9fe3059c-84c7-4a30-8ce1-f85321e284e5,cd259e23-0d49-4f83-a117-349e563392fa,ISC Teamwear LO Division 2,raw_188e5b10_ef7b_45ae_8558_32262374cef2,raw_188e5b10_ef7b_45ae_8558_32262374cef2,Flynn Hall,Flynn Hall,5.0,28.0,2,23,28.0,2,2,2019-12-07T23:30:00.0000000+10:30,17.857142857142858,82.14285714285714
95aa262f-30aa-4e11-8296-3a374a9fa3aa,Summer 2019/20,9fe3059c-84c7-4a30-8ce1-f85321e284e5,cd259e23-0d49-4f83-a117-349e563392fa,ISC Teamwear LO Division 2,raw_4d3b7384_0ad4_4997_a38c_30e8bb759200,raw_4d3b7384_0ad4_4997_a38c_30e8bb759200,Dylan Cameron,Dylan Cameron,11.0,43.0,2,35,43.0,2,2,2019-12-07T23:30:00.0000000+10:30,25.58139534883721,81.3953488372093
95aa262f-30aa-4e11-8296-3a374a9fa3aa,Summer 2019/20,9fe3059c-84c7-4a30-8ce1-f85321e284e5,cd259e23-0d49-4f83-a117-349e563392fa,ISC Teamwear LO Division 2,raw_53240ccc_820f_4a76_94a6_d512e07b503f,raw_53240ccc_820f_4a76_94a6_d512e07b503f,Marcus Williams,Marcus Williams,12.0,32.0,1,26,32.0,1,1,2019-12-07T23:30:00.0000000+10:30,37.5,81.25
95aa262f-30aa-4e11-8296-3a374a9fa3aa,Summer 2019/20,9fe3059c-84c7-4a30-8ce1-f85321e284e5,cd259e23-0d49-4f83-a117-349e563392fa,ISC Teamwear LO Division 2,raw_5c4b13ef_34ea_4c42_a114_47e2fdd19973,raw_5c4b13ef_34ea_4c42_a114_47e2fdd19973,Paul Richardson,Paul Richardson,0.0,4.0,1,4,4.0,1,1,2020-02-29T23:30:00.0000000+10:30,0.0,100.0
95aa262f-30aa-4e11-8296-3a374a9fa3aa,Summer 2019/20,9fe3059c-84c7-4a30-8ce1-f85321e284e5,cd259e23-0d49-4f83-a117-349e563392fa,ISC Teamwear LO Division 2,raw_72f85b0b_6166_4b04_8c08_7282910d1c3f,raw_72f85b0b_6166_4b04_8c08_7282910d1c3f,Corey Sard,Corey Sard,9.0,31.0,3,26,31.0,3,3,2020-02-29T23:30:00.0000000+10:30,29.032258064516128,83.87096774193549
95aa262f-30aa-4e11-8296-3a374a9fa3aa,Summer 2019/20,9fe3059c-84c7-4a30-8ce1-f85321e284e5,cd259e23-0d49-4f83-a117-349e563392fa,ISC Teamwear LO Division 2,raw_86c45752_28db_470e_b03d_33f82d8234fd,raw_86c45752_28db_470e_b03d_33f82d8234fd,Andrew Mcgee,Andrew Mcgee,30.0,38.0,2,28,38.0,2,2,2019-12-07T23:30:00.0000000+10:30,78.94736842105263,73.6842105263158
95aa262f-30aa-4e11-8296-3a374a9fa3aa,Summer 2019/20,9fe3059c-84c7-4a30-8ce1-f85321e284e5,cd259e23-0d49-4f83-a117-349e563392fa,ISC Teamwear LO Division 2,raw_98bc2f3b_30cf_4b6d_b441_87e94b2361f0,raw_98bc2f3b_30cf_4b6d_b441_87e94b2361f0,Daniel Rabbett,Daniel Rabbett,12.0,36.0,1,31,36.0,1,1,2019-10-26T23:30:00.0000000+10:30,33.333333333333336,86.11111111111111
95aa262f-30aa-4e11-8296-3a374a9fa3aa,Summer 2019/20,9fe3059c-84c7-4a30-8ce1-f85321e284e5,cd259e23-0d49-4f83-a117-349e563392fa,ISC Teamwear LO Division 2,raw_ab5d023e_c869_4c8e_93cc_a470fbc4f572,raw_ab5d023e_c869_4c8e_93cc_a470fbc4f572,Bailey Worrall,Bailey Worrall,0.0,4.0,1,4,4.0,1,1,2019-10-26T23:30:00.0000000+10:30,0.0,100.0
95aa262f-30aa-4e11-8296-3a374a9fa3aa,Summer 2019/20,9fe3059c-84c7-4a30-8ce1-f85321e284e5,cd259e23-0d49-4f83-a117-349e563392fa,ISC Teamwear LO Division 2,raw_c1994347_91e2_4dbd_b7b7_bb61de32518b,raw_c1994347_91e2_4dbd_b7b7_bb61de32518b,Daniel Joy,Daniel Joy,4.0,11.0,1,10,11.0,1,1,2019-12-07T23:30:00.0000000+10:30,36.36363636363637,90.9090909090909
95aa262f-30aa-4e11-8296-3a374a9fa3aa,Summer 2019/20,9fe3059c-84c7-4a30-8ce1-f85321e284e5,cd259e23-0d49-4f83-a117-349e563392fa,ISC Teamwear LO Division 2,raw_c746e8ca_a27b_4c61_a7b3_d46099d18268,raw_c746e8ca_a27b_4c61_a7b3_d46099d18268,Michael Cload,Michael Cload,1.0,13.0,1,12,13.0,1,1,2020-02-29T23:30:00.0000000+10:30,7.6923076923076925,92.3076923076923
95aa262f-30aa-4e11-8296-3a374a9fa3aa,Summer 2019/20,9fe3059c-84c7-4a30-8ce1-f85321e284e5,cd259e23-0d49-4f83-a117-349e563392fa,ISC Teamwear LO Division 2,raw_c95fe759_dd09_4c36_bd09_b270f22c27dc,raw_c95fe759_dd09_4c36_bd09_b270f22c27dc,Dawson Horrell,Dawson Horrell,6.0,17.0,1,15,17.0,1,1,2020-02-29T23:30:00.0000000+10:30,35.294117647058826,88.23529411764706
95aa262f-30aa-4e11-8296-3a374a9fa3aa,Summer 2019/20,9fe3059c-84c7-4a30-8ce1-f85321e284e5,cd259e23-0d49-4f83-a117-349e563392fa,ISC Teamwear LO Division 2,raw_cae88e85_7ea5_4ced_8f99_113f228d9e4d,raw_cae88e85_7ea5_4ced_8f99_113f228d9e4d,Michael Shaw,Michael Shaw,21.0,43.0,1,33,43.0,1,1,2020-02-29T23:30:00.0000000+10:30,48.83720930232558,76.74418604651163
95aa262f-30aa-4e11-8296-3a374a9fa3aa,Summer 2019/20,9fe3059c-84c7-4a30-8ce1-f85321e284e5,cd259e23-0d49-4f83-a117-349e563392fa,ISC Teamwear LO Division 2,raw_dd36b4e8_f27b_41ee_953c_bf180539027c,raw_dd36b4e8_f27b_41ee_953c_bf180539027c,Ryan Horrell,Ryan Horrell,1.0,3.0,1,2,3.0,1,1,2020-02-29T23:30:00.0000000+10:30,33.333333333333336,66.66666666666667
95aa262f-30aa-4e11-8296-3a374a9fa3aa,Summer 2019/20,9fe3059c-84c7-4a30-8ce1-f85321e284e5,cd259e23-0d49-4f83-a117-349e563392fa,ISC Teamwear LO Division 2,raw_ded41a98_7246_4f73_a3be_d8e4ec471d91,raw_ded41a98_7246_4f73_a3be_d8e4ec471d91,James Niederer,James Niederer,3.0,15.0,1,12,15.0,1,1,2019-10-26T23:30:00.0000000+10:30,20.0,80.0
95aa262f-30aa-4e11-8296-3a374a9fa3aa,Summer 2019/20,9fe3059c-84c7-4a30-8ce1-f85321e284e5,cd259e23-0d49-4f83-a117-349e563392fa,ISC Teamwear LO Division 2,raw_e06a2bd9_1aed_4fd2_b50f_980102ab4a5d,raw_e06a2bd9_1aed_4fd2_b50f_980102ab4a5d,Josh Rudd,Josh Rudd,1.0,15.0,1,14,15.0,1,1,2020-02-29T23:30:00.0000000+10:30,6.666666666666667,93.33333333333333
95aa262f-30aa-4e11-8296-3a374a9fa3aa,Summer 2019/20,9fe3059c-84c7-4a30-8ce1-f85321e284e5,cd259e23-0d49-4f83-a117-349e563392fa,ISC Teamwear LO Division 2,raw_e9fdafeb_e5f4_43e8_b4b6_6a508dda73f4,raw_e9fdafeb_e5f4_43e8_b4b6_6a508dda73f4,Damien Pimlott,Damien Pimlott,41.0,39.0,1,28,39.0,1,1,2020-02-29T23:30:00.0000000+10:30,105.12820512820512,71.7948717948718
95aa262f-30aa-4e11-8296-3a374a9fa3aa,Summer 2019/20,9fe3059c-84c7-4a30-8ce1-f85321e284e5,cd259e23-0d49-4f83-a117-349e563392fa,ISC Teamwear LO Division 2,raw_f4ab7447_2fd2_4736_a2a1_2c7b18f54f41,raw_f4ab7447_2fd2_4736_a2a1_2c7b18f54f41,Andrew Semple,Andrew Semple,39.0,85.0,3,69,85.0,3,3,2020-02-29T23:30:00.0000000+10:30,45.88235294117647,81.17647058823529
95aa262f-30aa-4e11-8296-3a374a9fa3aa,Summer 2019/20,9fe3059c-84c7-4a30-8ce1-f85321e284e5,cd259e23-0d49-4f83-a117-349e563392fa,ISC Teamwear LO Division 2,raw_f6c1d19f_11be_482c_8867_5444c7dade09,raw_f6c1d19f_11be_482c_8867_5444c7dade09,Michael Maney,Michael Maney,24.0,81.0,2,62,81.0,2,2,2020-02-29T23:30:00.0000000+10:30,29.62962962962963,76.54320987654322
95aa262f-30aa-4e11-8296-3a374a9fa3aa,Summer 2019/20,a429fe98-9bc5-41db-8b48-43cc28f3c371,9feb1e65-22a3-4e27-9987-5cd581bb43a5,Under 12 South Division 2,raw_41919f58_3721_4149_9f96_48019d635d0f,raw_41919f58_3721_4149_9f96_48019d635d0f,Kiara Quintel-Moyle,Kiara Quintel-Moyle,1.0,5.0,1,4,5.0,1,1,2020-02-29T03:30:00.0000000+10:30,20.0,80.0
95aa262f-30aa-4e11-8296-3a374a9fa3aa,Summer 2019/20,a429fe98-9bc5-41db-8b48-43cc28f3c371,9feb1e65-22a3-4e27-9987-5cd581bb43a5,Under 12 South Division 2,raw_58a334b5_4f54_41e8_8ba2_f31d92ac35aa,raw_58a334b5_4f54_41e8_8ba2_f31d92ac35aa,Matt Connors,Matt Connors,10.0,8.0,1,4,8.0,1,1,2020-02-29T03:30:00.0000000+10:30,125.0,50.0
95aa262f-30aa-4e11-8296-3a374a9fa3aa,Summer 2019/20,a429fe98-9bc5-41db-8b48-43cc28f3c371,9feb1e65-22a3-4e27-9987-5cd581bb43a5,Under 12 South Division 2,raw_950a5b71_50f5_4ccc_9129_59fdcf472e14,raw_950a5b71_50f5_4ccc_9129_59fdcf472e14,Kaden Pannach,Kaden Pannach,1.0,2.0,1,1,2.0,1,1,2020-02-29T03:30:00.0000000+10:30,50.0,50.0
95aa262f-30aa-4e11-8296-3a374a9fa3aa,Summer 2019/20,a429fe98-9bc5-41db-8b48-43cc28f3c371,9feb1e65-22a3-4e27-9987-5cd581bb43a5,Under 12 South Division 2,raw_9910e31b_bd13_43dc_a553_4d73c8a35599,raw_9910e31b_bd13_43dc_a553_4d73c8a35599,Liam Viney,Liam Viney,9.0,18.0,1,12,18.0,1,1,2020-02-29T03:30:00.0000000+10:30,50.0,66.66666666666667
95aa262f-30aa-4e11-8296-3a374a9fa3aa,Summer 2019/20,a429fe98-9bc5-41db-8b48-43cc28f3c371,9feb1e65-22a3-4e27-9987-5cd581bb43a5,Under 12 South Division 2,raw_aeb08d65_f987_4636_9540_1048834c9d8c,raw_aeb08d65_f987_4636_9540_1048834c9d8c,Harry Davison,Harry Davison,0.0,3.0,1,3,3.0,1,1,2020-02-29T03:30:00.0000000+10:30,0.0,100.0
95aa262f-30aa-4e11-8296-3a374a9fa3aa,Summer 2019/20,a429fe98-9bc5-41db-8b48-43cc28f3c371,9feb1e65-22a3-4e27-9987-5cd581bb43a5,Under 12 South Division 2,raw_ef4f9462_581c_41c1_86dc_3740bf3ac7c2,raw_ef4f9462_581c_41c1_86dc_3740bf3ac7c2,Harry James,Harry James,23.0,21.0,1,8,21.0,1,1,2020-02-29T03:30:00.0000000+10:30,109.52380952380952,38.095238095238095
95aa262f-30aa-4e11-8296-3a374a9fa3aa,Summer 2019/20,b9d4f776-d1cc-4294-9326-7e05e6873348,8013811d-3fa4-40cb-8081-cea15fc13130,C2 Grade,matthew_jeffries,matthew_jeffries,Matthew Jeffries,Matthew Jeffries,4.0,19.0,1,16,19.0,1,1,2020-01-11T23:30:00.0000000+10:30,21.05263157894737,84.21052631578948
95aa262f-30aa-4e11-8296-3a374a9fa3aa,Summer 2019/20,b9d4f776-d1cc-4294-9326-7e05e6873348,8013811d-3fa4-40cb-8081-cea15fc13130,C2 Grade,raw_05ecaede_d979_4b30_94fa_8738bef6faf4,raw_05ecaede_d979_4b30_94fa_8738bef6faf4,Greg Harriss,Greg Harriss,38.0,64.0,1,41,64.0,1,1,2020-01-11T23:30:00.0000000+10:30,59.375,64.0625
95aa262f-30aa-4e11-8296-3a374a9fa3aa,Summer 2019/20,b9d4f776-d1cc-4294-9326-7e05e6873348,8013811d-3fa4-40cb-8081-cea15fc13130,C2 Grade,raw_0ce56394_3e06_40fa_a35d_1b0863a049df,raw_0ce56394_3e06_40fa_a35d_1b0863a049df,Scott Mckenzie,Scott Mckenzie,30.0,52.0,1,33,52.0,1,1,2020-01-11T23:30:00.0000000+10:30,57.69230769230769,63.46153846153846
95aa262f-30aa-4e11-8296-3a374a9fa3aa,Summer 2019/20,b9d4f776-d1cc-4294-9326-7e05e6873348,8013811d-3fa4-40cb-8081-cea15fc13130,C2 Grade,raw_223fa03d_3d9f_427f_bcb8_cbabfaa65791,raw_223fa03d_3d9f_427f_bcb8_cbabfaa65791,Ben Staggs,Ben Staggs,17.0,65.0,1,55,65.0,1,1,2020-01-11T23:30:00.0000000+10:30,26.153846153846153,84.61538461538461
95aa262f-30aa-4e11-8296-3a374a9fa3aa,Summer 2019/20,b9d4f776-d1cc-4294-9326-7e05e6873348,8013811d-3fa4-40cb-8081-cea15fc13130,C2 Grade,raw_25a06c2a_bd16_45d5_b4a9_06511381ba94,raw_25a06c2a_bd16_45d5_b4a9_06511381ba94,Bradley Wyatt,Bradley Wyatt,25.0,79.0,1,66,79.0,1,1,2020-01-11T23:30:00.0000000+10:30,31.645569620253166,83.54430379746836
95aa262f-30aa-4e11-8296-3a374a9fa3aa,Summer 2019/20,b9d4f776-d1cc-4294-9326-7e05e6873348,8013811d-3fa4-40cb-8081-cea15fc13130,C2 Grade,raw_5c4b13ef_34ea_4c42_a114_47e2fdd19973,raw_5c4b13ef_34ea_4c42_a114_47e2fdd19973,Paul Richardson,Paul Richardson,0.0,1.0,1,1,1.0,1,1,2020-01-11T23:30:00.0000000+10:30,0.0,100.0
95aa262f-30aa-4e11-8296-3a374a9fa3aa,Summer 2019/20,b9d4f776-d1cc-4294-9326-7e05e6873348,8013811d-3fa4-40cb-8081-cea15fc13130,C2 Grade,raw_7339293a_4b62_41d6_a3ab_818dab60e6da,raw_7339293a_4b62_41d6_a3ab_818dab60e6da,Matthew Russell,Matthew Russell,0.0,4.0,1,4,4.0,1,1,2020-01-11T23:30:00.0000000+10:30,0.0,100.0
95aa262f-30aa-4e11-8296-3a374a9fa3aa,Summer 2019/20,b9d4f776-d1cc-4294-9326-7e05e6873348,8013811d-3fa4-40cb-8081-cea15fc13130,C2 Grade,raw_a9dba5a7_bbcc_4748_a268_91410f098fbd,raw_a9dba5a7_bbcc_4748_a268_91410f098fbd,Stewart Mcinnes,Stewart Mcinnes,7.0,22.0,1,19,22.0,1,1,2020-01-11T23:30:00.0000000+10:30,31.818181818181817,86.36363636363636
95aa262f-30aa-4e11-8296-3a374a9fa3aa,Summer 2019/20,b9d4f776-d1cc-4294-9326-7e05e6873348,8013811d-3fa4-40cb-8081-cea15fc13130,C2 Grade,raw_ab5d023e_c869_4c8e_93cc_a470fbc4f572,raw_ab5d023e_c869_4c8e_93cc_a470fbc4f572,Bailey Worrall,Bailey Worrall,2.0,23.0,1,21,23.0,1,1,2020-01-11T23:30:00.0000000+10:30,8.695652173913043,91.30434782608695
95aa262f-30aa-4e11-8296-3a374a9fa3aa,Summer 2019/20,b9d4f776-d1cc-4294-9326-7e05e6873348,8013811d-3fa4-40cb-8081-cea15fc13130,C2 Grade,raw_f89db413_fbae_44bf_b75b_10896b2ef2c4,raw_f89db413_fbae_44bf_b75b_10896b2ef2c4,Jase Brodyk,Jase Brodyk,3.0,9.0,1,7,9.0,1,1,2020-01-11T23:30:00.0000000+10:30,33.333333333333336,77.77777777777777
95aa262f-30aa-4e11-8296-3a374a9fa3aa,Summer 2019/20,b9d4f776-d1cc-4294-9326-7e05e6873348,8013811d-3fa4-40cb-8081-cea15fc13130,C2 Grade,wayne_copley,wayne_copley,Wayne Copley,Wayne Copley,26.0,81.0,1,65,81.0,1,1,2020-01-11T23:30:00.0000000+10:30,32.098765432098766,80.24691358024691
95aa262f-30aa-4e11-8296-3a374a9fa3aa,Summer 2019/20,c5bbd0c6-d100-4b41-a2f2-02b4f8927937,285457a7-ff64-434f-bc8e-4991b3a0f6b7,Under 14 South Division 1,aidan_secomb,aidan_secomb,Aidan Secomb,Aidan Secomb,10.0,31.0,1,25,31.0,1,1,2019-11-03T19:00:00.0000000+10:30,32.25806451612903,80.64516129032258
95aa262f-30aa-4e11-8296-3a374a9fa3aa,Summer 2019/20,c5bbd0c6-d100-4b41-a2f2-02b4f8927937,285457a7-ff64-434f-bc8e-4991b3a0f6b7,Under 14 South Division 1,lucas_sutton,lucas_sutton,Lucas Sutton,Lucas Sutton,13.0,71.0,5,59,71.0,5,5,2020-03-01T19:00:00.0000000+10:30,18.309859154929576,83.09859154929578
95aa262f-30aa-4e11-8296-3a374a9fa3aa,Summer 2019/20,c5bbd0c6-d100-4b41-a2f2-02b4f8927937,285457a7-ff64-434f-bc8e-4991b3a0f6b7,Under 14 South Division 1,milan_roka,milan_roka,Milan Roka,Milan Roka,26.0,64.0,4,42,64.0,4,4,2020-03-01T19:00:00.0000000+10:30,40.625,65.625
95aa262f-30aa-4e11-8296-3a374a9fa3aa,Summer 2019/20,c5bbd0c6-d100-4b41-a2f2-02b4f8927937,285457a7-ff64-434f-bc8e-4991b3a0f6b7,Under 14 South Division 1,raw_1971de3f_c586_4091_86c3_f9a9efef8b6d,raw_1971de3f_c586_4091_86c3_f9a9efef8b6d,Tyson Roser,Tyson Roser,28.0,102.0,5,81,102.0,5,5,2020-03-01T19:00:00.0000000+10:30,27.45098039215686,79.41176470588235
95aa262f-30aa-4e11-8296-3a374a9fa3aa,Summer 2019/20,c5bbd0c6-d100-4b41-a2f2-02b4f8927937,285457a7-ff64-434f-bc8e-4991b3a0f6b7,Under 14 South Division 1,raw_2220f59a_9c50_4a6b_83d0_0988d12f920d,raw_2220f59a_9c50_4a6b_83d0_0988d12f920d,Daniel O'Loughlin,Daniel O'Loughlin,5.0,24.0,1,20,24.0,1,1,2019-11-03T19:00:00.0000000+10:30,20.833333333333332,83.33333333333333
95aa262f-30aa-4e11-8296-3a374a9fa3aa,Summer 2019/20,c5bbd0c6-d100-4b41-a2f2-02b4f8927937,285457a7-ff64-434f-bc8e-4991b3a0f6b7,Under 14 South Division 1,raw_37a2fcbe_8fe9_473b_9361_c72736e3038b,raw_37a2fcbe_8fe9_473b_9361_c72736e3038b,Ben Kennedy,Ben Kennedy,11.0,33.0,4,26,33.0,4,4,2020-03-01T19:00:00.0000000+10:30,33.333333333333336,78.78787878787878
95aa262f-30aa-4e11-8296-3a374a9fa3aa,Summer 2019/20,c5bbd0c6-d100-4b41-a2f2-02b4f8927937,285457a7-ff64-434f-bc8e-4991b3a0f6b7,Under 14 South Division 1,raw_4a7bc836_19a1_4be9_8dda_a9b8d27995f1,raw_4a7bc836_19a1_4be9_8dda_a9b8d27995f1,Isaac Thompson,Isaac Thompson,71.0,122.0,5,82,122.0,5,5,2020-03-01T19:00:00.0000000+10:30,58.19672131147541,67.21311475409836
95aa262f-30aa-4e11-8296-3a374a9fa3aa,Summer 2019/20,c5bbd0c6-d100-4b41-a2f2-02b4f8927937,285457a7-ff64-434f-bc8e-4991b3a0f6b7,Under 14 South Division 1,raw_4ca6bb0a_f18c_45cc_8b83_a787404f3115,raw_4ca6bb0a_f18c_45cc_8b83_a787404f3115,Kathy Sutton,Kathy Sutton,49.0,84.0,5,60,84.0,5,5,2020-03-01T19:00:00.0000000+10:30,58.333333333333336,71.42857142857143
95aa262f-30aa-4e11-8296-3a374a9fa3aa,Summer 2019/20,c5bbd0c6-d100-4b41-a2f2-02b4f8927937,285457a7-ff64-434f-bc8e-4991b3a0f6b7,Under 14 South Division 1,raw_79719466_eb33_49c9_80f3_fc0561fdcfa8,raw_79719466_eb33_49c9_80f3_fc0561fdcfa8,Joel Campbell,Joel Campbell,90.0,148.0,5,106,148.0,5,5,2020-03-01T19:00:00.0000000+10:30,60.810810810810814,71.62162162162163
95aa262f-30aa-4e11-8296-3a374a9fa3aa,Summer 2019/20,c5bbd0c6-d100-4b41-a2f2-02b4f8927937,285457a7-ff64-434f-bc8e-4991b3a0f6b7,Under 14 South Division 1,raw_94636140_8e5c_4dbb_9749_bd9e81f301e0,raw_94636140_8e5c_4dbb_9749_bd9e81f301e0,Rhylee Bhatia-King,Rhylee Bhatia-King,72.0,92.0,4,69,92.0,4,4,2020-03-01T19:00:00.0000000+10:30,78.26086956521739,75.0
95aa262f-30aa-4e11-8296-3a374a9fa3aa,Summer 2019/20,c5bbd0c6-d100-4b41-a2f2-02b4f8927937,285457a7-ff64-434f-bc8e-4991b3a0f6b7,Under 14 South Division 1,raw_bd1d2f42_2618_4b87_9029_b83ef342c678,raw_bd1d2f42_2618_4b87_9029_b83ef342c678,Mitchell Hein,Mitchell Hein,29.0,64.0,5,51,64.0,5,5,2020-03-01T19:00:00.0000000+10:30,45.3125,79.6875
95aa262f-30aa-4e11-8296-3a374a9fa3aa,Summer 2019/20,c5bbd0c6-d100-4b41-a2f2-02b4f8927937,285457a7-ff64-434f-bc8e-4991b3a0f6b7,Under 14 South Division 1,raw_c7cef8e1_0b7d_41b1_8465_1366e4c16c9c,raw_c7cef8e1_0b7d_41b1_8465_1366e4c16c9c,Joshua Viney,Joshua Viney,17.0,56.0,3,40,56.0,3,3,2020-01-12T19:00:00.0000000+10:30,30.357142857142858,71.42857142857143
95aa262f-30aa-4e11-8296-3a374a9fa3aa,Summer 2019/20,c5bbd0c6-d100-4b41-a2f2-02b4f8927937,285457a7-ff64-434f-bc8e-4991b3a0f6b7,Under 14 South Division 1,raw_ea66d096_619b_40d1_93f0_1fa0148b3519,raw_ea66d096_619b_40d1_93f0_1fa0148b3519,Lachlan Howell,Lachlan Howell,13.0,31.0,1,20,31.0,1,1,2019-11-03T19:00:00.0000000+10:30,41.935483870967744,64.51612903225806
95aa262f-30aa-4e11-8296-3a374a9fa3aa,Summer 2019/20,c5bbd0c6-d100-4b41-a2f2-02b4f8927937,285457a7-ff64-434f-bc8e-4991b3a0f6b7,Under 14 South Division 1,raw_fa027780_3f28_4eac_a1be_233f848e2b61,raw_fa027780_3f28_4eac_a1be_233f848e2b61,Ved Kulkarni,Ved Kulkarni,42.0,71.0,4,50,71.0,4,4,2020-03-01T19:00:00.0000000+10:30,59.15492957746479,70.4225352112676
95aa262f-30aa-4e11-8296-3a374a9fa3aa,Summer 2019/20,c6247a15-f63c-4b61-ba3d-c98ae21b67e8,0a5ab9a2-3294-4c6d-810e-709ad563ee61,Sportscentre A2 Grade,jake_shaw,jake_shaw,Jake Shaw,Jake Shaw,1.0,5.0,1,4,5.0,1,1,2020-03-07T23:30:00.0000000+10:30,20.0,80.0
95aa262f-30aa-4e11-8296-3a374a9fa3aa,Summer 2019/20,c6247a15-f63c-4b61-ba3d-c98ae21b67e8,0a5ab9a2-3294-4c6d-810e-709ad563ee61,Sportscentre A2 Grade,raw_0ee061a9_b7b8_4379_ab58_185e759869d2,raw_0ee061a9_b7b8_4379_ab58_185e759869d2,Richard Gabb,Richard Gabb,44.0,55.0,3,41,55.0,3,2,2020-03-07T23:30:00.0000000+10:30,80.0,74.54545454545455
95aa262f-30aa-4e11-8296-3a374a9fa3aa,Summer 2019/20,c6247a15-f63c-4b61-ba3d-c98ae21b67e8,0a5ab9a2-3294-4c6d-810e-709ad563ee61,Sportscentre A2 Grade,raw_1a69b5d8_da3a_4162_b50b_61a08660d572,raw_1a69b5d8_da3a_4162_b50b_61a08660d572,Cameron Pannach,Cameron Pannach,17.0,7.0,1,1,7.0,1,1,2020-03-07T23:30:00.0000000+10:30,242.85714285714286,14.285714285714286
95aa262f-30aa-4e11-8296-3a374a9fa3aa,Summer 2019/20,c6247a15-f63c-4b61-ba3d-c98ae21b67e8,0a5ab9a2-3294-4c6d-810e-709ad563ee61,Sportscentre A2 Grade,raw_205e8fd2_2a71_4bb7_af36_80deca0a9b8a,raw_205e8fd2_2a71_4bb7_af36_80deca0a9b8a,Matt Hehner,Matt Hehner,88.0,85.0,3,56,85.0,3,2,2020-03-07T23:30:00.0000000+10:30,103.52941176470588,65.88235294117646
95aa262f-30aa-4e11-8296-3a374a9fa3aa,Summer 2019/20,c6247a15-f63c-4b61-ba3d-c98ae21b67e8,0a5ab9a2-3294-4c6d-810e-709ad563ee61,Sportscentre A2 Grade,raw_613ff757_823d_470c_9a90_e316a8b7ca53,raw_613ff757_823d_470c_9a90_e316a8b7ca53,Mark Nankervis,Mark Nankervis,27.0,39.0,1,28,39.0,1,1,2020-03-07T23:30:00.0000000+10:30,69.23076923076923,71.7948717948718
95aa262f-30aa-4e11-8296-3a374a9fa3aa,Summer 2019/20,c6247a15-f63c-4b61-ba3d-c98ae21b67e8,0a5ab9a2-3294-4c6d-810e-709ad563ee61,Sportscentre A2 Grade,raw_6b908b4e_1d1a_4919_bea7_378e450b935d,raw_6b908b4e_1d1a_4919_bea7_378e450b935d,Jonathon Hague,Jonathon Hague,24.0,28.0,2,18,28.0,2,1,2020-03-07T23:30:00.0000000+10:30,85.71428571428571,64.28571428571429
95aa262f-30aa-4e11-8296-3a374a9fa3aa,Summer 2019/20,c6247a15-f63c-4b61-ba3d-c98ae21b67e8,0a5ab9a2-3294-4c6d-810e-709ad563ee61,Sportscentre A2 Grade,raw_83c03530_5522_4ee8_aae6_408666e96e51,raw_83c03530_5522_4ee8_aae6_408666e96e51,Todd Middleton,Todd Middleton,13.0,31.0,1,24,31.0,1,1,2019-11-02T23:30:00.0000000+10:30,41.935483870967744,77.41935483870968
95aa262f-30aa-4e11-8296-3a374a9fa3aa,Summer 2019/20,c6247a15-f63c-4b61-ba3d-c98ae21b67e8,0a5ab9a2-3294-4c6d-810e-709ad563ee61,Sportscentre A2 Grade,raw_85fe6538_b8b4_427d_a995_2fd639abdc18,raw_85fe6538_b8b4_427d_a995_2fd639abdc18,Ryan Lockwood,Ryan Lockwood,2.0,3.0,1,1,3.0,1,1,2019-11-02T23:30:00.0000000+10:30,66.66666666666667,33.333333333333336
95aa262f-30aa-4e11-8296-3a374a9fa3aa,Summer 2019/20,c6247a15-f63c-4b61-ba3d-c98ae21b67e8,0a5ab9a2-3294-4c6d-810e-709ad563ee61,Sportscentre A2 Grade,raw_b270c0b2_5125_4134_a734_62315b457a23,raw_b270c0b2_5125_4134_a734_62315b457a23,Joshua Golding,Joshua Golding,9.0,14.0,2,11,14.0,2,1,2020-03-07T23:30:00.0000000+10:30,64.28571428571429,78.57142857142857
95aa262f-30aa-4e11-8296-3a374a9fa3aa,Summer 2019/20,c6247a15-f63c-4b61-ba3d-c98ae21b67e8,0a5ab9a2-3294-4c6d-810e-709ad563ee61,Sportscentre A2 Grade,raw_c43e1f5c_83e7_432e_9c4f_fbdb0c21b01e,raw_c43e1f5c_83e7_432e_9c4f_fbdb0c21b01e,Shaun Newell,Shaun Newell,28.0,48.0,2,36,48.0,2,1,2020-03-07T23:30:00.0000000+10:30,58.333333333333336,75.0
95aa262f-30aa-4e11-8296-3a374a9fa3aa,Summer 2019/20,c6247a15-f63c-4b61-ba3d-c98ae21b67e8,0a5ab9a2-3294-4c6d-810e-709ad563ee61,Sportscentre A2 Grade,raw_ed1c49de_6316_47fb_a63a_81073b111740,raw_ed1c49de_6316_47fb_a63a_81073b111740,Jordan Wright,Jordan Wright,4.0,23.0,2,19,23.0,2,1,2020-03-07T23:30:00.0000000+10:30,17.391304347826086,82.6086956521739
95aa262f-30aa-4e11-8296-3a374a9fa3aa,Summer 2019/20,c6247a15-f63c-4b61-ba3d-c98ae21b67e8,0a5ab9a2-3294-4c6d-810e-709ad563ee61,Sportscentre A2 Grade,raw_eea0ea77_dee1_4437_b2aa_4460513cb53f,raw_eea0ea77_dee1_4437_b2aa_4460513cb53f,Joshua Niederer,Joshua Niederer,35.0,62.0,1,47,62.0,1,1,2020-03-07T23:30:00.0000000+10:30,56.45161290322581,75.80645161290323
95aa262f-30aa-4e11-8296-3a374a9fa3aa,Summer 2019/20,c6247a15-f63c-4b61-ba3d-c98ae21b67e8,0a5ab9a2-3294-4c6d-810e-709ad563ee61,Sportscentre A2 Grade,raw_f4404c43_09f8_408c_a0c1_edd82a589504,raw_f4404c43_09f8_408c_a0c1_edd82a589504,Nathan Turner,Nathan Turner,30.0,82.0,2,69,82.0,2,2,2020-03-07T23:30:00.0000000+10:30,36.58536585365854,84.14634146341463
95aa262f-30aa-4e11-8296-3a374a9fa3aa,Summer 2019/20,c6247a15-f63c-4b61-ba3d-c98ae21b67e8,0a5ab9a2-3294-4c6d-810e-709ad563ee61,Sportscentre A2 Grade,scott_norris,scott_norris,Scott Norris,Scott Norris,1.0,15.0,1,14,15.0,1,1,2019-11-02T23:30:00.0000000+10:30,6.666666666666667,93.33333333333333
a387270b-f2fd-4e48-9334-b7f9b59589a5,Summer 2020/21,1527afe5-b2e3-47eb-a82c-9c75732a933f,cc969394-94e5-4f30-accb-1e271deb87b6,Under 12 South Division 1,raw_14602f65_d7e3_4b04_9490_4d0c77eeded0,raw_14602f65_d7e3_4b04_9490_4d0c77eeded0,Sharon Ball,Sharon Ball,7.0,13.0,2,10,13.0,2,2,2021-01-17T19:30:00.0000000+10:30,53.84615384615385,76.92307692307692
a387270b-f2fd-4e48-9334-b7f9b59589a5,Summer 2020/21,1527afe5-b2e3-47eb-a82c-9c75732a933f,cc969394-94e5-4f30-accb-1e271deb87b6,Under 12 South Division 1,raw_58a334b5_4f54_41e8_8ba2_f31d92ac35aa,raw_58a334b5_4f54_41e8_8ba2_f31d92ac35aa,Matt Connors,Matt Connors,0.0,1.0,1,1,1.0,1,1,2021-01-17T19:30:00.0000000+10:30,0.0,100.0
a387270b-f2fd-4e48-9334-b7f9b59589a5,Summer 2020/21,1527afe5-b2e3-47eb-a82c-9c75732a933f,cc969394-94e5-4f30-accb-1e271deb87b6,Under 12 South Division 1,raw_950a5b71_50f5_4ccc_9129_59fdcf472e14,raw_950a5b71_50f5_4ccc_9129_59fdcf472e14,Kaden Pannach,Kaden Pannach,5.0,23.0,3,18,23.0,3,3,2021-01-17T19:30:00.0000000+10:30,21.73913043478261,78.26086956521739
a387270b-f2fd-4e48-9334-b7f9b59589a5,Summer 2020/21,1527afe5-b2e3-47eb-a82c-9c75732a933f,cc969394-94e5-4f30-accb-1e271deb87b6,Under 12 South Division 1,raw_9910e31b_bd13_43dc_a553_4d73c8a35599,raw_9910e31b_bd13_43dc_a553_4d73c8a35599,Liam Viney,Liam Viney,8.0,17.0,2,12,17.0,2,2,2021-01-17T19:30:00.0000000+10:30,47.05882352941177,70.58823529411765
a387270b-f2fd-4e48-9334-b7f9b59589a5,Summer 2020/21,1527afe5-b2e3-47eb-a82c-9c75732a933f,cc969394-94e5-4f30-accb-1e271deb87b6,Under 12 South Division 1,raw_a5c5d621_23b2_4b90_bca8_997461af1334,raw_a5c5d621_23b2_4b90_bca8_997461af1334,Henry Hull,Henry Hull,14.0,46.0,2,35,46.0,2,2,2021-01-17T19:30:00.0000000+10:30,30.434782608695652,76.08695652173913
a387270b-f2fd-4e48-9334-b7f9b59589a5,Summer 2020/21,1527afe5-b2e3-47eb-a82c-9c75732a933f,cc969394-94e5-4f30-accb-1e271deb87b6,Under 12 South Division 1,raw_b610a948_d6d0_44a5_afe6_60da08e56d3b,raw_b610a948_d6d0_44a5_afe6_60da08e56d3b,Greg Hanks,Greg Hanks,27.0,42.0,3,26,42.0,3,3,2021-01-17T19:30:00.0000000+10:30,64.28571428571429,61.904761904761905
a387270b-f2fd-4e48-9334-b7f9b59589a5,Summer 2020/21,1527afe5-b2e3-47eb-a82c-9c75732a933f,cc969394-94e5-4f30-accb-1e271deb87b6,Under 12 South Division 1,raw_cd73e05b_8378_4a38_9238_5ab4d279e0dc,raw_cd73e05b_8378_4a38_9238_5ab4d279e0dc,Joel Howell,Joel Howell,18.0,37.0,2,23,37.0,2,2,2021-01-17T19:30:00.0000000+10:30,48.648648648648646,62.16216216216216
a387270b-f2fd-4e48-9334-b7f9b59589a5,Summer 2020/21,1527afe5-b2e3-47eb-a82c-9c75732a933f,cc969394-94e5-4f30-accb-1e271deb87b6,Under 12 South Division 1,raw_ef4f9462_581c_41c1_86dc_3740bf3ac7c2,raw_ef4f9462_581c_41c1_86dc_3740bf3ac7c2,Harry James,Harry James,5.0,12.0,1,8,12.0,1,1,2020-10-31T03:30:00.0000000+10:30,41.666666666666664,66.66666666666667
a387270b-f2fd-4e48-9334-b7f9b59589a5,Summer 2020/21,1527afe5-b2e3-47eb-a82c-9c75732a933f,cc969394-94e5-4f30-accb-1e271deb87b6,Under 12 South Division 1,raw_f1f066c6_f8f5_4b1f_82d9_f43041bebe43,raw_f1f066c6_f8f5_4b1f_82d9_f43041bebe43,Boyd Neilson,Boyd Neilson,15.0,45.0,3,36,45.0,3,3,2021-01-17T19:30:00.0000000+10:30,33.333333333333336,80.0
a387270b-f2fd-4e48-9334-b7f9b59589a5,Summer 2020/21,1527afe5-b2e3-47eb-a82c-9c75732a933f,cc969394-94e5-4f30-accb-1e271deb87b6,Under 12 South Division 1,tom_gill,tom_gill,Tom Gill,Tom Gill,13.0,21.0,3,12,21.0,3,3,2021-01-17T19:30:00.0000000+10:30,61.904761904761905,57.142857142857146
a387270b-f2fd-4e48-9334-b7f9b59589a5,Summer 2020/21,1527afe5-b2e3-47eb-a82c-9c75732a933f,cc969394-94e5-4f30-accb-1e271deb87b6,Under 12 South Division 1,zac_egan,zac_egan,Zac Egan,Zac Egan,0.0,4.0,1,4,4.0,1,1,2021-01-17T19:30:00.0000000+10:30,0.0,100.0
a387270b-f2fd-4e48-9334-b7f9b59589a5,Summer 2020/21,2415607b-8401-4de4-81de-b00973e67b7d,40a79281-bbfd-406d-95df-c0959c256298,O'Neills Sports Division 3 Group 5,nathan_wyatt,nathan_wyatt,Nathan Wyatt,Nathan Wyatt,2.0,3.0,1,2,3.0,1,1,2020-12-02T03:40:00.0000000+10:30,66.66666666666667,66.66666666666667
a387270b-f2fd-4e48-9334-b7f9b59589a5,Summer 2020/21,2415607b-8401-4de4-81de-b00973e67b7d,40a79281-bbfd-406d-95df-c0959c256298,O'Neills Sports Division 3 Group 5,raw_0276c452_452a_4da6_9e8d_22e0f3786906,raw_0276c452_452a_4da6_9e8d_22e0f3786906,Michael Thompson,Michael Thompson,13.0,27.0,3,20,27.0,3,3,2020-12-09T03:40:00.0000000+10:30,48.148148148148145,74.07407407407408
a387270b-f2fd-4e48-9334-b7f9b59589a5,Summer 2020/21,2415607b-8401-4de4-81de-b00973e67b7d,40a79281-bbfd-406d-95df-c0959c256298,O'Neills Sports Division 3 Group 5,raw_0ce56394_3e06_40fa_a35d_1b0863a049df,raw_0ce56394_3e06_40fa_a35d_1b0863a049df,Scott Mckenzie,Scott Mckenzie,3.0,6.0,1,4,6.0,1,1,2020-12-02T03:40:00.0000000+10:30,50.0,66.66666666666667
a387270b-f2fd-4e48-9334-b7f9b59589a5,Summer 2020/21,2415607b-8401-4de4-81de-b00973e67b7d,40a79281-bbfd-406d-95df-c0959c256298,O'Neills Sports Division 3 Group 5,raw_3132ab5f_295e_4f43_8eab_73495a375654,raw_3132ab5f_295e_4f43_8eab_73495a375654,Buddika De Silva,Buddika De Silva,10.0,10.0,1,6,10.0,1,1,2020-12-02T03:40:00.0000000+10:30,100.0,60.0
a387270b-f2fd-4e48-9334-b7f9b59589a5,Summer 2020/21,2415607b-8401-4de4-81de-b00973e67b7d,40a79281-bbfd-406d-95df-c0959c256298,O'Neills Sports Division 3 Group 5,raw_7339293a_4b62_41d6_a3ab_818dab60e6da,raw_7339293a_4b62_41d6_a3ab_818dab60e6da,Matthew Russell,Matthew Russell,12.0,16.0,3,11,16.0,3,3,2020-12-09T03:40:00.0000000+10:30,75.0,68.75
a387270b-f2fd-4e48-9334-b7f9b59589a5,Summer 2020/21,2415607b-8401-4de4-81de-b00973e67b7d,40a79281-bbfd-406d-95df-c0959c256298,O'Neills Sports Division 3 Group 5,raw_b55dcfd8_54a7_4951_a44b_e7f8059c2562,raw_b55dcfd8_54a7_4951_a44b_e7f8059c2562,Luke Hardy,Luke Hardy,4.0,11.0,1,7,11.0,1,1,2020-12-02T03:40:00.0000000+10:30,36.36363636363637,63.63636363636363
a387270b-f2fd-4e48-9334-b7f9b59589a5,Summer 2020/21,2415607b-8401-4de4-81de-b00973e67b7d,40a79281-bbfd-406d-95df-c0959c256298,O'Neills Sports Division 3 Group 5,raw_c95fe759_dd09_4c36_bd09_b270f22c27dc,raw_c95fe759_dd09_4c36_bd09_b270f22c27dc,Dawson Horrell,Dawson Horrell,71.0,113.0,3,76,113.0,3,3,2020-12-09T03:40:00.0000000+10:30,62.83185840707964,67.2566371681416
a387270b-f2fd-4e48-9334-b7f9b59589a5,Summer 2020/21,2415607b-8401-4de4-81de-b00973e67b7d,40a79281-bbfd-406d-95df-c0959c256298,O'Neills Sports Division 3 Group 5,raw_f5cdcaed_ff90_498a_aa43_4b738b4a634d,raw_f5cdcaed_ff90_498a_aa43_4b738b4a634d,Brett Julian,Brett Julian,4.0,12.0,2,9,12.0,2,2,2020-12-02T03:40:00.0000000+10:30,33.333333333333336,75.0
a387270b-f2fd-4e48-9334-b7f9b59589a5,Summer 2020/21,2415607b-8401-4de4-81de-b00973e67b7d,40a79281-bbfd-406d-95df-c0959c256298,O'Neills Sports Division 3 Group 5,raw_f89db413_fbae_44bf_b75b_10896b2ef2c4,raw_f89db413_fbae_44bf_b75b_10896b2ef2c4,Jase Brodyk,Jase Brodyk,23.0,41.0,3,25,41.0,3,3,2020-12-09T03:40:00.0000000+10:30,56.09756097560975,60.97560975609756
a387270b-f2fd-4e48-9334-b7f9b59589a5,Summer 2020/21,2415607b-8401-4de4-81de-b00973e67b7d,40a79281-bbfd-406d-95df-c0959c256298,O'Neills Sports Division 3 Group 5,raw_ff37d773_7965_4faf_bb34_dc50eab3200c,raw_ff37d773_7965_4faf_bb34_dc50eab3200c,********,********,30.0,44.0,2,23,44.0,2,2,2020-12-09T03:40:00.0000000+10:30,68.18181818181819,52.27272727272727
a387270b-f2fd-4e48-9334-b7f9b59589a5,Summer 2020/21,3518ae1b-8270-4a27-968b-f20224138d19,bbd277f2-707b-43df-9738-372174ff2c3a,O'Neills Sports Division 1 Group 3,raw_00000000_0000_0000_0000_000000000001,raw_00000000_0000_0000_0000_000000000001,Unknown Player_1,Unknown Player_1,25.0,19.0,1,9,19.0,1,1,2020-12-02T03:40:00.0000000+10:30,131.57894736842104,47.36842105263158
a387270b-f2fd-4e48-9334-b7f9b59589a5,Summer 2020/21,3518ae1b-8270-4a27-968b-f20224138d19,bbd277f2-707b-43df-9738-372174ff2c3a,O'Neills Sports Division 1 Group 3,raw_0ee061a9_b7b8_4379_ab58_185e759869d2,raw_0ee061a9_b7b8_4379_ab58_185e759869d2,Richard Gabb,Richard Gabb,50.0,47.0,2,26,47.0,2,2,2020-12-02T03:40:00.0000000+10:30,106.38297872340425,55.319148936170215
a387270b-f2fd-4e48-9334-b7f9b59589a5,Summer 2020/21,3518ae1b-8270-4a27-968b-f20224138d19,bbd277f2-707b-43df-9738-372174ff2c3a,O'Neills Sports Division 1 Group 3,raw_205e8fd2_2a71_4bb7_af36_80deca0a9b8a,raw_205e8fd2_2a71_4bb7_af36_80deca0a9b8a,Matt Hehner,Matt Hehner,19.0,17.0,1,9,17.0,1,1,2020-10-24T23:30:00.0000000+10:30,111.76470588235294,52.94117647058823
a387270b-f2fd-4e48-9334-b7f9b59589a5,Summer 2020/21,3518ae1b-8270-4a27-968b-f20224138d19,bbd277f2-707b-43df-9738-372174ff2c3a,O'Neills Sports Division 1 Group 3,raw_83c03530_5522_4ee8_aae6_408666e96e51,raw_83c03530_5522_4ee8_aae6_408666e96e51,Todd Middleton,Todd Middleton,49.0,46.0,1,22,46.0,1,1,2020-10-24T23:30:00.0000000+10:30,106.52173913043478,47.82608695652174
a387270b-f2fd-4e48-9334-b7f9b59589a5,Summer 2020/21,3518ae1b-8270-4a27-968b-f20224138d19,bbd277f2-707b-43df-9738-372174ff2c3a,O'Neills Sports Division 1 Group 3,raw_b270c0b2_5125_4134_a734_62315b457a23,raw_b270c0b2_5125_4134_a734_62315b457a23,Joshua Golding,Joshua Golding,6.0,20.0,1,14,20.0,1,1,2020-10-24T23:30:00.0000000+10:30,30.0,70.0
a387270b-f2fd-4e48-9334-b7f9b59589a5,Summer 2020/21,3518ae1b-8270-4a27-968b-f20224138d19,bbd277f2-707b-43df-9738-372174ff2c3a,O'Neills Sports Division 1 Group 3,raw_ed1c49de_6316_47fb_a63a_81073b111740,raw_ed1c49de_6316_47fb_a63a_81073b111740,Jordan Wright,Jordan Wright,12.0,12.0,1,6,12.0,1,1,2020-10-24T23:30:00.0000000+10:30,100.0,50.0
a387270b-f2fd-4e48-9334-b7f9b59589a5,Summer 2020/21,3518ae1b-8270-4a27-968b-f20224138d19,bbd277f2-707b-43df-9738-372174ff2c3a,O'Neills Sports Division 1 Group 3,raw_eea0ea77_dee1_4437_b2aa_4460513cb53f,raw_eea0ea77_dee1_4437_b2aa_4460513cb53f,Joshua Niederer,Joshua Niederer,2.0,6.0,1,4,6.0,1,1,2020-10-24T23:30:00.0000000+10:30,33.333333333333336,66.66666666666667
a387270b-f2fd-4e48-9334-b7f9b59589a5,Summer 2020/21,56d1764d-b960-4497-a686-442a7869c0cd,0c2dcf50-5513-44ff-9b1c-2ebcb9c5a8ff,ISC Teamwear LO Division 5,matthew_jeffries,matthew_jeffries,Matthew Jeffries,Matthew Jeffries,17.0,33.0,1,26,33.0,1,1,2020-12-05T23:30:00.0000000+10:30,51.515151515151516,78.78787878787878
a387270b-f2fd-4e48-9334-b7f9b59589a5,Summer 2020/21,56d1764d-b960-4497-a686-442a7869c0cd,0c2dcf50-5513-44ff-9b1c-2ebcb9c5a8ff,ISC Teamwear LO Division 5,raw_2db9d7fc_6085_426a_9c16_6cb0308be20a,raw_2db9d7fc_6085_426a_9c16_6cb0308be20a,Riaz Raja,Riaz Raja,31.0,23.0,1,14,23.0,1,1,2020-12-05T23:30:00.0000000+10:30,134.7826086956522,60.869565217391305
a387270b-f2fd-4e48-9334-b7f9b59589a5,Summer 2020/21,56d1764d-b960-4497-a686-442a7869c0cd,0c2dcf50-5513-44ff-9b1c-2ebcb9c5a8ff,ISC Teamwear LO Division 5,raw_4a7bc836_19a1_4be9_8dda_a9b8d27995f1,raw_4a7bc836_19a1_4be9_8dda_a9b8d27995f1,Isaac Thompson,Isaac Thompson,9.0,12.0,1,7,12.0,1,1,2020-12-05T23:30:00.0000000+10:30,75.0,58.333333333333336
a387270b-f2fd-4e48-9334-b7f9b59589a5,Summer 2020/21,56d1764d-b960-4497-a686-442a7869c0cd,0c2dcf50-5513-44ff-9b1c-2ebcb9c5a8ff,ISC Teamwear LO Division 5,raw_ab5d023e_c869_4c8e_93cc_a470fbc4f572,raw_ab5d023e_c869_4c8e_93cc_a470fbc4f572,Bailey Worrall,Bailey Worrall,4.0,20.0,1,18,20.0,1,1,2020-12-05T23:30:00.0000000+10:30,20.0,90.0
a387270b-f2fd-4e48-9334-b7f9b59589a5,Summer 2020/21,56d1764d-b960-4497-a686-442a7869c0cd,0c2dcf50-5513-44ff-9b1c-2ebcb9c5a8ff,ISC Teamwear LO Division 5,raw_f4ab7447_2fd2_4736_a2a1_2c7b18f54f41,raw_f4ab7447_2fd2_4736_a2a1_2c7b18f54f41,Andrew Semple,Andrew Semple,3.0,33.0,1,31,33.0,1,1,2020-12-05T23:30:00.0000000+10:30,9.090909090909092,93.93939393939394
a387270b-f2fd-4e48-9334-b7f9b59589a5,Summer 2020/21,56d1764d-b960-4497-a686-442a7869c0cd,0c2dcf50-5513-44ff-9b1c-2ebcb9c5a8ff,ISC Teamwear LO Division 5,thomas_jeffries,thomas_jeffries,Thomas Jeffries,Thomas Jeffries,9.0,33.0,1,27,33.0,1,1,2020-12-05T23:30:00.0000000+10:30,27.272727272727273,81.81818181818181
a387270b-f2fd-4e48-9334-b7f9b59589a5,Summer 2020/21,56d1764d-b960-4497-a686-442a7869c0cd,0c2dcf50-5513-44ff-9b1c-2ebcb9c5a8ff,ISC Teamwear LO Division 5,tyson_hocking,tyson_hocking,Tyson Hocking,Tyson Hocking,10.0,34.0,1,28,34.0,1,1,2020-12-05T23:30:00.0000000+10:30,29.41176470588235,82.3529411764706
a387270b-f2fd-4e48-9334-b7f9b59589a5,Summer 2020/21,640acc6f-fbe7-4494-9ef1-6c8815e84257,ab50b632-3a97-44c0-a27d-c05d1f1e94a6,Under 15 Division 2,michael_fakes,michael_fakes,Michael Fakes,Michael Fakes,2.0,9.0,3,7,9.0,3,3,2021-02-21T23:00:00.0000000+10:30,22.22222222222222,77.77777777777777
a387270b-f2fd-4e48-9334-b7f9b59589a5,Summer 2020/21,640acc6f-fbe7-4494-9ef1-6c8815e84257,ab50b632-3a97-44c0-a27d-c05d1f1e94a6,Under 15 Division 2,noah_bevan,noah_bevan,Noah Bevan,Noah Bevan,8.0,38.0,2,35,38.0,2,2,2021-02-21T23:00:00.0000000+10:30,21.05263157894737,92.10526315789474
a387270b-f2fd-4e48-9334-b7f9b59589a5,Summer 2020/21,640acc6f-fbe7-4494-9ef1-6c8815e84257,ab50b632-3a97-44c0-a27d-c05d1f1e94a6,Under 15 Division 2,raw_1971de3f_c586_4091_86c3_f9a9efef8b6d,raw_1971de3f_c586_4091_86c3_f9a9efef8b6d,Tyson Roser,Tyson Roser,18.0,72.0,5,62,72.0,5,5,2021-02-28T23:00:00.0000000+10:30,25.0,86.11111111111111
a387270b-f2fd-4e48-9334-b7f9b59589a5,Summer 2020/21,640acc6f-fbe7-4494-9ef1-6c8815e84257,ab50b632-3a97-44c0-a27d-c05d1f1e94a6,Under 15 Division 2,raw_220f91c7_eac1_452a_a170_7f623bc3a7ed,raw_220f91c7_eac1_452a_a170_7f623bc3a7ed,Gregor Cooper,Gregor Cooper,2.0,9.0,2,8,9.0,2,2,2021-02-28T23:00:00.0000000+10:30,22.22222222222222,88.88888888888889
a387270b-f2fd-4e48-9334-b7f9b59589a5,Summer 2020/21,640acc6f-fbe7-4494-9ef1-6c8815e84257,ab50b632-3a97-44c0-a27d-c05d1f1e94a6,Under 15 Division 2,raw_22d6b32c_c839_46ee_b902_c205a24e3f60,raw_22d6b32c_c839_46ee_b902_c205a24e3f60,Nalika Subasinghe,Nalika Subasinghe,8.0,41.0,4,35,41.0,4,4,2021-02-28T23:00:00.0000000+10:30,19.51219512195122,85.36585365853658
a387270b-f2fd-4e48-9334-b7f9b59589a5,Summer 2020/21,640acc6f-fbe7-4494-9ef1-6c8815e84257,ab50b632-3a97-44c0-a27d-c05d1f1e94a6,Under 15 Division 2,raw_34df7019_2026_4799_a6ea_c4a807176b5c,raw_34df7019_2026_4799_a6ea_c4a807176b5c,Leroy Hagon,Leroy Hagon,9.0,28.0,4,23,28.0,4,4,2021-02-28T23:00:00.0000000+10:30,32.142857142857146,82.14285714285714
a387270b-f2fd-4e48-9334-b7f9b59589a5,Summer 2020/21,640acc6f-fbe7-4494-9ef1-6c8815e84257,ab50b632-3a97-44c0-a27d-c05d1f1e94a6,Under 15 Division 2,raw_4a7bc836_19a1_4be9_8dda_a9b8d27995f1,raw_4a7bc836_19a1_4be9_8dda_a9b8d27995f1,Isaac Thompson,Isaac Thompson,41.0,117.0,4,87,117.0,4,4,2021-02-28T23:00:00.0000000+10:30,35.042735042735046,74.35897435897436
a387270b-f2fd-4e48-9334-b7f9b59589a5,Summer 2020/21,640acc6f-fbe7-4494-9ef1-6c8815e84257,ab50b632-3a97-44c0-a27d-c05d1f1e94a6,Under 15 Division 2,raw_4ca6bb0a_f18c_45cc_8b83_a787404f3115,raw_4ca6bb0a_f18c_45cc_8b83_a787404f3115,Kathy Sutton,Kathy Sutton,19.0,52.0,4,38,52.0,4,4,2021-02-28T23:00:00.0000000+10:30,36.53846153846154,73.07692307692308
a387270b-f2fd-4e48-9334-b7f9b59589a5,Summer 2020/21,640acc6f-fbe7-4494-9ef1-6c8815e84257,ab50b632-3a97-44c0-a27d-c05d1f1e94a6,Under 15 Division 2,raw_5f765532_7a85_4c7d_8fe2_5db146099d27,raw_5f765532_7a85_4c7d_8fe2_5db146099d27,Oscar Klingberg,Oscar Klingberg,28.0,116.0,3,100,116.0,3,3,2021-02-28T23:00:00.0000000+10:30,24.137931034482758,86.20689655172414
a387270b-f2fd-4e48-9334-b7f9b59589a5,Summer 2020/21,640acc6f-fbe7-4494-9ef1-6c8815e84257,ab50b632-3a97-44c0-a27d-c05d1f1e94a6,Under 15 Division 2,raw_7b01f955_4425_4779_8a2e_0b18d9ab6f26,raw_7b01f955_4425_4779_8a2e_0b18d9ab6f26,Cameron Cooper,Cameron Cooper,6.0,8.0,2,5,8.0,2,2,2021-02-07T23:00:00.0000000+10:30,75.0,62.5
a387270b-f2fd-4e48-9334-b7f9b59589a5,Summer 2020/21,640acc6f-fbe7-4494-9ef1-6c8815e84257,ab50b632-3a97-44c0-a27d-c05d1f1e94a6,Under 15 Division 2,raw_7e080e54_7c5e_4885_aa40_d561428a4412,raw_7e080e54_7c5e_4885_aa40_d561428a4412,Matthew Limpus,Matthew Limpus,8.0,14.0,3,10,14.0,3,3,2021-02-07T23:00:00.0000000+10:30,57.142857142857146,71.42857142857143
a387270b-f2fd-4e48-9334-b7f9b59589a5,Summer 2020/21,640acc6f-fbe7-4494-9ef1-6c8815e84257,ab50b632-3a97-44c0-a27d-c05d1f1e94a6,Under 15 Division 2,raw_8c3a0a3d_acb8_491f_9496_388ec9764a1c,raw_8c3a0a3d_acb8_491f_9496_388ec9764a1c,Jesse Rowston,Jesse Rowston,10.0,48.0,2,40,48.0,2,2,2021-02-28T23:00:00.0000000+10:30,20.833333333333332,83.33333333333333
a387270b-f2fd-4e48-9334-b7f9b59589a5,Summer 2020/21,640acc6f-fbe7-4494-9ef1-6c8815e84257,ab50b632-3a97-44c0-a27d-c05d1f1e94a6,Under 15 Division 2,raw_94636140_8e5c_4dbb_9749_bd9e81f301e0,raw_94636140_8e5c_4dbb_9749_bd9e81f301e0,Rhylee Bhatia-King,Rhylee Bhatia-King,5.0,28.0,3,24,28.0,3,3,2021-02-21T23:00:00.0000000+10:30,17.857142857142858,85.71428571428571
a387270b-f2fd-4e48-9334-b7f9b59589a5,Summer 2020/21,640acc6f-fbe7-4494-9ef1-6c8815e84257,ab50b632-3a97-44c0-a27d-c05d1f1e94a6,Under 15 Division 2,raw_98768630_c0b3_4dfc_aea9_18c48a7255f7,raw_98768630_c0b3_4dfc_aea9_18c48a7255f7,Cooper Rowe,Cooper Rowe,11.0,88.0,3,80,88.0,3,3,2021-02-28T23:00:00.0000000+10:30,12.5,90.9090909090909
a387270b-f2fd-4e48-9334-b7f9b59589a5,Summer 2020/21,640acc6f-fbe7-4494-9ef1-6c8815e84257,ab50b632-3a97-44c0-a27d-c05d1f1e94a6,Under 15 Division 2,raw_99aa7b99_0fff_4f39_a233_212d0377d513,raw_99aa7b99_0fff_4f39_a233_212d0377d513,Pierre Joubert,Pierre Joubert,10.0,45.0,3,41,45.0,3,3,2021-02-28T23:00:00.0000000+10:30,22.22222222222222,91.11111111111111
a387270b-f2fd-4e48-9334-b7f9b59589a5,Summer 2020/21,640acc6f-fbe7-4494-9ef1-6c8815e84257,ab50b632-3a97-44c0-a27d-c05d1f1e94a6,Under 15 Division 2,raw_cf2b623f_6113_459e_994f_2dad691144ba,raw_cf2b623f_6113_459e_994f_2dad691144ba,Brock Hutchinson,Brock Hutchinson,0.0,4.0,1,4,4.0,1,1,2021-02-21T23:00:00.0000000+10:30,0.0,100.0
a387270b-f2fd-4e48-9334-b7f9b59589a5,Summer 2020/21,640acc6f-fbe7-4494-9ef1-6c8815e84257,ab50b632-3a97-44c0-a27d-c05d1f1e94a6,Under 15 Division 2,vincent_cardone,vincent_cardone,Vincent Cardone,Vincent Cardone,18.0,82.0,4,69,82.0,4,4,2021-02-28T23:00:00.0000000+10:30,21.951219512195124,84.14634146341463
a387270b-f2fd-4e48-9334-b7f9b59589a5,Summer 2020/21,70097974-d5aa-4728-ac19-293cae260a37,75b8031a-26e5-4b68-b878-86ac09ffaeb7,Under 14 South Division 2,aidan_richardson,aidan_richardson,Aidan Richardson,Aidan Richardson,0.0,16.0,1,16,16.0,1,1,2021-01-24T19:00:00.0000000+10:30,0.0,100.0
a387270b-f2fd-4e48-9334-b7f9b59589a5,Summer 2020/21,70097974-d5aa-4728-ac19-293cae260a37,75b8031a-26e5-4b68-b878-86ac09ffaeb7,Under 14 South Division 2,felix_lilith_spring,felix_lilith_spring,Felix Lilith-Spring,Felix Lilith-Spring,3.0,12.0,3,10,12.0,3,3,2021-01-24T19:00:00.0000000+10:30,25.0,83.33333333333333
a387270b-f2fd-4e48-9334-b7f9b59589a5,Summer 2020/21,70097974-d5aa-4728-ac19-293cae260a37,75b8031a-26e5-4b68-b878-86ac09ffaeb7,Under 14 South Division 2,harrison_glatter,harrison_glatter,Harrison Glatter,Harrison Glatter,0.0,7.0,2,7,7.0,2,2,2021-01-24T19:00:00.0000000+10:30,0.0,100.0
a387270b-f2fd-4e48-9334-b7f9b59589a5,Summer 2020/21,70097974-d5aa-4728-ac19-293cae260a37,75b8031a-26e5-4b68-b878-86ac09ffaeb7,Under 14 South Division 2,jayden_hower,jayden_hower,Jayden Hower,Jayden Hower,0.0,2.0,1,2,2.0,1,1,2021-01-24T19:00:00.0000000+10:30,0.0,100.0
a387270b-f2fd-4e48-9334-b7f9b59589a5,Summer 2020/21,70097974-d5aa-4728-ac19-293cae260a37,75b8031a-26e5-4b68-b878-86ac09ffaeb7,Under 14 South Division 2,raw_2220f59a_9c50_4a6b_83d0_0988d12f920d,raw_2220f59a_9c50_4a6b_83d0_0988d12f920d,Daniel O'Loughlin,Daniel O'Loughlin,2.0,8.0,2,6,8.0,2,2,2021-01-24T19:00:00.0000000+10:30,25.0,75.0
a387270b-f2fd-4e48-9334-b7f9b59589a5,Summer 2020/21,70097974-d5aa-4728-ac19-293cae260a37,75b8031a-26e5-4b68-b878-86ac09ffaeb7,Under 14 South Division 2,raw_91acefac_f204_4d47_81ba_a8e3a5883683,raw_91acefac_f204_4d47_81ba_a8e3a5883683,Isaac Ritter,Isaac Ritter,0.0,13.0,1,13,13.0,1,1,2021-01-24T19:00:00.0000000+10:30,0.0,100.0
a387270b-f2fd-4e48-9334-b7f9b59589a5,Summer 2020/21,70097974-d5aa-4728-ac19-293cae260a37,75b8031a-26e5-4b68-b878-86ac09ffaeb7,Under 14 South Division 2,raw_f90e2643_12f7_45dd_ad10_855fd64f86c4,raw_f90e2643_12f7_45dd_ad10_855fd64f86c4,Tyler Mckenna,Tyler Mckenna,0.0,6.0,2,6,6.0,2,2,2021-01-24T19:00:00.0000000+10:30,0.0,100.0
a387270b-f2fd-4e48-9334-b7f9b59589a5,Summer 2020/21,7a4bc268-bc33-4d8e-a23d-3caa07284ff4,258deb2a-e305-42d6-9ce1-46025ee7bdc8,C2 Grade,jake_thyssen,jake_thyssen,Jake Thyssen,Jake Thyssen,8.0,16.0,1,12,16.0,1,1,2020-12-19T23:00:00.0000000+10:30,50.0,75.0
a387270b-f2fd-4e48-9334-b7f9b59589a5,Summer 2020/21,7a4bc268-bc33-4d8e-a23d-3caa07284ff4,258deb2a-e305-42d6-9ce1-46025ee7bdc8,C2 Grade,matthew_jeffries,matthew_jeffries,Matthew Jeffries,Matthew Jeffries,30.0,52.0,3,39,52.0,3,3,2021-03-06T23:30:00.0000000+10:30,57.69230769230769,75.0
a387270b-f2fd-4e48-9334-b7f9b59589a5,Summer 2020/21,7a4bc268-bc33-4d8e-a23d-3caa07284ff4,258deb2a-e305-42d6-9ce1-46025ee7bdc8,C2 Grade,nathan_wyatt,nathan_wyatt,Nathan Wyatt,Nathan Wyatt,6.0,11.0,1,9,11.0,1,1,2020-10-17T23:00:00.0000000+10:30,54.54545454545455,81.81818181818181
a387270b-f2fd-4e48-9334-b7f9b59589a5,Summer 2020/21,7a4bc268-bc33-4d8e-a23d-3caa07284ff4,258deb2a-e305-42d6-9ce1-46025ee7bdc8,C2 Grade,raw_0276c452_452a_4da6_9e8d_22e0f3786906,raw_0276c452_452a_4da6_9e8d_22e0f3786906,Michael Thompson,Michael Thompson,41.0,98.0,4,72,98.0,4,4,2021-02-06T23:00:00.0000000+10:30,41.83673469387755,73.46938775510205
a387270b-f2fd-4e48-9334-b7f9b59589a5,Summer 2020/21,7a4bc268-bc33-4d8e-a23d-3caa07284ff4,258deb2a-e305-42d6-9ce1-46025ee7bdc8,C2 Grade,raw_07e4f4bd_6744_4fd5_bda9_daf8e4ffbd26,raw_07e4f4bd_6744_4fd5_bda9_daf8e4ffbd26,Dylan Worrall,Dylan Worrall,15.0,33.0,3,27,33.0,3,3,2021-03-06T23:30:00.0000000+10:30,45.45454545454545,81.81818181818181
a387270b-f2fd-4e48-9334-b7f9b59589a5,Summer 2020/21,7a4bc268-bc33-4d8e-a23d-3caa07284ff4,258deb2a-e305-42d6-9ce1-46025ee7bdc8,C2 Grade,raw_0ce56394_3e06_40fa_a35d_1b0863a049df,raw_0ce56394_3e06_40fa_a35d_1b0863a049df,Scott Mckenzie,Scott Mckenzie,118.0,182.0,9,133,182.0,9,7,2021-03-06T23:30:00.0000000+10:30,64.83516483516483,73.07692307692308
a387270b-f2fd-4e48-9334-b7f9b59589a5,Summer 2020/21,7a4bc268-bc33-4d8e-a23d-3caa07284ff4,258deb2a-e305-42d6-9ce1-46025ee7bdc8,C2 Grade,raw_223fa03d_3d9f_427f_bcb8_cbabfaa65791,raw_223fa03d_3d9f_427f_bcb8_cbabfaa65791,Ben Staggs,Ben Staggs,18.0,45.0,2,34,45.0,2,2,2020-10-31T23:00:00.0000000+10:30,40.0,75.55555555555556
a387270b-f2fd-4e48-9334-b7f9b59589a5,Summer 2020/21,7a4bc268-bc33-4d8e-a23d-3caa07284ff4,258deb2a-e305-42d6-9ce1-46025ee7bdc8,C2 Grade,raw_25a06c2a_bd16_45d5_b4a9_06511381ba94,raw_25a06c2a_bd16_45d5_b4a9_06511381ba94,Bradley Wyatt,Bradley Wyatt,94.0,329.0,9,281,329.0,9,7,2021-03-06T23:30:00.0000000+10:30,28.571428571428573,85.41033434650456
a387270b-f2fd-4e48-9334-b7f9b59589a5,Summer 2020/21,7a4bc268-bc33-4d8e-a23d-3caa07284ff4,258deb2a-e305-42d6-9ce1-46025ee7bdc8,C2 Grade,raw_3132ab5f_295e_4f43_8eab_73495a375654,raw_3132ab5f_295e_4f43_8eab_73495a375654,Buddika De Silva,Buddika De Silva,26.0,73.0,5,61,73.0,5,5,2021-03-06T23:30:00.0000000+10:30,35.61643835616438,83.56164383561644
a387270b-f2fd-4e48-9334-b7f9b59589a5,Summer 2020/21,7a4bc268-bc33-4d8e-a23d-3caa07284ff4,258deb2a-e305-42d6-9ce1-46025ee7bdc8,C2 Grade,raw_4ca6bb0a_f18c_45cc_8b83_a787404f3115,raw_4ca6bb0a_f18c_45cc_8b83_a787404f3115,Kathy Sutton,Kathy Sutton,35.0,83.0,3,64,83.0,3,2,2021-03-06T23:30:00.0000000+10:30,42.16867469879518,77.10843373493977
a387270b-f2fd-4e48-9334-b7f9b59589a5,Summer 2020/21,7a4bc268-bc33-4d8e-a23d-3caa07284ff4,258deb2a-e305-42d6-9ce1-46025ee7bdc8,C2 Grade,raw_7339293a_4b62_41d6_a3ab_818dab60e6da,raw_7339293a_4b62_41d6_a3ab_818dab60e6da,Matthew Russell,Matthew Russell,190.0,216.0,9,134,216.0,9,7,2021-03-06T23:30:00.0000000+10:30,87.96296296296296,62.03703703703704
a387270b-f2fd-4e48-9334-b7f9b59589a5,Summer 2020/21,7a4bc268-bc33-4d8e-a23d-3caa07284ff4,258deb2a-e305-42d6-9ce1-46025ee7bdc8,C2 Grade,raw_761f2f46_806e_4d87_87ee_d2c30ef3f65c,raw_761f2f46_806e_4d87_87ee_d2c30ef3f65c,Matthew Aston,Matthew Aston,15.0,35.0,1,28,35.0,1,1,2020-10-17T23:00:00.0000000+10:30,42.857142857142854,80.0
a387270b-f2fd-4e48-9334-b7f9b59589a5,Summer 2020/21,7a4bc268-bc33-4d8e-a23d-3caa07284ff4,258deb2a-e305-42d6-9ce1-46025ee7bdc8,C2 Grade,raw_aaa8fa44_0a97_4950_bfcc_0ec0cd75227c,raw_aaa8fa44_0a97_4950_bfcc_0ec0cd75227c,Dylan Hoyle,Dylan Hoyle,87.0,136.0,8,103,136.0,8,6,2021-03-06T23:30:00.0000000+10:30,63.970588235294116,75.73529411764706
a387270b-f2fd-4e48-9334-b7f9b59589a5,Summer 2020/21,7a4bc268-bc33-4d8e-a23d-3caa07284ff4,258deb2a-e305-42d6-9ce1-46025ee7bdc8,C2 Grade,raw_b55dcfd8_54a7_4951_a44b_e7f8059c2562,raw_b55dcfd8_54a7_4951_a44b_e7f8059c2562,Luke Hardy,Luke Hardy,27.0,58.0,5,44,58.0,5,5,2021-03-06T23:30:00.0000000+10:30,46.55172413793103,75.86206896551724
a387270b-f2fd-4e48-9334-b7f9b59589a5,Summer 2020/21,7a4bc268-bc33-4d8e-a23d-3caa07284ff4,258deb2a-e305-42d6-9ce1-46025ee7bdc8,C2 Grade,raw_c95fe759_dd09_4c36_bd09_b270f22c27dc,raw_c95fe759_dd09_4c36_bd09_b270f22c27dc,Dawson Horrell,Dawson Horrell,115.0,230.0,7,168,230.0,7,6,2021-03-06T23:30:00.0000000+10:30,50.0,73.04347826086956
a387270b-f2fd-4e48-9334-b7f9b59589a5,Summer 2020/21,7a4bc268-bc33-4d8e-a23d-3caa07284ff4,258deb2a-e305-42d6-9ce1-46025ee7bdc8,C2 Grade,raw_f89db413_fbae_44bf_b75b_10896b2ef2c4,raw_f89db413_fbae_44bf_b75b_10896b2ef2c4,Jase Brodyk,Jase Brodyk,55.0,101.0,5,73,101.0,5,5,2021-03-06T23:30:00.0000000+10:30,54.45544554455446,72.27722772277228
a387270b-f2fd-4e48-9334-b7f9b59589a5,Summer 2020/21,7a4bc268-bc33-4d8e-a23d-3caa07284ff4,258deb2a-e305-42d6-9ce1-46025ee7bdc8,C2 Grade,raw_ff37d773_7965_4faf_bb34_dc50eab3200c,raw_ff37d773_7965_4faf_bb34_dc50eab3200c,********,********,67.0,149.0,4,112,149.0,4,3,2021-02-06T23:00:00.0000000+10:30,44.966442953020135,75.16778523489933
a387270b-f2fd-4e48-9334-b7f9b59589a5,Summer 2020/21,7a4bc268-bc33-4d8e-a23d-3caa07284ff4,258deb2a-e305-42d6-9ce1-46025ee7bdc8,C2 Grade,simon_loizi,simon_loizi,Simon Loizi,Simon Loizi,40.0,104.0,2,88,104.0,2,1,2021-01-23T23:30:00.0000000+10:30,38.46153846153846,84.61538461538461
a387270b-f2fd-4e48-9334-b7f9b59589a5,Summer 2020/21,7a4bc268-bc33-4d8e-a23d-3caa07284ff4,258deb2a-e305-42d6-9ce1-46025ee7bdc8,C2 Grade,thomas_jeffries,thomas_jeffries,Thomas Jeffries,Thomas Jeffries,1.0,43.0,3,42,43.0,3,2,2021-01-23T23:30:00.0000000+10:30,2.3255813953488373,97.67441860465117
a387270b-f2fd-4e48-9334-b7f9b59589a5,Summer 2020/21,7a4bc268-bc33-4d8e-a23d-3caa07284ff4,258deb2a-e305-42d6-9ce1-46025ee7bdc8,C2 Grade,tyson_hocking,tyson_hocking,Tyson Hocking,Tyson Hocking,19.0,35.0,2,23,35.0,2,1,2021-02-20T23:30:00.0000000+10:30,54.285714285714285,65.71428571428571
a387270b-f2fd-4e48-9334-b7f9b59589a5,Summer 2020/21,a4cb6783-8723-4224-8ff4-43329e3ed8a9,c3a4363b-0c67-467d-9d5d-9fc2e405f9ed,Under 12 South Division 2,mitchell_trenorden,mitchell_trenorden,Mitchell Trenorden,Mitchell Trenorden,14.0,29.0,1,19,29.0,1,1,2020-11-14T03:30:00.0000000+10:30,48.275862068965516,65.51724137931035
a387270b-f2fd-4e48-9334-b7f9b59589a5,Summer 2020/21,a4cb6783-8723-4224-8ff4-43329e3ed8a9,c3a4363b-0c67-467d-9d5d-9fc2e405f9ed,Under 12 South Division 2,raw_26d620ac_e51e_45ec_99ba_0004e9362686,raw_26d620ac_e51e_45ec_99ba_0004e9362686,Will Honan,Will Honan,2.0,4.0,1,2,4.0,1,1,2020-11-14T03:30:00.0000000+10:30,50.0,50.0
a387270b-f2fd-4e48-9334-b7f9b59589a5,Summer 2020/21,a4cb6783-8723-4224-8ff4-43329e3ed8a9,c3a4363b-0c67-467d-9d5d-9fc2e405f9ed,Under 12 South Division 2,raw_4d443eda_d631_4b7f_880e_795e12756852,raw_4d443eda_d631_4b7f_880e_795e12756852,Justin Winter,Justin Winter,6.0,6.0,1,3,6.0,1,1,2020-11-14T03:30:00.0000000+10:30,100.0,50.0
a387270b-f2fd-4e48-9334-b7f9b59589a5,Summer 2020/21,a4cb6783-8723-4224-8ff4-43329e3ed8a9,c3a4363b-0c67-467d-9d5d-9fc2e405f9ed,Under 12 South Division 2,raw_8bf47997_be77_43d9_878e_eb969bc79510,raw_8bf47997_be77_43d9_878e_eb969bc79510,Ansh Patel,Ansh Patel,1.0,8.0,1,7,8.0,1,1,2020-11-14T03:30:00.0000000+10:30,12.5,87.5
a387270b-f2fd-4e48-9334-b7f9b59589a5,Summer 2020/21,a4cb6783-8723-4224-8ff4-43329e3ed8a9,c3a4363b-0c67-467d-9d5d-9fc2e405f9ed,Under 12 South Division 2,shivaan_naidu,shivaan_naidu,Shivaan Naidu,Shivaan Naidu,15.0,18.0,1,5,18.0,1,1,2020-11-14T03:30:00.0000000+10:30,83.33333333333333,27.77777777777778
a387270b-f2fd-4e48-9334-b7f9b59589a5,Summer 2020/21,aa1611e4-d72e-481e-a306-c2577f425a7d,9964257c-8290-4197-8933-786848cec450,Under 14 South Division 1,aidan_secomb,aidan_secomb,Aidan Secomb,Aidan Secomb,33.0,66.0,4,49,66.0,4,4,2021-02-21T19:00:00.0000000+10:30,50.0,74.24242424242425
a387270b-f2fd-4e48-9334-b7f9b59589a5,Summer 2020/21,aa1611e4-d72e-481e-a306-c2577f425a7d,9964257c-8290-4197-8933-786848cec450,Under 14 South Division 1,andre_dobie,andre_dobie,Andre Dobie,Andre Dobie,63.0,66.0,5,38,66.0,5,5,2021-02-21T19:00:00.0000000+10:30,95.45454545454545,57.57575757575758
a387270b-f2fd-4e48-9334-b7f9b59589a5,Summer 2020/21,aa1611e4-d72e-481e-a306-c2577f425a7d,9964257c-8290-4197-8933-786848cec450,Under 14 South Division 1,carter_shaw,carter_shaw,Carter Shaw,Carter Shaw,13.0,60.0,4,50,60.0,4,4,2021-02-21T19:00:00.0000000+10:30,21.666666666666668,83.33333333333333
a387270b-f2fd-4e48-9334-b7f9b59589a5,Summer 2020/21,aa1611e4-d72e-481e-a306-c2577f425a7d,9964257c-8290-4197-8933-786848cec450,Under 14 South Division 1,cooper_knowles,cooper_knowles,Cooper Knowles,Cooper Knowles,11.0,80.0,5,70,80.0,5,5,2021-02-21T19:00:00.0000000+10:30,13.75,87.5
a387270b-f2fd-4e48-9334-b7f9b59589a5,Summer 2020/21,aa1611e4-d72e-481e-a306-c2577f425a7d,9964257c-8290-4197-8933-786848cec450,Under 14 South Division 1,levi_swan,levi_swan,Levi Swan,Levi Swan,88.0,82.0,5,46,82.0,5,5,2021-02-21T19:00:00.0000000+10:30,107.3170731707317,56.09756097560975
a387270b-f2fd-4e48-9334-b7f9b59589a5,Summer 2020/21,aa1611e4-d72e-481e-a306-c2577f425a7d,9964257c-8290-4197-8933-786848cec450,Under 14 South Division 1,lucas_sutton,lucas_sutton,Lucas Sutton,Lucas Sutton,68.0,102.0,5,65,102.0,5,5,2021-02-21T19:00:00.0000000+10:30,66.66666666666667,63.72549019607843
a387270b-f2fd-4e48-9334-b7f9b59589a5,Summer 2020/21,aa1611e4-d72e-481e-a306-c2577f425a7d,9964257c-8290-4197-8933-786848cec450,Under 14 South Division 1,milan_roka,milan_roka,Milan Roka,Milan Roka,61.0,100.0,5,63,100.0,5,5,2021-02-21T19:00:00.0000000+10:30,61.0,63.0
a387270b-f2fd-4e48-9334-b7f9b59589a5,Summer 2020/21,aa1611e4-d72e-481e-a306-c2577f425a7d,9964257c-8290-4197-8933-786848cec450,Under 14 South Division 1,raw_37a2fcbe_8fe9_473b_9361_c72736e3038b,raw_37a2fcbe_8fe9_473b_9361_c72736e3038b,Ben Kennedy,Ben Kennedy,34.0,83.0,5,62,83.0,5,5,2021-02-21T19:00:00.0000000+10:30,40.963855421686745,74.6987951807229
a387270b-f2fd-4e48-9334-b7f9b59589a5,Summer 2020/21,aa1611e4-d72e-481e-a306-c2577f425a7d,9964257c-8290-4197-8933-786848cec450,Under 14 South Division 1,raw_40bf69c6_af28_40fe_9298_79a285075925,raw_40bf69c6_af28_40fe_9298_79a285075925,Karen Sheppard,Karen Sheppard,50.0,83.0,5,62,83.0,5,5,2021-02-21T19:00:00.0000000+10:30,60.24096385542169,74.6987951807229
a387270b-f2fd-4e48-9334-b7f9b59589a5,Summer 2020/21,aa1611e4-d72e-481e-a306-c2577f425a7d,9964257c-8290-4197-8933-786848cec450,Under 14 South Division 1,raw_a55b57e4_9da7_4a35_8883_8c96f94ed240,raw_a55b57e4_9da7_4a35_8883_8c96f94ed240,Hudson Borowicki,Hudson Borowicki,12.0,43.0,4,34,43.0,4,4,2021-02-21T19:00:00.0000000+10:30,27.906976744186046,79.06976744186046
a387270b-f2fd-4e48-9334-b7f9b59589a5,Summer 2020/21,aa1611e4-d72e-481e-a306-c2577f425a7d,9964257c-8290-4197-8933-786848cec450,Under 14 South Division 1,raw_bd1d2f42_2618_4b87_9029_b83ef342c678,raw_bd1d2f42_2618_4b87_9029_b83ef342c678,Mitchell Hein,Mitchell Hein,32.0,71.0,4,55,71.0,4,4,2021-02-07T19:00:00.0000000+10:30,45.070422535211264,77.46478873239437
a387270b-f2fd-4e48-9334-b7f9b59589a5,Summer 2020/21,aa1611e4-d72e-481e-a306-c2577f425a7d,9964257c-8290-4197-8933-786848cec450,Under 14 South Division 1,raw_c7cef8e1_0b7d_41b1_8465_1366e4c16c9c,raw_c7cef8e1_0b7d_41b1_8465_1366e4c16c9c,Joshua Viney,Joshua Viney,71.0,104.0,5,71,104.0,5,5,2021-02-21T19:00:00.0000000+10:30,68.26923076923077,68.26923076923077
a387270b-f2fd-4e48-9334-b7f9b59589a5,Summer 2020/21,ae7162c8-d771-452b-90ab-f6e8c2d570c6,75b8031a-26e5-4b68-b878-86ac09ffaeb7,Under 14 South Division 2,bailey_hague,bailey_hague,Bailey Hague,Bailey Hague,8.0,21.0,1,17,21.0,1,1,2021-03-15T07:00:00.0000000+10:30,38.095238095238095,80.95238095238095
a387270b-f2fd-4e48-9334-b7f9b59589a5,Summer 2020/21,ae7162c8-d771-452b-90ab-f6e8c2d570c6,75b8031a-26e5-4b68-b878-86ac09ffaeb7,Under 14 South Division 2,brendan_russell,brendan_russell,Brendan Russell,Brendan Russell,0.0,6.0,2,6,6.0,2,2,2021-03-15T07:00:00.0000000+10:30,0.0,100.0
a387270b-f2fd-4e48-9334-b7f9b59589a5,Summer 2020/21,ae7162c8-d771-452b-90ab-f6e8c2d570c6,75b8031a-26e5-4b68-b878-86ac09ffaeb7,Under 14 South Division 2,cameron_baldock,cameron_baldock,Cameron Baldock,Cameron Baldock,12.0,52.0,4,43,52.0,4,3,2021-03-15T07:00:00.0000000+10:30,23.076923076923077,82.6923076923077
a387270b-f2fd-4e48-9334-b7f9b59589a5,Summer 2020/21,ae7162c8-d771-452b-90ab-f6e8c2d570c6,75b8031a-26e5-4b68-b878-86ac09ffaeb7,Under 14 South Division 2,joshua_mount,joshua_mount,Joshua Mount,Joshua Mount,10.0,34.0,2,24,34.0,2,2,2021-03-15T07:00:00.0000000+10:30,29.41176470588235,70.58823529411765
a387270b-f2fd-4e48-9334-b7f9b59589a5,Summer 2020/21,ae7162c8-d771-452b-90ab-f6e8c2d570c6,75b8031a-26e5-4b68-b878-86ac09ffaeb7,Under 14 South Division 2,liam_harvey,liam_harvey,Liam Harvey,Liam Harvey,2.0,14.0,2,12,14.0,2,2,2021-02-07T19:00:00.0000000+10:30,14.285714285714286,85.71428571428571
a387270b-f2fd-4e48-9334-b7f9b59589a5,Summer 2020/21,ae7162c8-d771-452b-90ab-f6e8c2d570c6,75b8031a-26e5-4b68-b878-86ac09ffaeb7,Under 14 South Division 2,luke_broadwood,luke_broadwood,Luke Broadwood,Luke Broadwood,1.0,8.0,1,7,8.0,1,1,2021-03-15T07:00:00.0000000+10:30,12.5,87.5
a387270b-f2fd-4e48-9334-b7f9b59589a5,Summer 2020/21,ae7162c8-d771-452b-90ab-f6e8c2d570c6,75b8031a-26e5-4b68-b878-86ac09ffaeb7,Under 14 South Division 2,mitchell_russell,mitchell_russell,Mitchell Russell,Mitchell Russell,0.0,2.0,1,2,2.0,1,1,2021-03-15T07:00:00.0000000+10:30,0.0,100.0
a387270b-f2fd-4e48-9334-b7f9b59589a5,Summer 2020/21,ae7162c8-d771-452b-90ab-f6e8c2d570c6,75b8031a-26e5-4b68-b878-86ac09ffaeb7,Under 14 South Division 2,noah_bowman,noah_bowman,Noah Bowman,Noah Bowman,29.0,37.0,2,22,37.0,2,2,2021-03-15T07:00:00.0000000+10:30,78.37837837837837,59.45945945945946
a387270b-f2fd-4e48-9334-b7f9b59589a5,Summer 2020/21,ae7162c8-d771-452b-90ab-f6e8c2d570c6,75b8031a-26e5-4b68-b878-86ac09ffaeb7,Under 14 South Division 2,raw_58a334b5_4f54_41e8_8ba2_f31d92ac35aa,raw_58a334b5_4f54_41e8_8ba2_f31d92ac35aa,Matt Connors,Matt Connors,0.0,1.0,1,1,1.0,1,1,2021-01-10T19:00:00.0000000+10:30,0.0,100.0
a387270b-f2fd-4e48-9334-b7f9b59589a5,Summer 2020/21,ae7162c8-d771-452b-90ab-f6e8c2d570c6,75b8031a-26e5-4b68-b878-86ac09ffaeb7,Under 14 South Division 2,raw_785f5aac_43c8_4afe_9035_2ef740397c4d,raw_785f5aac_43c8_4afe_9035_2ef740397c4d,Tyson Steinmuller,Tyson Steinmuller,16.0,63.0,4,53,63.0,4,3,2021-01-24T19:00:00.0000000+10:30,25.396825396825395,84.12698412698413
a387270b-f2fd-4e48-9334-b7f9b59589a5,Summer 2020/21,ae7162c8-d771-452b-90ab-f6e8c2d570c6,75b8031a-26e5-4b68-b878-86ac09ffaeb7,Under 14 South Division 2,raw_993a5fc6_d9b8_4f37_8542_4dd55a569f12,raw_993a5fc6_d9b8_4f37_8542_4dd55a569f12,Shahzad Chohan,Shahzad Chohan,34.0,59.0,3,40,59.0,3,3,2021-01-24T19:00:00.0000000+10:30,57.6271186440678,67.79661016949153
a387270b-f2fd-4e48-9334-b7f9b59589a5,Summer 2020/21,ae7162c8-d771-452b-90ab-f6e8c2d570c6,75b8031a-26e5-4b68-b878-86ac09ffaeb7,Under 14 South Division 2,raw_a55b57e4_9da7_4a35_8883_8c96f94ed240,raw_a55b57e4_9da7_4a35_8883_8c96f94ed240,Hudson Borowicki,Hudson Borowicki,2.0,7.0,1,5,7.0,1,1,2021-02-07T19:00:00.0000000+10:30,28.571428571428573,71.42857142857143
a387270b-f2fd-4e48-9334-b7f9b59589a5,Summer 2020/21,ae7162c8-d771-452b-90ab-f6e8c2d570c6,75b8031a-26e5-4b68-b878-86ac09ffaeb7,Under 14 South Division 2,raw_cd73e05b_8378_4a38_9238_5ab4d279e0dc,raw_cd73e05b_8378_4a38_9238_5ab4d279e0dc,Joel Howell,Joel Howell,2.0,7.0,1,5,7.0,1,1,2021-03-15T07:00:00.0000000+10:30,28.571428571428573,71.42857142857143
a387270b-f2fd-4e48-9334-b7f9b59589a5,Summer 2020/21,ae7162c8-d771-452b-90ab-f6e8c2d570c6,75b8031a-26e5-4b68-b878-86ac09ffaeb7,Under 14 South Division 2,raw_df992036_f8f1_4b26_8aaf_853e3c90de35,raw_df992036_f8f1_4b26_8aaf_853e3c90de35,********,********,0.0,3.0,1,3,3.0,1,1,2021-01-24T19:00:00.0000000+10:30,0.0,100.0
a387270b-f2fd-4e48-9334-b7f9b59589a5,Summer 2020/21,ae7162c8-d771-452b-90ab-f6e8c2d570c6,75b8031a-26e5-4b68-b878-86ac09ffaeb7,Under 14 South Division 2,raw_ec4376e4_889f_4ed9_b920_e8696d975aad,raw_ec4376e4_889f_4ed9_b920_e8696d975aad,Cooper Lambe,Cooper Lambe,17.0,47.0,3,38,47.0,3,2,2021-01-10T19:00:00.0000000+10:30,36.170212765957444,80.85106382978724
a387270b-f2fd-4e48-9334-b7f9b59589a5,Summer 2020/21,c1ddb881-b30a-40fa-b7bf-7b9218e3946a,c3a4363b-0c67-467d-9d5d-9fc2e405f9ed,Under 12 South Division 2,jayden_simons,jayden_simons,Jayden Simons,Jayden Simons,9.0,31.0,2,26,31.0,2,2,2021-01-31T19:30:00.0000000+10:30,29.032258064516128,83.87096774193549
a387270b-f2fd-4e48-9334-b7f9b59589a5,Summer 2020/21,c1ddb881-b30a-40fa-b7bf-7b9218e3946a,c3a4363b-0c67-467d-9d5d-9fc2e405f9ed,Under 12 South Division 2,mitchell_russell,mitchell_russell,Mitchell Russell,Mitchell Russell,5.0,11.0,2,9,11.0,2,2,2021-01-31T19:30:00.0000000+10:30,45.45454545454545,81.81818181818181
a387270b-f2fd-4e48-9334-b7f9b59589a5,Summer 2020/21,c1ddb881-b30a-40fa-b7bf-7b9218e3946a,c3a4363b-0c67-467d-9d5d-9fc2e405f9ed,Under 12 South Division 2,raw_17d8a493_d4b2_438a_b7c4_69a93a4b5d08,raw_17d8a493_d4b2_438a_b7c4_69a93a4b5d08,********,********,8.0,6.0,1,4,6.0,1,1,2020-10-31T03:30:00.0000000+10:30,133.33333333333334,66.66666666666667
a387270b-f2fd-4e48-9334-b7f9b59589a5,Summer 2020/21,c1ddb881-b30a-40fa-b7bf-7b9218e3946a,c3a4363b-0c67-467d-9d5d-9fc2e405f9ed,Under 12 South Division 2,raw_321acc81_feb9_4f64_97a9_745a53571389,raw_321acc81_feb9_4f64_97a9_745a53571389,Ashton Steele,Ashton Steele,1.0,3.0,1,2,3.0,1,1,2021-01-31T19:30:00.0000000+10:30,33.333333333333336,66.66666666666667
a387270b-f2fd-4e48-9334-b7f9b59589a5,Summer 2020/21,c1ddb881-b30a-40fa-b7bf-7b9218e3946a,c3a4363b-0c67-467d-9d5d-9fc2e405f9ed,Under 12 South Division 2,raw_50abab58_3993_4850_8b01_3251ce3c0284,raw_50abab58_3993_4850_8b01_3251ce3c0284,Riley Buckle,Riley Buckle,0.0,8.0,1,8,8.0,1,1,2020-10-31T03:30:00.0000000+10:30,0.0,100.0
a387270b-f2fd-4e48-9334-b7f9b59589a5,Summer 2020/21,c1ddb881-b30a-40fa-b7bf-7b9218e3946a,c3a4363b-0c67-467d-9d5d-9fc2e405f9ed,Under 12 South Division 2,ryan_langaard,ryan_langaard,Ryan Langaard,Ryan Langaard,11.0,14.0,1,9,14.0,1,1,2020-10-31T03:30:00.0000000+10:30,78.57142857142857,64.28571428571429
a387270b-f2fd-4e48-9334-b7f9b59589a5,Summer 2020/21,d09a3b5b-147d-4b6c-ba30-5bb9eaf1d5ed,79d1d67d-fb51-4a03-b649-08e12130637f,Kookaburra Sports A1 Premier Grade,jake_shaw,jake_shaw,Jake Shaw,Jake Shaw,16.0,47.0,2,40,47.0,2,2,2021-01-23T23:30:00.0000000+10:30,34.04255319148936,85.1063829787234
a387270b-f2fd-4e48-9334-b7f9b59589a5,Summer 2020/21,d09a3b5b-147d-4b6c-ba30-5bb9eaf1d5ed,79d1d67d-fb51-4a03-b649-08e12130637f,Kookaburra Sports A1 Premier Grade,raw_08367b31_4ddd_488e_898c_f43a846de496,raw_08367b31_4ddd_488e_898c_f43a846de496,Alexander Cornelius,Alexander Cornelius,56.0,105.0,3,83,105.0,3,3,2021-02-20T23:30:00.0000000+10:30,53.333333333333336,79.04761904761905
a387270b-f2fd-4e48-9334-b7f9b59589a5,Summer 2020/21,d09a3b5b-147d-4b6c-ba30-5bb9eaf1d5ed,79d1d67d-fb51-4a03-b649-08e12130637f,Kookaburra Sports A1 Premier Grade,raw_0ee061a9_b7b8_4379_ab58_185e759869d2,raw_0ee061a9_b7b8_4379_ab58_185e759869d2,Richard Gabb,Richard Gabb,196.0,266.0,4,184,266.0,4,3,2021-02-20T23:30:00.0000000+10:30,73.6842105263158,69.17293233082707
a387270b-f2fd-4e48-9334-b7f9b59589a5,Summer 2020/21,d09a3b5b-147d-4b6c-ba30-5bb9eaf1d5ed,79d1d67d-fb51-4a03-b649-08e12130637f,Kookaburra Sports A1 Premier Grade,raw_205e8fd2_2a71_4bb7_af36_80deca0a9b8a,raw_205e8fd2_2a71_4bb7_af36_80deca0a9b8a,Matt Hehner,Matt Hehner,50.0,87.0,3,66,87.0,3,3,2021-02-20T23:30:00.0000000+10:30,57.47126436781609,75.86206896551724
a387270b-f2fd-4e48-9334-b7f9b59589a5,Summer 2020/21,d09a3b5b-147d-4b6c-ba30-5bb9eaf1d5ed,79d1d67d-fb51-4a03-b649-08e12130637f,Kookaburra Sports A1 Premier Grade,raw_6b908b4e_1d1a_4919_bea7_378e450b935d,raw_6b908b4e_1d1a_4919_bea7_378e450b935d,Jonathon Hague,Jonathon Hague,47.0,82.0,3,63,82.0,3,3,2021-02-20T23:30:00.0000000+10:30,57.31707317073171,76.82926829268293
a387270b-f2fd-4e48-9334-b7f9b59589a5,Summer 2020/21,d09a3b5b-147d-4b6c-ba30-5bb9eaf1d5ed,79d1d67d-fb51-4a03-b649-08e12130637f,Kookaburra Sports A1 Premier Grade,raw_83c03530_5522_4ee8_aae6_408666e96e51,raw_83c03530_5522_4ee8_aae6_408666e96e51,Todd Middleton,Todd Middleton,80.0,125.0,4,98,125.0,4,3,2021-02-20T23:30:00.0000000+10:30,64.0,78.4
a387270b-f2fd-4e48-9334-b7f9b59589a5,Summer 2020/21,d09a3b5b-147d-4b6c-ba30-5bb9eaf1d5ed,79d1d67d-fb51-4a03-b649-08e12130637f,Kookaburra Sports A1 Premier Grade,raw_84fdf76c_f928_4446_ac58_1560ad97ee17,raw_84fdf76c_f928_4446_ac58_1560ad97ee17,Zac Harris,Zac Harris,14.0,32.0,3,25,32.0,3,3,2021-02-20T23:30:00.0000000+10:30,43.75,78.125
a387270b-f2fd-4e48-9334-b7f9b59589a5,Summer 2020/21,d09a3b5b-147d-4b6c-ba30-5bb9eaf1d5ed,79d1d67d-fb51-4a03-b649-08e12130637f,Kookaburra Sports A1 Premier Grade,raw_98bc2f3b_30cf_4b6d_b441_87e94b2361f0,raw_98bc2f3b_30cf_4b6d_b441_87e94b2361f0,Daniel Rabbett,Daniel Rabbett,22.0,87.0,3,75,87.0,3,3,2021-02-20T23:30:00.0000000+10:30,25.28735632183908,86.20689655172414
a387270b-f2fd-4e48-9334-b7f9b59589a5,Summer 2020/21,d09a3b5b-147d-4b6c-ba30-5bb9eaf1d5ed,79d1d67d-fb51-4a03-b649-08e12130637f,Kookaburra Sports A1 Premier Grade,raw_b270c0b2_5125_4134_a734_62315b457a23,raw_b270c0b2_5125_4134_a734_62315b457a23,Joshua Golding,Joshua Golding,4.0,9.0,1,8,9.0,1,1,2021-02-20T23:30:00.0000000+10:30,44.44444444444444,88.88888888888889
a387270b-f2fd-4e48-9334-b7f9b59589a5,Summer 2020/21,d09a3b5b-147d-4b6c-ba30-5bb9eaf1d5ed,79d1d67d-fb51-4a03-b649-08e12130637f,Kookaburra Sports A1 Premier Grade,raw_cd072a91_2d9b_4dd7_a497_749c1fb9f5ea,raw_cd072a91_2d9b_4dd7_a497_749c1fb9f5ea,Shaun Newell,Shaun Newell,9.0,24.0,4,20,24.0,4,3,2021-02-20T23:30:00.0000000+10:30,37.5,83.33333333333333
a387270b-f2fd-4e48-9334-b7f9b59589a5,Summer 2020/21,d09a3b5b-147d-4b6c-ba30-5bb9eaf1d5ed,79d1d67d-fb51-4a03-b649-08e12130637f,Kookaburra Sports A1 Premier Grade,raw_e3c4ef92_9283_49d3_a007_730905ad5796,raw_e3c4ef92_9283_49d3_a007_730905ad5796,Adam Ellis,Adam Ellis,5.0,28.0,1,26,28.0,1,1,2021-02-20T23:30:00.0000000+10:30,17.857142857142858,92.85714285714286
a387270b-f2fd-4e48-9334-b7f9b59589a5,Summer 2020/21,d09a3b5b-147d-4b6c-ba30-5bb9eaf1d5ed,79d1d67d-fb51-4a03-b649-08e12130637f,Kookaburra Sports A1 Premier Grade,raw_ed1c49de_6316_47fb_a63a_81073b111740,raw_ed1c49de_6316_47fb_a63a_81073b111740,Jordan Wright,Jordan Wright,138.0,368.0,4,294,368.0,4,3,2021-02-20T23:30:00.0000000+10:30,37.5,79.8913043478261
a387270b-f2fd-4e48-9334-b7f9b59589a5,Summer 2020/21,d09a3b5b-147d-4b6c-ba30-5bb9eaf1d5ed,79d1d67d-fb51-4a03-b649-08e12130637f,Kookaburra Sports A1 Premier Grade,raw_eea0ea77_dee1_4437_b2aa_4460513cb53f,raw_eea0ea77_dee1_4437_b2aa_4460513cb53f,Joshua Niederer,Joshua Niederer,8.0,66.0,2,61,66.0,2,2,2021-01-23T23:30:00.0000000+10:30,12.121212121212121,92.42424242424242
a826b403-b813-4318-9805-5bbe4cf7f238,Summer 2025/26,018d0ecf-b050-4593-9e81-5519f1f758b8,0963381e-a0d5-4b3b-9aca-cb651445b0ed,LO Division 6 Fleximake,brendan_russell,brendan_russell,Brendan Russell,Brendan Russell,1.0,5.0,1,4,5.0,1,1,2025-12-06T12:30:00.0000000+10:30,20.0,80.0
a826b403-b813-4318-9805-5bbe4cf7f238,Summer 2025/26,018d0ecf-b050-4593-9e81-5519f1f758b8,0963381e-a0d5-4b3b-9aca-cb651445b0ed,LO Division 6 Fleximake,carter_shaw,carter_shaw,Carter Shaw,Carter Shaw,1.0,18.0,2,17,18.0,2,2,2026-01-17T12:30:00.0000000+10:30,5.555555555555555,94.44444444444444
a826b403-b813-4318-9805-5bbe4cf7f238,Summer 2025/26,018d0ecf-b050-4593-9e81-5519f1f758b8,0963381e-a0d5-4b3b-9aca-cb651445b0ed,LO Division 6 Fleximake,jason_jennings,jason_jennings,Jason Jennings,Jason Jennings,36.0,73.0,1,49,73.0,1,1,2025-12-06T12:30:00.0000000+10:30,49.31506849315068,67.12328767123287
a826b403-b813-4318-9805-5bbe4cf7f238,Summer 2025/26,018d0ecf-b050-4593-9e81-5519f1f758b8,0963381e-a0d5-4b3b-9aca-cb651445b0ed,LO Division 6 Fleximake,jayden_hower,jayden_hower,Jayden Hower,Jayden Hower,8.0,21.0,3,16,21.0,3,3,2026-03-14T12:30:00.0000000+10:30,38.095238095238095,76.19047619047619
a826b403-b813-4318-9805-5bbe4cf7f238,Summer 2025/26,018d0ecf-b050-4593-9e81-5519f1f758b8,0963381e-a0d5-4b3b-9aca-cb651445b0ed,LO Division 6 Fleximake,joel_harvey,joel_harvey,Joel Harvey,Joel Harvey,0.0,4.0,2,4,4.0,2,2,2025-12-06T12:30:00.0000000+10:30,0.0,100.0
a826b403-b813-4318-9805-5bbe4cf7f238,Summer 2025/26,018d0ecf-b050-4593-9e81-5519f1f758b8,0963381e-a0d5-4b3b-9aca-cb651445b0ed,LO Division 6 Fleximake,josh_burrows,josh_burrows,Josh Burrows,Josh Burrows,24.0,42.0,1,33,42.0,1,1,2025-11-08T12:30:00.0000000+10:30,57.142857142857146,78.57142857142857
a826b403-b813-4318-9805-5bbe4cf7f238,Summer 2025/26,018d0ecf-b050-4593-9e81-5519f1f758b8,0963381e-a0d5-4b3b-9aca-cb651445b0ed,LO Division 6 Fleximake,joshua_mount,joshua_mount,Joshua Mount,Joshua Mount,4.0,7.0,1,7,7.0,1,1,2026-01-10T12:30:00.0000000+10:30,57.142857142857146,100.0
a826b403-b813-4318-9805-5bbe4cf7f238,Summer 2025/26,018d0ecf-b050-4593-9e81-5519f1f758b8,0963381e-a0d5-4b3b-9aca-cb651445b0ed,LO Division 6 Fleximake,leigh_kuerschner,leigh_kuerschner,Leigh Kuerschner,Leigh Kuerschner,62.0,58.0,2,33,58.0,2,2,2026-01-17T12:30:00.0000000+10:30,106.89655172413794,56.89655172413793
a826b403-b813-4318-9805-5bbe4cf7f238,Summer 2025/26,018d0ecf-b050-4593-9e81-5519f1f758b8,0963381e-a0d5-4b3b-9aca-cb651445b0ed,LO Division 6 Fleximake,liam_harvey,liam_harvey,Liam Harvey,Liam Harvey,57.0,246.0,8,212,246.0,8,8,2026-03-21T12:30:00.0000000+10:30,23.170731707317074,86.17886178861788
a826b403-b813-4318-9805-5bbe4cf7f238,Summer 2025/26,018d0ecf-b050-4593-9e81-5519f1f758b8,0963381e-a0d5-4b3b-9aca-cb651445b0ed,LO Division 6 Fleximake,matthew_jeffries,matthew_jeffries,Matthew Jeffries,Matthew Jeffries,15.0,51.0,3,37,51.0,3,3,2026-02-21T12:30:00.0000000+10:30,29.41176470588235,72.54901960784314
a826b403-b813-4318-9805-5bbe4cf7f238,Summer 2025/26,018d0ecf-b050-4593-9e81-5519f1f758b8,0963381e-a0d5-4b3b-9aca-cb651445b0ed,LO Division 6 Fleximake,max_tonkin,max_tonkin,Max Tonkin,Max Tonkin,18.0,48.0,4,38,48.0,4,4,2026-03-21T12:30:00.0000000+10:30,37.5,79.16666666666667
a826b403-b813-4318-9805-5bbe4cf7f238,Summer 2025/26,018d0ecf-b050-4593-9e81-5519f1f758b8,0963381e-a0d5-4b3b-9aca-cb651445b0ed,LO Division 6 Fleximake,mitchell_russell,mitchell_russell,Mitchell Russell,Mitchell Russell,5.0,14.0,4,11,14.0,4,4,2026-02-14T12:30:00.0000000+10:30,35.714285714285715,78.57142857142857
a826b403-b813-4318-9805-5bbe4cf7f238,Summer 2025/26,018d0ecf-b050-4593-9e81-5519f1f758b8,0963381e-a0d5-4b3b-9aca-cb651445b0ed,LO Division 6 Fleximake,noah_bevan,noah_bevan,Noah Bevan,Noah Bevan,90.0,188.0,11,127,188.0,11,11,2026-03-21T12:30:00.0000000+10:30,47.87234042553192,67.55319148936171
a826b403-b813-4318-9805-5bbe4cf7f238,Summer 2025/26,018d0ecf-b050-4593-9e81-5519f1f758b8,0963381e-a0d5-4b3b-9aca-cb651445b0ed,LO Division 6 Fleximake,raw_411e1957_a125_49b1_8b62_13190deed13d,raw_411e1957_a125_49b1_8b62_13190deed13d,Hardik Patel,Hardik Patel,51.0,35.0,3,16,35.0,3,3,2025-11-15T12:30:00.0000000+10:30,145.71428571428572,45.714285714285715
a826b403-b813-4318-9805-5bbe4cf7f238,Summer 2025/26,018d0ecf-b050-4593-9e81-5519f1f758b8,0963381e-a0d5-4b3b-9aca-cb651445b0ed,LO Division 6 Fleximake,raw_5c4b13ef_34ea_4c42_a114_47e2fdd19973,raw_5c4b13ef_34ea_4c42_a114_47e2fdd19973,Paul Richardson,Paul Richardson,0.0,1.0,1,1,1.0,1,1,2026-02-21T12:30:00.0000000+10:30,0.0,100.0
a826b403-b813-4318-9805-5bbe4cf7f238,Summer 2025/26,018d0ecf-b050-4593-9e81-5519f1f758b8,0963381e-a0d5-4b3b-9aca-cb651445b0ed,LO Division 6 Fleximake,raw_701b0bc5_6d0f_4d16_9416_9f901bfa7177,raw_701b0bc5_6d0f_4d16_9416_9f901bfa7177,Daniel O'Loughlin,Daniel O'Loughlin,19.0,102.0,5,90,102.0,5,5,2026-03-21T12:30:00.0000000+10:30,18.627450980392158,88.23529411764706
a826b403-b813-4318-9805-5bbe4cf7f238,Summer 2025/26,018d0ecf-b050-4593-9e81-5519f1f758b8,0963381e-a0d5-4b3b-9aca-cb651445b0ed,LO Division 6 Fleximake,raw_7339293a_4b62_41d6_a3ab_818dab60e6da,raw_7339293a_4b62_41d6_a3ab_818dab60e6da,Matthew Russell,Matthew Russell,321.0,289.0,13,156,289.0,13,13,2026-03-21T12:30:00.0000000+10:30,111.07266435986159,53.97923875432526
a826b403-b813-4318-9805-5bbe4cf7f238,Summer 2025/26,018d0ecf-b050-4593-9e81-5519f1f758b8,0963381e-a0d5-4b3b-9aca-cb651445b0ed,LO Division 6 Fleximake,raw_73f1bd06_c31d_43c0_9d1f_43c9220c933a,raw_73f1bd06_c31d_43c0_9d1f_43c9220c933a,Leon Vico,Leon Vico,72.0,78.0,2,49,78.0,2,2,2026-01-10T12:30:00.0000000+10:30,92.3076923076923,62.82051282051282
a826b403-b813-4318-9805-5bbe4cf7f238,Summer 2025/26,018d0ecf-b050-4593-9e81-5519f1f758b8,0963381e-a0d5-4b3b-9aca-cb651445b0ed,LO Division 6 Fleximake,raw_834bf7e8_0f69_45ed_a196_9265b26156a8,raw_834bf7e8_0f69_45ed_a196_9265b26156a8,Stuart Mcinnes,Stuart Mcinnes,164.0,205.0,8,136,205.0,8,8,2026-03-21T12:30:00.0000000+10:30,80.0,66.34146341463415
a826b403-b813-4318-9805-5bbe4cf7f238,Summer 2025/26,018d0ecf-b050-4593-9e81-5519f1f758b8,0963381e-a0d5-4b3b-9aca-cb651445b0ed,LO Division 6 Fleximake,raw_89e643f3_aaad_4f8f_bbbc_f226d60cd7fe,raw_89e643f3_aaad_4f8f_bbbc_f226d60cd7fe,Paul Glatter,Paul Glatter,12.0,17.0,2,11,17.0,2,2,2026-03-14T12:30:00.0000000+10:30,70.58823529411765,64.70588235294117
a826b403-b813-4318-9805-5bbe4cf7f238,Summer 2025/26,018d0ecf-b050-4593-9e81-5519f1f758b8,0963381e-a0d5-4b3b-9aca-cb651445b0ed,LO Division 6 Fleximake,raw_b247d897_1748_43c2_8ee7_8c5d25f2f10d,raw_b247d897_1748_43c2_8ee7_8c5d25f2f10d,Daniel Bindig,Daniel Bindig,15.0,65.0,7,58,65.0,7,7,2026-03-21T12:30:00.0000000+10:30,23.076923076923077,89.23076923076923
a826b403-b813-4318-9805-5bbe4cf7f238,Summer 2025/26,018d0ecf-b050-4593-9e81-5519f1f758b8,0963381e-a0d5-4b3b-9aca-cb651445b0ed,LO Division 6 Fleximake,raw_d6ced614_9910_403f_8575_bb01c9c68ecb,raw_d6ced614_9910_403f_8575_bb01c9c68ecb,Josh Rudd,Josh Rudd,512.0,684.0,10,444,684.0,10,10,2026-03-21T12:30:00.0000000+10:30,74.85380116959064,64.91228070175438
a826b403-b813-4318-9805-5bbe4cf7f238,Summer 2025/26,018d0ecf-b050-4593-9e81-5519f1f758b8,0963381e-a0d5-4b3b-9aca-cb651445b0ed,LO Division 6 Fleximake,raw_d920d838_0697_4a8a_8ca9_90dab67e3ce9,raw_d920d838_0697_4a8a_8ca9_90dab67e3ce9,Mitchell Pumphrey,Mitchell Pumphrey,0.0,4.0,1,4,4.0,1,1,2025-12-06T12:30:00.0000000+10:30,0.0,100.0
a826b403-b813-4318-9805-5bbe4cf7f238,Summer 2025/26,018d0ecf-b050-4593-9e81-5519f1f758b8,0963381e-a0d5-4b3b-9aca-cb651445b0ed,LO Division 6 Fleximake,raw_daca9c8e_5540_4ba8_b89d_97651d99a195,raw_daca9c8e_5540_4ba8_b89d_97651d99a195,Ben Worrall,Ben Worrall,22.0,37.0,1,26,37.0,1,1,2025-11-01T12:30:00.0000000+10:30,59.45945945945946,70.27027027027027
a826b403-b813-4318-9805-5bbe4cf7f238,Summer 2025/26,018d0ecf-b050-4593-9e81-5519f1f758b8,0963381e-a0d5-4b3b-9aca-cb651445b0ed,LO Division 6 Fleximake,raw_f89db413_fbae_44bf_b75b_10896b2ef2c4,raw_f89db413_fbae_44bf_b75b_10896b2ef2c4,Jase Brodyk,Jase Brodyk,4.0,16.0,1,12,16.0,1,1,2025-12-06T12:30:00.0000000+10:30,25.0,75.0
a826b403-b813-4318-9805-5bbe4cf7f238,Summer 2025/26,018d0ecf-b050-4593-9e81-5519f1f758b8,0963381e-a0d5-4b3b-9aca-cb651445b0ed,LO Division 6 Fleximake,thomas_jeffries,thomas_jeffries,Thomas Jeffries,Thomas Jeffries,156.0,272.0,9,199,272.0,9,9,2026-03-21T12:30:00.0000000+10:30,57.35294117647059,73.16176470588235
a826b403-b813-4318-9805-5bbe4cf7f238,Summer 2025/26,018d0ecf-b050-4593-9e81-5519f1f758b8,0963381e-a0d5-4b3b-9aca-cb651445b0ed,LO Division 6 Fleximake,wayne_copley,wayne_copley,Wayne Copley,Wayne Copley,181.0,231.0,8,149,231.0,8,8,2026-03-21T12:30:00.0000000+10:30,78.35497835497836,64.5021645021645
a826b403-b813-4318-9805-5bbe4cf7f238,Summer 2025/26,09c3fc0a-9b3e-4ac5-8459-01d0a5e00928,5a6ff4de-efae-480a-bd0b-9c451a8ff1eb,U10 Division 2,raw_1fb34626_da0d_4515_8f3c_c50384ad8778,raw_1fb34626_da0d_4515_8f3c_c50384ad8778,Jai Wakefield,Jai Wakefield,1.0,11.0,1,10,11.0,1,1,2025-12-14T09:00:00.0000000+10:30,9.090909090909092,90.9090909090909
a826b403-b813-4318-9805-5bbe4cf7f238,Summer 2025/26,09c3fc0a-9b3e-4ac5-8459-01d0a5e00928,5a6ff4de-efae-480a-bd0b-9c451a8ff1eb,U10 Division 2,raw_2dd72624_2a9c_4da3_b5be_9e0f67a9d336,raw_2dd72624_2a9c_4da3_b5be_9e0f67a9d336,Lewis Gregor,Lewis Gregor,4.0,13.0,1,9,13.0,1,1,2025-12-14T09:00:00.0000000+10:30,30.76923076923077,69.23076923076923
a826b403-b813-4318-9805-5bbe4cf7f238,Summer 2025/26,09c3fc0a-9b3e-4ac5-8459-01d0a5e00928,5a6ff4de-efae-480a-bd0b-9c451a8ff1eb,U10 Division 2,raw_4456cb10_e3c7_4828_82b8_960098504af5,raw_4456cb10_e3c7_4828_82b8_960098504af5,Mason Wakefield,Mason Wakefield,5.0,16.0,1,14,16.0,1,1,2025-12-14T09:00:00.0000000+10:30,31.25,87.5
a826b403-b813-4318-9805-5bbe4cf7f238,Summer 2025/26,09c3fc0a-9b3e-4ac5-8459-01d0a5e00928,5a6ff4de-efae-480a-bd0b-9c451a8ff1eb,U10 Division 2,raw_44a15ef1_3898_457d_b263_ea690393b1a3,raw_44a15ef1_3898_457d_b263_ea690393b1a3,Reeve Wakefield,Reeve Wakefield,0.0,12.0,1,13,12.0,1,1,2025-12-14T09:00:00.0000000+10:30,0.0,108.33333333333333
a826b403-b813-4318-9805-5bbe4cf7f238,Summer 2025/26,09c3fc0a-9b3e-4ac5-8459-01d0a5e00928,5a6ff4de-efae-480a-bd0b-9c451a8ff1eb,U10 Division 2,raw_5068e374_1c33_4aa6_9fdb_1ec49ab1cadd,raw_5068e374_1c33_4aa6_9fdb_1ec49ab1cadd,Maxwell Bohen-Hayes,Maxwell Bohen-Hayes,3.0,14.0,1,11,14.0,1,1,2025-12-14T09:00:00.0000000+10:30,21.428571428571427,78.57142857142857
a826b403-b813-4318-9805-5bbe4cf7f238,Summer 2025/26,09c3fc0a-9b3e-4ac5-8459-01d0a5e00928,5a6ff4de-efae-480a-bd0b-9c451a8ff1eb,U10 Division 2,raw_549a1a32_fc39_4df5_93b6_66cab1a9e0af,raw_549a1a32_fc39_4df5_93b6_66cab1a9e0af,Isaac Traeger,Isaac Traeger,7.0,14.0,1,10,14.0,1,1,2025-12-14T09:00:00.0000000+10:30,50.0,71.42857142857143
a826b403-b813-4318-9805-5bbe4cf7f238,Summer 2025/26,09c3fc0a-9b3e-4ac5-8459-01d0a5e00928,5a6ff4de-efae-480a-bd0b-9c451a8ff1eb,U10 Division 2,raw_63bc5ca5_14f9_4702_92e9_356ac6d1fc17,raw_63bc5ca5_14f9_4702_92e9_356ac6d1fc17,Alfie Munn,Alfie Munn,0.0,10.0,1,10,10.0,1,1,2025-12-14T09:00:00.0000000+10:30,0.0,100.0
a826b403-b813-4318-9805-5bbe4cf7f238,Summer 2025/26,09c3fc0a-9b3e-4ac5-8459-01d0a5e00928,5a6ff4de-efae-480a-bd0b-9c451a8ff1eb,U10 Division 2,raw_d5f6340b_ddf5_4b06_9ebf_ceb29574cd51,raw_d5f6340b_ddf5_4b06_9ebf_ceb29574cd51,Fletcher Munn,Fletcher Munn,2.0,17.0,1,15,17.0,1,1,2025-12-14T09:00:00.0000000+10:30,11.764705882352942,88.23529411764706
a826b403-b813-4318-9805-5bbe4cf7f238,Summer 2025/26,4a28176e-5492-4060-891c-49d401760752,accd1598-63bc-486f-a315-42450daddbb9,O'Neills Sports T20 Division 1,brock_carlisle,brock_carlisle,Brock Carlisle,Brock Carlisle,3.0,12.0,2,9,12.0,2,2,2025-12-02T17:00:00.0000000+10:30,25.0,75.0
a826b403-b813-4318-9805-5bbe4cf7f238,Summer 2025/26,4a28176e-5492-4060-891c-49d401760752,accd1598-63bc-486f-a315-42450daddbb9,O'Neills Sports T20 Division 1,carter_shaw,carter_shaw,Carter Shaw,Carter Shaw,0.0,1.0,1,1,1.0,1,1,2025-12-02T17:00:00.0000000+10:30,0.0,100.0
a826b403-b813-4318-9805-5bbe4cf7f238,Summer 2025/26,4a28176e-5492-4060-891c-49d401760752,accd1598-63bc-486f-a315-42450daddbb9,O'Neills Sports T20 Division 1,leigh_kuerschner,leigh_kuerschner,Leigh Kuerschner,Leigh Kuerschner,2.0,2.0,1,0,2.0,1,1,2026-01-13T17:10:00.0000000+10:30,100.0,0.0
a826b403-b813-4318-9805-5bbe4cf7f238,Summer 2025/26,4a28176e-5492-4060-891c-49d401760752,accd1598-63bc-486f-a315-42450daddbb9,O'Neills Sports T20 Division 1,liam_harvey,liam_harvey,Liam Harvey,Liam Harvey,2.0,2.0,1,1,2.0,1,1,2026-01-13T17:10:00.0000000+10:30,100.0,50.0
a826b403-b813-4318-9805-5bbe4cf7f238,Summer 2025/26,4a28176e-5492-4060-891c-49d401760752,accd1598-63bc-486f-a315-42450daddbb9,O'Neills Sports T20 Division 1,raw_0ac11e9b_8c39_46a5_a223_87e276de8d4f,raw_0ac11e9b_8c39_46a5_a223_87e276de8d4f,Hayden Sutton,Hayden Sutton,36.0,37.0,3,16,37.0,3,3,2026-01-13T17:10:00.0000000+10:30,97.29729729729729,43.24324324324324
a826b403-b813-4318-9805-5bbe4cf7f238,Summer 2025/26,4a28176e-5492-4060-891c-49d401760752,accd1598-63bc-486f-a315-42450daddbb9,O'Neills Sports T20 Division 1,raw_205e8fd2_2a71_4bb7_af36_80deca0a9b8a,raw_205e8fd2_2a71_4bb7_af36_80deca0a9b8a,Matt Hehner,Matt Hehner,36.0,51.0,4,23,51.0,4,4,2026-01-13T17:10:00.0000000+10:30,70.58823529411765,45.09803921568628
a826b403-b813-4318-9805-5bbe4cf7f238,Summer 2025/26,4a28176e-5492-4060-891c-49d401760752,accd1598-63bc-486f-a315-42450daddbb9,O'Neills Sports T20 Division 1,raw_20e21aee_29a8_4f34_9912_39ab923db418,raw_20e21aee_29a8_4f34_9912_39ab923db418,Aarhan Ehtiram Siddique,Aarhan Ehtiram Siddique,44.0,55.0,4,32,55.0,4,4,2026-01-13T17:10:00.0000000+10:30,80.0,58.18181818181818
a826b403-b813-4318-9805-5bbe4cf7f238,Summer 2025/26,4a28176e-5492-4060-891c-49d401760752,accd1598-63bc-486f-a315-42450daddbb9,O'Neills Sports T20 Division 1,raw_2c6484e1_aded_46b4_95ed_cc7b3ea1a25c,raw_2c6484e1_aded_46b4_95ed_cc7b3ea1a25c,Michael Chunys,Michael Chunys,5.0,22.0,3,18,22.0,3,3,2026-01-13T17:10:00.0000000+10:30,22.727272727272727,81.81818181818181
a826b403-b813-4318-9805-5bbe4cf7f238,Summer 2025/26,4a28176e-5492-4060-891c-49d401760752,accd1598-63bc-486f-a315-42450daddbb9,O'Neills Sports T20 Division 1,raw_576ea2d4_89e4_4c7d_9de4_48fb14bb5475,raw_576ea2d4_89e4_4c7d_9de4_48fb14bb5475,Josh Croom,Josh Croom,2.0,4.0,1,2,4.0,1,1,2025-11-18T17:00:00.0000000+10:30,50.0,50.0
a826b403-b813-4318-9805-5bbe4cf7f238,Summer 2025/26,4a28176e-5492-4060-891c-49d401760752,accd1598-63bc-486f-a315-42450daddbb9,O'Neills Sports T20 Division 1,raw_72c0f5e2_1af9_4067_8986_6434e7f87ee2,raw_72c0f5e2_1af9_4067_8986_6434e7f87ee2,Gihan Nimsara,Gihan Nimsara,134.0,112.0,4,49,112.0,4,4,2026-01-13T17:10:00.0000000+10:30,119.64285714285714,43.75
a826b403-b813-4318-9805-5bbe4cf7f238,Summer 2025/26,4a28176e-5492-4060-891c-49d401760752,accd1598-63bc-486f-a315-42450daddbb9,O'Neills Sports T20 Division 1,raw_8bb5f2db_d414_4636_8d5d_3b21c4b84e27,raw_8bb5f2db_d414_4636_8d5d_3b21c4b84e27,Love Minhas,Love Minhas,14.0,23.0,2,12,23.0,2,2,2025-12-09T17:00:00.0000000+10:30,60.869565217391305,52.17391304347826
a826b403-b813-4318-9805-5bbe4cf7f238,Summer 2025/26,4a28176e-5492-4060-891c-49d401760752,accd1598-63bc-486f-a315-42450daddbb9,O'Neills Sports T20 Division 1,raw_98bc2f3b_30cf_4b6d_b441_87e94b2361f0,raw_98bc2f3b_30cf_4b6d_b441_87e94b2361f0,Daniel Rabbett,Daniel Rabbett,1.0,1.0,1,0,1.0,1,1,2026-01-13T17:10:00.0000000+10:30,100.0,0.0
a826b403-b813-4318-9805-5bbe4cf7f238,Summer 2025/26,4a28176e-5492-4060-891c-49d401760752,accd1598-63bc-486f-a315-42450daddbb9,O'Neills Sports T20 Division 1,raw_aaa8fa44_0a97_4950_bfcc_0ec0cd75227c,raw_aaa8fa44_0a97_4950_bfcc_0ec0cd75227c,Dylan Hoyle,Dylan Hoyle,1.0,4.0,1,3,4.0,1,1,2025-12-09T17:00:00.0000000+10:30,25.0,75.0
a826b403-b813-4318-9805-5bbe4cf7f238,Summer 2025/26,4a28176e-5492-4060-891c-49d401760752,accd1598-63bc-486f-a315-42450daddbb9,O'Neills Sports T20 Division 1,raw_b270c0b2_5125_4134_a734_62315b457a23,raw_b270c0b2_5125_4134_a734_62315b457a23,Joshua Golding,Joshua Golding,17.0,26.0,2,14,26.0,2,2,2025-12-02T17:00:00.0000000+10:30,65.38461538461539,53.84615384615385
a826b403-b813-4318-9805-5bbe4cf7f238,Summer 2025/26,4a28176e-5492-4060-891c-49d401760752,accd1598-63bc-486f-a315-42450daddbb9,O'Neills Sports T20 Division 1,raw_b2cedc68_089b_4c05_9a04_67d9dda8acfe,raw_b2cedc68_089b_4c05_9a04_67d9dda8acfe,Benjamin James,Benjamin James,3.0,8.0,1,5,8.0,1,1,2025-12-02T17:00:00.0000000+10:30,37.5,62.5
a826b403-b813-4318-9805-5bbe4cf7f238,Summer 2025/26,4a28176e-5492-4060-891c-49d401760752,accd1598-63bc-486f-a315-42450daddbb9,O'Neills Sports T20 Division 1,raw_c9d264ee_f99b_4b70_9012_4c05c6ef223e,raw_c9d264ee_f99b_4b70_9012_4c05c6ef223e,Kyle Petty,Kyle Petty,6.0,16.0,3,10,16.0,3,3,2026-01-13T17:10:00.0000000+10:30,37.5,62.5
a826b403-b813-4318-9805-5bbe4cf7f238,Summer 2025/26,4a28176e-5492-4060-891c-49d401760752,accd1598-63bc-486f-a315-42450daddbb9,O'Neills Sports T20 Division 1,raw_d57013de_a994_49cc_814d_b7811cec5c31,raw_d57013de_a994_49cc_814d_b7811cec5c31,Travis Bronstein,Travis Bronstein,15.0,18.0,1,6,18.0,1,1,2025-12-02T17:00:00.0000000+10:30,83.33333333333333,33.333333333333336
a826b403-b813-4318-9805-5bbe4cf7f238,Summer 2025/26,4a28176e-5492-4060-891c-49d401760752,accd1598-63bc-486f-a315-42450daddbb9,O'Neills Sports T20 Division 1,raw_ebfba965_6649_40b8_89b4_72ef12fac103,raw_ebfba965_6649_40b8_89b4_72ef12fac103,Matthew Overall,Matthew Overall,21.0,13.0,1,6,13.0,1,1,2025-12-02T17:00:00.0000000+10:30,161.53846153846155,46.15384615384615
a826b403-b813-4318-9805-5bbe4cf7f238,Summer 2025/26,4a28176e-5492-4060-891c-49d401760752,accd1598-63bc-486f-a315-42450daddbb9,O'Neills Sports T20 Division 1,raw_ed1c49de_6316_47fb_a63a_81073b111740,raw_ed1c49de_6316_47fb_a63a_81073b111740,Jordan Wright,Jordan Wright,39.0,42.0,1,23,42.0,1,1,2025-12-09T17:00:00.0000000+10:30,92.85714285714286,54.76190476190476
a826b403-b813-4318-9805-5bbe4cf7f238,Summer 2025/26,4a28176e-5492-4060-891c-49d401760752,accd1598-63bc-486f-a315-42450daddbb9,O'Neills Sports T20 Division 1,raw_ff0946c1_9877_43b7_b83a_16ced032696e,raw_ff0946c1_9877_43b7_b83a_16ced032696e,Shaminda Eranga Ranaweera Mudiyanselage,Shaminda Eranga Ranaweera Mudiyanselage,30.0,33.0,4,16,33.0,4,4,2026-01-13T17:10:00.0000000+10:30,90.9090909090909,48.484848484848484
a826b403-b813-4318-9805-5bbe4cf7f238,Summer 2025/26,5687e15c-01e0-4264-b455-6f0ba89512d9,9ae8e91c-9f13-4a56-8d64-af8bf19526f7,O'Neills Sports T20 Division 2,brock_carlisle,brock_carlisle,Brock Carlisle,Brock Carlisle,37.0,62.0,4,35,62.0,4,4,2026-02-03T17:10:00.0000000+10:30,59.67741935483871,56.45161290322581
a826b403-b813-4318-9805-5bbe4cf7f238,Summer 2025/26,5687e15c-01e0-4264-b455-6f0ba89512d9,9ae8e91c-9f13-4a56-8d64-af8bf19526f7,O'Neills Sports T20 Division 2,leigh_kuerschner,leigh_kuerschner,Leigh Kuerschner,Leigh Kuerschner,15.0,7.0,1,2,7.0,1,1,2026-01-06T17:10:00.0000000+10:30,214.28571428571428,28.571428571428573
a826b403-b813-4318-9805-5bbe4cf7f238,Summer 2025/26,5687e15c-01e0-4264-b455-6f0ba89512d9,9ae8e91c-9f13-4a56-8d64-af8bf19526f7,O'Neills Sports T20 Division 2,lucas_sutton,lucas_sutton,Lucas Sutton,Lucas Sutton,17.0,27.0,3,13,27.0,3,3,2026-02-03T17:10:00.0000000+10:30,62.96296296296296,48.148148148148145
a826b403-b813-4318-9805-5bbe4cf7f238,Summer 2025/26,5687e15c-01e0-4264-b455-6f0ba89512d9,9ae8e91c-9f13-4a56-8d64-af8bf19526f7,O'Neills Sports T20 Division 2,raw_08367b31_4ddd_488e_898c_f43a846de496,raw_08367b31_4ddd_488e_898c_f43a846de496,Alexander Cornelius,Alexander Cornelius,4.0,12.0,2,8,12.0,2,2,2026-01-13T17:10:00.0000000+10:30,33.333333333333336,66.66666666666667
a826b403-b813-4318-9805-5bbe4cf7f238,Summer 2025/26,5687e15c-01e0-4264-b455-6f0ba89512d9,9ae8e91c-9f13-4a56-8d64-af8bf19526f7,O'Neills Sports T20 Division 2,raw_15226ed6_8fd9_479d_b752_ec738be4fb09,raw_15226ed6_8fd9_479d_b752_ec738be4fb09,Ridham Patel,Ridham Patel,3.0,8.0,1,5,8.0,1,1,2025-12-02T17:00:00.0000000+10:30,37.5,62.5
a826b403-b813-4318-9805-5bbe4cf7f238,Summer 2025/26,5687e15c-01e0-4264-b455-6f0ba89512d9,9ae8e91c-9f13-4a56-8d64-af8bf19526f7,O'Neills Sports T20 Division 2,raw_19f4088d_be49_498e_9a49_f3934043359b,raw_19f4088d_be49_498e_9a49_f3934043359b,Bradley Sibbons,Bradley Sibbons,3.0,7.0,3,4,7.0,3,3,2026-02-03T17:10:00.0000000+10:30,42.857142857142854,57.142857142857146
a826b403-b813-4318-9805-5bbe4cf7f238,Summer 2025/26,5687e15c-01e0-4264-b455-6f0ba89512d9,9ae8e91c-9f13-4a56-8d64-af8bf19526f7,O'Neills Sports T20 Division 2,raw_33ea59a7_0c09_4c3d_9a8a_37a505f8edc6,raw_33ea59a7_0c09_4c3d_9a8a_37a505f8edc6,Jed Rooke,Jed Rooke,9.0,19.0,3,10,19.0,3,3,2026-01-13T17:10:00.0000000+10:30,47.36842105263158,52.63157894736842
a826b403-b813-4318-9805-5bbe4cf7f238,Summer 2025/26,5687e15c-01e0-4264-b455-6f0ba89512d9,9ae8e91c-9f13-4a56-8d64-af8bf19526f7,O'Neills Sports T20 Division 2,raw_3423b111_7f0f_495c_8242_116cd53f5672,raw_3423b111_7f0f_495c_8242_116cd53f5672,Luke Hardy,Luke Hardy,3.0,5.0,1,2,5.0,1,1,2025-12-02T17:00:00.0000000+10:30,60.0,40.0
a826b403-b813-4318-9805-5bbe4cf7f238,Summer 2025/26,5687e15c-01e0-4264-b455-6f0ba89512d9,9ae8e91c-9f13-4a56-8d64-af8bf19526f7,O'Neills Sports T20 Division 2,raw_3f030316_4515_4a0b_9454_1a0672742649,raw_3f030316_4515_4a0b_9454_1a0672742649,Eli Alabaster,Eli Alabaster,11.0,20.0,4,10,20.0,4,4,2026-02-03T17:10:00.0000000+10:30,55.0,50.0
a826b403-b813-4318-9805-5bbe4cf7f238,Summer 2025/26,5687e15c-01e0-4264-b455-6f0ba89512d9,9ae8e91c-9f13-4a56-8d64-af8bf19526f7,O'Neills Sports T20 Division 2,raw_6a8b979b_dd97_4e4b_9d57_4d6d66f99f68,raw_6a8b979b_dd97_4e4b_9d57_4d6d66f99f68,Mathew Pereira,Mathew Pereira,13.0,16.0,1,10,16.0,1,1,2026-01-06T17:10:00.0000000+10:30,81.25,62.5
a826b403-b813-4318-9805-5bbe4cf7f238,Summer 2025/26,5687e15c-01e0-4264-b455-6f0ba89512d9,9ae8e91c-9f13-4a56-8d64-af8bf19526f7,O'Neills Sports T20 Division 2,raw_98bc2f3b_30cf_4b6d_b441_87e94b2361f0,raw_98bc2f3b_30cf_4b6d_b441_87e94b2361f0,Daniel Rabbett,Daniel Rabbett,22.0,30.0,4,13,30.0,4,4,2026-02-03T17:10:00.0000000+10:30,73.33333333333333,43.333333333333336
a826b403-b813-4318-9805-5bbe4cf7f238,Summer 2025/26,5687e15c-01e0-4264-b455-6f0ba89512d9,9ae8e91c-9f13-4a56-8d64-af8bf19526f7,O'Neills Sports T20 Division 2,raw_aaa8fa44_0a97_4950_bfcc_0ec0cd75227c,raw_aaa8fa44_0a97_4950_bfcc_0ec0cd75227c,Dylan Hoyle,Dylan Hoyle,48.0,57.0,4,31,57.0,4,4,2026-02-03T17:10:00.0000000+10:30,84.21052631578948,54.3859649122807
a826b403-b813-4318-9805-5bbe4cf7f238,Summer 2025/26,5687e15c-01e0-4264-b455-6f0ba89512d9,9ae8e91c-9f13-4a56-8d64-af8bf19526f7,O'Neills Sports T20 Division 2,raw_ad67b4d8_9926_4c29_95e0_74cba9a27fe1,raw_ad67b4d8_9926_4c29_95e0_74cba9a27fe1,Aarav A Patel,Aarav A Patel,7.0,12.0,1,6,12.0,1,1,2025-12-02T17:00:00.0000000+10:30,58.333333333333336,50.0
a826b403-b813-4318-9805-5bbe4cf7f238,Summer 2025/26,5687e15c-01e0-4264-b455-6f0ba89512d9,9ae8e91c-9f13-4a56-8d64-af8bf19526f7,O'Neills Sports T20 Division 2,raw_b270c0b2_5125_4134_a734_62315b457a23,raw_b270c0b2_5125_4134_a734_62315b457a23,Joshua Golding,Joshua Golding,72.0,67.0,4,36,67.0,4,4,2026-02-03T17:10:00.0000000+10:30,107.46268656716418,53.73134328358209
a826b403-b813-4318-9805-5bbe4cf7f238,Summer 2025/26,5687e15c-01e0-4264-b455-6f0ba89512d9,9ae8e91c-9f13-4a56-8d64-af8bf19526f7,O'Neills Sports T20 Division 2,raw_b2cedc68_089b_4c05_9a04_67d9dda8acfe,raw_b2cedc68_089b_4c05_9a04_67d9dda8acfe,Benjamin James,Benjamin James,55.0,60.0,4,34,60.0,4,4,2026-02-03T17:10:00.0000000+10:30,91.66666666666667,56.666666666666664
a826b403-b813-4318-9805-5bbe4cf7f238,Summer 2025/26,5687e15c-01e0-4264-b455-6f0ba89512d9,9ae8e91c-9f13-4a56-8d64-af8bf19526f7,O'Neills Sports T20 Division 2,raw_cacf1769_82da_4c70_b723_a50dc6b78917,raw_cacf1769_82da_4c70_b723_a50dc6b78917,Lachlan Knight,Lachlan Knight,14.0,17.0,1,10,17.0,1,1,2025-12-02T17:00:00.0000000+10:30,82.3529411764706,58.8235294117647
a826b403-b813-4318-9805-5bbe4cf7f238,Summer 2025/26,5687e15c-01e0-4264-b455-6f0ba89512d9,9ae8e91c-9f13-4a56-8d64-af8bf19526f7,O'Neills Sports T20 Division 2,raw_d57013de_a994_49cc_814d_b7811cec5c31,raw_d57013de_a994_49cc_814d_b7811cec5c31,Travis Bronstein,Travis Bronstein,131.0,94.0,3,35,94.0,3,3,2026-02-03T17:10:00.0000000+10:30,139.36170212765958,37.234042553191486
a826b403-b813-4318-9805-5bbe4cf7f238,Summer 2025/26,5687e15c-01e0-4264-b455-6f0ba89512d9,9ae8e91c-9f13-4a56-8d64-af8bf19526f7,O'Neills Sports T20 Division 2,raw_ed1c49de_6316_47fb_a63a_81073b111740,raw_ed1c49de_6316_47fb_a63a_81073b111740,Jordan Wright,Jordan Wright,53.0,68.0,3,40,68.0,3,3,2026-02-03T17:10:00.0000000+10:30,77.94117647058823,58.8235294117647
a826b403-b813-4318-9805-5bbe4cf7f238,Summer 2025/26,5687e15c-01e0-4264-b455-6f0ba89512d9,9ae8e91c-9f13-4a56-8d64-af8bf19526f7,O'Neills Sports T20 Division 2,raw_eea0ea77_dee1_4437_b2aa_4460513cb53f,raw_eea0ea77_dee1_4437_b2aa_4460513cb53f,Joshua Niederer,Joshua Niederer,10.0,19.0,3,12,19.0,3,3,2026-02-03T17:10:00.0000000+10:30,52.63157894736842,63.1578947368421
a826b403-b813-4318-9805-5bbe4cf7f238,Summer 2025/26,5c4476c9-df67-46db-b751-c4f5ec2d8319,1c361708-fba6-4bbc-8e49-e3b8f9241f16,U12 Division 2,raw_0fce3f8b_1eb9_4259_a150_cebb1f98bed4,raw_0fce3f8b_1eb9_4259_a150_cebb1f98bed4,Kieran Taylor,Kieran Taylor,61.0,93.0,3,48,93.0,3,3,2026-02-22T08:35:00.0000000+10:30,65.59139784946237,51.61290322580645
a826b403-b813-4318-9805-5bbe4cf7f238,Summer 2025/26,5c4476c9-df67-46db-b751-c4f5ec2d8319,1c361708-fba6-4bbc-8e49-e3b8f9241f16,U12 Division 2,raw_1ac708e2_4a22_484b_a6c8_acea1d1d84c3,raw_1ac708e2_4a22_484b_a6c8_acea1d1d84c3,Mitchell Reid,Mitchell Reid,16.0,68.0,4,47,68.0,4,4,2026-02-22T08:35:00.0000000+10:30,23.529411764705884,69.11764705882354
a826b403-b813-4318-9805-5bbe4cf7f238,Summer 2025/26,5c4476c9-df67-46db-b751-c4f5ec2d8319,1c361708-fba6-4bbc-8e49-e3b8f9241f16,U12 Division 2,raw_1cb508f6_c640_46a0_bb0a_82f357bf2a19,raw_1cb508f6_c640_46a0_bb0a_82f357bf2a19,Max Koenecke,Max Koenecke,22.0,48.0,3,24,48.0,3,3,2026-02-22T08:35:00.0000000+10:30,45.833333333333336,50.0
a826b403-b813-4318-9805-5bbe4cf7f238,Summer 2025/26,5c4476c9-df67-46db-b751-c4f5ec2d8319,1c361708-fba6-4bbc-8e49-e3b8f9241f16,U12 Division 2,raw_23ddc6be_c3c6_459f_a4eb_3d7476143c6d,raw_23ddc6be_c3c6_459f_a4eb_3d7476143c6d,Tobias Rohrlach,Tobias Rohrlach,9.0,14.0,1,7,14.0,1,1,2026-02-06T17:00:00.0000000+10:30,64.28571428571429,50.0
a826b403-b813-4318-9805-5bbe4cf7f238,Summer 2025/26,5c4476c9-df67-46db-b751-c4f5ec2d8319,1c361708-fba6-4bbc-8e49-e3b8f9241f16,U12 Division 2,raw_410ae86d_ebbf_44b0_8565_d79e31a87c69,raw_410ae86d_ebbf_44b0_8565_d79e31a87c69,Hayden Castanelli,Hayden Castanelli,81.0,100.0,5,51,100.0,5,5,2026-02-22T08:35:00.0000000+10:30,81.0,51.0
a826b403-b813-4318-9805-5bbe4cf7f238,Summer 2025/26,5c4476c9-df67-46db-b751-c4f5ec2d8319,1c361708-fba6-4bbc-8e49-e3b8f9241f16,U12 Division 2,raw_6fb38f28_fbd2_4e13_9a45_e944f8ccbb80,raw_6fb38f28_fbd2_4e13_9a45_e944f8ccbb80,Jackson Jefferies,Jackson Jefferies,9.0,29.0,2,17,29.0,2,2,2026-02-01T08:30:00.0000000+10:30,31.03448275862069,58.62068965517241
a826b403-b813-4318-9805-5bbe4cf7f238,Summer 2025/26,5c4476c9-df67-46db-b751-c4f5ec2d8319,1c361708-fba6-4bbc-8e49-e3b8f9241f16,U12 Division 2,raw_751545e7_68b0_4957_bf56_8ec5c8ace2ab,raw_751545e7_68b0_4957_bf56_8ec5c8ace2ab,William Sadler,William Sadler,11.0,25.0,2,16,25.0,2,2,2026-02-22T08:35:00.0000000+10:30,44.0,64.0
a826b403-b813-4318-9805-5bbe4cf7f238,Summer 2025/26,5c4476c9-df67-46db-b751-c4f5ec2d8319,1c361708-fba6-4bbc-8e49-e3b8f9241f16,U12 Division 2,raw_77e78913_a31b_43d0_9f95_9bc6d5c828bf,raw_77e78913_a31b_43d0_9f95_9bc6d5c828bf,Aaveer Bansal,Aaveer Bansal,51.0,84.0,5,46,84.0,5,5,2026-02-22T08:35:00.0000000+10:30,60.714285714285715,54.76190476190476
a826b403-b813-4318-9805-5bbe4cf7f238,Summer 2025/26,5c4476c9-df67-46db-b751-c4f5ec2d8319,1c361708-fba6-4bbc-8e49-e3b8f9241f16,U12 Division 2,raw_9f0b9650_7bd6_467f_93a0_ceea963ae138,raw_9f0b9650_7bd6_467f_93a0_ceea963ae138,Harrison Bennett,Harrison Bennett,16.0,24.0,2,12,24.0,2,2,2026-02-06T17:00:00.0000000+10:30,66.66666666666667,50.0
a826b403-b813-4318-9805-5bbe4cf7f238,Summer 2025/26,5c4476c9-df67-46db-b751-c4f5ec2d8319,1c361708-fba6-4bbc-8e49-e3b8f9241f16,U12 Division 2,raw_a2b59a4b_49fe_40ab_90b1_74169061b015,raw_a2b59a4b_49fe_40ab_90b1_74169061b015,Finn Castanelli,Finn Castanelli,53.0,78.0,5,45,78.0,5,5,2026-02-22T08:35:00.0000000+10:30,67.94871794871794,57.69230769230769
a826b403-b813-4318-9805-5bbe4cf7f238,Summer 2025/26,5c4476c9-df67-46db-b751-c4f5ec2d8319,1c361708-fba6-4bbc-8e49-e3b8f9241f16,U12 Division 2,raw_ab761545_ed5c_44f5_9b83_f9db513d7cf8,raw_ab761545_ed5c_44f5_9b83_f9db513d7cf8,Zachary Harvey,Zachary Harvey,104.0,118.0,4,54,118.0,4,4,2026-02-22T08:35:00.0000000+10:30,88.13559322033899,45.76271186440678
a826b403-b813-4318-9805-5bbe4cf7f238,Summer 2025/26,5c4476c9-df67-46db-b751-c4f5ec2d8319,1c361708-fba6-4bbc-8e49-e3b8f9241f16,U12 Division 2,raw_c25f4fc0_0035_4a25_a559_e63ad8e15976,raw_c25f4fc0_0035_4a25_a559_e63ad8e15976,Cullen Thomas,Cullen Thomas,12.0,37.0,2,26,37.0,2,2,2026-02-22T08:35:00.0000000+10:30,32.432432432432435,70.27027027027027
a826b403-b813-4318-9805-5bbe4cf7f238,Summer 2025/26,5c4476c9-df67-46db-b751-c4f5ec2d8319,1c361708-fba6-4bbc-8e49-e3b8f9241f16,U12 Division 2,raw_d3edebad_ca5e_4f29_8267_a044033625d3,raw_d3edebad_ca5e_4f29_8267_a044033625d3,Dylan Howie,Dylan Howie,17.0,37.0,3,25,37.0,3,3,2026-02-22T08:35:00.0000000+10:30,45.945945945945944,67.56756756756756
a826b403-b813-4318-9805-5bbe4cf7f238,Summer 2025/26,66de7e64-1dba-4325-a531-ba97f3d8563c,5b833924-4972-40e3-a968-bd852c631d34,U17 Division 2,bailey_hague,bailey_hague,Bailey Hague,Bailey Hague,140.0,245.0,8,167,245.0,8,8,2026-03-22T11:45:00.0000000+10:30,57.142857142857146,68.16326530612245
a826b403-b813-4318-9805-5bbe4cf7f238,Summer 2025/26,66de7e64-1dba-4325-a531-ba97f3d8563c,5b833924-4972-40e3-a968-bd852c631d34,U17 Division 2,cayden_ford,cayden_ford,Cayden Ford,Cayden Ford,4.0,9.0,1,6,9.0,1,1,2025-12-07T13:00:00.0000000+10:30,44.44444444444444,66.66666666666667
a826b403-b813-4318-9805-5bbe4cf7f238,Summer 2025/26,66de7e64-1dba-4325-a531-ba97f3d8563c,5b833924-4972-40e3-a968-bd852c631d34,U17 Division 2,cooper_knowles,cooper_knowles,Cooper Knowles,Cooper Knowles,79.0,203.0,8,147,203.0,8,8,2026-03-22T11:45:00.0000000+10:30,38.916256157635466,72.41379310344827
a826b403-b813-4318-9805-5bbe4cf7f238,Summer 2025/26,66de7e64-1dba-4325-a531-ba97f3d8563c,5b833924-4972-40e3-a968-bd852c631d34,U17 Division 2,harrison_glatter,harrison_glatter,Harrison Glatter,Harrison Glatter,47.0,106.0,7,80,106.0,7,7,2026-03-22T11:45:00.0000000+10:30,44.339622641509436,75.47169811320755
a826b403-b813-4318-9805-5bbe4cf7f238,Summer 2025/26,66de7e64-1dba-4325-a531-ba97f3d8563c,5b833924-4972-40e3-a968-bd852c631d34,U17 Division 2,joshua_mount,joshua_mount,Joshua Mount,Joshua Mount,12.0,14.0,2,6,14.0,2,2,2026-01-25T12:30:00.0000000+10:30,85.71428571428571,42.857142857142854
a826b403-b813-4318-9805-5bbe4cf7f238,Summer 2025/26,66de7e64-1dba-4325-a531-ba97f3d8563c,5b833924-4972-40e3-a968-bd852c631d34,U17 Division 2,mitchell_trenorden,mitchell_trenorden,Mitchell Trenorden,Mitchell Trenorden,127.0,273.0,5,202,273.0,5,5,2026-03-22T11:45:00.0000000+10:30,46.52014652014652,73.99267399267399
a826b403-b813-4318-9805-5bbe4cf7f238,Summer 2025/26,66de7e64-1dba-4325-a531-ba97f3d8563c,5b833924-4972-40e3-a968-bd852c631d34,U17 Division 2,raw_0684f51e_be68_464f_aa0d_c48234de4388,raw_0684f51e_be68_464f_aa0d_c48234de4388,Levi Reinertsen,Levi Reinertsen,3.0,9.0,2,7,9.0,2,2,2026-01-25T12:30:00.0000000+10:30,33.333333333333336,77.77777777777777
a826b403-b813-4318-9805-5bbe4cf7f238,Summer 2025/26,66de7e64-1dba-4325-a531-ba97f3d8563c,5b833924-4972-40e3-a968-bd852c631d34,U17 Division 2,raw_2357cd91_625f_4677_ad0c_f9be317c47ae,raw_2357cd91_625f_4677_ad0c_f9be317c47ae,Lucas Elliott,Lucas Elliott,192.0,330.0,7,239,330.0,7,7,2026-03-22T11:45:00.0000000+10:30,58.18181818181818,72.42424242424242
a826b403-b813-4318-9805-5bbe4cf7f238,Summer 2025/26,66de7e64-1dba-4325-a531-ba97f3d8563c,5b833924-4972-40e3-a968-bd852c631d34,U17 Division 2,raw_25be9f5e_af19_43a6_8d9d_826112200276,raw_25be9f5e_af19_43a6_8d9d_826112200276,Hudson Fraser,Hudson Fraser,3.0,6.0,3,3,6.0,3,3,2026-01-18T12:30:00.0000000+10:30,50.0,50.0
a826b403-b813-4318-9805-5bbe4cf7f238,Summer 2025/26,66de7e64-1dba-4325-a531-ba97f3d8563c,5b833924-4972-40e3-a968-bd852c631d34,U17 Division 2,raw_26cb2c08_9ab9_4344_bfea_fb8647f67de5,raw_26cb2c08_9ab9_4344_bfea_fb8647f67de5,Ansh Patel,Ansh Patel,52.0,56.0,3,33,56.0,3,3,2026-03-22T11:45:00.0000000+10:30,92.85714285714286,58.92857142857143
a826b403-b813-4318-9805-5bbe4cf7f238,Summer 2025/26,66de7e64-1dba-4325-a531-ba97f3d8563c,5b833924-4972-40e3-a968-bd852c631d34,U17 Division 2,raw_3e1adebb_52c6_4915_ad92_93ac5ec5d9eb,raw_3e1adebb_52c6_4915_ad92_93ac5ec5d9eb,Dane Higgins,Dane Higgins,108.0,210.0,6,144,210.0,6,6,2026-03-22T11:45:00.0000000+10:30,51.42857142857143,68.57142857142857
a826b403-b813-4318-9805-5bbe4cf7f238,Summer 2025/26,66de7e64-1dba-4325-a531-ba97f3d8563c,5b833924-4972-40e3-a968-bd852c631d34,U17 Division 2,raw_daca9c8e_5540_4ba8_b89d_97651d99a195,raw_daca9c8e_5540_4ba8_b89d_97651d99a195,Ben Worrall,Ben Worrall,93.0,80.0,5,33,80.0,5,5,2026-03-22T11:45:00.0000000+10:30,116.25,41.25
a826b403-b813-4318-9805-5bbe4cf7f238,Summer 2025/26,66de7e64-1dba-4325-a531-ba97f3d8563c,5b833924-4972-40e3-a968-bd852c631d34,U17 Division 2,raw_f0643b00_2119_4566_b81a_7dc0bf647502,raw_f0643b00_2119_4566_b81a_7dc0bf647502,Tyler Ifould,Tyler Ifould,93.0,267.0,7,214,267.0,7,7,2026-03-22T11:45:00.0000000+10:30,34.831460674157306,80.1498127340824
a826b403-b813-4318-9805-5bbe4cf7f238,Summer 2025/26,66de7e64-1dba-4325-a531-ba97f3d8563c,5b833924-4972-40e3-a968-bd852c631d34,U17 Division 2,raw_f28835ae_8cb8_48fa_8644_9a02f1181927,raw_f28835ae_8cb8_48fa_8644_9a02f1181927,Euan Beavan,Euan Beavan,1.0,11.0,1,10,11.0,1,1,2026-01-25T12:30:00.0000000+10:30,9.090909090909092,90.9090909090909
a826b403-b813-4318-9805-5bbe4cf7f238,Summer 2025/26,66de7e64-1dba-4325-a531-ba97f3d8563c,5b833924-4972-40e3-a968-bd852c631d34,U17 Division 2,raw_fafe27de_3436_4138_98e3_9ba221548c71,raw_fafe27de_3436_4138_98e3_9ba221548c71,Bailey Winter,Bailey Winter,88.0,184.0,7,137,184.0,7,7,2026-03-22T11:45:00.0000000+10:30,47.82608695652174,74.45652173913044
a826b403-b813-4318-9805-5bbe4cf7f238,Summer 2025/26,66de7e64-1dba-4325-a531-ba97f3d8563c,5b833924-4972-40e3-a968-bd852c631d34,U17 Division 2,zac_egan,zac_egan,Zac Egan,Zac Egan,60.0,130.0,6,95,130.0,6,6,2026-03-22T11:45:00.0000000+10:30,46.15384615384615,73.07692307692308
a826b403-b813-4318-9805-5bbe4cf7f238,Summer 2025/26,68ea2b2b-16eb-4604-b780-c9aba595566f,eecbfb76-3f21-4511-980b-baeddea15550,C1 Grade,brendan_russell,brendan_russell,Brendan Russell,Brendan Russell,9.0,13.0,2,6,13.0,2,2,2026-03-07T12:20:00.0000000+10:30,69.23076923076923,46.15384615384615
a826b403-b813-4318-9805-5bbe4cf7f238,Summer 2025/26,68ea2b2b-16eb-4604-b780-c9aba595566f,eecbfb76-3f21-4511-980b-baeddea15550,C1 Grade,jake_thyssen,jake_thyssen,Jake Thyssen,Jake Thyssen,5.0,16.0,3,11,16.0,3,3,2026-03-07T12:20:00.0000000+10:30,31.25,68.75
a826b403-b813-4318-9805-5bbe4cf7f238,Summer 2025/26,68ea2b2b-16eb-4604-b780-c9aba595566f,eecbfb76-3f21-4511-980b-baeddea15550,C1 Grade,jason_jennings,jason_jennings,Jason Jennings,Jason Jennings,222.0,472.0,4,354,472.0,4,4,2026-03-07T12:20:00.0000000+10:30,47.03389830508475,75.0
a826b403-b813-4318-9805-5bbe4cf7f238,Summer 2025/26,68ea2b2b-16eb-4604-b780-c9aba595566f,eecbfb76-3f21-4511-980b-baeddea15550,C1 Grade,josh_burrows,josh_burrows,Josh Burrows,Josh Burrows,88.0,93.0,2,60,93.0,2,2,2026-02-14T12:50:00.0000000+10:30,94.6236559139785,64.51612903225806
a826b403-b813-4318-9805-5bbe4cf7f238,Summer 2025/26,68ea2b2b-16eb-4604-b780-c9aba595566f,eecbfb76-3f21-4511-980b-baeddea15550,C1 Grade,matthew_jeffries,matthew_jeffries,Matthew Jeffries,Matthew Jeffries,0.0,4.0,1,4,4.0,1,1,2026-01-31T12:50:00.0000000+10:30,0.0,100.0
a826b403-b813-4318-9805-5bbe4cf7f238,Summer 2025/26,68ea2b2b-16eb-4604-b780-c9aba595566f,eecbfb76-3f21-4511-980b-baeddea15550,C1 Grade,mitchell_russell,mitchell_russell,Mitchell Russell,Mitchell Russell,0.0,1.0,1,1,1.0,1,1,2026-01-31T12:50:00.0000000+10:30,0.0,100.0
a826b403-b813-4318-9805-5bbe4cf7f238,Summer 2025/26,68ea2b2b-16eb-4604-b780-c9aba595566f,eecbfb76-3f21-4511-980b-baeddea15550,C1 Grade,raw_05ecaede_d979_4b30_94fa_8738bef6faf4,raw_05ecaede_d979_4b30_94fa_8738bef6faf4,Greg Harriss,Greg Harriss,14.0,28.0,3,18,28.0,3,3,2026-03-07T12:20:00.0000000+10:30,50.0,64.28571428571429
a826b403-b813-4318-9805-5bbe4cf7f238,Summer 2025/26,68ea2b2b-16eb-4604-b780-c9aba595566f,eecbfb76-3f21-4511-980b-baeddea15550,C1 Grade,raw_5c4b13ef_34ea_4c42_a114_47e2fdd19973,raw_5c4b13ef_34ea_4c42_a114_47e2fdd19973,Paul Richardson,Paul Richardson,27.0,61.0,2,44,61.0,2,2,2026-03-07T12:20:00.0000000+10:30,44.26229508196721,72.1311475409836
a826b403-b813-4318-9805-5bbe4cf7f238,Summer 2025/26,68ea2b2b-16eb-4604-b780-c9aba595566f,eecbfb76-3f21-4511-980b-baeddea15550,C1 Grade,raw_701b0bc5_6d0f_4d16_9416_9f901bfa7177,raw_701b0bc5_6d0f_4d16_9416_9f901bfa7177,Daniel O'Loughlin,Daniel O'Loughlin,31.0,104.0,4,87,104.0,4,4,2026-03-07T12:20:00.0000000+10:30,29.807692307692307,83.65384615384616
a826b403-b813-4318-9805-5bbe4cf7f238,Summer 2025/26,68ea2b2b-16eb-4604-b780-c9aba595566f,eecbfb76-3f21-4511-980b-baeddea15550,C1 Grade,raw_73f1bd06_c31d_43c0_9d1f_43c9220c933a,raw_73f1bd06_c31d_43c0_9d1f_43c9220c933a,Leon Vico,Leon Vico,17.0,16.0,1,9,16.0,1,1,2026-02-14T12:50:00.0000000+10:30,106.25,56.25
a826b403-b813-4318-9805-5bbe4cf7f238,Summer 2025/26,68ea2b2b-16eb-4604-b780-c9aba595566f,eecbfb76-3f21-4511-980b-baeddea15550,C1 Grade,raw_d920d838_0697_4a8a_8ca9_90dab67e3ce9,raw_d920d838_0697_4a8a_8ca9_90dab67e3ce9,Mitchell Pumphrey,Mitchell Pumphrey,63.0,96.0,4,66,96.0,4,4,2026-03-07T12:20:00.0000000+10:30,65.625,68.75
a826b403-b813-4318-9805-5bbe4cf7f238,Summer 2025/26,68ea2b2b-16eb-4604-b780-c9aba595566f,eecbfb76-3f21-4511-980b-baeddea15550,C1 Grade,raw_daca9c8e_5540_4ba8_b89d_97651d99a195,raw_daca9c8e_5540_4ba8_b89d_97651d99a195,Ben Worrall,Ben Worrall,2.0,8.0,1,7,8.0,1,1,2026-03-07T12:20:00.0000000+10:30,25.0,87.5
a826b403-b813-4318-9805-5bbe4cf7f238,Summer 2025/26,68ea2b2b-16eb-4604-b780-c9aba595566f,eecbfb76-3f21-4511-980b-baeddea15550,C1 Grade,raw_f89db413_fbae_44bf_b75b_10896b2ef2c4,raw_f89db413_fbae_44bf_b75b_10896b2ef2c4,Jase Brodyk,Jase Brodyk,47.0,63.0,4,39,63.0,4,4,2026-03-07T12:20:00.0000000+10:30,74.60317460317461,61.904761904761905
a826b403-b813-4318-9805-5bbe4cf7f238,Summer 2025/26,68ea2b2b-16eb-4604-b780-c9aba595566f,eecbfb76-3f21-4511-980b-baeddea15550,C1 Grade,simon_loizi,simon_loizi,Simon Loizi,Simon Loizi,169.0,277.0,3,169,277.0,3,3,2026-03-07T12:20:00.0000000+10:30,61.01083032490975,61.01083032490975
a826b403-b813-4318-9805-5bbe4cf7f238,Summer 2025/26,68ea2b2b-16eb-4604-b780-c9aba595566f,eecbfb76-3f21-4511-980b-baeddea15550,C1 Grade,tyson_hocking,tyson_hocking,Tyson Hocking,Tyson Hocking,5.0,36.0,3,31,36.0,3,3,2026-03-07T12:20:00.0000000+10:30,13.88888888888889,86.11111111111111
a826b403-b813-4318-9805-5bbe4cf7f238,Summer 2025/26,6d41a02c-ba05-4f50-9d1d-1665838ced3a,0ddf2fae-7d41-4752-918e-ad1439a19219,A1 Kookaburra Sports Premier Grade,brock_carlisle,brock_carlisle,Brock Carlisle,Brock Carlisle,83.0,305.0,6,257,305.0,6,6,2026-03-07T12:20:00.0000000+10:30,27.21311475409836,84.26229508196721
a826b403-b813-4318-9805-5bbe4cf7f238,Summer 2025/26,6d41a02c-ba05-4f50-9d1d-1665838ced3a,0ddf2fae-7d41-4752-918e-ad1439a19219,A1 Kookaburra Sports Premier Grade,carter_shaw,carter_shaw,Carter Shaw,Carter Shaw,0.0,19.0,1,19,19.0,1,1,2026-03-07T12:20:00.0000000+10:30,0.0,100.0
a826b403-b813-4318-9805-5bbe4cf7f238,Summer 2025/26,6d41a02c-ba05-4f50-9d1d-1665838ced3a,0ddf2fae-7d41-4752-918e-ad1439a19219,A1 Kookaburra Sports Premier Grade,raw_0ac11e9b_8c39_46a5_a223_87e276de8d4f,raw_0ac11e9b_8c39_46a5_a223_87e276de8d4f,Hayden Sutton,Hayden Sutton,74.0,86.0,8,53,86.0,8,8,2026-02-14T12:50:00.0000000+10:30,86.04651162790698,61.627906976744185
a826b403-b813-4318-9805-5bbe4cf7f238,Summer 2025/26,6d41a02c-ba05-4f50-9d1d-1665838ced3a,0ddf2fae-7d41-4752-918e-ad1439a19219,A1 Kookaburra Sports Premier Grade,raw_15226ed6_8fd9_479d_b752_ec738be4fb09,raw_15226ed6_8fd9_479d_b752_ec738be4fb09,Ridham Patel,Ridham Patel,2.0,14.0,3,12,14.0,3,3,2025-11-08T12:50:00.0000000+10:30,14.285714285714286,85.71428571428571
a826b403-b813-4318-9805-5bbe4cf7f238,Summer 2025/26,6d41a02c-ba05-4f50-9d1d-1665838ced3a,0ddf2fae-7d41-4752-918e-ad1439a19219,A1 Kookaburra Sports Premier Grade,raw_205e8fd2_2a71_4bb7_af36_80deca0a9b8a,raw_205e8fd2_2a71_4bb7_af36_80deca0a9b8a,Matt Hehner,Matt Hehner,181.0,284.0,9,214,284.0,9,9,2026-03-07T12:20:00.0000000+10:30,63.732394366197184,75.35211267605634
a826b403-b813-4318-9805-5bbe4cf7f238,Summer 2025/26,6d41a02c-ba05-4f50-9d1d-1665838ced3a,0ddf2fae-7d41-4752-918e-ad1439a19219,A1 Kookaburra Sports Premier Grade,raw_20e21aee_29a8_4f34_9912_39ab923db418,raw_20e21aee_29a8_4f34_9912_39ab923db418,Aarhan Ehtiram Siddique,Aarhan Ehtiram Siddique,194.0,293.0,8,187,293.0,8,8,2026-03-07T12:20:00.0000000+10:30,66.21160409556315,63.822525597269625
a826b403-b813-4318-9805-5bbe4cf7f238,Summer 2025/26,6d41a02c-ba05-4f50-9d1d-1665838ced3a,0ddf2fae-7d41-4752-918e-ad1439a19219,A1 Kookaburra Sports Premier Grade,raw_2c6484e1_aded_46b4_95ed_cc7b3ea1a25c,raw_2c6484e1_aded_46b4_95ed_cc7b3ea1a25c,Michael Chunys,Michael Chunys,158.0,236.0,8,171,236.0,8,8,2026-03-07T12:20:00.0000000+10:30,66.94915254237289,72.45762711864407
a826b403-b813-4318-9805-5bbe4cf7f238,Summer 2025/26,6d41a02c-ba05-4f50-9d1d-1665838ced3a,0ddf2fae-7d41-4752-918e-ad1439a19219,A1 Kookaburra Sports Premier Grade,raw_45c2ed4d_4379_486e_9fdf_9a5223c30093,raw_45c2ed4d_4379_486e_9fdf_9a5223c30093,Jaiden Patel,Jaiden Patel,50.0,156.0,5,124,156.0,5,5,2026-03-07T12:20:00.0000000+10:30,32.05128205128205,79.48717948717949
a826b403-b813-4318-9805-5bbe4cf7f238,Summer 2025/26,6d41a02c-ba05-4f50-9d1d-1665838ced3a,0ddf2fae-7d41-4752-918e-ad1439a19219,A1 Kookaburra Sports Premier Grade,raw_61e144ce_f866_459c_9370_2e6a12beca13,raw_61e144ce_f866_459c_9370_2e6a12beca13,Sathpath Kamburugamuwa,Sathpath Kamburugamuwa,3.0,16.0,2,14,16.0,2,2,2026-03-07T12:20:00.0000000+10:30,18.75,87.5
a826b403-b813-4318-9805-5bbe4cf7f238,Summer 2025/26,6d41a02c-ba05-4f50-9d1d-1665838ced3a,0ddf2fae-7d41-4752-918e-ad1439a19219,A1 Kookaburra Sports Premier Grade,raw_72c0f5e2_1af9_4067_8986_6434e7f87ee2,raw_72c0f5e2_1af9_4067_8986_6434e7f87ee2,Gihan Nimsara,Gihan Nimsara,227.0,467.0,9,358,467.0,9,9,2026-03-07T12:20:00.0000000+10:30,48.60813704496788,76.65952890792292
a826b403-b813-4318-9805-5bbe4cf7f238,Summer 2025/26,6d41a02c-ba05-4f50-9d1d-1665838ced3a,0ddf2fae-7d41-4752-918e-ad1439a19219,A1 Kookaburra Sports Premier Grade,raw_8bb5f2db_d414_4636_8d5d_3b21c4b84e27,raw_8bb5f2db_d414_4636_8d5d_3b21c4b84e27,Love Minhas,Love Minhas,51.0,168.0,4,139,168.0,4,4,2025-12-06T12:50:00.0000000+10:30,30.357142857142858,82.73809523809524
a826b403-b813-4318-9805-5bbe4cf7f238,Summer 2025/26,6d41a02c-ba05-4f50-9d1d-1665838ced3a,0ddf2fae-7d41-4752-918e-ad1439a19219,A1 Kookaburra Sports Premier Grade,raw_98bc2f3b_30cf_4b6d_b441_87e94b2361f0,raw_98bc2f3b_30cf_4b6d_b441_87e94b2361f0,Daniel Rabbett,Daniel Rabbett,27.0,69.0,2,59,69.0,2,2,2026-01-10T12:20:00.0000000+10:30,39.130434782608695,85.5072463768116
a826b403-b813-4318-9805-5bbe4cf7f238,Summer 2025/26,6d41a02c-ba05-4f50-9d1d-1665838ced3a,0ddf2fae-7d41-4752-918e-ad1439a19219,A1 Kookaburra Sports Premier Grade,raw_aaa8fa44_0a97_4950_bfcc_0ec0cd75227c,raw_aaa8fa44_0a97_4950_bfcc_0ec0cd75227c,Dylan Hoyle,Dylan Hoyle,6.0,28.0,1,23,28.0,1,1,2025-12-06T12:50:00.0000000+10:30,21.428571428571427,82.14285714285714
a826b403-b813-4318-9805-5bbe4cf7f238,Summer 2025/26,6d41a02c-ba05-4f50-9d1d-1665838ced3a,0ddf2fae-7d41-4752-918e-ad1439a19219,A1 Kookaburra Sports Premier Grade,raw_ad67b4d8_9926_4c29_95e0_74cba9a27fe1,raw_ad67b4d8_9926_4c29_95e0_74cba9a27fe1,Aarav A Patel,Aarav A Patel,56.0,129.0,4,95,129.0,4,4,2026-01-31T12:50:00.0000000+10:30,43.41085271317829,73.64341085271317
a826b403-b813-4318-9805-5bbe4cf7f238,Summer 2025/26,6d41a02c-ba05-4f50-9d1d-1665838ced3a,0ddf2fae-7d41-4752-918e-ad1439a19219,A1 Kookaburra Sports Premier Grade,raw_b270c0b2_5125_4134_a734_62315b457a23,raw_b270c0b2_5125_4134_a734_62315b457a23,Joshua Golding,Joshua Golding,44.0,79.0,3,60,79.0,3,3,2025-11-08T12:50:00.0000000+10:30,55.69620253164557,75.9493670886076
a826b403-b813-4318-9805-5bbe4cf7f238,Summer 2025/26,6d41a02c-ba05-4f50-9d1d-1665838ced3a,0ddf2fae-7d41-4752-918e-ad1439a19219,A1 Kookaburra Sports Premier Grade,raw_c9d264ee_f99b_4b70_9012_4c05c6ef223e,raw_c9d264ee_f99b_4b70_9012_4c05c6ef223e,Kyle Petty,Kyle Petty,93.0,213.0,9,170,213.0,9,9,2026-03-07T12:20:00.0000000+10:30,43.66197183098591,79.81220657276995
a826b403-b813-4318-9805-5bbe4cf7f238,Summer 2025/26,6d41a02c-ba05-4f50-9d1d-1665838ced3a,0ddf2fae-7d41-4752-918e-ad1439a19219,A1 Kookaburra Sports Premier Grade,raw_ed1c49de_6316_47fb_a63a_81073b111740,raw_ed1c49de_6316_47fb_a63a_81073b111740,Jordan Wright,Jordan Wright,203.0,492.0,8,393,492.0,8,8,2026-03-07T12:20:00.0000000+10:30,41.260162601626014,79.8780487804878
a826b403-b813-4318-9805-5bbe4cf7f238,Summer 2025/26,6d41a02c-ba05-4f50-9d1d-1665838ced3a,0ddf2fae-7d41-4752-918e-ad1439a19219,A1 Kookaburra Sports Premier Grade,raw_ff0946c1_9877_43b7_b83a_16ced032696e,raw_ff0946c1_9877_43b7_b83a_16ced032696e,Shaminda Eranga Ranaweera Mudiyanselage,Shaminda Eranga Ranaweera Mudiyanselage,150.0,175.0,9,114,175.0,9,9,2026-03-07T12:20:00.0000000+10:30,85.71428571428571,65.14285714285714
a826b403-b813-4318-9805-5bbe4cf7f238,Summer 2025/26,809ccd2c-9706-45b6-bfe7-6737dc30fc3f,8a7ce9eb-ff30-4053-8b95-524c2ac2a523,A3 Belgravia Apparel Grade,brock_carlisle,brock_carlisle,Brock Carlisle,Brock Carlisle,62.0,88.0,3,51,88.0,3,3,2026-03-14T12:20:00.0000000+10:30,70.45454545454545,57.95454545454545
a826b403-b813-4318-9805-5bbe4cf7f238,Summer 2025/26,809ccd2c-9706-45b6-bfe7-6737dc30fc3f,8a7ce9eb-ff30-4053-8b95-524c2ac2a523,A3 Belgravia Apparel Grade,carter_shaw,carter_shaw,Carter Shaw,Carter Shaw,27.0,56.0,2,43,56.0,2,2,2026-03-14T12:20:00.0000000+10:30,48.214285714285715,76.78571428571429
a826b403-b813-4318-9805-5bbe4cf7f238,Summer 2025/26,809ccd2c-9706-45b6-bfe7-6737dc30fc3f,8a7ce9eb-ff30-4053-8b95-524c2ac2a523,A3 Belgravia Apparel Grade,cooper_knowles,cooper_knowles,Cooper Knowles,Cooper Knowles,35.0,93.0,4,72,93.0,4,4,2026-03-14T12:20:00.0000000+10:30,37.634408602150536,77.41935483870968
a826b403-b813-4318-9805-5bbe4cf7f238,Summer 2025/26,809ccd2c-9706-45b6-bfe7-6737dc30fc3f,8a7ce9eb-ff30-4053-8b95-524c2ac2a523,A3 Belgravia Apparel Grade,joshua_spall,joshua_spall,Joshua Spall,Joshua Spall,0.0,1.0,1,1,1.0,1,1,2026-03-14T12:20:00.0000000+10:30,0.0,100.0
a826b403-b813-4318-9805-5bbe4cf7f238,Summer 2025/26,809ccd2c-9706-45b6-bfe7-6737dc30fc3f,8a7ce9eb-ff30-4053-8b95-524c2ac2a523,A3 Belgravia Apparel Grade,nelson_mensforth,nelson_mensforth,Nelson Mensforth,Nelson Mensforth,7.0,28.0,3,24,28.0,3,3,2026-01-17T12:50:00.0000000+10:30,25.0,85.71428571428571
a826b403-b813-4318-9805-5bbe4cf7f238,Summer 2025/26,809ccd2c-9706-45b6-bfe7-6737dc30fc3f,8a7ce9eb-ff30-4053-8b95-524c2ac2a523,A3 Belgravia Apparel Grade,raw_08367b31_4ddd_488e_898c_f43a846de496,raw_08367b31_4ddd_488e_898c_f43a846de496,Alexander Cornelius,Alexander Cornelius,92.0,171.0,6,123,171.0,6,6,2026-03-07T12:20:00.0000000+10:30,53.801169590643276,71.9298245614035
a826b403-b813-4318-9805-5bbe4cf7f238,Summer 2025/26,809ccd2c-9706-45b6-bfe7-6737dc30fc3f,8a7ce9eb-ff30-4053-8b95-524c2ac2a523,A3 Belgravia Apparel Grade,raw_0ac11e9b_8c39_46a5_a223_87e276de8d4f,raw_0ac11e9b_8c39_46a5_a223_87e276de8d4f,Hayden Sutton,Hayden Sutton,1.0,6.0,1,5,6.0,1,1,2026-03-07T12:20:00.0000000+10:30,16.666666666666668,83.33333333333333
a826b403-b813-4318-9805-5bbe4cf7f238,Summer 2025/26,809ccd2c-9706-45b6-bfe7-6737dc30fc3f,8a7ce9eb-ff30-4053-8b95-524c2ac2a523,A3 Belgravia Apparel Grade,raw_15226ed6_8fd9_479d_b752_ec738be4fb09,raw_15226ed6_8fd9_479d_b752_ec738be4fb09,Ridham Patel,Ridham Patel,0.0,12.0,1,12,12.0,1,1,2025-12-06T12:50:00.0000000+10:30,0.0,100.0
a826b403-b813-4318-9805-5bbe4cf7f238,Summer 2025/26,809ccd2c-9706-45b6-bfe7-6737dc30fc3f,8a7ce9eb-ff30-4053-8b95-524c2ac2a523,A3 Belgravia Apparel Grade,raw_19f4088d_be49_498e_9a49_f3934043359b,raw_19f4088d_be49_498e_9a49_f3934043359b,Bradley Sibbons,Bradley Sibbons,0.0,6.0,2,6,6.0,2,2,2026-03-14T12:20:00.0000000+10:30,0.0,100.0
a826b403-b813-4318-9805-5bbe4cf7f238,Summer 2025/26,809ccd2c-9706-45b6-bfe7-6737dc30fc3f,8a7ce9eb-ff30-4053-8b95-524c2ac2a523,A3 Belgravia Apparel Grade,raw_33ea59a7_0c09_4c3d_9a8a_37a505f8edc6,raw_33ea59a7_0c09_4c3d_9a8a_37a505f8edc6,Jed Rooke,Jed Rooke,107.0,138.0,6,94,138.0,6,6,2026-03-14T12:20:00.0000000+10:30,77.53623188405797,68.1159420289855
a826b403-b813-4318-9805-5bbe4cf7f238,Summer 2025/26,809ccd2c-9706-45b6-bfe7-6737dc30fc3f,8a7ce9eb-ff30-4053-8b95-524c2ac2a523,A3 Belgravia Apparel Grade,raw_3f030316_4515_4a0b_9454_1a0672742649,raw_3f030316_4515_4a0b_9454_1a0672742649,Eli Alabaster,Eli Alabaster,161.0,252.0,7,187,252.0,7,7,2026-03-07T12:20:00.0000000+10:30,63.888888888888886,74.2063492063492
a826b403-b813-4318-9805-5bbe4cf7f238,Summer 2025/26,809ccd2c-9706-45b6-bfe7-6737dc30fc3f,8a7ce9eb-ff30-4053-8b95-524c2ac2a523,A3 Belgravia Apparel Grade,raw_6a8b979b_dd97_4e4b_9d57_4d6d66f99f68,raw_6a8b979b_dd97_4e4b_9d57_4d6d66f99f68,Mathew Pereira,Mathew Pereira,50.0,77.0,1,58,77.0,1,1,2025-11-08T12:50:00.0000000+10:30,64.93506493506493,75.32467532467533
a826b403-b813-4318-9805-5bbe4cf7f238,Summer 2025/26,809ccd2c-9706-45b6-bfe7-6737dc30fc3f,8a7ce9eb-ff30-4053-8b95-524c2ac2a523,A3 Belgravia Apparel Grade,raw_82bc0380_4d72_443e_b42f_00a9ffde4a36,raw_82bc0380_4d72_443e_b42f_00a9ffde4a36,Tyler Hobby,Tyler Hobby,14.0,13.0,1,8,13.0,1,1,2026-03-07T12:20:00.0000000+10:30,107.6923076923077,61.53846153846154
a826b403-b813-4318-9805-5bbe4cf7f238,Summer 2025/26,809ccd2c-9706-45b6-bfe7-6737dc30fc3f,8a7ce9eb-ff30-4053-8b95-524c2ac2a523,A3 Belgravia Apparel Grade,raw_84fdf76c_f928_4446_ac58_1560ad97ee17,raw_84fdf76c_f928_4446_ac58_1560ad97ee17,Zac Harris,Zac Harris,45.0,82.0,2,68,82.0,2,2,2025-12-06T12:50:00.0000000+10:30,54.8780487804878,82.92682926829268
a826b403-b813-4318-9805-5bbe4cf7f238,Summer 2025/26,809ccd2c-9706-45b6-bfe7-6737dc30fc3f,8a7ce9eb-ff30-4053-8b95-524c2ac2a523,A3 Belgravia Apparel Grade,raw_8bb5f2db_d414_4636_8d5d_3b21c4b84e27,raw_8bb5f2db_d414_4636_8d5d_3b21c4b84e27,Love Minhas,Love Minhas,76.0,166.0,5,130,166.0,5,5,2026-03-14T12:20:00.0000000+10:30,45.78313253012048,78.3132530120482
a826b403-b813-4318-9805-5bbe4cf7f238,Summer 2025/26,809ccd2c-9706-45b6-bfe7-6737dc30fc3f,8a7ce9eb-ff30-4053-8b95-524c2ac2a523,A3 Belgravia Apparel Grade,raw_98bc2f3b_30cf_4b6d_b441_87e94b2361f0,raw_98bc2f3b_30cf_4b6d_b441_87e94b2361f0,Daniel Rabbett,Daniel Rabbett,150.0,300.0,5,231,300.0,5,5,2026-03-14T12:20:00.0000000+10:30,50.0,77.0
a826b403-b813-4318-9805-5bbe4cf7f238,Summer 2025/26,809ccd2c-9706-45b6-bfe7-6737dc30fc3f,8a7ce9eb-ff30-4053-8b95-524c2ac2a523,A3 Belgravia Apparel Grade,raw_aaa8fa44_0a97_4950_bfcc_0ec0cd75227c,raw_aaa8fa44_0a97_4950_bfcc_0ec0cd75227c,Dylan Hoyle,Dylan Hoyle,99.0,152.0,7,108,152.0,7,7,2026-03-14T12:20:00.0000000+10:30,65.13157894736842,71.05263157894737
a826b403-b813-4318-9805-5bbe4cf7f238,Summer 2025/26,809ccd2c-9706-45b6-bfe7-6737dc30fc3f,8a7ce9eb-ff30-4053-8b95-524c2ac2a523,A3 Belgravia Apparel Grade,raw_ad67b4d8_9926_4c29_95e0_74cba9a27fe1,raw_ad67b4d8_9926_4c29_95e0_74cba9a27fe1,Aarav A Patel,Aarav A Patel,137.0,244.0,4,183,244.0,4,4,2026-03-07T12:20:00.0000000+10:30,56.14754098360656,75.0
a826b403-b813-4318-9805-5bbe4cf7f238,Summer 2025/26,809ccd2c-9706-45b6-bfe7-6737dc30fc3f,8a7ce9eb-ff30-4053-8b95-524c2ac2a523,A3 Belgravia Apparel Grade,raw_b270c0b2_5125_4134_a734_62315b457a23,raw_b270c0b2_5125_4134_a734_62315b457a23,Joshua Golding,Joshua Golding,150.0,198.0,6,134,198.0,6,6,2026-03-14T12:20:00.0000000+10:30,75.75757575757575,67.67676767676768
a826b403-b813-4318-9805-5bbe4cf7f238,Summer 2025/26,809ccd2c-9706-45b6-bfe7-6737dc30fc3f,8a7ce9eb-ff30-4053-8b95-524c2ac2a523,A3 Belgravia Apparel Grade,raw_b2cedc68_089b_4c05_9a04_67d9dda8acfe,raw_b2cedc68_089b_4c05_9a04_67d9dda8acfe,Benjamin James,Benjamin James,16.0,22.0,2,15,22.0,2,2,2026-01-10T12:20:00.0000000+10:30,72.72727272727273,68.18181818181819
a826b403-b813-4318-9805-5bbe4cf7f238,Summer 2025/26,809ccd2c-9706-45b6-bfe7-6737dc30fc3f,8a7ce9eb-ff30-4053-8b95-524c2ac2a523,A3 Belgravia Apparel Grade,raw_ed1c49de_6316_47fb_a63a_81073b111740,raw_ed1c49de_6316_47fb_a63a_81073b111740,Jordan Wright,Jordan Wright,59.0,114.0,1,88,114.0,1,1,2025-12-06T12:50:00.0000000+10:30,51.75438596491228,77.19298245614036
a826b403-b813-4318-9805-5bbe4cf7f238,Summer 2025/26,809ccd2c-9706-45b6-bfe7-6737dc30fc3f,8a7ce9eb-ff30-4053-8b95-524c2ac2a523,A3 Belgravia Apparel Grade,raw_f4404c43_09f8_408c_a0c1_edd82a589504,raw_f4404c43_09f8_408c_a0c1_edd82a589504,Nathan Turner,Nathan Turner,7.0,68.0,4,61,68.0,4,4,2025-12-06T12:50:00.0000000+10:30,10.294117647058824,89.70588235294117
a826b403-b813-4318-9805-5bbe4cf7f238,Summer 2025/26,809ccd2c-9706-45b6-bfe7-6737dc30fc3f,8a7ce9eb-ff30-4053-8b95-524c2ac2a523,A3 Belgravia Apparel Grade,scott_norris,scott_norris,Scott Norris,Scott Norris,114.0,263.0,5,204,263.0,5,5,2026-03-14T12:20:00.0000000+10:30,43.346007604562736,77.56653992395437
a826b403-b813-4318-9805-5bbe4cf7f238,Summer 2025/26,87219104-e676-49eb-82bd-fcaab54a7b8f,5b5d60e9-33d7-42b1-85f1-f98a7b91d817,Womens 2nd Grade Stadium Real Estate,erin_temme,erin_temme,Erin Temme,Erin Temme,15.0,65.0,3,50,65.0,3,3,2026-02-15T10:00:00.0000000+10:30,23.076923076923077,76.92307692307692
a826b403-b813-4318-9805-5bbe4cf7f238,Summer 2025/26,87219104-e676-49eb-82bd-fcaab54a7b8f,5b5d60e9-33d7-42b1-85f1-f98a7b91d817,Womens 2nd Grade Stadium Real Estate,raw_00000000_0000_0000_0000_000000000001,raw_00000000_0000_0000_0000_000000000001,********,********,7.0,20.0,1,16,20.0,1,1,2026-01-18T13:00:00.0000000+10:30,35.0,80.0
a826b403-b813-4318-9805-5bbe4cf7f238,Summer 2025/26,87219104-e676-49eb-82bd-fcaab54a7b8f,5b5d60e9-33d7-42b1-85f1-f98a7b91d817,Womens 2nd Grade Stadium Real Estate,raw_00000000_0000_0000_0000_000000000002,raw_00000000_0000_0000_0000_000000000002,********,********,12.0,20.0,1,12,20.0,1,1,2026-01-18T13:00:00.0000000+10:30,60.0,60.0
a826b403-b813-4318-9805-5bbe4cf7f238,Summer 2025/26,87219104-e676-49eb-82bd-fcaab54a7b8f,5b5d60e9-33d7-42b1-85f1-f98a7b91d817,Womens 2nd Grade Stadium Real Estate,raw_0dcac44e_3512_42d7_b7cc_0625eff84ec8,raw_0dcac44e_3512_42d7_b7cc_0625eff84ec8,Stacey Taylor,Stacey Taylor,9.0,69.0,4,60,69.0,4,4,2026-02-01T13:00:00.0000000+10:30,13.043478260869565,86.95652173913044
a826b403-b813-4318-9805-5bbe4cf7f238,Summer 2025/26,87219104-e676-49eb-82bd-fcaab54a7b8f,5b5d60e9-33d7-42b1-85f1-f98a7b91d817,Womens 2nd Grade Stadium Real Estate,raw_1d8e044e_136d_4c94_b6ee_4efadc5f1e6e,raw_1d8e044e_136d_4c94_b6ee_4efadc5f1e6e,Megan Le Clercq,Megan Le Clercq,42.0,150.0,5,116,150.0,5,5,2026-02-15T10:00:00.0000000+10:30,28.0,77.33333333333333
a826b403-b813-4318-9805-5bbe4cf7f238,Summer 2025/26,87219104-e676-49eb-82bd-fcaab54a7b8f,5b5d60e9-33d7-42b1-85f1-f98a7b91d817,Womens 2nd Grade Stadium Real Estate,raw_475b875d_2d1c_44c2_bffd_59c27a03de04,raw_475b875d_2d1c_44c2_bffd_59c27a03de04,Imygen Michaels,Imygen Michaels,3.0,21.0,4,18,21.0,4,4,2026-02-01T13:00:00.0000000+10:30,14.285714285714286,85.71428571428571
a826b403-b813-4318-9805-5bbe4cf7f238,Summer 2025/26,87219104-e676-49eb-82bd-fcaab54a7b8f,5b5d60e9-33d7-42b1-85f1-f98a7b91d817,Womens 2nd Grade Stadium Real Estate,raw_59b3d0a3_b7fa_450e_9fed_0ca42fd24646,raw_59b3d0a3_b7fa_450e_9fed_0ca42fd24646,Joanne Posgate,Joanne Posgate,40.0,70.0,4,41,70.0,4,4,2026-02-15T10:00:00.0000000+10:30,57.142857142857146,58.57142857142857
a826b403-b813-4318-9805-5bbe4cf7f238,Summer 2025/26,87219104-e676-49eb-82bd-fcaab54a7b8f,5b5d60e9-33d7-42b1-85f1-f98a7b91d817,Womens 2nd Grade Stadium Real Estate,raw_8bc7d418_ab2c_4df4_897a_15d695c4d85c,raw_8bc7d418_ab2c_4df4_897a_15d695c4d85c,Jessica Doyle,Jessica Doyle,3.0,49.0,4,46,49.0,4,4,2026-02-15T10:00:00.0000000+10:30,6.122448979591836,93.87755102040816
a826b403-b813-4318-9805-5bbe4cf7f238,Summer 2025/26,87219104-e676-49eb-82bd-fcaab54a7b8f,5b5d60e9-33d7-42b1-85f1-f98a7b91d817,Womens 2nd Grade Stadium Real Estate,raw_a9db13ac_c5cb_4a80_a127_6b8e0d6a3397,raw_a9db13ac_c5cb_4a80_a127_6b8e0d6a3397,Tori Young,Tori Young,75.0,100.0,5,59,100.0,5,5,2026-01-25T13:00:00.0000000+10:30,75.0,59.0
a826b403-b813-4318-9805-5bbe4cf7f238,Summer 2025/26,87219104-e676-49eb-82bd-fcaab54a7b8f,5b5d60e9-33d7-42b1-85f1-f98a7b91d817,Womens 2nd Grade Stadium Real Estate,raw_b33a7a2b_49f7_45e5_8d14_784a3a45689c,raw_b33a7a2b_49f7_45e5_8d14_784a3a45689c,Aleisha Lawrie,Aleisha Lawrie,13.0,74.0,4,62,74.0,4,4,2026-01-25T13:00:00.0000000+10:30,17.56756756756757,83.78378378378379
a826b403-b813-4318-9805-5bbe4cf7f238,Summer 2025/26,87219104-e676-49eb-82bd-fcaab54a7b8f,5b5d60e9-33d7-42b1-85f1-f98a7b91d817,Womens 2nd Grade Stadium Real Estate,raw_ce019a8a_fe1e_4a54_b362_7417415e01cc,raw_ce019a8a_fe1e_4a54_b362_7417415e01cc,Rayne Rivalland,Rayne Rivalland,10.0,15.0,1,10,15.0,1,1,2026-01-25T13:00:00.0000000+10:30,66.66666666666667,66.66666666666667
a826b403-b813-4318-9805-5bbe4cf7f238,Summer 2025/26,87219104-e676-49eb-82bd-fcaab54a7b8f,5b5d60e9-33d7-42b1-85f1-f98a7b91d817,Womens 2nd Grade Stadium Real Estate,raw_d44bdb8e_c071_486c_8f5a_50428f8c8c6d,raw_d44bdb8e_c071_486c_8f5a_50428f8c8c6d,Kayla Gray,Kayla Gray,4.0,13.0,1,10,13.0,1,1,2025-10-19T13:00:00.0000000+10:30,30.76923076923077,76.92307692307692
a826b403-b813-4318-9805-5bbe4cf7f238,Summer 2025/26,87219104-e676-49eb-82bd-fcaab54a7b8f,5b5d60e9-33d7-42b1-85f1-f98a7b91d817,Womens 2nd Grade Stadium Real Estate,raw_dd3433a7_8038_48ef_a80f_c33e2ffd9622,raw_dd3433a7_8038_48ef_a80f_c33e2ffd9622,Madeline Belton,Madeline Belton,15.0,28.0,3,16,28.0,3,3,2026-02-15T10:00:00.0000000+10:30,53.57142857142857,57.142857142857146
a826b403-b813-4318-9805-5bbe4cf7f238,Summer 2025/26,87219104-e676-49eb-82bd-fcaab54a7b8f,5b5d60e9-33d7-42b1-85f1-f98a7b91d817,Womens 2nd Grade Stadium Real Estate,raw_e5e24a6e_f1c0_4fa6_93c8_d9ecf92c0035,raw_e5e24a6e_f1c0_4fa6_93c8_d9ecf92c0035,Glenys Gabb,Glenys Gabb,1.0,10.0,1,9,10.0,1,1,2025-12-14T13:00:00.0000000+10:30,10.0,90.0
a826b403-b813-4318-9805-5bbe4cf7f238,Summer 2025/26,87219104-e676-49eb-82bd-fcaab54a7b8f,5b5d60e9-33d7-42b1-85f1-f98a7b91d817,Womens 2nd Grade Stadium Real Estate,raw_f2654118_aeeb_4cdb_89b1_9aa50d84e561,raw_f2654118_aeeb_4cdb_89b1_9aa50d84e561,Maaika Tredrea,Maaika Tredrea,52.0,43.0,1,18,43.0,1,1,2025-11-16T10:30:00.0000000+10:30,120.93023255813954,41.86046511627907
a826b403-b813-4318-9805-5bbe4cf7f238,Summer 2025/26,87219104-e676-49eb-82bd-fcaab54a7b8f,5b5d60e9-33d7-42b1-85f1-f98a7b91d817,Womens 2nd Grade Stadium Real Estate,raw_f870649c_9ca4_404c_a6ef_a36d5784dbfa,raw_f870649c_9ca4_404c_a6ef_a36d5784dbfa,Melissa Flanagan,Melissa Flanagan,38.0,74.0,6,51,74.0,6,6,2026-02-15T10:00:00.0000000+10:30,51.351351351351354,68.91891891891892
a826b403-b813-4318-9805-5bbe4cf7f238,Summer 2025/26,87219104-e676-49eb-82bd-fcaab54a7b8f,5b5d60e9-33d7-42b1-85f1-f98a7b91d817,Womens 2nd Grade Stadium Real Estate,raw_fc03f98a_b2a0_4d8a_848e_9d62664e41c8,raw_fc03f98a_b2a0_4d8a_848e_9d62664e41c8,Kelsey Clayton,Kelsey Clayton,2.0,19.0,3,17,19.0,3,3,2026-02-15T10:00:00.0000000+10:30,10.526315789473685,89.47368421052632
a826b403-b813-4318-9805-5bbe4cf7f238,Summer 2025/26,9a7eed3b-0102-4bf9-8105-ebc1de3f6e7b,dc577d0a-4a2c-4d3d-ae10-e9d9c020a0f9,U14 Division 2,campbell_loizi,campbell_loizi,Campbell Loizi,Campbell Loizi,100.0,237.0,9,180,237.0,9,9,2026-03-22T08:00:00.0000000+10:30,42.19409282700422,75.9493670886076
a826b403-b813-4318-9805-5bbe4cf7f238,Summer 2025/26,9a7eed3b-0102-4bf9-8105-ebc1de3f6e7b,dc577d0a-4a2c-4d3d-ae10-e9d9c020a0f9,U14 Division 2,oscar_foran,oscar_foran,Oscar Foran,Oscar Foran,179.0,154.0,8,64,154.0,8,8,2026-03-22T08:00:00.0000000+10:30,116.23376623376623,41.55844155844156
a826b403-b813-4318-9805-5bbe4cf7f238,Summer 2025/26,9a7eed3b-0102-4bf9-8105-ebc1de3f6e7b,dc577d0a-4a2c-4d3d-ae10-e9d9c020a0f9,U14 Division 2,raw_00000000_0000_0000_0000_000000000001,raw_00000000_0000_0000_0000_000000000001,********,********,0.0,2.0,1,2,2.0,1,1,2025-10-19T08:30:00.0000000+10:30,0.0,100.0
a826b403-b813-4318-9805-5bbe4cf7f238,Summer 2025/26,9a7eed3b-0102-4bf9-8105-ebc1de3f6e7b,dc577d0a-4a2c-4d3d-ae10-e9d9c020a0f9,U14 Division 2,raw_083e1b72_6fbd_4395_9c71_4f02f3f339e4,raw_083e1b72_6fbd_4395_9c71_4f02f3f339e4,Valentino Joannou,Valentino Joannou,46.0,111.0,8,81,111.0,8,8,2026-03-22T08:00:00.0000000+10:30,41.44144144144144,72.97297297297297
a826b403-b813-4318-9805-5bbe4cf7f238,Summer 2025/26,9a7eed3b-0102-4bf9-8105-ebc1de3f6e7b,dc577d0a-4a2c-4d3d-ae10-e9d9c020a0f9,U14 Division 2,raw_12488df5_d5a2_47c2_b094_4e474b7bf374,raw_12488df5_d5a2_47c2_b094_4e474b7bf374,********,********,19.0,53.0,3,41,53.0,3,3,2026-03-15T08:30:00.0000000+10:30,35.84905660377358,77.35849056603773
a826b403-b813-4318-9805-5bbe4cf7f238,Summer 2025/26,9a7eed3b-0102-4bf9-8105-ebc1de3f6e7b,dc577d0a-4a2c-4d3d-ae10-e9d9c020a0f9,U14 Division 2,raw_391168c4_7e8e_42f2_ab5c_96a72a484ed3,raw_391168c4_7e8e_42f2_ab5c_96a72a484ed3,Callam Mckeough,Callam Mckeough,208.0,267.0,9,158,267.0,9,9,2026-03-22T08:00:00.0000000+10:30,77.90262172284645,59.176029962546814
a826b403-b813-4318-9805-5bbe4cf7f238,Summer 2025/26,9a7eed3b-0102-4bf9-8105-ebc1de3f6e7b,dc577d0a-4a2c-4d3d-ae10-e9d9c020a0f9,U14 Division 2,raw_4cad124f_3827_4b84_b096_cea3482a214f,raw_4cad124f_3827_4b84_b096_cea3482a214f,Carex Thomas,Carex Thomas,125.0,173.0,10,101,173.0,10,10,2026-03-22T08:00:00.0000000+10:30,72.25433526011561,58.38150289017341
a826b403-b813-4318-9805-5bbe4cf7f238,Summer 2025/26,9a7eed3b-0102-4bf9-8105-ebc1de3f6e7b,dc577d0a-4a2c-4d3d-ae10-e9d9c020a0f9,U14 Division 2,raw_5dc03adb_3577_4632_9377_dae27b5c2fb6,raw_5dc03adb_3577_4632_9377_dae27b5c2fb6,Callum Rice,Callum Rice,96.0,155.0,9,92,155.0,9,9,2026-03-22T08:00:00.0000000+10:30,61.935483870967744,59.354838709677416
a826b403-b813-4318-9805-5bbe4cf7f238,Summer 2025/26,9a7eed3b-0102-4bf9-8105-ebc1de3f6e7b,dc577d0a-4a2c-4d3d-ae10-e9d9c020a0f9,U14 Division 2,raw_655c3ad2_5c9a_4765_a2d4_13309d7587e3,raw_655c3ad2_5c9a_4765_a2d4_13309d7587e3,William Bohen-Hayes,William Bohen-Hayes,159.0,254.0,9,160,254.0,9,9,2026-03-22T08:00:00.0000000+10:30,62.59842519685039,62.99212598425197
a826b403-b813-4318-9805-5bbe4cf7f238,Summer 2025/26,9a7eed3b-0102-4bf9-8105-ebc1de3f6e7b,dc577d0a-4a2c-4d3d-ae10-e9d9c020a0f9,U14 Division 2,raw_ae73a13c_d4ca_4c9b_aadd_1a3103efcce3,raw_ae73a13c_d4ca_4c9b_aadd_1a3103efcce3,Izaiah Bateman,Izaiah Bateman,10.0,73.0,7,60,73.0,7,7,2026-03-22T08:00:00.0000000+10:30,13.698630136986301,82.1917808219178
a826b403-b813-4318-9805-5bbe4cf7f238,Summer 2025/26,9a7eed3b-0102-4bf9-8105-ebc1de3f6e7b,dc577d0a-4a2c-4d3d-ae10-e9d9c020a0f9,U14 Division 2,raw_b6df59ca_eff0_4bcc_9526_b48568a1f979,raw_b6df59ca_eff0_4bcc_9526_b48568a1f979,Ethan Watt,Ethan Watt,25.0,88.0,6,69,88.0,6,6,2026-03-15T08:30:00.0000000+10:30,28.40909090909091,78.4090909090909
a826b403-b813-4318-9805-5bbe4cf7f238,Summer 2025/26,9a7eed3b-0102-4bf9-8105-ebc1de3f6e7b,dc577d0a-4a2c-4d3d-ae10-e9d9c020a0f9,U14 Division 2,raw_d1032415_65fb_4882_a94c_4ea8813b7eb8,raw_d1032415_65fb_4882_a94c_4ea8813b7eb8,Masroor Ahmed,Masroor Ahmed,70.0,127.0,9,84,127.0,9,9,2026-03-22T08:00:00.0000000+10:30,55.118110236220474,66.14173228346456
a826b403-b813-4318-9805-5bbe4cf7f238,Summer 2025/26,9a7eed3b-0102-4bf9-8105-ebc1de3f6e7b,dc577d0a-4a2c-4d3d-ae10-e9d9c020a0f9,U14 Division 2,raw_deae524e_4cbe_4c32_9bfd_c542afca053e,raw_deae524e_4cbe_4c32_9bfd_c542afca053e,Tamseel Ahmed,Tamseel Ahmed,12.0,82.0,6,74,82.0,6,6,2026-03-15T08:30:00.0000000+10:30,14.634146341463415,90.2439024390244
a826b403-b813-4318-9805-5bbe4cf7f238,Summer 2025/26,9a7eed3b-0102-4bf9-8105-ebc1de3f6e7b,dc577d0a-4a2c-4d3d-ae10-e9d9c020a0f9,U14 Division 2,raw_f98ee7f0_8cca_4047_9a71_f72b71e8098b,raw_f98ee7f0_8cca_4047_9a71_f72b71e8098b,Murtaz Ahmad,Murtaz Ahmad,92.0,99.0,8,63,99.0,8,8,2026-03-22T08:00:00.0000000+10:30,92.92929292929293,63.63636363636363
a826b403-b813-4318-9805-5bbe4cf7f238,Summer 2025/26,9a7eed3b-0102-4bf9-8105-ebc1de3f6e7b,dc577d0a-4a2c-4d3d-ae10-e9d9c020a0f9,U14 Division 2,ryder_wakefield,ryder_wakefield,Ryder Wakefield,Ryder Wakefield,21.0,44.0,5,24,44.0,5,5,2026-03-22T08:00:00.0000000+10:30,47.72727272727273,54.54545454545455
a826b403-b813-4318-9805-5bbe4cf7f238,Summer 2025/26,9a7eed3b-0102-4bf9-8105-ebc1de3f6e7b,dc577d0a-4a2c-4d3d-ae10-e9d9c020a0f9,U14 Division 2,sid_davis,sid_davis,Sid Davis,Sid Davis,192.0,162.0,8,82,162.0,8,8,2026-03-22T08:00:00.0000000+10:30,118.51851851851852,50.617283950617285
a826b403-b813-4318-9805-5bbe4cf7f238,Summer 2025/26,b0f1ce82-e67d-4a75-a3a1-d4560f5f79ee,cb5f4547-b10f-459a-8920-626743c0e34c,SGCL - Metro South U12,raw_20da579e_a510_4714_81af_cab0789260ce,raw_20da579e_a510_4714_81af_cab0789260ce,Hridya Sharma,Hridya Sharma,2.0,10.0,1,6,10.0,1,1,2026-02-06T17:30:00.0000000+10:30,20.0,60.0
a826b403-b813-4318-9805-5bbe4cf7f238,Summer 2025/26,b0f1ce82-e67d-4a75-a3a1-d4560f5f79ee,cb5f4547-b10f-459a-8920-626743c0e34c,SGCL - Metro South U12,raw_3f7bbc8e_6646_4c83_acbd_c54f65c87f87,raw_3f7bbc8e_6646_4c83_acbd_c54f65c87f87,Maggie Ellis,Maggie Ellis,7.0,26.0,2,15,26.0,2,2,2026-02-06T17:30:00.0000000+10:30,26.923076923076923,57.69230769230769
a826b403-b813-4318-9805-5bbe4cf7f238,Summer 2025/26,b0f1ce82-e67d-4a75-a3a1-d4560f5f79ee,cb5f4547-b10f-459a-8920-626743c0e34c,SGCL - Metro South U12,raw_417da8bf_a92d_4151_b811_d17f4feeb54f,raw_417da8bf_a92d_4151_b811_d17f4feeb54f,Sydney Day,Sydney Day,5.0,29.0,2,18,29.0,2,2,2026-02-06T17:30:00.0000000+10:30,17.24137931034483,62.06896551724138
a826b403-b813-4318-9805-5bbe4cf7f238,Summer 2025/26,b0f1ce82-e67d-4a75-a3a1-d4560f5f79ee,cb5f4547-b10f-459a-8920-626743c0e34c,SGCL - Metro South U12,raw_6b561fb1_008d_4dcb_b12f_962a1ff6436e,raw_6b561fb1_008d_4dcb_b12f_962a1ff6436e,Sophie De Silva,Sophie De Silva,3.0,32.0,2,20,32.0,2,2,2026-02-06T17:30:00.0000000+10:30,9.375,62.5
a826b403-b813-4318-9805-5bbe4cf7f238,Summer 2025/26,b0f1ce82-e67d-4a75-a3a1-d4560f5f79ee,cb5f4547-b10f-459a-8920-626743c0e34c,SGCL - Metro South U12,raw_9a6262a4_6fae_47cb_a637_f83cb73d3e25,raw_9a6262a4_6fae_47cb_a637_f83cb73d3e25,Frankie Ward,Frankie Ward,14.0,28.0,2,17,28.0,2,2,2026-02-06T17:30:00.0000000+10:30,50.0,60.714285714285715
a826b403-b813-4318-9805-5bbe4cf7f238,Summer 2025/26,b0f1ce82-e67d-4a75-a3a1-d4560f5f79ee,cb5f4547-b10f-459a-8920-626743c0e34c,SGCL - Metro South U12,raw_aae943a4_4e4a_4e3e_9e53_2d4461f88d89,raw_aae943a4_4e4a_4e3e_9e53_2d4461f88d89,Ishani Prasad,Ishani Prasad,0.0,15.0,1,8,15.0,1,1,2026-02-06T17:30:00.0000000+10:30,0.0,53.333333333333336
a826b403-b813-4318-9805-5bbe4cf7f238,Summer 2025/26,b0f1ce82-e67d-4a75-a3a1-d4560f5f79ee,cb5f4547-b10f-459a-8920-626743c0e34c,SGCL - Metro South U12,raw_d87e2849_a702_486b_9157_8f0a58e1c687,raw_d87e2849_a702_486b_9157_8f0a58e1c687,Evie Hurcombe,Evie Hurcombe,7.0,25.0,2,17,25.0,2,2,2026-02-06T17:30:00.0000000+10:30,28.0,68.0
a826b403-b813-4318-9805-5bbe4cf7f238,Summer 2025/26,b0f1ce82-e67d-4a75-a3a1-d4560f5f79ee,cb5f4547-b10f-459a-8920-626743c0e34c,SGCL - Metro South U12,raw_e5bec2c7_6f95_4a6a_b5aa_5b7215713aec,raw_e5bec2c7_6f95_4a6a_b5aa_5b7215713aec,Elise Hancock,Elise Hancock,6.0,13.0,1,7,13.0,1,1,2025-11-21T17:30:00.0000000+10:30,46.15384615384615,53.84615384615385
a826b403-b813-4318-9805-5bbe4cf7f238,Summer 2025/26,b0f1ce82-e67d-4a75-a3a1-d4560f5f79ee,cb5f4547-b10f-459a-8920-626743c0e34c,SGCL - Metro South U12,raw_ea62ee70_fa8c_4bdc_9006_43491f5807e7,raw_ea62ee70_fa8c_4bdc_9006_43491f5807e7,Joana Theresa James,Joana Theresa James,4.0,14.0,1,11,14.0,1,1,2025-11-21T17:30:00.0000000+10:30,28.571428571428573,78.57142857142857
a826b403-b813-4318-9805-5bbe4cf7f238,Summer 2025/26,c6c6007d-44ef-4aaf-9347-6c64c545f365,cb5f4547-b10f-459a-8920-626743c0e34c,SGCL - Metro South U12,raw_20da579e_a510_4714_81af_cab0789260ce,raw_20da579e_a510_4714_81af_cab0789260ce,Hridya Sharma,Hridya Sharma,3.0,15.0,1,10,15.0,1,1,2025-11-21T17:30:00.0000000+10:30,20.0,66.66666666666667
a826b403-b813-4318-9805-5bbe4cf7f238,Summer 2025/26,c6c6007d-44ef-4aaf-9347-6c64c545f365,cb5f4547-b10f-459a-8920-626743c0e34c,SGCL - Metro South U12,raw_3b76ca66_de92_4ef8_85d0_b41f3886f11e,raw_3b76ca66_de92_4ef8_85d0_b41f3886f11e,Abby Higgins,Abby Higgins,9.0,34.0,2,24,34.0,2,2,2026-02-20T17:30:00.0000000+10:30,26.470588235294116,70.58823529411765
a826b403-b813-4318-9805-5bbe4cf7f238,Summer 2025/26,c6c6007d-44ef-4aaf-9347-6c64c545f365,cb5f4547-b10f-459a-8920-626743c0e34c,SGCL - Metro South U12,raw_70211b1f_5e96_438c_96cb_67d41d417e39,raw_70211b1f_5e96_438c_96cb_67d41d417e39,Amelia Julian,Amelia Julian,14.0,30.0,2,11,30.0,2,2,2026-02-20T17:30:00.0000000+10:30,46.666666666666664,36.666666666666664
a826b403-b813-4318-9805-5bbe4cf7f238,Summer 2025/26,c6c6007d-44ef-4aaf-9347-6c64c545f365,cb5f4547-b10f-459a-8920-626743c0e34c,SGCL - Metro South U12,raw_a1c89c6b_4671_416c_894f_92955ee00785,raw_a1c89c6b_4671_416c_894f_92955ee00785,Kayleigh Green,Kayleigh Green,11.0,24.0,2,7,24.0,2,2,2026-02-20T17:30:00.0000000+10:30,45.833333333333336,29.166666666666668
a826b403-b813-4318-9805-5bbe4cf7f238,Summer 2025/26,c6c6007d-44ef-4aaf-9347-6c64c545f365,cb5f4547-b10f-459a-8920-626743c0e34c,SGCL - Metro South U12,raw_ae4d7339_6182_442c_9103_b880ebab38bf,raw_ae4d7339_6182_442c_9103_b880ebab38bf,Shion Hand,Shion Hand,26.0,27.0,2,9,27.0,2,2,2026-02-20T17:30:00.0000000+10:30,96.29629629629629,33.333333333333336
a826b403-b813-4318-9805-5bbe4cf7f238,Summer 2025/26,c6c6007d-44ef-4aaf-9347-6c64c545f365,cb5f4547-b10f-459a-8920-626743c0e34c,SGCL - Metro South U12,raw_c80c20e8_98cf_4bdb_9ed1_7413f5cb56da,raw_c80c20e8_98cf_4bdb_9ed1_7413f5cb56da,Charlotte Julian,Charlotte Julian,10.0,21.0,2,9,21.0,2,2,2026-02-20T17:30:00.0000000+10:30,47.61904761904762,42.857142857142854
a826b403-b813-4318-9805-5bbe4cf7f238,Summer 2025/26,c6c6007d-44ef-4aaf-9347-6c64c545f365,cb5f4547-b10f-459a-8920-626743c0e34c,SGCL - Metro South U12,raw_d49c5768_f876_4053_a0b4_a9309e00a98b,raw_d49c5768_f876_4053_a0b4_a9309e00a98b,Kaya Johnson,Kaya Johnson,21.0,27.0,2,10,27.0,2,2,2026-02-20T17:30:00.0000000+10:30,77.77777777777777,37.03703703703704
a826b403-b813-4318-9805-5bbe4cf7f238,Summer 2025/26,c6c6007d-44ef-4aaf-9347-6c64c545f365,cb5f4547-b10f-459a-8920-626743c0e34c,SGCL - Metro South U12,raw_e5bec2c7_6f95_4a6a_b5aa_5b7215713aec,raw_e5bec2c7_6f95_4a6a_b5aa_5b7215713aec,Elise Hancock,Elise Hancock,5.0,14.0,1,7,14.0,1,1,2026-02-20T17:30:00.0000000+10:30,35.714285714285715,50.0
a826b403-b813-4318-9805-5bbe4cf7f238,Summer 2025/26,cd8c0c0d-340e-4a7e-a19c-16bbc98f767b,6c32e2e1-c3ad-4571-970f-a1749fd6aef0,Womens 1st Grade Stadium Real Estate,claudia_castanelli,claudia_castanelli,Claudia Castanelli,Claudia Castanelli,49.0,196.0,9,157,196.0,9,9,2026-03-22T13:00:00.0000000+10:30,25.0,80.10204081632654
a826b403-b813-4318-9805-5bbe4cf7f238,Summer 2025/26,cd8c0c0d-340e-4a7e-a19c-16bbc98f767b,6c32e2e1-c3ad-4571-970f-a1749fd6aef0,Womens 1st Grade Stadium Real Estate,erin_temme,erin_temme,Erin Temme,Erin Temme,0.0,5.0,1,5,5.0,1,1,2026-03-08T13:00:00.0000000+10:30,0.0,100.0
a826b403-b813-4318-9805-5bbe4cf7f238,Summer 2025/26,cd8c0c0d-340e-4a7e-a19c-16bbc98f767b,6c32e2e1-c3ad-4571-970f-a1749fd6aef0,Womens 1st Grade Stadium Real Estate,jo_cooke,jo_cooke,Jo Cooke,Jo Cooke,191.0,253.0,10,140,253.0,10,10,2026-02-22T13:00:00.0000000+10:30,75.49407114624506,55.33596837944664
a826b403-b813-4318-9805-5bbe4cf7f238,Summer 2025/26,cd8c0c0d-340e-4a7e-a19c-16bbc98f767b,6c32e2e1-c3ad-4571-970f-a1749fd6aef0,Womens 1st Grade Stadium Real Estate,raw_00000000_0000_0000_0000_000000000001,raw_00000000_0000_0000_0000_000000000001,********,********,19.0,30.0,1,20,30.0,1,1,2025-12-14T13:00:00.0000000+10:30,63.333333333333336,66.66666666666667
a826b403-b813-4318-9805-5bbe4cf7f238,Summer 2025/26,cd8c0c0d-340e-4a7e-a19c-16bbc98f767b,6c32e2e1-c3ad-4571-970f-a1749fd6aef0,Womens 1st Grade Stadium Real Estate,raw_09a4d03c_62cc_4967_a0c6_942c28c64c05,raw_09a4d03c_62cc_4967_a0c6_942c28c64c05,Kat Vlachos,Kat Vlachos,211.0,192.0,12,87,192.0,12,12,2026-03-22T13:00:00.0000000+10:30,109.89583333333333,45.3125
a826b403-b813-4318-9805-5bbe4cf7f238,Summer 2025/26,cd8c0c0d-340e-4a7e-a19c-16bbc98f767b,6c32e2e1-c3ad-4571-970f-a1749fd6aef0,Womens 1st Grade Stadium Real Estate,raw_0fbd6bf3_747d_43a0_9da2_5aad4b3f13da,raw_0fbd6bf3_747d_43a0_9da2_5aad4b3f13da,Deborah Mitchell,Deborah Mitchell,150.0,218.0,12,133,218.0,12,12,2026-03-22T13:00:00.0000000+10:30,68.80733944954129,61.00917431192661
a826b403-b813-4318-9805-5bbe4cf7f238,Summer 2025/26,cd8c0c0d-340e-4a7e-a19c-16bbc98f767b,6c32e2e1-c3ad-4571-970f-a1749fd6aef0,Womens 1st Grade Stadium Real Estate,raw_1d8e044e_136d_4c94_b6ee_4efadc5f1e6e,raw_1d8e044e_136d_4c94_b6ee_4efadc5f1e6e,Megan Le Clercq,Megan Le Clercq,1.0,31.0,3,30,31.0,3,3,2026-03-08T13:00:00.0000000+10:30,3.225806451612903,96.7741935483871
a826b403-b813-4318-9805-5bbe4cf7f238,Summer 2025/26,cd8c0c0d-340e-4a7e-a19c-16bbc98f767b,6c32e2e1-c3ad-4571-970f-a1749fd6aef0,Womens 1st Grade Stadium Real Estate,raw_29156470_7bf5_4490_8f30_086eba362cc0,raw_29156470_7bf5_4490_8f30_086eba362cc0,Angelina Summerton,Angelina Summerton,1.0,9.0,1,8,9.0,1,1,2025-12-14T13:00:00.0000000+10:30,11.11111111111111,88.88888888888889
a826b403-b813-4318-9805-5bbe4cf7f238,Summer 2025/26,cd8c0c0d-340e-4a7e-a19c-16bbc98f767b,6c32e2e1-c3ad-4571-970f-a1749fd6aef0,Womens 1st Grade Stadium Real Estate,raw_475b875d_2d1c_44c2_bffd_59c27a03de04,raw_475b875d_2d1c_44c2_bffd_59c27a03de04,Imygen Michaels,Imygen Michaels,2.0,19.0,1,17,19.0,1,1,2026-03-22T13:00:00.0000000+10:30,10.526315789473685,89.47368421052632
a826b403-b813-4318-9805-5bbe4cf7f238,Summer 2025/26,cd8c0c0d-340e-4a7e-a19c-16bbc98f767b,6c32e2e1-c3ad-4571-970f-a1749fd6aef0,Womens 1st Grade Stadium Real Estate,raw_59b3d0a3_b7fa_450e_9fed_0ca42fd24646,raw_59b3d0a3_b7fa_450e_9fed_0ca42fd24646,Joanne Posgate,Joanne Posgate,32.0,89.0,4,61,89.0,4,4,2026-03-22T13:00:00.0000000+10:30,35.95505617977528,68.53932584269663
a826b403-b813-4318-9805-5bbe4cf7f238,Summer 2025/26,cd8c0c0d-340e-4a7e-a19c-16bbc98f767b,6c32e2e1-c3ad-4571-970f-a1749fd6aef0,Womens 1st Grade Stadium Real Estate,raw_8bc7d418_ab2c_4df4_897a_15d695c4d85c,raw_8bc7d418_ab2c_4df4_897a_15d695c4d85c,Jessica Doyle,Jessica Doyle,2.0,8.0,1,6,8.0,1,1,2025-12-14T13:00:00.0000000+10:30,25.0,75.0
a826b403-b813-4318-9805-5bbe4cf7f238,Summer 2025/26,cd8c0c0d-340e-4a7e-a19c-16bbc98f767b,6c32e2e1-c3ad-4571-970f-a1749fd6aef0,Womens 1st Grade Stadium Real Estate,raw_a52b4046_f467_4345_a6b9_8d45e3e95eae,raw_a52b4046_f467_4345_a6b9_8d45e3e95eae,Jessica Armstrong,Jessica Armstrong,22.0,88.0,8,70,88.0,8,8,2026-03-22T13:00:00.0000000+10:30,25.0,79.54545454545455
a826b403-b813-4318-9805-5bbe4cf7f238,Summer 2025/26,cd8c0c0d-340e-4a7e-a19c-16bbc98f767b,6c32e2e1-c3ad-4571-970f-a1749fd6aef0,Womens 1st Grade Stadium Real Estate,raw_a9db13ac_c5cb_4a80_a127_6b8e0d6a3397,raw_a9db13ac_c5cb_4a80_a127_6b8e0d6a3397,Tori Young,Tori Young,17.0,41.0,4,28,41.0,4,4,2026-03-22T13:00:00.0000000+10:30,41.46341463414634,68.29268292682927
a826b403-b813-4318-9805-5bbe4cf7f238,Summer 2025/26,cd8c0c0d-340e-4a7e-a19c-16bbc98f767b,6c32e2e1-c3ad-4571-970f-a1749fd6aef0,Womens 1st Grade Stadium Real Estate,raw_b33a7a2b_49f7_45e5_8d14_784a3a45689c,raw_b33a7a2b_49f7_45e5_8d14_784a3a45689c,Aleisha Lawrie,Aleisha Lawrie,0.0,1.0,1,1,1.0,1,1,2026-03-08T13:00:00.0000000+10:30,0.0,100.0
a826b403-b813-4318-9805-5bbe4cf7f238,Summer 2025/26,cd8c0c0d-340e-4a7e-a19c-16bbc98f767b,6c32e2e1-c3ad-4571-970f-a1749fd6aef0,Womens 1st Grade Stadium Real Estate,raw_b5233509_d62f_4cee_9e7e_af6fe8d6123e,raw_b5233509_d62f_4cee_9e7e_af6fe8d6123e,Georgia Weatherspoon,Georgia Weatherspoon,336.0,375.0,11,191,375.0,11,11,2026-03-22T13:00:00.0000000+10:30,89.6,50.93333333333333
a826b403-b813-4318-9805-5bbe4cf7f238,Summer 2025/26,cd8c0c0d-340e-4a7e-a19c-16bbc98f767b,6c32e2e1-c3ad-4571-970f-a1749fd6aef0,Womens 1st Grade Stadium Real Estate,raw_ce019a8a_fe1e_4a54_b362_7417415e01cc,raw_ce019a8a_fe1e_4a54_b362_7417415e01cc,Rayne Rivalland,Rayne Rivalland,19.0,21.0,3,6,21.0,3,3,2025-12-14T13:00:00.0000000+10:30,90.47619047619048,28.571428571428573
a826b403-b813-4318-9805-5bbe4cf7f238,Summer 2025/26,cd8c0c0d-340e-4a7e-a19c-16bbc98f767b,6c32e2e1-c3ad-4571-970f-a1749fd6aef0,Womens 1st Grade Stadium Real Estate,raw_e5e24a6e_f1c0_4fa6_93c8_d9ecf92c0035,raw_e5e24a6e_f1c0_4fa6_93c8_d9ecf92c0035,Glenys Gabb,Glenys Gabb,55.0,112.0,7,71,112.0,7,7,2026-03-22T13:00:00.0000000+10:30,49.107142857142854,63.392857142857146
a826b403-b813-4318-9805-5bbe4cf7f238,Summer 2025/26,cd8c0c0d-340e-4a7e-a19c-16bbc98f767b,6c32e2e1-c3ad-4571-970f-a1749fd6aef0,Womens 1st Grade Stadium Real Estate,raw_f2654118_aeeb_4cdb_89b1_9aa50d84e561,raw_f2654118_aeeb_4cdb_89b1_9aa50d84e561,Maaika Tredrea,Maaika Tredrea,37.0,83.0,8,61,83.0,8,8,2026-03-22T13:00:00.0000000+10:30,44.57831325301205,73.49397590361446
a826b403-b813-4318-9805-5bbe4cf7f238,Summer 2025/26,cd8c0c0d-340e-4a7e-a19c-16bbc98f767b,6c32e2e1-c3ad-4571-970f-a1749fd6aef0,Womens 1st Grade Stadium Real Estate,raw_f7b5d072_df3b_4c2b_a9be_d2c74850f62d,raw_f7b5d072_df3b_4c2b_a9be_d2c74850f62d,Brooke Mullen,Brooke Mullen,190.0,201.0,11,96,201.0,11,11,2026-03-22T13:00:00.0000000+10:30,94.5273631840796,47.76119402985075
a826b403-b813-4318-9805-5bbe4cf7f238,Summer 2025/26,d1e184a1-da2b-4eb3-a20d-cc551c640ab3,d3b0da15-e457-48b4-9cf7-dfdef2672ce2,U18 Boys U18 ATCA T20 Competition,bailey_hague,bailey_hague,Bailey Hague,Bailey Hague,34.0,53.0,2,34,53.0,2,2,2025-12-15T17:10:00.0000000+10:30,64.15094339622641,64.15094339622641
a826b403-b813-4318-9805-5bbe4cf7f238,Summer 2025/26,d1e184a1-da2b-4eb3-a20d-cc551c640ab3,d3b0da15-e457-48b4-9cf7-dfdef2672ce2,U18 Boys U18 ATCA T20 Competition,brock_carlisle,brock_carlisle,Brock Carlisle,Brock Carlisle,87.0,83.0,3,34,83.0,3,3,2025-12-15T17:10:00.0000000+10:30,104.81927710843374,40.963855421686745
a826b403-b813-4318-9805-5bbe4cf7f238,Summer 2025/26,d1e184a1-da2b-4eb3-a20d-cc551c640ab3,d3b0da15-e457-48b4-9cf7-dfdef2672ce2,U18 Boys U18 ATCA T20 Competition,lucas_sutton,lucas_sutton,Lucas Sutton,Lucas Sutton,25.0,29.0,2,12,29.0,2,2,2025-12-15T17:10:00.0000000+10:30,86.20689655172414,41.37931034482759
a826b403-b813-4318-9805-5bbe4cf7f238,Summer 2025/26,d1e184a1-da2b-4eb3-a20d-cc551c640ab3,d3b0da15-e457-48b4-9cf7-dfdef2672ce2,U18 Boys U18 ATCA T20 Competition,mitchell_trenorden,mitchell_trenorden,Mitchell Trenorden,Mitchell Trenorden,15.0,16.0,2,5,16.0,2,2,2025-12-15T17:10:00.0000000+10:30,93.75,31.25
a826b403-b813-4318-9805-5bbe4cf7f238,Summer 2025/26,d1e184a1-da2b-4eb3-a20d-cc551c640ab3,d3b0da15-e457-48b4-9cf7-dfdef2672ce2,U18 Boys U18 ATCA T20 Competition,raw_2357cd91_625f_4677_ad0c_f9be317c47ae,raw_2357cd91_625f_4677_ad0c_f9be317c47ae,Lucas Elliott,Lucas Elliott,33.0,30.0,2,14,30.0,2,2,2025-12-15T17:10:00.0000000+10:30,110.0,46.666666666666664
a826b403-b813-4318-9805-5bbe4cf7f238,Summer 2025/26,d1e184a1-da2b-4eb3-a20d-cc551c640ab3,d3b0da15-e457-48b4-9cf7-dfdef2672ce2,U18 Boys U18 ATCA T20 Competition,raw_33ea59a7_0c09_4c3d_9a8a_37a505f8edc6,raw_33ea59a7_0c09_4c3d_9a8a_37a505f8edc6,Jed Rooke,Jed Rooke,19.0,20.0,2,11,20.0,2,2,2025-12-15T17:10:00.0000000+10:30,95.0,55.0
a826b403-b813-4318-9805-5bbe4cf7f238,Summer 2025/26,d1e184a1-da2b-4eb3-a20d-cc551c640ab3,d3b0da15-e457-48b4-9cf7-dfdef2672ce2,U18 Boys U18 ATCA T20 Competition,raw_3e1adebb_52c6_4915_ad92_93ac5ec5d9eb,raw_3e1adebb_52c6_4915_ad92_93ac5ec5d9eb,Dane Higgins,Dane Higgins,13.0,19.0,2,14,19.0,2,2,2025-12-09T17:10:00.0000000+10:30,68.42105263157895,73.6842105263158
a826b403-b813-4318-9805-5bbe4cf7f238,Summer 2025/26,d1e184a1-da2b-4eb3-a20d-cc551c640ab3,d3b0da15-e457-48b4-9cf7-dfdef2672ce2,U18 Boys U18 ATCA T20 Competition,raw_daca9c8e_5540_4ba8_b89d_97651d99a195,raw_daca9c8e_5540_4ba8_b89d_97651d99a195,Ben Worrall,Ben Worrall,24.0,36.0,2,18,36.0,2,2,2025-12-15T17:10:00.0000000+10:30,66.66666666666667,50.0
a826b403-b813-4318-9805-5bbe4cf7f238,Summer 2025/26,d1e184a1-da2b-4eb3-a20d-cc551c640ab3,d3b0da15-e457-48b4-9cf7-dfdef2672ce2,U18 Boys U18 ATCA T20 Competition,raw_fafe27de_3436_4138_98e3_9ba221548c71,raw_fafe27de_3436_4138_98e3_9ba221548c71,Bailey Winter,Bailey Winter,15.0,17.0,1,9,17.0,1,1,2025-12-15T17:10:00.0000000+10:30,88.23529411764706,52.94117647058823
a826b403-b813-4318-9805-5bbe4cf7f238,Summer 2025/26,db6489a0-ef77-43a1-ba29-4986bf061d29,ef6bca35-af7b-42a3-bd02-a9f23c402fa8,B3 Grade,josh_burrows,josh_burrows,Josh Burrows,Josh Burrows,0.0,1.0,1,1,1.0,1,1,2025-12-06T12:50:00.0000000+10:30,0.0,100.0
a826b403-b813-4318-9805-5bbe4cf7f238,Summer 2025/26,db6489a0-ef77-43a1-ba29-4986bf061d29,ef6bca35-af7b-42a3-bd02-a9f23c402fa8,B3 Grade,lucas_sutton,lucas_sutton,Lucas Sutton,Lucas Sutton,7.0,46.0,3,41,46.0,3,3,2026-03-21T12:20:00.0000000+10:30,15.217391304347826,89.1304347826087
a826b403-b813-4318-9805-5bbe4cf7f238,Summer 2025/26,db6489a0-ef77-43a1-ba29-4986bf061d29,ef6bca35-af7b-42a3-bd02-a9f23c402fa8,B3 Grade,nelson_mensforth,nelson_mensforth,Nelson Mensforth,Nelson Mensforth,0.0,2.0,1,2,2.0,1,1,2026-03-21T12:20:00.0000000+10:30,0.0,100.0
a826b403-b813-4318-9805-5bbe4cf7f238,Summer 2025/26,db6489a0-ef77-43a1-ba29-4986bf061d29,ef6bca35-af7b-42a3-bd02-a9f23c402fa8,B3 Grade,raw_0276c452_452a_4da6_9e8d_22e0f3786906,raw_0276c452_452a_4da6_9e8d_22e0f3786906,Michael Thompson,Michael Thompson,2.0,21.0,3,19,21.0,3,2,2026-03-07T12:20:00.0000000+10:30,9.523809523809524,90.47619047619048
a826b403-b813-4318-9805-5bbe4cf7f238,Summer 2025/26,db6489a0-ef77-43a1-ba29-4986bf061d29,ef6bca35-af7b-42a3-bd02-a9f23c402fa8,B3 Grade,raw_2357cd91_625f_4677_ad0c_f9be317c47ae,raw_2357cd91_625f_4677_ad0c_f9be317c47ae,Lucas Elliott,Lucas Elliott,2.0,24.0,1,22,24.0,1,1,2025-12-06T12:50:00.0000000+10:30,8.333333333333334,91.66666666666667
a826b403-b813-4318-9805-5bbe4cf7f238,Summer 2025/26,db6489a0-ef77-43a1-ba29-4986bf061d29,ef6bca35-af7b-42a3-bd02-a9f23c402fa8,B3 Grade,raw_3132ab5f_295e_4f43_8eab_73495a375654,raw_3132ab5f_295e_4f43_8eab_73495a375654,Buddika De Silva,Buddika De Silva,1.0,11.0,1,10,11.0,1,1,2026-03-21T12:20:00.0000000+10:30,9.090909090909092,90.9090909090909
a826b403-b813-4318-9805-5bbe4cf7f238,Summer 2025/26,db6489a0-ef77-43a1-ba29-4986bf061d29,ef6bca35-af7b-42a3-bd02-a9f23c402fa8,B3 Grade,raw_33ea59a7_0c09_4c3d_9a8a_37a505f8edc6,raw_33ea59a7_0c09_4c3d_9a8a_37a505f8edc6,Jed Rooke,Jed Rooke,42.0,48.0,1,27,48.0,1,1,2026-03-07T12:20:00.0000000+10:30,87.5,56.25
a826b403-b813-4318-9805-5bbe4cf7f238,Summer 2025/26,db6489a0-ef77-43a1-ba29-4986bf061d29,ef6bca35-af7b-42a3-bd02-a9f23c402fa8,B3 Grade,raw_3423b111_7f0f_495c_8242_116cd53f5672,raw_3423b111_7f0f_495c_8242_116cd53f5672,Luke Hardy,Luke Hardy,19.0,54.0,2,45,54.0,2,2,2026-03-21T12:20:00.0000000+10:30,35.18518518518518,83.33333333333333
a826b403-b813-4318-9805-5bbe4cf7f238,Summer 2025/26,db6489a0-ef77-43a1-ba29-4986bf061d29,ef6bca35-af7b-42a3-bd02-a9f23c402fa8,B3 Grade,raw_37433398_d988_4611_a1a9_3ceca172155c,raw_37433398_d988_4611_a1a9_3ceca172155c,Brad Bennett,Brad Bennett,45.0,203.0,4,175,203.0,4,3,2026-03-21T12:20:00.0000000+10:30,22.167487684729064,86.20689655172414
a826b403-b813-4318-9805-5bbe4cf7f238,Summer 2025/26,db6489a0-ef77-43a1-ba29-4986bf061d29,ef6bca35-af7b-42a3-bd02-a9f23c402fa8,B3 Grade,raw_5c4b13ef_34ea_4c42_a114_47e2fdd19973,raw_5c4b13ef_34ea_4c42_a114_47e2fdd19973,Paul Richardson,Paul Richardson,13.0,24.0,1,20,24.0,1,1,2025-12-06T12:50:00.0000000+10:30,54.166666666666664,83.33333333333333
a826b403-b813-4318-9805-5bbe4cf7f238,Summer 2025/26,db6489a0-ef77-43a1-ba29-4986bf061d29,ef6bca35-af7b-42a3-bd02-a9f23c402fa8,B3 Grade,raw_612c993a_0368_4549_9cd8_73316bdbc69a,raw_612c993a_0368_4549_9cd8_73316bdbc69a,Adam Ellis,Adam Ellis,63.0,234.0,4,205,234.0,4,3,2026-03-21T12:20:00.0000000+10:30,26.923076923076923,87.6068376068376
a826b403-b813-4318-9805-5bbe4cf7f238,Summer 2025/26,db6489a0-ef77-43a1-ba29-4986bf061d29,ef6bca35-af7b-42a3-bd02-a9f23c402fa8,B3 Grade,raw_6a8b979b_dd97_4e4b_9d57_4d6d66f99f68,raw_6a8b979b_dd97_4e4b_9d57_4d6d66f99f68,Mathew Pereira,Mathew Pereira,8.0,59.0,2,54,59.0,2,2,2026-03-21T12:20:00.0000000+10:30,13.559322033898304,91.52542372881356
a826b403-b813-4318-9805-5bbe4cf7f238,Summer 2025/26,db6489a0-ef77-43a1-ba29-4986bf061d29,ef6bca35-af7b-42a3-bd02-a9f23c402fa8,B3 Grade,raw_b2cedc68_089b_4c05_9a04_67d9dda8acfe,raw_b2cedc68_089b_4c05_9a04_67d9dda8acfe,Benjamin James,Benjamin James,39.0,83.0,2,64,83.0,2,2,2026-03-21T12:20:00.0000000+10:30,46.98795180722892,77.10843373493977
a826b403-b813-4318-9805-5bbe4cf7f238,Summer 2025/26,db6489a0-ef77-43a1-ba29-4986bf061d29,ef6bca35-af7b-42a3-bd02-a9f23c402fa8,B3 Grade,raw_ca43b431_cffc_4c51_bd6e_6e11e22e8c20,raw_ca43b431_cffc_4c51_bd6e_6e11e22e8c20,Brett Julian,Brett Julian,27.0,56.0,4,43,56.0,4,3,2026-03-21T12:20:00.0000000+10:30,48.214285714285715,76.78571428571429
a826b403-b813-4318-9805-5bbe4cf7f238,Summer 2025/26,db6489a0-ef77-43a1-ba29-4986bf061d29,ef6bca35-af7b-42a3-bd02-a9f23c402fa8,B3 Grade,raw_f6afa2af_6f03_48ea_af61_21f0e22b453b,raw_f6afa2af_6f03_48ea_af61_21f0e22b453b,Paul Radbourne,Paul Radbourne,25.0,85.0,4,69,85.0,4,3,2026-03-21T12:20:00.0000000+10:30,29.41176470588235,81.17647058823529
a826b403-b813-4318-9805-5bbe4cf7f238,Summer 2025/26,db6489a0-ef77-43a1-ba29-4986bf061d29,ef6bca35-af7b-42a3-bd02-a9f23c402fa8,B3 Grade,simon_loizi,simon_loizi,Simon Loizi,Simon Loizi,10.0,45.0,2,40,45.0,2,2,2026-03-21T12:20:00.0000000+10:30,22.22222222222222,88.88888888888889
a826b403-b813-4318-9805-5bbe4cf7f238,Summer 2025/26,e45ed899-a126-4bf4-8143-95df02edb3b3,b8cd95fd-313a-456c-9e11-43236d6215bf,U15 Division 3,ayden_cook,ayden_cook,Ayden Cook,Ayden Cook,3.0,7.0,1,4,7.0,1,1,2026-02-01T12:30:00.0000000+10:30,42.857142857142854,57.142857142857146
a826b403-b813-4318-9805-5bbe4cf7f238,Summer 2025/26,e45ed899-a126-4bf4-8143-95df02edb3b3,b8cd95fd-313a-456c-9e11-43236d6215bf,U15 Division 3,cameron_green,cameron_green,Cameron Green,Cameron Green,32.0,47.0,4,30,47.0,4,4,2026-03-22T12:15:00.0000000+10:30,68.08510638297872,63.829787234042556
a826b403-b813-4318-9805-5bbe4cf7f238,Summer 2025/26,e45ed899-a126-4bf4-8143-95df02edb3b3,b8cd95fd-313a-456c-9e11-43236d6215bf,U15 Division 3,jack_briggs,jack_briggs,Jack Briggs,Jack Briggs,23.0,83.0,4,69,83.0,4,4,2026-03-22T12:15:00.0000000+10:30,27.710843373493976,83.13253012048193
a826b403-b813-4318-9805-5bbe4cf7f238,Summer 2025/26,e45ed899-a126-4bf4-8143-95df02edb3b3,b8cd95fd-313a-456c-9e11-43236d6215bf,U15 Division 3,jayden_simons,jayden_simons,Jayden Simons,Jayden Simons,543.0,473.0,10,218,473.0,10,10,2026-03-22T12:15:00.0000000+10:30,114.79915433403805,46.088794926004226
a826b403-b813-4318-9805-5bbe4cf7f238,Summer 2025/26,e45ed899-a126-4bf4-8143-95df02edb3b3,b8cd95fd-313a-456c-9e11-43236d6215bf,U15 Division 3,raw_391168c4_7e8e_42f2_ab5c_96a72a484ed3,raw_391168c4_7e8e_42f2_ab5c_96a72a484ed3,Callam Mckeough,Callam Mckeough,3.0,6.0,1,3,6.0,1,1,2026-02-01T12:30:00.0000000+10:30,50.0,50.0
a826b403-b813-4318-9805-5bbe4cf7f238,Summer 2025/26,e45ed899-a126-4bf4-8143-95df02edb3b3,b8cd95fd-313a-456c-9e11-43236d6215bf,U15 Division 3,raw_3c41606c_f9a5_4942_9c83_fc14f61e7f74,raw_3c41606c_f9a5_4942_9c83_fc14f61e7f74,Nathaniel Botha-Webb,Nathaniel Botha-Webb,238.0,404.0,11,273,404.0,11,11,2026-03-22T12:15:00.0000000+10:30,58.91089108910891,67.57425742574257
a826b403-b813-4318-9805-5bbe4cf7f238,Summer 2025/26,e45ed899-a126-4bf4-8143-95df02edb3b3,b8cd95fd-313a-456c-9e11-43236d6215bf,U15 Division 3,raw_47109598_1ffe_41b3_a38f_d760c01d44ac,raw_47109598_1ffe_41b3_a38f_d760c01d44ac,Ty Allen,Ty Allen,94.0,148.0,10,99,148.0,10,10,2026-03-22T12:15:00.0000000+10:30,63.513513513513516,66.89189189189189
a826b403-b813-4318-9805-5bbe4cf7f238,Summer 2025/26,e45ed899-a126-4bf4-8143-95df02edb3b3,b8cd95fd-313a-456c-9e11-43236d6215bf,U15 Division 3,raw_5dc03adb_3577_4632_9377_dae27b5c2fb6,raw_5dc03adb_3577_4632_9377_dae27b5c2fb6,Callum Rice,Callum Rice,4.0,13.0,1,10,13.0,1,1,2026-02-01T12:30:00.0000000+10:30,30.76923076923077,76.92307692307692
a826b403-b813-4318-9805-5bbe4cf7f238,Summer 2025/26,e45ed899-a126-4bf4-8143-95df02edb3b3,b8cd95fd-313a-456c-9e11-43236d6215bf,U15 Division 3,raw_655c3ad2_5c9a_4765_a2d4_13309d7587e3,raw_655c3ad2_5c9a_4765_a2d4_13309d7587e3,William Bohen-Hayes,William Bohen-Hayes,29.0,64.0,2,44,64.0,2,2,2026-02-01T12:30:00.0000000+10:30,45.3125,68.75
a826b403-b813-4318-9805-5bbe4cf7f238,Summer 2025/26,e45ed899-a126-4bf4-8143-95df02edb3b3,b8cd95fd-313a-456c-9e11-43236d6215bf,U15 Division 3,raw_8aede067_8930_4980_b95c_fdbd55bcd0a1,raw_8aede067_8930_4980_b95c_fdbd55bcd0a1,Deegan Briggs,Deegan Briggs,20.0,75.0,4,61,75.0,4,4,2026-03-22T12:15:00.0000000+10:30,26.666666666666668,81.33333333333333
a826b403-b813-4318-9805-5bbe4cf7f238,Summer 2025/26,e45ed899-a126-4bf4-8143-95df02edb3b3,b8cd95fd-313a-456c-9e11-43236d6215bf,U15 Division 3,raw_9e9e696f_a56a_46fe_bc73_93235a4079db,raw_9e9e696f_a56a_46fe_bc73_93235a4079db,Ahsan Hanif,Ahsan Hanif,8.0,19.0,3,15,19.0,3,3,2026-03-22T12:15:00.0000000+10:30,42.10526315789474,78.94736842105263
a826b403-b813-4318-9805-5bbe4cf7f238,Summer 2025/26,e45ed899-a126-4bf4-8143-95df02edb3b3,b8cd95fd-313a-456c-9e11-43236d6215bf,U15 Division 3,raw_9f967857_c979_4eb6_b236_872c60f4a802,raw_9f967857_c979_4eb6_b236_872c60f4a802,Mitchell Munn,Mitchell Munn,30.0,108.0,7,88,108.0,7,7,2026-03-08T12:30:00.0000000+10:30,27.77777777777778,81.48148148148148
a826b403-b813-4318-9805-5bbe4cf7f238,Summer 2025/26,e45ed899-a126-4bf4-8143-95df02edb3b3,b8cd95fd-313a-456c-9e11-43236d6215bf,U15 Division 3,raw_ca5dd522_5fa1_431c_bd0b_c06f1ca15df4,raw_ca5dd522_5fa1_431c_bd0b_c06f1ca15df4,Gerard Mccormack,Gerard Mccormack,10.0,41.0,3,35,41.0,3,3,2026-03-22T12:15:00.0000000+10:30,24.390243902439025,85.36585365853658
a826b403-b813-4318-9805-5bbe4cf7f238,Summer 2025/26,e45ed899-a126-4bf4-8143-95df02edb3b3,b8cd95fd-313a-456c-9e11-43236d6215bf,U15 Division 3,raw_f34dd5fb_eb80_46b5_b42b_b0cfb7fbc317,raw_f34dd5fb_eb80_46b5_b42b_b0cfb7fbc317,Joshua Leister-Mitchell,Joshua Leister-Mitchell,340.0,316.0,9,143,316.0,9,9,2026-03-22T12:15:00.0000000+10:30,107.59493670886076,45.25316455696203
a826b403-b813-4318-9805-5bbe4cf7f238,Summer 2025/26,e45ed899-a126-4bf4-8143-95df02edb3b3,b8cd95fd-313a-456c-9e11-43236d6215bf,U15 Division 3,raw_f60ace16_04d7_4de0_8fdd_9f4670f7a333,raw_f60ace16_04d7_4de0_8fdd_9f4670f7a333,Harrison Cook,Harrison Cook,95.0,132.0,7,84,132.0,7,7,2026-03-22T12:15:00.0000000+10:30,71.96969696969697,63.63636363636363
a826b403-b813-4318-9805-5bbe4cf7f238,Summer 2025/26,e45ed899-a126-4bf4-8143-95df02edb3b3,b8cd95fd-313a-456c-9e11-43236d6215bf,U15 Division 3,sid_davis,sid_davis,Sid Davis,Sid Davis,71.0,108.0,3,67,108.0,3,3,2026-02-01T12:30:00.0000000+10:30,65.74074074074075,62.03703703703704
a826b403-b813-4318-9805-5bbe4cf7f238,Summer 2025/26,e45ed899-a126-4bf4-8143-95df02edb3b3,b8cd95fd-313a-456c-9e11-43236d6215bf,U15 Division 3,tyler_stevens,tyler_stevens,Tyler Stevens,Tyler Stevens,137.0,435.0,11,340,435.0,11,11,2026-03-22T12:15:00.0000000+10:30,31.49425287356322,78.16091954022988
a826b403-b813-4318-9805-5bbe4cf7f238,Summer 2025/26,e65f0dd9-1ee0-41d6-b897-03c055a0dd0a,214c11b1-2350-4e20-918a-891051061bb0,O'Neills Sports T20 Division 3,jake_thyssen,jake_thyssen,Jake Thyssen,Jake Thyssen,34.0,45.0,2,19,45.0,2,2,2026-01-20T17:10:00.0000000+10:30,75.55555555555556,42.22222222222222
a826b403-b813-4318-9805-5bbe4cf7f238,Summer 2025/26,e65f0dd9-1ee0-41d6-b897-03c055a0dd0a,214c11b1-2350-4e20-918a-891051061bb0,O'Neills Sports T20 Division 3,jason_jennings,jason_jennings,Jason Jennings,Jason Jennings,10.0,8.0,1,3,8.0,1,1,2026-01-20T17:10:00.0000000+10:30,125.0,37.5
a826b403-b813-4318-9805-5bbe4cf7f238,Summer 2025/26,e65f0dd9-1ee0-41d6-b897-03c055a0dd0a,214c11b1-2350-4e20-918a-891051061bb0,O'Neills Sports T20 Division 3,josh_burrows,josh_burrows,Josh Burrows,Josh Burrows,31.0,29.0,3,15,29.0,3,3,2026-01-20T17:10:00.0000000+10:30,106.89655172413794,51.724137931034484
a826b403-b813-4318-9805-5bbe4cf7f238,Summer 2025/26,e65f0dd9-1ee0-41d6-b897-03c055a0dd0a,214c11b1-2350-4e20-918a-891051061bb0,O'Neills Sports T20 Division 3,noah_bevan,noah_bevan,Noah Bevan,Noah Bevan,6.0,9.0,1,3,9.0,1,1,2026-01-13T17:10:00.0000000+10:30,66.66666666666667,33.333333333333336
a826b403-b813-4318-9805-5bbe4cf7f238,Summer 2025/26,e65f0dd9-1ee0-41d6-b897-03c055a0dd0a,214c11b1-2350-4e20-918a-891051061bb0,O'Neills Sports T20 Division 3,raw_0276c452_452a_4da6_9e8d_22e0f3786906,raw_0276c452_452a_4da6_9e8d_22e0f3786906,Michael Thompson,Michael Thompson,30.0,30.0,1,13,30.0,1,1,2026-01-13T17:10:00.0000000+10:30,100.0,43.333333333333336
a826b403-b813-4318-9805-5bbe4cf7f238,Summer 2025/26,e65f0dd9-1ee0-41d6-b897-03c055a0dd0a,214c11b1-2350-4e20-918a-891051061bb0,O'Neills Sports T20 Division 3,raw_2357cd91_625f_4677_ad0c_f9be317c47ae,raw_2357cd91_625f_4677_ad0c_f9be317c47ae,Lucas Elliott,Lucas Elliott,11.0,13.0,1,7,13.0,1,1,2026-01-13T17:10:00.0000000+10:30,84.61538461538461,53.84615384615385
a826b403-b813-4318-9805-5bbe4cf7f238,Summer 2025/26,e65f0dd9-1ee0-41d6-b897-03c055a0dd0a,214c11b1-2350-4e20-918a-891051061bb0,O'Neills Sports T20 Division 3,raw_37433398_d988_4611_a1a9_3ceca172155c,raw_37433398_d988_4611_a1a9_3ceca172155c,Brad Bennett,Brad Bennett,22.0,21.0,1,8,21.0,1,1,2025-12-16T17:10:00.0000000+10:30,104.76190476190476,38.095238095238095
a826b403-b813-4318-9805-5bbe4cf7f238,Summer 2025/26,e65f0dd9-1ee0-41d6-b897-03c055a0dd0a,214c11b1-2350-4e20-918a-891051061bb0,O'Neills Sports T20 Division 3,raw_411e1957_a125_49b1_8b62_13190deed13d,raw_411e1957_a125_49b1_8b62_13190deed13d,Hardik Patel,Hardik Patel,0.0,2.0,1,2,2.0,1,1,2025-12-16T17:10:00.0000000+10:30,0.0,100.0
a826b403-b813-4318-9805-5bbe4cf7f238,Summer 2025/26,e65f0dd9-1ee0-41d6-b897-03c055a0dd0a,214c11b1-2350-4e20-918a-891051061bb0,O'Neills Sports T20 Division 3,raw_701b0bc5_6d0f_4d16_9416_9f901bfa7177,raw_701b0bc5_6d0f_4d16_9416_9f901bfa7177,Daniel O'Loughlin,Daniel O'Loughlin,25.0,22.0,2,7,22.0,2,2,2026-01-13T17:10:00.0000000+10:30,113.63636363636364,31.818181818181817
a826b403-b813-4318-9805-5bbe4cf7f238,Summer 2025/26,e65f0dd9-1ee0-41d6-b897-03c055a0dd0a,214c11b1-2350-4e20-918a-891051061bb0,O'Neills Sports T20 Division 3,raw_7339293a_4b62_41d6_a3ab_818dab60e6da,raw_7339293a_4b62_41d6_a3ab_818dab60e6da,Matthew Russell,Matthew Russell,13.0,21.0,3,12,21.0,3,3,2026-01-20T17:10:00.0000000+10:30,61.904761904761905,57.142857142857146
a826b403-b813-4318-9805-5bbe4cf7f238,Summer 2025/26,e65f0dd9-1ee0-41d6-b897-03c055a0dd0a,214c11b1-2350-4e20-918a-891051061bb0,O'Neills Sports T20 Division 3,raw_73f1bd06_c31d_43c0_9d1f_43c9220c933a,raw_73f1bd06_c31d_43c0_9d1f_43c9220c933a,Leon Vico,Leon Vico,45.0,44.0,2,19,44.0,2,2,2026-01-20T17:10:00.0000000+10:30,102.27272727272727,43.18181818181818
a826b403-b813-4318-9805-5bbe4cf7f238,Summer 2025/26,e65f0dd9-1ee0-41d6-b897-03c055a0dd0a,214c11b1-2350-4e20-918a-891051061bb0,O'Neills Sports T20 Division 3,raw_80f7658d_46df_4ca7_b401_917468f06660,raw_80f7658d_46df_4ca7_b401_917468f06660,Kieran O’loughlin,Kieran O’loughlin,18.0,15.0,1,8,15.0,1,1,2025-12-16T17:10:00.0000000+10:30,120.0,53.333333333333336
a826b403-b813-4318-9805-5bbe4cf7f238,Summer 2025/26,e65f0dd9-1ee0-41d6-b897-03c055a0dd0a,214c11b1-2350-4e20-918a-891051061bb0,O'Neills Sports T20 Division 3,raw_f89db413_fbae_44bf_b75b_10896b2ef2c4,raw_f89db413_fbae_44bf_b75b_10896b2ef2c4,Jase Brodyk,Jase Brodyk,51.0,42.0,2,14,42.0,2,2,2026-01-20T17:10:00.0000000+10:30,121.42857142857143,33.333333333333336
a826b403-b813-4318-9805-5bbe4cf7f238,Summer 2025/26,e65f0dd9-1ee0-41d6-b897-03c055a0dd0a,214c11b1-2350-4e20-918a-891051061bb0,O'Neills Sports T20 Division 3,simon_loizi,simon_loizi,Simon Loizi,Simon Loizi,56.0,49.0,2,19,49.0,2,2,2026-01-13T17:10:00.0000000+10:30,114.28571428571429,38.775510204081634
a826b403-b813-4318-9805-5bbe4cf7f238,Summer 2025/26,eb952667-674e-49ae-8ebd-d12f5b28adcb,1c361708-fba6-4bbc-8e49-e3b8f9241f16,U12 Division 2,jude_knowles,jude_knowles,Jude Knowles,Jude Knowles,43.0,111.0,7,68,111.0,7,7,2026-02-08T08:30:00.0000000+10:30,38.73873873873874,61.26126126126126
a826b403-b813-4318-9805-5bbe4cf7f238,Summer 2025/26,eb952667-674e-49ae-8ebd-d12f5b28adcb,1c361708-fba6-4bbc-8e49-e3b8f9241f16,U12 Division 2,raw_0fce3f8b_1eb9_4259_a150_cebb1f98bed4,raw_0fce3f8b_1eb9_4259_a150_cebb1f98bed4,Kieran Taylor,Kieran Taylor,39.0,58.0,3,26,58.0,3,3,2026-02-08T08:30:00.0000000+10:30,67.24137931034483,44.827586206896555
a826b403-b813-4318-9805-5bbe4cf7f238,Summer 2025/26,eb952667-674e-49ae-8ebd-d12f5b28adcb,1c361708-fba6-4bbc-8e49-e3b8f9241f16,U12 Division 2,raw_1ac708e2_4a22_484b_a6c8_acea1d1d84c3,raw_1ac708e2_4a22_484b_a6c8_acea1d1d84c3,Mitchell Reid,Mitchell Reid,42.0,100.0,5,57,100.0,5,5,2026-02-08T08:30:00.0000000+10:30,42.0,57.0
a826b403-b813-4318-9805-5bbe4cf7f238,Summer 2025/26,eb952667-674e-49ae-8ebd-d12f5b28adcb,1c361708-fba6-4bbc-8e49-e3b8f9241f16,U12 Division 2,raw_1cb508f6_c640_46a0_bb0a_82f357bf2a19,raw_1cb508f6_c640_46a0_bb0a_82f357bf2a19,Max Koenecke,Max Koenecke,35.0,75.0,5,43,75.0,5,5,2026-02-08T08:30:00.0000000+10:30,46.666666666666664,57.333333333333336
a826b403-b813-4318-9805-5bbe4cf7f238,Summer 2025/26,eb952667-674e-49ae-8ebd-d12f5b28adcb,1c361708-fba6-4bbc-8e49-e3b8f9241f16,U12 Division 2,raw_23ddc6be_c3c6_459f_a4eb_3d7476143c6d,raw_23ddc6be_c3c6_459f_a4eb_3d7476143c6d,Tobias Rohrlach,Tobias Rohrlach,8.0,14.0,1,6,14.0,1,1,2025-10-24T17:00:00.0000000+10:30,57.142857142857146,42.857142857142854
a826b403-b813-4318-9805-5bbe4cf7f238,Summer 2025/26,eb952667-674e-49ae-8ebd-d12f5b28adcb,1c361708-fba6-4bbc-8e49-e3b8f9241f16,U12 Division 2,raw_410ae86d_ebbf_44b0_8565_d79e31a87c69,raw_410ae86d_ebbf_44b0_8565_d79e31a87c69,Hayden Castanelli,Hayden Castanelli,67.0,54.0,6,20,54.0,6,6,2026-02-08T08:30:00.0000000+10:30,124.07407407407408,37.03703703703704
a826b403-b813-4318-9805-5bbe4cf7f238,Summer 2025/26,eb952667-674e-49ae-8ebd-d12f5b28adcb,1c361708-fba6-4bbc-8e49-e3b8f9241f16,U12 Division 2,raw_6fb38f28_fbd2_4e13_9a45_e944f8ccbb80,raw_6fb38f28_fbd2_4e13_9a45_e944f8ccbb80,Jackson Jefferies,Jackson Jefferies,43.0,97.0,6,53,97.0,6,6,2026-02-08T08:30:00.0000000+10:30,44.329896907216494,54.63917525773196
a826b403-b813-4318-9805-5bbe4cf7f238,Summer 2025/26,eb952667-674e-49ae-8ebd-d12f5b28adcb,1c361708-fba6-4bbc-8e49-e3b8f9241f16,U12 Division 2,raw_751545e7_68b0_4957_bf56_8ec5c8ace2ab,raw_751545e7_68b0_4957_bf56_8ec5c8ace2ab,William Sadler,William Sadler,41.0,62.0,5,32,62.0,5,5,2026-02-08T08:30:00.0000000+10:30,66.12903225806451,51.61290322580645
a826b403-b813-4318-9805-5bbe4cf7f238,Summer 2025/26,eb952667-674e-49ae-8ebd-d12f5b28adcb,1c361708-fba6-4bbc-8e49-e3b8f9241f16,U12 Division 2,raw_77e78913_a31b_43d0_9f95_9bc6d5c828bf,raw_77e78913_a31b_43d0_9f95_9bc6d5c828bf,Aaveer Bansal,Aaveer Bansal,1.0,4.0,2,3,4.0,2,2,2025-12-07T08:30:00.0000000+10:30,25.0,75.0
a826b403-b813-4318-9805-5bbe4cf7f238,Summer 2025/26,eb952667-674e-49ae-8ebd-d12f5b28adcb,1c361708-fba6-4bbc-8e49-e3b8f9241f16,U12 Division 2,raw_9f0b9650_7bd6_467f_93a0_ceea963ae138,raw_9f0b9650_7bd6_467f_93a0_ceea963ae138,Harrison Bennett,Harrison Bennett,77.0,109.0,6,57,109.0,6,6,2026-02-08T08:30:00.0000000+10:30,70.64220183486239,52.293577981651374
a826b403-b813-4318-9805-5bbe4cf7f238,Summer 2025/26,eb952667-674e-49ae-8ebd-d12f5b28adcb,1c361708-fba6-4bbc-8e49-e3b8f9241f16,U12 Division 2,raw_a0c02388_1aae_4323_b2a8_144d3361dcad,raw_a0c02388_1aae_4323_b2a8_144d3361dcad,Kingsley Doecke,Kingsley Doecke,10.0,51.0,5,26,51.0,5,5,2026-02-08T08:30:00.0000000+10:30,19.607843137254903,50.98039215686274
a826b403-b813-4318-9805-5bbe4cf7f238,Summer 2025/26,eb952667-674e-49ae-8ebd-d12f5b28adcb,1c361708-fba6-4bbc-8e49-e3b8f9241f16,U12 Division 2,raw_a2b59a4b_49fe_40ab_90b1_74169061b015,raw_a2b59a4b_49fe_40ab_90b1_74169061b015,Finn Castanelli,Finn Castanelli,71.0,76.0,5,30,76.0,5,5,2026-02-08T08:30:00.0000000+10:30,93.42105263157895,39.473684210526315
a826b403-b813-4318-9805-5bbe4cf7f238,Summer 2025/26,eb952667-674e-49ae-8ebd-d12f5b28adcb,1c361708-fba6-4bbc-8e49-e3b8f9241f16,U12 Division 2,raw_ab761545_ed5c_44f5_9b83_f9db513d7cf8,raw_ab761545_ed5c_44f5_9b83_f9db513d7cf8,Zachary Harvey,Zachary Harvey,48.0,51.0,4,22,51.0,4,4,2025-12-07T08:30:00.0000000+10:30,94.11764705882354,43.13725490196079
a826b403-b813-4318-9805-5bbe4cf7f238,Summer 2025/26,eb952667-674e-49ae-8ebd-d12f5b28adcb,1c361708-fba6-4bbc-8e49-e3b8f9241f16,U12 Division 2,raw_c25f4fc0_0035_4a25_a559_e63ad8e15976,raw_c25f4fc0_0035_4a25_a559_e63ad8e15976,Cullen Thomas,Cullen Thomas,16.0,24.0,2,10,24.0,2,2,2026-02-08T08:30:00.0000000+10:30,66.66666666666667,41.666666666666664
a826b403-b813-4318-9805-5bbe4cf7f238,Summer 2025/26,eb952667-674e-49ae-8ebd-d12f5b28adcb,1c361708-fba6-4bbc-8e49-e3b8f9241f16,U12 Division 2,raw_d3edebad_ca5e_4f29_8267_a044033625d3,raw_d3edebad_ca5e_4f29_8267_a044033625d3,Dylan Howie,Dylan Howie,17.0,70.0,4,54,70.0,4,4,2025-12-07T08:30:00.0000000+10:30,24.285714285714285,77.14285714285714
a9c25381-9a31-4bde-b3ff-4074ebed8044,Summer 2017/18,219ad58d-82c8-43d7-abda-1cb7c47189ce,28be6d31-5b6e-4a7b-9c3a-8d33e8799f03,Under 12 South Division 1,jayden_hower,jayden_hower,Jayden Hower,Jayden Hower,1.0,9.0,1,8,9.0,1,1,2018-02-11T09:00:00.0000000+00:00,11.11111111111111,88.88888888888889
a9c25381-9a31-4bde-b3ff-4074ebed8044,Summer 2017/18,219ad58d-82c8-43d7-abda-1cb7c47189ce,28be6d31-5b6e-4a7b-9c3a-8d33e8799f03,Under 12 South Division 1,levi_swan,levi_swan,Levi Swan,Levi Swan,4.0,15.0,1,14,15.0,1,1,2018-02-11T09:00:00.0000000+00:00,26.666666666666668,93.33333333333333
a9c25381-9a31-4bde-b3ff-4074ebed8044,Summer 2017/18,219ad58d-82c8-43d7-abda-1cb7c47189ce,28be6d31-5b6e-4a7b-9c3a-8d33e8799f03,Under 12 South Division 1,raw_220f91c7_eac1_452a_a170_7f623bc3a7ed,raw_220f91c7_eac1_452a_a170_7f623bc3a7ed,Gregor Cooper,Gregor Cooper,4.0,7.0,1,6,7.0,1,1,2018-02-11T09:00:00.0000000+00:00,57.142857142857146,85.71428571428571
a9c25381-9a31-4bde-b3ff-4074ebed8044,Summer 2017/18,219ad58d-82c8-43d7-abda-1cb7c47189ce,28be6d31-5b6e-4a7b-9c3a-8d33e8799f03,Under 12 South Division 1,raw_29e50879_ec66_4fdf_8e51_3cd79a5a0b25,raw_29e50879_ec66_4fdf_8e51_3cd79a5a0b25,William Turner,William Turner,0.0,1.0,1,1,1.0,1,1,2018-02-11T09:00:00.0000000+00:00,0.0,100.0
a9c25381-9a31-4bde-b3ff-4074ebed8044,Summer 2017/18,219ad58d-82c8-43d7-abda-1cb7c47189ce,28be6d31-5b6e-4a7b-9c3a-8d33e8799f03,Under 12 South Division 1,raw_4410f398_17f0_4f16_b14c_3ffecbc76eb0,raw_4410f398_17f0_4f16_b14c_3ffecbc76eb0,Isaac Gilson,Isaac Gilson,9.0,14.0,1,9,14.0,1,1,2018-02-11T09:00:00.0000000+00:00,64.28571428571429,64.28571428571429
a9c25381-9a31-4bde-b3ff-4074ebed8044,Summer 2017/18,219ad58d-82c8-43d7-abda-1cb7c47189ce,28be6d31-5b6e-4a7b-9c3a-8d33e8799f03,Under 12 South Division 1,raw_89724b78_02be_4083_b87d_91602f50cb8d,raw_89724b78_02be_4083_b87d_91602f50cb8d,Bailey Doe,Bailey Doe,0.0,20.0,1,20,20.0,1,1,2018-02-11T09:00:00.0000000+00:00,0.0,100.0
a9c25381-9a31-4bde-b3ff-4074ebed8044,Summer 2017/18,219ad58d-82c8-43d7-abda-1cb7c47189ce,28be6d31-5b6e-4a7b-9c3a-8d33e8799f03,Under 12 South Division 1,raw_94636140_8e5c_4dbb_9749_bd9e81f301e0,raw_94636140_8e5c_4dbb_9749_bd9e81f301e0,Rhylee Bhatia-King,Rhylee Bhatia-King,17.0,23.0,1,15,23.0,1,1,2018-02-11T09:00:00.0000000+00:00,73.91304347826087,65.21739130434783
a9c25381-9a31-4bde-b3ff-4074ebed8044,Summer 2017/18,219ad58d-82c8-43d7-abda-1cb7c47189ce,28be6d31-5b6e-4a7b-9c3a-8d33e8799f03,Under 12 South Division 1,raw_98768630_c0b3_4dfc_aea9_18c48a7255f7,raw_98768630_c0b3_4dfc_aea9_18c48a7255f7,Cooper Rowe,Cooper Rowe,0.0,1.0,1,1,1.0,1,1,2018-02-11T09:00:00.0000000+00:00,0.0,100.0
a9c25381-9a31-4bde-b3ff-4074ebed8044,Summer 2017/18,219ad58d-82c8-43d7-abda-1cb7c47189ce,28be6d31-5b6e-4a7b-9c3a-8d33e8799f03,Under 12 South Division 1,raw_b97e7972_534e_4799_a6ee_b06f91edc4a2,raw_b97e7972_534e_4799_a6ee_b06f91edc4a2,Connor Grant,Connor Grant,1.0,10.0,1,9,10.0,1,1,2018-02-11T09:00:00.0000000+00:00,10.0,90.0
a9c25381-9a31-4bde-b3ff-4074ebed8044,Summer 2017/18,219ad58d-82c8-43d7-abda-1cb7c47189ce,28be6d31-5b6e-4a7b-9c3a-8d33e8799f03,Under 12 South Division 1,raw_cf2b623f_6113_459e_994f_2dad691144ba,raw_cf2b623f_6113_459e_994f_2dad691144ba,Brock Hutchinson,Brock Hutchinson,0.0,9.0,1,9,9.0,1,1,2018-02-11T09:00:00.0000000+00:00,0.0,100.0
a9c25381-9a31-4bde-b3ff-4074ebed8044,Summer 2017/18,219ad58d-82c8-43d7-abda-1cb7c47189ce,28be6d31-5b6e-4a7b-9c3a-8d33e8799f03,Under 12 South Division 1,raw_f9ee2bd0_9d56_4ca4_bcbc_9e7d74fe781c,raw_f9ee2bd0_9d56_4ca4_bcbc_9e7d74fe781c,Jake Agnew,Jake Agnew,0.0,1.0,1,1,1.0,1,1,2018-02-11T09:00:00.0000000+00:00,0.0,100.0
a9c25381-9a31-4bde-b3ff-4074ebed8044,Summer 2017/18,219ad58d-82c8-43d7-abda-1cb7c47189ce,28be6d31-5b6e-4a7b-9c3a-8d33e8799f03,Under 12 South Division 1,raw_fa027780_3f28_4eac_a1be_233f848e2b61,raw_fa027780_3f28_4eac_a1be_233f848e2b61,Ved Kulkarni,Ved Kulkarni,10.0,16.0,1,10,16.0,1,1,2018-02-11T09:00:00.0000000+00:00,62.5,62.5
a9c25381-9a31-4bde-b3ff-4074ebed8044,Summer 2017/18,369dbdc0-b1ee-4efa-8030-7087db7f322e,f4949534-44b7-4779-baa9-588220ab7c4a,Kookaburra Sports A1 Premier Grade,raw_0ee061a9_b7b8_4379_ab58_185e759869d2,raw_0ee061a9_b7b8_4379_ab58_185e759869d2,Richard Gabb,Richard Gabb,10.0,23.0,1,18,23.0,1,1,2018-01-20T13:00:00.0000000+00:00,43.47826086956522,78.26086956521739
a9c25381-9a31-4bde-b3ff-4074ebed8044,Summer 2017/18,369dbdc0-b1ee-4efa-8030-7087db7f322e,f4949534-44b7-4779-baa9-588220ab7c4a,Kookaburra Sports A1 Premier Grade,raw_1540437c_7d5f_4916_bebb_13a43096322c,raw_1540437c_7d5f_4916_bebb_13a43096322c,Sam Tugwell,Sam Tugwell,11.0,48.0,1,43,48.0,1,1,2018-01-20T13:00:00.0000000+00:00,22.916666666666668,89.58333333333333
a9c25381-9a31-4bde-b3ff-4074ebed8044,Summer 2017/18,369dbdc0-b1ee-4efa-8030-7087db7f322e,f4949534-44b7-4779-baa9-588220ab7c4a,Kookaburra Sports A1 Premier Grade,raw_1a69b5d8_da3a_4162_b50b_61a08660d572,raw_1a69b5d8_da3a_4162_b50b_61a08660d572,Cameron Pannach,Cameron Pannach,2.0,6.0,1,4,6.0,1,1,2018-01-20T13:00:00.0000000+00:00,33.333333333333336,66.66666666666667
a9c25381-9a31-4bde-b3ff-4074ebed8044,Summer 2017/18,369dbdc0-b1ee-4efa-8030-7087db7f322e,f4949534-44b7-4779-baa9-588220ab7c4a,Kookaburra Sports A1 Premier Grade,raw_205e8fd2_2a71_4bb7_af36_80deca0a9b8a,raw_205e8fd2_2a71_4bb7_af36_80deca0a9b8a,Matt Hehner,Matt Hehner,11.0,20.0,1,15,20.0,1,1,2018-01-20T13:00:00.0000000+00:00,55.0,75.0
a9c25381-9a31-4bde-b3ff-4074ebed8044,Summer 2017/18,369dbdc0-b1ee-4efa-8030-7087db7f322e,f4949534-44b7-4779-baa9-588220ab7c4a,Kookaburra Sports A1 Premier Grade,raw_427720ca_acbd_4e70_9ea1_ab061c431036,raw_427720ca_acbd_4e70_9ea1_ab061c431036,Callan Semple,Callan Semple,5.0,13.0,1,11,13.0,1,1,2018-01-20T13:00:00.0000000+00:00,38.46153846153846,84.61538461538461
a9c25381-9a31-4bde-b3ff-4074ebed8044,Summer 2017/18,369dbdc0-b1ee-4efa-8030-7087db7f322e,f4949534-44b7-4779-baa9-588220ab7c4a,Kookaburra Sports A1 Premier Grade,raw_613ff757_823d_470c_9a90_e316a8b7ca53,raw_613ff757_823d_470c_9a90_e316a8b7ca53,Mark Nankervis,Mark Nankervis,0.0,3.0,1,3,3.0,1,1,2018-01-20T13:00:00.0000000+00:00,0.0,100.0
a9c25381-9a31-4bde-b3ff-4074ebed8044,Summer 2017/18,369dbdc0-b1ee-4efa-8030-7087db7f322e,f4949534-44b7-4779-baa9-588220ab7c4a,Kookaburra Sports A1 Premier Grade,raw_6de263a3_256a_48eb_9957_5fc29f9c982f,raw_6de263a3_256a_48eb_9957_5fc29f9c982f,Robert Colville,Robert Colville,3.0,8.0,1,6,8.0,1,1,2018-01-20T13:00:00.0000000+00:00,37.5,75.0
a9c25381-9a31-4bde-b3ff-4074ebed8044,Summer 2017/18,369dbdc0-b1ee-4efa-8030-7087db7f322e,f4949534-44b7-4779-baa9-588220ab7c4a,Kookaburra Sports A1 Premier Grade,raw_9d677ffb_16c5_4b5c_8480_d1176510f0db,raw_9d677ffb_16c5_4b5c_8480_d1176510f0db,Peter Jameson,Peter Jameson,4.0,16.0,1,15,16.0,1,1,2018-01-20T13:00:00.0000000+00:00,25.0,93.75
a9c25381-9a31-4bde-b3ff-4074ebed8044,Summer 2017/18,369dbdc0-b1ee-4efa-8030-7087db7f322e,f4949534-44b7-4779-baa9-588220ab7c4a,Kookaburra Sports A1 Premier Grade,raw_c43e1f5c_83e7_432e_9c4f_fbdb0c21b01e,raw_c43e1f5c_83e7_432e_9c4f_fbdb0c21b01e,Shaun Newell,Shaun Newell,44.0,82.0,1,61,82.0,1,1,2018-01-20T13:00:00.0000000+00:00,53.65853658536585,74.39024390243902
a9c25381-9a31-4bde-b3ff-4074ebed8044,Summer 2017/18,369dbdc0-b1ee-4efa-8030-7087db7f322e,f4949534-44b7-4779-baa9-588220ab7c4a,Kookaburra Sports A1 Premier Grade,raw_ea025590_55a4_42cc_90d8_08a406c61cc4,raw_ea025590_55a4_42cc_90d8_08a406c61cc4,Kaine Hopkins,Kaine Hopkins,42.0,93.0,1,74,93.0,1,1,2018-01-20T13:00:00.0000000+00:00,45.16129032258065,79.56989247311827
a9c25381-9a31-4bde-b3ff-4074ebed8044,Summer 2017/18,369dbdc0-b1ee-4efa-8030-7087db7f322e,f4949534-44b7-4779-baa9-588220ab7c4a,Kookaburra Sports A1 Premier Grade,raw_ed1c49de_6316_47fb_a63a_81073b111740,raw_ed1c49de_6316_47fb_a63a_81073b111740,Jordan Wright,Jordan Wright,34.0,131.0,1,114,131.0,1,1,2018-01-20T13:00:00.0000000+00:00,25.954198473282442,87.02290076335878
a9c25381-9a31-4bde-b3ff-4074ebed8044,Summer 2017/18,cd7d72a0-5d83-4f11-9436-e275c8c6b274,5fefc600-f72e-449d-bd3c-78201521d89a,Under 15 South Division 1,josh_burrows,josh_burrows,Josh Burrows,Josh Burrows,19.0,24.0,1,18,24.0,1,1,2018-01-14T12:30:00.0000000+00:00,79.16666666666667,75.0
a9c25381-9a31-4bde-b3ff-4074ebed8044,Summer 2017/18,cd7d72a0-5d83-4f11-9436-e275c8c6b274,5fefc600-f72e-449d-bd3c-78201521d89a,Under 15 South Division 1,raw_079066bb_0e2a_4d46_b3bb_aff3bf619815,raw_079066bb_0e2a_4d46_b3bb_aff3bf619815,Lachlan Prior,Lachlan Prior,4.0,17.0,1,14,17.0,1,1,2018-01-14T12:30:00.0000000+00:00,23.529411764705884,82.3529411764706
a9c25381-9a31-4bde-b3ff-4074ebed8044,Summer 2017/18,cd7d72a0-5d83-4f11-9436-e275c8c6b274,5fefc600-f72e-449d-bd3c-78201521d89a,Under 15 South Division 1,raw_0cf2cd71_d9af_46aa_bfe4_5cf1f71d9a4f,raw_0cf2cd71_d9af_46aa_bfe4_5cf1f71d9a4f,Chase Humphrey,Chase Humphrey,3.0,7.0,1,5,7.0,1,1,2018-01-14T12:30:00.0000000+00:00,42.857142857142854,71.42857142857143
a9c25381-9a31-4bde-b3ff-4074ebed8044,Summer 2017/18,cd7d72a0-5d83-4f11-9436-e275c8c6b274,5fefc600-f72e-449d-bd3c-78201521d89a,Under 15 South Division 1,raw_88963044_0646_489c_90bf_79aca26006b5,raw_88963044_0646_489c_90bf_79aca26006b5,Jaxon Newman,Jaxon Newman,9.0,22.0,1,17,22.0,1,1,2018-01-14T12:30:00.0000000+00:00,40.90909090909091,77.27272727272727
a9c25381-9a31-4bde-b3ff-4074ebed8044,Summer 2017/18,cd7d72a0-5d83-4f11-9436-e275c8c6b274,5fefc600-f72e-449d-bd3c-78201521d89a,Under 15 South Division 1,raw_bdae8688_776c_4413_bfca_9baa5aabf38a,raw_bdae8688_776c_4413_bfca_9baa5aabf38a,Aiden Shaw,Aiden Shaw,3.0,12.0,1,9,12.0,1,1,2018-01-14T12:30:00.0000000+00:00,25.0,75.0
a9c25381-9a31-4bde-b3ff-4074ebed8044,Summer 2017/18,cd7d72a0-5d83-4f11-9436-e275c8c6b274,5fefc600-f72e-449d-bd3c-78201521d89a,Under 15 South Division 1,raw_cade3106_584e_4f8b_94cb_a7c3fa7ddf3e,raw_cade3106_584e_4f8b_94cb_a7c3fa7ddf3e,Brock Humphrey,Brock Humphrey,15.0,57.0,1,45,57.0,1,1,2018-01-14T12:30:00.0000000+00:00,26.31578947368421,78.94736842105263
aad2a6fe-7bbd-4680-a386-01319b828522,Summer 2021/22,020f7074-0ce6-421f-8831-d209b935a32d,30fffc57-2229-4b19-901f-7611e7cef917,O'Neills Sports Division 2 T20 Finals,james_holmes,james_holmes,James Holmes,James Holmes,8.0,10.0,1,6,10.0,1,1,2022-01-26T03:40:00.0000000+10:30,80.0,60.0
aad2a6fe-7bbd-4680-a386-01319b828522,Summer 2021/22,020f7074-0ce6-421f-8831-d209b935a32d,30fffc57-2229-4b19-901f-7611e7cef917,O'Neills Sports Division 2 T20 Finals,joshua_spall,joshua_spall,Joshua Spall,Joshua Spall,0.0,2.0,1,2,2.0,1,1,2022-01-26T03:40:00.0000000+10:30,0.0,100.0
aad2a6fe-7bbd-4680-a386-01319b828522,Summer 2021/22,020f7074-0ce6-421f-8831-d209b935a32d,30fffc57-2229-4b19-901f-7611e7cef917,O'Neills Sports Division 2 T20 Finals,raw_08367b31_4ddd_488e_898c_f43a846de496,raw_08367b31_4ddd_488e_898c_f43a846de496,Alexander Cornelius,Alexander Cornelius,3.0,8.0,1,6,8.0,1,1,2022-01-26T03:40:00.0000000+10:30,37.5,75.0
aad2a6fe-7bbd-4680-a386-01319b828522,Summer 2021/22,020f7074-0ce6-421f-8831-d209b935a32d,30fffc57-2229-4b19-901f-7611e7cef917,O'Neills Sports Division 2 T20 Finals,raw_5e5a9be8_969f_4e0b_8aab_225f42282da9,raw_5e5a9be8_969f_4e0b_8aab_225f42282da9,Mark Walters,Mark Walters,18.0,25.0,1,13,25.0,1,1,2022-01-26T03:40:00.0000000+10:30,72.0,52.0
aad2a6fe-7bbd-4680-a386-01319b828522,Summer 2021/22,020f7074-0ce6-421f-8831-d209b935a32d,30fffc57-2229-4b19-901f-7611e7cef917,O'Neills Sports Division 2 T20 Finals,raw_7339293a_4b62_41d6_a3ab_818dab60e6da,raw_7339293a_4b62_41d6_a3ab_818dab60e6da,Matthew Russell,Matthew Russell,32.0,25.0,1,8,25.0,1,1,2022-01-26T03:40:00.0000000+10:30,128.0,32.0
aad2a6fe-7bbd-4680-a386-01319b828522,Summer 2021/22,020f7074-0ce6-421f-8831-d209b935a32d,30fffc57-2229-4b19-901f-7611e7cef917,O'Neills Sports Division 2 T20 Finals,raw_7f22a64e_c30c_46bb_9325_89f54ed6e81a,raw_7f22a64e_c30c_46bb_9325_89f54ed6e81a,Mitchell Cuming,Mitchell Cuming,4.0,4.0,1,2,4.0,1,1,2022-01-26T03:40:00.0000000+10:30,100.0,50.0
aad2a6fe-7bbd-4680-a386-01319b828522,Summer 2021/22,020f7074-0ce6-421f-8831-d209b935a32d,30fffc57-2229-4b19-901f-7611e7cef917,O'Neills Sports Division 2 T20 Finals,raw_bdae8688_776c_4413_bfca_9baa5aabf38a,raw_bdae8688_776c_4413_bfca_9baa5aabf38a,Aiden Shaw,Aiden Shaw,1.0,3.0,1,2,3.0,1,1,2022-01-26T03:40:00.0000000+10:30,33.333333333333336,66.66666666666667
aad2a6fe-7bbd-4680-a386-01319b828522,Summer 2021/22,020f7074-0ce6-421f-8831-d209b935a32d,30fffc57-2229-4b19-901f-7611e7cef917,O'Neills Sports Division 2 T20 Finals,raw_eea0ea77_dee1_4437_b2aa_4460513cb53f,raw_eea0ea77_dee1_4437_b2aa_4460513cb53f,Joshua Niederer,Joshua Niederer,22.0,39.0,1,23,39.0,1,1,2022-01-26T03:40:00.0000000+10:30,56.41025641025641,58.97435897435897
aad2a6fe-7bbd-4680-a386-01319b828522,Summer 2021/22,020f7074-0ce6-421f-8831-d209b935a32d,30fffc57-2229-4b19-901f-7611e7cef917,O'Neills Sports Division 2 T20 Finals,raw_ff37d773_7965_4faf_bb34_dc50eab3200c,raw_ff37d773_7965_4faf_bb34_dc50eab3200c,********,********,1.0,3.0,1,2,3.0,1,1,2022-01-26T03:40:00.0000000+10:30,33.333333333333336,66.66666666666667
aad2a6fe-7bbd-4680-a386-01319b828522,Summer 2021/22,020f7074-0ce6-421f-8831-d209b935a32d,30fffc57-2229-4b19-901f-7611e7cef917,O'Neills Sports Division 2 T20 Finals,thomas_jeffries,thomas_jeffries,Thomas Jeffries,Thomas Jeffries,0.0,3.0,1,3,3.0,1,1,2022-01-26T03:40:00.0000000+10:30,0.0,100.0
aad2a6fe-7bbd-4680-a386-01319b828522,Summer 2021/22,04b62a03-749e-47a4-aa6f-bc0b98341864,2bf5d538-11a7-4b40-bb34-dcb40ae5f223,Under 14 South Division 1,aidan_secomb,aidan_secomb,Aidan Secomb,Aidan Secomb,134.0,115.0,4,67,115.0,4,4,2022-03-06T19:00:00.0000000+10:30,116.52173913043478,58.26086956521739
aad2a6fe-7bbd-4680-a386-01319b828522,Summer 2021/22,04b62a03-749e-47a4-aa6f-bc0b98341864,2bf5d538-11a7-4b40-bb34-dcb40ae5f223,Under 14 South Division 1,andre_dobie,andre_dobie,Andre Dobie,Andre Dobie,51.0,68.0,4,49,68.0,4,4,2022-03-06T19:00:00.0000000+10:30,75.0,72.05882352941177
aad2a6fe-7bbd-4680-a386-01319b828522,Summer 2021/22,04b62a03-749e-47a4-aa6f-bc0b98341864,2bf5d538-11a7-4b40-bb34-dcb40ae5f223,Under 14 South Division 1,brock_carlisle,brock_carlisle,Brock Carlisle,Brock Carlisle,12.0,67.0,5,58,67.0,5,5,2022-03-06T19:00:00.0000000+10:30,17.91044776119403,86.56716417910448
aad2a6fe-7bbd-4680-a386-01319b828522,Summer 2021/22,04b62a03-749e-47a4-aa6f-bc0b98341864,2bf5d538-11a7-4b40-bb34-dcb40ae5f223,Under 14 South Division 1,carter_shaw,carter_shaw,Carter Shaw,Carter Shaw,5.0,27.0,2,24,27.0,2,2,2022-03-06T19:00:00.0000000+10:30,18.51851851851852,88.88888888888889
aad2a6fe-7bbd-4680-a386-01319b828522,Summer 2021/22,04b62a03-749e-47a4-aa6f-bc0b98341864,2bf5d538-11a7-4b40-bb34-dcb40ae5f223,Under 14 South Division 1,cooper_knowles,cooper_knowles,Cooper Knowles,Cooper Knowles,6.0,82.0,3,76,82.0,3,3,2022-03-06T19:00:00.0000000+10:30,7.317073170731708,92.6829268292683
aad2a6fe-7bbd-4680-a386-01319b828522,Summer 2021/22,04b62a03-749e-47a4-aa6f-bc0b98341864,2bf5d538-11a7-4b40-bb34-dcb40ae5f223,Under 14 South Division 1,flynn_maher,flynn_maher,Flynn Maher,Flynn Maher,19.0,34.0,5,23,34.0,5,5,2022-03-06T19:00:00.0000000+10:30,55.88235294117647,67.6470588235294
aad2a6fe-7bbd-4680-a386-01319b828522,Summer 2021/22,04b62a03-749e-47a4-aa6f-bc0b98341864,2bf5d538-11a7-4b40-bb34-dcb40ae5f223,Under 14 South Division 1,jayden_hower,jayden_hower,Jayden Hower,Jayden Hower,56.0,132.0,6,101,132.0,6,6,2022-03-06T19:00:00.0000000+10:30,42.42424242424242,76.51515151515152
aad2a6fe-7bbd-4680-a386-01319b828522,Summer 2021/22,04b62a03-749e-47a4-aa6f-bc0b98341864,2bf5d538-11a7-4b40-bb34-dcb40ae5f223,Under 14 South Division 1,luke_broadwood,luke_broadwood,Luke Broadwood,Luke Broadwood,29.0,82.0,6,67,82.0,6,6,2022-03-06T19:00:00.0000000+10:30,35.36585365853659,81.70731707317073
aad2a6fe-7bbd-4680-a386-01319b828522,Summer 2021/22,04b62a03-749e-47a4-aa6f-bc0b98341864,2bf5d538-11a7-4b40-bb34-dcb40ae5f223,Under 14 South Division 1,milan_roka,milan_roka,Milan Roka,Milan Roka,32.0,46.0,2,32,46.0,2,2,2022-03-06T19:00:00.0000000+10:30,69.56521739130434,69.56521739130434
aad2a6fe-7bbd-4680-a386-01319b828522,Summer 2021/22,04b62a03-749e-47a4-aa6f-bc0b98341864,2bf5d538-11a7-4b40-bb34-dcb40ae5f223,Under 14 South Division 1,noah_bowman,noah_bowman,Noah Bowman,Noah Bowman,25.0,73.0,5,57,73.0,5,5,2022-03-06T19:00:00.0000000+10:30,34.24657534246575,78.08219178082192
aad2a6fe-7bbd-4680-a386-01319b828522,Summer 2021/22,04b62a03-749e-47a4-aa6f-bc0b98341864,2bf5d538-11a7-4b40-bb34-dcb40ae5f223,Under 14 South Division 1,raw_40bf69c6_af28_40fe_9298_79a285075925,raw_40bf69c6_af28_40fe_9298_79a285075925,Karen Sheppard,Karen Sheppard,107.0,163.0,6,102,163.0,6,6,2022-03-06T19:00:00.0000000+10:30,65.6441717791411,62.576687116564415
aad2a6fe-7bbd-4680-a386-01319b828522,Summer 2021/22,04b62a03-749e-47a4-aa6f-bc0b98341864,2bf5d538-11a7-4b40-bb34-dcb40ae5f223,Under 14 South Division 1,raw_b610a948_d6d0_44a5_afe6_60da08e56d3b,raw_b610a948_d6d0_44a5_afe6_60da08e56d3b,Greg Hanks,Greg Hanks,38.0,115.0,4,88,115.0,4,4,2022-03-06T19:00:00.0000000+10:30,33.04347826086956,76.52173913043478
aad2a6fe-7bbd-4680-a386-01319b828522,Summer 2021/22,04b62a03-749e-47a4-aa6f-bc0b98341864,2bf5d538-11a7-4b40-bb34-dcb40ae5f223,Under 14 South Division 1,raw_d6f59fa9_3de7_446c_b927_ff629e0de942,raw_d6f59fa9_3de7_446c_b927_ff629e0de942,Jake Walford,Jake Walford,1.0,14.0,2,13,14.0,2,2,2022-01-30T19:30:00.0000000+10:30,7.142857142857143,92.85714285714286
aad2a6fe-7bbd-4680-a386-01319b828522,Summer 2021/22,04b62a03-749e-47a4-aa6f-bc0b98341864,2bf5d538-11a7-4b40-bb34-dcb40ae5f223,Under 14 South Division 1,raw_ec4376e4_889f_4ed9_b920_e8696d975aad,raw_ec4376e4_889f_4ed9_b920_e8696d975aad,Cooper Lambe,Cooper Lambe,1.0,15.0,1,14,15.0,1,1,2022-01-09T19:00:00.0000000+10:30,6.666666666666667,93.33333333333333
aad2a6fe-7bbd-4680-a386-01319b828522,Summer 2021/22,05b21df9-c768-46b2-b93a-aaebc83b0762,11c58829-dbbe-46b9-b043-c601ed3d6f04,Kookaburra Sports A1 Premier Grade,jake_shaw,jake_shaw,Jake Shaw,Jake Shaw,0.0,1.0,1,1,1.0,1,1,2022-03-12T23:00:00.0000000+10:30,0.0,100.0
aad2a6fe-7bbd-4680-a386-01319b828522,Summer 2021/22,05b21df9-c768-46b2-b93a-aaebc83b0762,11c58829-dbbe-46b9-b043-c601ed3d6f04,Kookaburra Sports A1 Premier Grade,james_holmes,james_holmes,James Holmes,James Holmes,26.0,78.0,1,64,78.0,1,1,2022-01-29T23:30:00.0000000+10:30,33.333333333333336,82.05128205128206
aad2a6fe-7bbd-4680-a386-01319b828522,Summer 2021/22,05b21df9-c768-46b2-b93a-aaebc83b0762,11c58829-dbbe-46b9-b043-c601ed3d6f04,Kookaburra Sports A1 Premier Grade,joshua_spall,joshua_spall,Joshua Spall,Joshua Spall,145.0,306.0,6,228,306.0,6,6,2022-03-12T23:00:00.0000000+10:30,47.38562091503268,74.50980392156863
aad2a6fe-7bbd-4680-a386-01319b828522,Summer 2021/22,05b21df9-c768-46b2-b93a-aaebc83b0762,11c58829-dbbe-46b9-b043-c601ed3d6f04,Kookaburra Sports A1 Premier Grade,nelson_mensforth,nelson_mensforth,Nelson Mensforth,Nelson Mensforth,6.0,3.0,1,1,3.0,1,1,2021-12-04T13:00:00.0000000+00:00,200.0,33.333333333333336
aad2a6fe-7bbd-4680-a386-01319b828522,Summer 2021/22,05b21df9-c768-46b2-b93a-aaebc83b0762,11c58829-dbbe-46b9-b043-c601ed3d6f04,Kookaburra Sports A1 Premier Grade,raw_0ee061a9_b7b8_4379_ab58_185e759869d2,raw_0ee061a9_b7b8_4379_ab58_185e759869d2,Richard Gabb,Richard Gabb,107.0,170.0,5,128,170.0,5,5,2022-01-29T23:30:00.0000000+10:30,62.94117647058823,75.29411764705883
aad2a6fe-7bbd-4680-a386-01319b828522,Summer 2021/22,05b21df9-c768-46b2-b93a-aaebc83b0762,11c58829-dbbe-46b9-b043-c601ed3d6f04,Kookaburra Sports A1 Premier Grade,raw_1540437c_7d5f_4916_bebb_13a43096322c,raw_1540437c_7d5f_4916_bebb_13a43096322c,Sam Tugwell,Sam Tugwell,11.0,35.0,3,28,35.0,3,3,2022-03-12T23:00:00.0000000+10:30,31.428571428571427,80.0
aad2a6fe-7bbd-4680-a386-01319b828522,Summer 2021/22,05b21df9-c768-46b2-b93a-aaebc83b0762,11c58829-dbbe-46b9-b043-c601ed3d6f04,Kookaburra Sports A1 Premier Grade,raw_1a69b5d8_da3a_4162_b50b_61a08660d572,raw_1a69b5d8_da3a_4162_b50b_61a08660d572,Cameron Pannach,Cameron Pannach,4.0,20.0,3,17,20.0,3,3,2022-03-12T23:00:00.0000000+10:30,20.0,85.0
aad2a6fe-7bbd-4680-a386-01319b828522,Summer 2021/22,05b21df9-c768-46b2-b93a-aaebc83b0762,11c58829-dbbe-46b9-b043-c601ed3d6f04,Kookaburra Sports A1 Premier Grade,raw_205e8fd2_2a71_4bb7_af36_80deca0a9b8a,raw_205e8fd2_2a71_4bb7_af36_80deca0a9b8a,Matt Hehner,Matt Hehner,48.0,117.0,3,101,117.0,3,3,2022-01-29T23:30:00.0000000+10:30,41.02564102564103,86.32478632478633
aad2a6fe-7bbd-4680-a386-01319b828522,Summer 2021/22,05b21df9-c768-46b2-b93a-aaebc83b0762,11c58829-dbbe-46b9-b043-c601ed3d6f04,Kookaburra Sports A1 Premier Grade,raw_2de79133_f18d_4f54_a440_3f1fe0cc72f9,raw_2de79133_f18d_4f54_a440_3f1fe0cc72f9,Paul Radbourne,Paul Radbourne,12.0,79.0,2,69,79.0,2,2,2021-11-06T23:30:00.0000000+10:30,15.189873417721518,87.34177215189874
aad2a6fe-7bbd-4680-a386-01319b828522,Summer 2021/22,05b21df9-c768-46b2-b93a-aaebc83b0762,11c58829-dbbe-46b9-b043-c601ed3d6f04,Kookaburra Sports A1 Premier Grade,raw_5e5a9be8_969f_4e0b_8aab_225f42282da9,raw_5e5a9be8_969f_4e0b_8aab_225f42282da9,Mark Walters,Mark Walters,21.0,47.0,1,39,47.0,1,1,2022-01-29T23:30:00.0000000+10:30,44.680851063829785,82.97872340425532
aad2a6fe-7bbd-4680-a386-01319b828522,Summer 2021/22,05b21df9-c768-46b2-b93a-aaebc83b0762,11c58829-dbbe-46b9-b043-c601ed3d6f04,Kookaburra Sports A1 Premier Grade,raw_6de263a3_256a_48eb_9957_5fc29f9c982f,raw_6de263a3_256a_48eb_9957_5fc29f9c982f,Robert Colville,Robert Colville,227.0,405.0,4,287,405.0,4,4,2022-03-12T23:00:00.0000000+10:30,56.04938271604938,70.8641975308642
aad2a6fe-7bbd-4680-a386-01319b828522,Summer 2021/22,05b21df9-c768-46b2-b93a-aaebc83b0762,11c58829-dbbe-46b9-b043-c601ed3d6f04,Kookaburra Sports A1 Premier Grade,raw_83c03530_5522_4ee8_aae6_408666e96e51,raw_83c03530_5522_4ee8_aae6_408666e96e51,Todd Middleton,Todd Middleton,50.0,117.0,4,87,117.0,4,4,2022-03-12T23:00:00.0000000+10:30,42.73504273504273,74.35897435897436
aad2a6fe-7bbd-4680-a386-01319b828522,Summer 2021/22,05b21df9-c768-46b2-b93a-aaebc83b0762,11c58829-dbbe-46b9-b043-c601ed3d6f04,Kookaburra Sports A1 Premier Grade,raw_98bc2f3b_30cf_4b6d_b441_87e94b2361f0,raw_98bc2f3b_30cf_4b6d_b441_87e94b2361f0,Daniel Rabbett,Daniel Rabbett,52.0,104.0,5,81,104.0,5,5,2022-03-12T23:00:00.0000000+10:30,50.0,77.88461538461539
aad2a6fe-7bbd-4680-a386-01319b828522,Summer 2021/22,05b21df9-c768-46b2-b93a-aaebc83b0762,11c58829-dbbe-46b9-b043-c601ed3d6f04,Kookaburra Sports A1 Premier Grade,raw_b270c0b2_5125_4134_a734_62315b457a23,raw_b270c0b2_5125_4134_a734_62315b457a23,Joshua Golding,Joshua Golding,5.0,11.0,2,9,11.0,2,2,2021-11-20T23:30:00.0000000+10:30,45.45454545454545,81.81818181818181
aad2a6fe-7bbd-4680-a386-01319b828522,Summer 2021/22,05b21df9-c768-46b2-b93a-aaebc83b0762,11c58829-dbbe-46b9-b043-c601ed3d6f04,Kookaburra Sports A1 Premier Grade,raw_bdae8688_776c_4413_bfca_9baa5aabf38a,raw_bdae8688_776c_4413_bfca_9baa5aabf38a,Aiden Shaw,Aiden Shaw,4.0,18.0,1,14,18.0,1,1,2022-03-12T23:00:00.0000000+10:30,22.22222222222222,77.77777777777777
aad2a6fe-7bbd-4680-a386-01319b828522,Summer 2021/22,05b21df9-c768-46b2-b93a-aaebc83b0762,11c58829-dbbe-46b9-b043-c601ed3d6f04,Kookaburra Sports A1 Premier Grade,raw_cd072a91_2d9b_4dd7_a497_749c1fb9f5ea,raw_cd072a91_2d9b_4dd7_a497_749c1fb9f5ea,Shaun Newell,Shaun Newell,99.0,173.0,4,129,173.0,4,4,2022-03-12T23:00:00.0000000+10:30,57.225433526011564,74.56647398843931
aad2a6fe-7bbd-4680-a386-01319b828522,Summer 2021/22,05b21df9-c768-46b2-b93a-aaebc83b0762,11c58829-dbbe-46b9-b043-c601ed3d6f04,Kookaburra Sports A1 Premier Grade,raw_e3c4ef92_9283_49d3_a007_730905ad5796,raw_e3c4ef92_9283_49d3_a007_730905ad5796,Adam Ellis,Adam Ellis,90.0,170.0,5,118,170.0,5,5,2022-03-12T23:00:00.0000000+10:30,52.94117647058823,69.41176470588235
aad2a6fe-7bbd-4680-a386-01319b828522,Summer 2021/22,05b21df9-c768-46b2-b93a-aaebc83b0762,11c58829-dbbe-46b9-b043-c601ed3d6f04,Kookaburra Sports A1 Premier Grade,raw_ed1c49de_6316_47fb_a63a_81073b111740,raw_ed1c49de_6316_47fb_a63a_81073b111740,Jordan Wright,Jordan Wright,50.0,139.0,6,116,139.0,6,6,2022-03-12T23:00:00.0000000+10:30,35.97122302158273,83.45323741007195
aad2a6fe-7bbd-4680-a386-01319b828522,Summer 2021/22,0ca7b80a-2064-4259-a5fe-73d694cfc8f7,79e83ec1-a9fb-4cf0-a6a7-cc6119bf451e,Under 15 Division 1,aidan_richardson,aidan_richardson,Aidan Richardson,Aidan Richardson,11.0,37.0,5,30,37.0,5,5,2022-02-13T23:30:00.0000000+10:30,29.72972972972973,81.08108108108108
aad2a6fe-7bbd-4680-a386-01319b828522,Summer 2021/22,0ca7b80a-2064-4259-a5fe-73d694cfc8f7,79e83ec1-a9fb-4cf0-a6a7-cc6119bf451e,Under 15 Division 1,andre_dobie,andre_dobie,Andre Dobie,Andre Dobie,11.0,28.0,1,23,28.0,1,1,2021-12-05T23:30:00.0000000+10:30,39.285714285714285,82.14285714285714
aad2a6fe-7bbd-4680-a386-01319b828522,Summer 2021/22,0ca7b80a-2064-4259-a5fe-73d694cfc8f7,79e83ec1-a9fb-4cf0-a6a7-cc6119bf451e,Under 15 Division 1,bailey_hague,bailey_hague,Bailey Hague,Bailey Hague,3.0,30.0,1,27,30.0,1,1,2022-02-13T23:30:00.0000000+10:30,10.0,90.0
aad2a6fe-7bbd-4680-a386-01319b828522,Summer 2021/22,0ca7b80a-2064-4259-a5fe-73d694cfc8f7,79e83ec1-a9fb-4cf0-a6a7-cc6119bf451e,Under 15 Division 1,carter_shaw,carter_shaw,Carter Shaw,Carter Shaw,0.0,2.0,1,2,2.0,1,1,2021-11-21T23:30:00.0000000+10:30,0.0,100.0
aad2a6fe-7bbd-4680-a386-01319b828522,Summer 2021/22,0ca7b80a-2064-4259-a5fe-73d694cfc8f7,79e83ec1-a9fb-4cf0-a6a7-cc6119bf451e,Under 15 Division 1,levi_swan,levi_swan,Levi Swan,Levi Swan,79.0,98.0,8,62,98.0,8,7,2022-02-27T23:00:00.0000000+10:30,80.61224489795919,63.265306122448976
aad2a6fe-7bbd-4680-a386-01319b828522,Summer 2021/22,0ca7b80a-2064-4259-a5fe-73d694cfc8f7,79e83ec1-a9fb-4cf0-a6a7-cc6119bf451e,Under 15 Division 1,liam_harvey,liam_harvey,Liam Harvey,Liam Harvey,6.0,104.0,9,99,104.0,9,6,2022-02-27T23:00:00.0000000+10:30,5.769230769230769,95.1923076923077
aad2a6fe-7bbd-4680-a386-01319b828522,Summer 2021/22,0ca7b80a-2064-4259-a5fe-73d694cfc8f7,79e83ec1-a9fb-4cf0-a6a7-cc6119bf451e,Under 15 Division 1,lucas_sutton,lucas_sutton,Lucas Sutton,Lucas Sutton,28.0,113.0,10,94,113.0,10,8,2022-02-27T23:00:00.0000000+10:30,24.778761061946902,83.1858407079646
aad2a6fe-7bbd-4680-a386-01319b828522,Summer 2021/22,0ca7b80a-2064-4259-a5fe-73d694cfc8f7,79e83ec1-a9fb-4cf0-a6a7-cc6119bf451e,Under 15 Division 1,max_tonkin,max_tonkin,Max Tonkin,Max Tonkin,10.0,67.0,5,58,67.0,5,5,2022-02-13T23:30:00.0000000+10:30,14.925373134328359,86.56716417910448
aad2a6fe-7bbd-4680-a386-01319b828522,Summer 2021/22,0ca7b80a-2064-4259-a5fe-73d694cfc8f7,79e83ec1-a9fb-4cf0-a6a7-cc6119bf451e,Under 15 Division 1,raw_2220f59a_9c50_4a6b_83d0_0988d12f920d,raw_2220f59a_9c50_4a6b_83d0_0988d12f920d,Daniel O'Loughlin,Daniel O'Loughlin,106.0,209.0,8,156,209.0,8,6,2022-02-27T23:00:00.0000000+10:30,50.717703349282296,74.64114832535886
aad2a6fe-7bbd-4680-a386-01319b828522,Summer 2021/22,0ca7b80a-2064-4259-a5fe-73d694cfc8f7,79e83ec1-a9fb-4cf0-a6a7-cc6119bf451e,Under 15 Division 1,raw_34df7019_2026_4799_a6ea_c4a807176b5c,raw_34df7019_2026_4799_a6ea_c4a807176b5c,Leroy Hagon,Leroy Hagon,65.0,98.0,7,62,98.0,7,6,2022-02-27T23:00:00.0000000+10:30,66.3265306122449,63.265306122448976
aad2a6fe-7bbd-4680-a386-01319b828522,Summer 2021/22,0ca7b80a-2064-4259-a5fe-73d694cfc8f7,79e83ec1-a9fb-4cf0-a6a7-cc6119bf451e,Under 15 Division 1,raw_37a2fcbe_8fe9_473b_9361_c72736e3038b,raw_37a2fcbe_8fe9_473b_9361_c72736e3038b,Ben Kennedy,Ben Kennedy,10.0,96.0,2,90,96.0,2,2,2021-11-07T13:00:00.0000000+00:00,10.416666666666666,93.75
aad2a6fe-7bbd-4680-a386-01319b828522,Summer 2021/22,0ca7b80a-2064-4259-a5fe-73d694cfc8f7,79e83ec1-a9fb-4cf0-a6a7-cc6119bf451e,Under 15 Division 1,raw_4a7bc836_19a1_4be9_8dda_a9b8d27995f1,raw_4a7bc836_19a1_4be9_8dda_a9b8d27995f1,Isaac Thompson,Isaac Thompson,177.0,568.0,9,433,568.0,9,7,2022-02-13T23:30:00.0000000+10:30,31.161971830985916,76.23239436619718
aad2a6fe-7bbd-4680-a386-01319b828522,Summer 2021/22,0ca7b80a-2064-4259-a5fe-73d694cfc8f7,79e83ec1-a9fb-4cf0-a6a7-cc6119bf451e,Under 15 Division 1,raw_8c897ab3_be98_4770_b26d_5b82bf7d3b61,raw_8c897ab3_be98_4770_b26d_5b82bf7d3b61,Jed Brain,Jed Brain,71.0,160.0,4,127,160.0,4,3,2021-12-05T23:30:00.0000000+10:30,44.375,79.375
aad2a6fe-7bbd-4680-a386-01319b828522,Summer 2021/22,0ca7b80a-2064-4259-a5fe-73d694cfc8f7,79e83ec1-a9fb-4cf0-a6a7-cc6119bf451e,Under 15 Division 1,raw_91acefac_f204_4d47_81ba_a8e3a5883683,raw_91acefac_f204_4d47_81ba_a8e3a5883683,Isaac Ritter,Isaac Ritter,22.0,71.0,4,59,71.0,4,4,2022-02-27T23:00:00.0000000+10:30,30.985915492957748,83.09859154929578
aad2a6fe-7bbd-4680-a386-01319b828522,Summer 2021/22,0ca7b80a-2064-4259-a5fe-73d694cfc8f7,79e83ec1-a9fb-4cf0-a6a7-cc6119bf451e,Under 15 Division 1,raw_993a5fc6_d9b8_4f37_8542_4dd55a569f12,raw_993a5fc6_d9b8_4f37_8542_4dd55a569f12,Shahzad Chohan,Shahzad Chohan,0.0,8.0,2,8,8.0,2,2,2022-02-13T23:30:00.0000000+10:30,0.0,100.0
aad2a6fe-7bbd-4680-a386-01319b828522,Summer 2021/22,0ca7b80a-2064-4259-a5fe-73d694cfc8f7,79e83ec1-a9fb-4cf0-a6a7-cc6119bf451e,Under 15 Division 1,raw_bd1d2f42_2618_4b87_9029_b83ef342c678,raw_bd1d2f42_2618_4b87_9029_b83ef342c678,Mitchell Hein,Mitchell Hein,81.0,367.0,6,311,367.0,6,5,2022-02-27T23:00:00.0000000+10:30,22.070844686648503,84.74114441416894
aad2a6fe-7bbd-4680-a386-01319b828522,Summer 2021/22,0ca7b80a-2064-4259-a5fe-73d694cfc8f7,79e83ec1-a9fb-4cf0-a6a7-cc6119bf451e,Under 15 Division 1,raw_cd73e05b_8378_4a38_9238_5ab4d279e0dc,raw_cd73e05b_8378_4a38_9238_5ab4d279e0dc,Joel Howell,Joel Howell,2.0,5.0,1,4,5.0,1,1,2022-01-30T23:30:00.0000000+10:30,40.0,80.0
aad2a6fe-7bbd-4680-a386-01319b828522,Summer 2021/22,0ca7b80a-2064-4259-a5fe-73d694cfc8f7,79e83ec1-a9fb-4cf0-a6a7-cc6119bf451e,Under 15 Division 1,raw_cff0e92f_a6d0_40f4_80c7_9ef3eed4aaba,raw_cff0e92f_a6d0_40f4_80c7_9ef3eed4aaba,Brett Brodie,Brett Brodie,135.0,260.0,8,186,260.0,8,7,2022-02-27T23:00:00.0000000+10:30,51.92307692307692,71.53846153846153
aad2a6fe-7bbd-4680-a386-01319b828522,Summer 2021/22,0ca7b80a-2064-4259-a5fe-73d694cfc8f7,79e83ec1-a9fb-4cf0-a6a7-cc6119bf451e,Under 15 Division 1,raw_e4dd83bb_41a2_407c_b4bf_2744c4d81905,raw_e4dd83bb_41a2_407c_b4bf_2744c4d81905,Lucas Holland,Lucas Holland,7.0,27.0,6,22,27.0,6,6,2022-02-27T23:00:00.0000000+10:30,25.925925925925927,81.48148148148148
aad2a6fe-7bbd-4680-a386-01319b828522,Summer 2021/22,2cabcf9b-6e66-47f8-a447-edd0fcf2efa2,95903532-d383-413c-b1d3-6552da377261,B1 Grade,harry_marshall,harry_marshall,Harry Marshall,Harry Marshall,0.0,1.0,1,1,1.0,1,1,2022-01-15T23:30:00.0000000+10:30,0.0,100.0
aad2a6fe-7bbd-4680-a386-01319b828522,Summer 2021/22,2cabcf9b-6e66-47f8-a447-edd0fcf2efa2,95903532-d383-413c-b1d3-6552da377261,B1 Grade,jake_shaw,jake_shaw,Jake Shaw,Jake Shaw,72.0,137.0,1,104,137.0,1,1,2022-03-19T23:00:00.0000000+10:30,52.55474452554745,75.91240875912409
aad2a6fe-7bbd-4680-a386-01319b828522,Summer 2021/22,2cabcf9b-6e66-47f8-a447-edd0fcf2efa2,95903532-d383-413c-b1d3-6552da377261,B1 Grade,james_holmes,james_holmes,James Holmes,James Holmes,10.0,34.0,2,31,34.0,2,2,2022-03-19T23:00:00.0000000+10:30,29.41176470588235,91.17647058823529
aad2a6fe-7bbd-4680-a386-01319b828522,Summer 2021/22,2cabcf9b-6e66-47f8-a447-edd0fcf2efa2,95903532-d383-413c-b1d3-6552da377261,B1 Grade,jason_jennings,jason_jennings,Jason Jennings,Jason Jennings,1.0,8.0,1,7,8.0,1,1,2022-01-15T23:30:00.0000000+10:30,12.5,87.5
aad2a6fe-7bbd-4680-a386-01319b828522,Summer 2021/22,2cabcf9b-6e66-47f8-a447-edd0fcf2efa2,95903532-d383-413c-b1d3-6552da377261,B1 Grade,raw_08367b31_4ddd_488e_898c_f43a846de496,raw_08367b31_4ddd_488e_898c_f43a846de496,Alexander Cornelius,Alexander Cornelius,200.0,321.0,5,242,321.0,5,5,2022-03-19T23:00:00.0000000+10:30,62.30529595015577,75.38940809968847
aad2a6fe-7bbd-4680-a386-01319b828522,Summer 2021/22,2cabcf9b-6e66-47f8-a447-edd0fcf2efa2,95903532-d383-413c-b1d3-6552da377261,B1 Grade,raw_0ee061a9_b7b8_4379_ab58_185e759869d2,raw_0ee061a9_b7b8_4379_ab58_185e759869d2,Richard Gabb,Richard Gabb,118.0,95.0,1,50,95.0,1,1,2022-03-05T22:30:00.0000000+10:30,124.21052631578948,52.63157894736842
aad2a6fe-7bbd-4680-a386-01319b828522,Summer 2021/22,2cabcf9b-6e66-47f8-a447-edd0fcf2efa2,95903532-d383-413c-b1d3-6552da377261,B1 Grade,raw_205e8fd2_2a71_4bb7_af36_80deca0a9b8a,raw_205e8fd2_2a71_4bb7_af36_80deca0a9b8a,Matt Hehner,Matt Hehner,24.0,89.0,3,75,89.0,3,3,2022-03-19T23:00:00.0000000+10:30,26.96629213483146,84.26966292134831
aad2a6fe-7bbd-4680-a386-01319b828522,Summer 2021/22,2cabcf9b-6e66-47f8-a447-edd0fcf2efa2,95903532-d383-413c-b1d3-6552da377261,B1 Grade,raw_2de79133_f18d_4f54_a440_3f1fe0cc72f9,raw_2de79133_f18d_4f54_a440_3f1fe0cc72f9,Paul Radbourne,Paul Radbourne,15.0,70.0,3,63,70.0,3,3,2022-03-19T23:00:00.0000000+10:30,21.428571428571427,90.0
aad2a6fe-7bbd-4680-a386-01319b828522,Summer 2021/22,2cabcf9b-6e66-47f8-a447-edd0fcf2efa2,95903532-d383-413c-b1d3-6552da377261,B1 Grade,raw_4ca6bb0a_f18c_45cc_8b83_a787404f3115,raw_4ca6bb0a_f18c_45cc_8b83_a787404f3115,Kathy Sutton,Kathy Sutton,11.0,40.0,1,35,40.0,1,1,2022-01-15T23:30:00.0000000+10:30,27.5,87.5
aad2a6fe-7bbd-4680-a386-01319b828522,Summer 2021/22,2cabcf9b-6e66-47f8-a447-edd0fcf2efa2,95903532-d383-413c-b1d3-6552da377261,B1 Grade,raw_5c4b13ef_34ea_4c42_a114_47e2fdd19973,raw_5c4b13ef_34ea_4c42_a114_47e2fdd19973,Paul Richardson,Paul Richardson,13.0,32.0,1,23,32.0,1,1,2022-01-15T23:30:00.0000000+10:30,40.625,71.875
aad2a6fe-7bbd-4680-a386-01319b828522,Summer 2021/22,2cabcf9b-6e66-47f8-a447-edd0fcf2efa2,95903532-d383-413c-b1d3-6552da377261,B1 Grade,raw_5e5a9be8_969f_4e0b_8aab_225f42282da9,raw_5e5a9be8_969f_4e0b_8aab_225f42282da9,Mark Walters,Mark Walters,28.0,109.0,3,89,109.0,3,3,2022-03-19T23:00:00.0000000+10:30,25.68807339449541,81.65137614678899
aad2a6fe-7bbd-4680-a386-01319b828522,Summer 2021/22,2cabcf9b-6e66-47f8-a447-edd0fcf2efa2,95903532-d383-413c-b1d3-6552da377261,B1 Grade,raw_613ff757_823d_470c_9a90_e316a8b7ca53,raw_613ff757_823d_470c_9a90_e316a8b7ca53,Mark Nankervis,Mark Nankervis,124.0,177.0,4,126,177.0,4,4,2022-03-19T23:00:00.0000000+10:30,70.05649717514125,71.1864406779661
aad2a6fe-7bbd-4680-a386-01319b828522,Summer 2021/22,2cabcf9b-6e66-47f8-a447-edd0fcf2efa2,95903532-d383-413c-b1d3-6552da377261,B1 Grade,raw_7339293a_4b62_41d6_a3ab_818dab60e6da,raw_7339293a_4b62_41d6_a3ab_818dab60e6da,Matthew Russell,Matthew Russell,46.0,75.0,5,53,75.0,5,5,2022-03-19T23:00:00.0000000+10:30,61.333333333333336,70.66666666666667
aad2a6fe-7bbd-4680-a386-01319b828522,Summer 2021/22,2cabcf9b-6e66-47f8-a447-edd0fcf2efa2,95903532-d383-413c-b1d3-6552da377261,B1 Grade,raw_761f2f46_806e_4d87_87ee_d2c30ef3f65c,raw_761f2f46_806e_4d87_87ee_d2c30ef3f65c,Matthew Aston,Matthew Aston,4.0,8.0,1,7,8.0,1,1,2022-01-15T23:30:00.0000000+10:30,50.0,87.5
aad2a6fe-7bbd-4680-a386-01319b828522,Summer 2021/22,2cabcf9b-6e66-47f8-a447-edd0fcf2efa2,95903532-d383-413c-b1d3-6552da377261,B1 Grade,raw_b270c0b2_5125_4134_a734_62315b457a23,raw_b270c0b2_5125_4134_a734_62315b457a23,Joshua Golding,Joshua Golding,30.0,49.0,3,32,49.0,3,3,2022-03-12T23:00:00.0000000+10:30,61.224489795918366,65.3061224489796
aad2a6fe-7bbd-4680-a386-01319b828522,Summer 2021/22,2cabcf9b-6e66-47f8-a447-edd0fcf2efa2,95903532-d383-413c-b1d3-6552da377261,B1 Grade,raw_b55dcfd8_54a7_4951_a44b_e7f8059c2562,raw_b55dcfd8_54a7_4951_a44b_e7f8059c2562,Luke Hardy,Luke Hardy,28.0,52.0,3,39,52.0,3,3,2022-03-19T23:00:00.0000000+10:30,53.84615384615385,75.0
aad2a6fe-7bbd-4680-a386-01319b828522,Summer 2021/22,2cabcf9b-6e66-47f8-a447-edd0fcf2efa2,95903532-d383-413c-b1d3-6552da377261,B1 Grade,raw_bdae8688_776c_4413_bfca_9baa5aabf38a,raw_bdae8688_776c_4413_bfca_9baa5aabf38a,Aiden Shaw,Aiden Shaw,39.0,153.0,2,123,153.0,2,2,2022-03-19T23:00:00.0000000+10:30,25.49019607843137,80.3921568627451
aad2a6fe-7bbd-4680-a386-01319b828522,Summer 2021/22,2cabcf9b-6e66-47f8-a447-edd0fcf2efa2,95903532-d383-413c-b1d3-6552da377261,B1 Grade,raw_eea0ea77_dee1_4437_b2aa_4460513cb53f,raw_eea0ea77_dee1_4437_b2aa_4460513cb53f,Joshua Niederer,Joshua Niederer,4.0,12.0,2,10,12.0,2,2,2022-03-05T22:30:00.0000000+10:30,33.333333333333336,83.33333333333333
aad2a6fe-7bbd-4680-a386-01319b828522,Summer 2021/22,2cabcf9b-6e66-47f8-a447-edd0fcf2efa2,95903532-d383-413c-b1d3-6552da377261,B1 Grade,raw_f4404c43_09f8_408c_a0c1_edd82a589504,raw_f4404c43_09f8_408c_a0c1_edd82a589504,Nathan Turner,Nathan Turner,85.0,187.0,5,155,187.0,5,5,2022-03-19T23:00:00.0000000+10:30,45.45454545454545,82.88770053475936
aad2a6fe-7bbd-4680-a386-01319b828522,Summer 2021/22,2cabcf9b-6e66-47f8-a447-edd0fcf2efa2,95903532-d383-413c-b1d3-6552da377261,B1 Grade,raw_ff37d773_7965_4faf_bb34_dc50eab3200c,raw_ff37d773_7965_4faf_bb34_dc50eab3200c,********,********,36.0,60.0,2,39,60.0,2,2,2022-01-29T23:30:00.0000000+10:30,60.0,65.0
aad2a6fe-7bbd-4680-a386-01319b828522,Summer 2021/22,337f25a5-b8b2-4e4e-b021-8e0a143f05e6,67b25f54-b6dc-4c35-aee6-6d6154e7aee8,C1 Grade,dylan_noble,dylan_noble,Dylan Noble,Dylan Noble,20.0,53.0,1,43,53.0,1,1,2021-11-20T23:30:00.0000000+10:30,37.735849056603776,81.13207547169812
aad2a6fe-7bbd-4680-a386-01319b828522,Summer 2021/22,337f25a5-b8b2-4e4e-b021-8e0a143f05e6,67b25f54-b6dc-4c35-aee6-6d6154e7aee8,C1 Grade,harry_marshall,harry_marshall,Harry Marshall,Harry Marshall,2.0,3.0,2,2,3.0,2,2,2022-03-12T23:00:00.0000000+10:30,66.66666666666667,66.66666666666667
aad2a6fe-7bbd-4680-a386-01319b828522,Summer 2021/22,337f25a5-b8b2-4e4e-b021-8e0a143f05e6,67b25f54-b6dc-4c35-aee6-6d6154e7aee8,C1 Grade,jason_jennings,jason_jennings,Jason Jennings,Jason Jennings,90.0,174.0,3,130,174.0,3,3,2022-03-19T23:00:00.0000000+10:30,51.724137931034484,74.71264367816092
aad2a6fe-7bbd-4680-a386-01319b828522,Summer 2021/22,337f25a5-b8b2-4e4e-b021-8e0a143f05e6,67b25f54-b6dc-4c35-aee6-6d6154e7aee8,C1 Grade,josh_burrows,josh_burrows,Josh Burrows,Josh Burrows,123.0,123.0,2,75,123.0,2,2,2022-03-19T23:00:00.0000000+10:30,100.0,60.97560975609756
aad2a6fe-7bbd-4680-a386-01319b828522,Summer 2021/22,337f25a5-b8b2-4e4e-b021-8e0a143f05e6,67b25f54-b6dc-4c35-aee6-6d6154e7aee8,C1 Grade,nathan_wyatt,nathan_wyatt,Nathan Wyatt,Nathan Wyatt,1.0,15.0,2,14,15.0,2,2,2021-11-20T23:30:00.0000000+10:30,6.666666666666667,93.33333333333333
aad2a6fe-7bbd-4680-a386-01319b828522,Summer 2021/22,337f25a5-b8b2-4e4e-b021-8e0a143f05e6,67b25f54-b6dc-4c35-aee6-6d6154e7aee8,C1 Grade,raw_0276c452_452a_4da6_9e8d_22e0f3786906,raw_0276c452_452a_4da6_9e8d_22e0f3786906,Michael Thompson,Michael Thompson,1.0,3.0,1,2,3.0,1,1,2021-11-20T23:30:00.0000000+10:30,33.333333333333336,66.66666666666667
aad2a6fe-7bbd-4680-a386-01319b828522,Summer 2021/22,337f25a5-b8b2-4e4e-b021-8e0a143f05e6,67b25f54-b6dc-4c35-aee6-6d6154e7aee8,C1 Grade,raw_205e8fd2_2a71_4bb7_af36_80deca0a9b8a,raw_205e8fd2_2a71_4bb7_af36_80deca0a9b8a,Matt Hehner,Matt Hehner,34.0,53.0,1,41,53.0,1,1,2021-10-23T23:30:00.0000000+10:30,64.15094339622641,77.35849056603773
aad2a6fe-7bbd-4680-a386-01319b828522,Summer 2021/22,337f25a5-b8b2-4e4e-b021-8e0a143f05e6,67b25f54-b6dc-4c35-aee6-6d6154e7aee8,C1 Grade,raw_25a06c2a_bd16_45d5_b4a9_06511381ba94,raw_25a06c2a_bd16_45d5_b4a9_06511381ba94,Bradley Wyatt,Bradley Wyatt,3.0,39.0,2,36,39.0,2,2,2021-11-20T23:30:00.0000000+10:30,7.6923076923076925,92.3076923076923
aad2a6fe-7bbd-4680-a386-01319b828522,Summer 2021/22,337f25a5-b8b2-4e4e-b021-8e0a143f05e6,67b25f54-b6dc-4c35-aee6-6d6154e7aee8,C1 Grade,raw_3132ab5f_295e_4f43_8eab_73495a375654,raw_3132ab5f_295e_4f43_8eab_73495a375654,Buddika De Silva,Buddika De Silva,27.0,34.0,3,25,34.0,3,3,2022-03-19T23:00:00.0000000+10:30,79.41176470588235,73.52941176470588
aad2a6fe-7bbd-4680-a386-01319b828522,Summer 2021/22,337f25a5-b8b2-4e4e-b021-8e0a143f05e6,67b25f54-b6dc-4c35-aee6-6d6154e7aee8,C1 Grade,raw_5c4b13ef_34ea_4c42_a114_47e2fdd19973,raw_5c4b13ef_34ea_4c42_a114_47e2fdd19973,Paul Richardson,Paul Richardson,21.0,47.0,2,39,47.0,2,2,2022-03-19T23:00:00.0000000+10:30,44.680851063829785,82.97872340425532
aad2a6fe-7bbd-4680-a386-01319b828522,Summer 2021/22,337f25a5-b8b2-4e4e-b021-8e0a143f05e6,67b25f54-b6dc-4c35-aee6-6d6154e7aee8,C1 Grade,raw_5e5a9be8_969f_4e0b_8aab_225f42282da9,raw_5e5a9be8_969f_4e0b_8aab_225f42282da9,Mark Walters,Mark Walters,25.0,61.0,1,50,61.0,1,1,2021-10-23T23:30:00.0000000+10:30,40.98360655737705,81.9672131147541
aad2a6fe-7bbd-4680-a386-01319b828522,Summer 2021/22,337f25a5-b8b2-4e4e-b021-8e0a143f05e6,67b25f54-b6dc-4c35-aee6-6d6154e7aee8,C1 Grade,raw_6b908b4e_1d1a_4919_bea7_378e450b935d,raw_6b908b4e_1d1a_4919_bea7_378e450b935d,Jonathon Hague,Jonathon Hague,9.0,15.0,2,10,15.0,2,2,2022-03-19T23:00:00.0000000+10:30,60.0,66.66666666666667
aad2a6fe-7bbd-4680-a386-01319b828522,Summer 2021/22,337f25a5-b8b2-4e4e-b021-8e0a143f05e6,67b25f54-b6dc-4c35-aee6-6d6154e7aee8,C1 Grade,raw_6bd2ca10_32ea_4391_81ab_5bffddde8682,raw_6bd2ca10_32ea_4391_81ab_5bffddde8682,Austin Taylor,Austin Taylor,2.0,5.0,1,3,5.0,1,1,2022-03-12T23:00:00.0000000+10:30,40.0,60.0
aad2a6fe-7bbd-4680-a386-01319b828522,Summer 2021/22,337f25a5-b8b2-4e4e-b021-8e0a143f05e6,67b25f54-b6dc-4c35-aee6-6d6154e7aee8,C1 Grade,raw_761f2f46_806e_4d87_87ee_d2c30ef3f65c,raw_761f2f46_806e_4d87_87ee_d2c30ef3f65c,Matthew Aston,Matthew Aston,36.0,76.0,2,58,76.0,2,2,2022-03-19T23:00:00.0000000+10:30,47.36842105263158,76.3157894736842
aad2a6fe-7bbd-4680-a386-01319b828522,Summer 2021/22,337f25a5-b8b2-4e4e-b021-8e0a143f05e6,67b25f54-b6dc-4c35-aee6-6d6154e7aee8,C1 Grade,raw_b55dcfd8_54a7_4951_a44b_e7f8059c2562,raw_b55dcfd8_54a7_4951_a44b_e7f8059c2562,Luke Hardy,Luke Hardy,4.0,11.0,1,8,11.0,1,1,2021-10-23T23:30:00.0000000+10:30,36.36363636363637,72.72727272727273
aad2a6fe-7bbd-4680-a386-01319b828522,Summer 2021/22,337f25a5-b8b2-4e4e-b021-8e0a143f05e6,67b25f54-b6dc-4c35-aee6-6d6154e7aee8,C1 Grade,raw_bdae8688_776c_4413_bfca_9baa5aabf38a,raw_bdae8688_776c_4413_bfca_9baa5aabf38a,Aiden Shaw,Aiden Shaw,25.0,78.0,2,64,78.0,2,2,2021-11-20T23:30:00.0000000+10:30,32.05128205128205,82.05128205128206
aad2a6fe-7bbd-4680-a386-01319b828522,Summer 2021/22,337f25a5-b8b2-4e4e-b021-8e0a143f05e6,67b25f54-b6dc-4c35-aee6-6d6154e7aee8,C1 Grade,raw_f5cdcaed_ff90_498a_aa43_4b738b4a634d,raw_f5cdcaed_ff90_498a_aa43_4b738b4a634d,Brett Julian,Brett Julian,84.0,126.0,4,89,126.0,4,4,2022-03-19T23:00:00.0000000+10:30,66.66666666666667,70.63492063492063
aad2a6fe-7bbd-4680-a386-01319b828522,Summer 2021/22,337f25a5-b8b2-4e4e-b021-8e0a143f05e6,67b25f54-b6dc-4c35-aee6-6d6154e7aee8,C1 Grade,raw_f89db413_fbae_44bf_b75b_10896b2ef2c4,raw_f89db413_fbae_44bf_b75b_10896b2ef2c4,Jase Brodyk,Jase Brodyk,13.0,27.0,3,20,27.0,3,3,2022-03-19T23:00:00.0000000+10:30,48.148148148148145,74.07407407407408
aad2a6fe-7bbd-4680-a386-01319b828522,Summer 2021/22,337f25a5-b8b2-4e4e-b021-8e0a143f05e6,67b25f54-b6dc-4c35-aee6-6d6154e7aee8,C1 Grade,raw_ff37d773_7965_4faf_bb34_dc50eab3200c,raw_ff37d773_7965_4faf_bb34_dc50eab3200c,********,********,12.0,48.0,1,42,48.0,1,1,2022-03-19T23:00:00.0000000+10:30,25.0,87.5
aad2a6fe-7bbd-4680-a386-01319b828522,Summer 2021/22,337f25a5-b8b2-4e4e-b021-8e0a143f05e6,67b25f54-b6dc-4c35-aee6-6d6154e7aee8,C1 Grade,simon_loizi,simon_loizi,Simon Loizi,Simon Loizi,9.0,29.0,3,24,29.0,3,3,2022-03-12T23:00:00.0000000+10:30,31.03448275862069,82.75862068965517
aad2a6fe-7bbd-4680-a386-01319b828522,Summer 2021/22,337f25a5-b8b2-4e4e-b021-8e0a143f05e6,67b25f54-b6dc-4c35-aee6-6d6154e7aee8,C1 Grade,thomas_jeffries,thomas_jeffries,Thomas Jeffries,Thomas Jeffries,18.0,54.0,2,43,54.0,2,2,2022-03-19T23:00:00.0000000+10:30,33.333333333333336,79.62962962962963
aad2a6fe-7bbd-4680-a386-01319b828522,Summer 2021/22,337f25a5-b8b2-4e4e-b021-8e0a143f05e6,67b25f54-b6dc-4c35-aee6-6d6154e7aee8,C1 Grade,tyson_hocking,tyson_hocking,Tyson Hocking,Tyson Hocking,7.0,14.0,2,11,14.0,2,2,2021-11-20T23:30:00.0000000+10:30,50.0,78.57142857142857
aad2a6fe-7bbd-4680-a386-01319b828522,Summer 2021/22,3fd03b0a-3d7c-421e-ab48-9bba2814dbb1,000a1d6b-ee69-4088-bc57-878875437032,O'Neills Sports Division 3 Group 4,harry_marshall,harry_marshall,Harry Marshall,Harry Marshall,5.0,7.0,1,3,7.0,1,1,2021-12-01T03:40:00.0000000+10:30,71.42857142857143,42.857142857142854
aad2a6fe-7bbd-4680-a386-01319b828522,Summer 2021/22,3fd03b0a-3d7c-421e-ab48-9bba2814dbb1,000a1d6b-ee69-4088-bc57-878875437032,O'Neills Sports Division 3 Group 4,jake_thyssen,jake_thyssen,Jake Thyssen,Jake Thyssen,6.0,17.0,1,12,17.0,1,1,2021-12-01T03:40:00.0000000+10:30,35.294117647058826,70.58823529411765
aad2a6fe-7bbd-4680-a386-01319b828522,Summer 2021/22,3fd03b0a-3d7c-421e-ab48-9bba2814dbb1,000a1d6b-ee69-4088-bc57-878875437032,O'Neills Sports Division 3 Group 4,jason_jennings,jason_jennings,Jason Jennings,Jason Jennings,9.0,21.0,1,14,21.0,1,1,2021-12-01T03:40:00.0000000+10:30,42.857142857142854,66.66666666666667
aad2a6fe-7bbd-4680-a386-01319b828522,Summer 2021/22,3fd03b0a-3d7c-421e-ab48-9bba2814dbb1,000a1d6b-ee69-4088-bc57-878875437032,O'Neills Sports Division 3 Group 4,nathan_wyatt,nathan_wyatt,Nathan Wyatt,Nathan Wyatt,1.0,3.0,1,2,3.0,1,1,2021-12-01T03:40:00.0000000+10:30,33.333333333333336,66.66666666666667
aad2a6fe-7bbd-4680-a386-01319b828522,Summer 2021/22,3fd03b0a-3d7c-421e-ab48-9bba2814dbb1,000a1d6b-ee69-4088-bc57-878875437032,O'Neills Sports Division 3 Group 4,raw_0276c452_452a_4da6_9e8d_22e0f3786906,raw_0276c452_452a_4da6_9e8d_22e0f3786906,Michael Thompson,Michael Thompson,3.0,5.0,1,2,5.0,1,1,2021-12-01T03:40:00.0000000+10:30,60.0,40.0
aad2a6fe-7bbd-4680-a386-01319b828522,Summer 2021/22,3fd03b0a-3d7c-421e-ab48-9bba2814dbb1,000a1d6b-ee69-4088-bc57-878875437032,O'Neills Sports Division 3 Group 4,raw_1f98caad_f899_4edd_ab1d_4a5b9c3272c1,raw_1f98caad_f899_4edd_ab1d_4a5b9c3272c1,Jamie Caddy,Jamie Caddy,5.0,9.0,1,5,9.0,1,1,2021-12-01T03:40:00.0000000+10:30,55.55555555555556,55.55555555555556
aad2a6fe-7bbd-4680-a386-01319b828522,Summer 2021/22,3fd03b0a-3d7c-421e-ab48-9bba2814dbb1,000a1d6b-ee69-4088-bc57-878875437032,O'Neills Sports Division 3 Group 4,raw_3132ab5f_295e_4f43_8eab_73495a375654,raw_3132ab5f_295e_4f43_8eab_73495a375654,Buddika De Silva,Buddika De Silva,6.0,6.0,1,3,6.0,1,1,2021-12-01T03:40:00.0000000+10:30,100.0,50.0
aad2a6fe-7bbd-4680-a386-01319b828522,Summer 2021/22,3fd03b0a-3d7c-421e-ab48-9bba2814dbb1,000a1d6b-ee69-4088-bc57-878875437032,O'Neills Sports Division 3 Group 4,raw_aaa8fa44_0a97_4950_bfcc_0ec0cd75227c,raw_aaa8fa44_0a97_4950_bfcc_0ec0cd75227c,Dylan Hoyle,Dylan Hoyle,0.0,1.0,1,1,1.0,1,1,2021-12-01T03:40:00.0000000+10:30,0.0,100.0
aad2a6fe-7bbd-4680-a386-01319b828522,Summer 2021/22,3fd03b0a-3d7c-421e-ab48-9bba2814dbb1,000a1d6b-ee69-4088-bc57-878875437032,O'Neills Sports Division 3 Group 4,raw_f5cdcaed_ff90_498a_aa43_4b738b4a634d,raw_f5cdcaed_ff90_498a_aa43_4b738b4a634d,Brett Julian,Brett Julian,6.0,8.0,1,5,8.0,1,1,2021-12-01T03:40:00.0000000+10:30,75.0,62.5
aad2a6fe-7bbd-4680-a386-01319b828522,Summer 2021/22,3fd03b0a-3d7c-421e-ab48-9bba2814dbb1,000a1d6b-ee69-4088-bc57-878875437032,O'Neills Sports Division 3 Group 4,raw_f89db413_fbae_44bf_b75b_10896b2ef2c4,raw_f89db413_fbae_44bf_b75b_10896b2ef2c4,Jase Brodyk,Jase Brodyk,14.0,15.0,1,7,15.0,1,1,2021-12-01T03:40:00.0000000+10:30,93.33333333333333,46.666666666666664
aad2a6fe-7bbd-4680-a386-01319b828522,Summer 2021/22,411ca020-db84-43e7-b8ef-b79b5f502db1,adb0d667-79a1-4bfe-9b1a-b43ed1a47851,O'Neills Sports Division 1 Group 3,james_holmes,james_holmes,James Holmes,James Holmes,22.0,28.0,1,14,28.0,1,1,2022-01-12T03:40:00.0000000+10:30,78.57142857142857,50.0
aad2a6fe-7bbd-4680-a386-01319b828522,Summer 2021/22,411ca020-db84-43e7-b8ef-b79b5f502db1,adb0d667-79a1-4bfe-9b1a-b43ed1a47851,O'Neills Sports Division 1 Group 3,josh_burrows,josh_burrows,Josh Burrows,Josh Burrows,3.0,8.0,1,5,8.0,1,1,2022-01-12T03:40:00.0000000+10:30,37.5,62.5
aad2a6fe-7bbd-4680-a386-01319b828522,Summer 2021/22,411ca020-db84-43e7-b8ef-b79b5f502db1,adb0d667-79a1-4bfe-9b1a-b43ed1a47851,O'Neills Sports Division 1 Group 3,raw_0ee061a9_b7b8_4379_ab58_185e759869d2,raw_0ee061a9_b7b8_4379_ab58_185e759869d2,Richard Gabb,Richard Gabb,57.0,46.0,1,16,46.0,1,1,2022-01-12T03:40:00.0000000+10:30,123.91304347826087,34.78260869565217
aad2a6fe-7bbd-4680-a386-01319b828522,Summer 2021/22,411ca020-db84-43e7-b8ef-b79b5f502db1,adb0d667-79a1-4bfe-9b1a-b43ed1a47851,O'Neills Sports Division 1 Group 3,raw_205e8fd2_2a71_4bb7_af36_80deca0a9b8a,raw_205e8fd2_2a71_4bb7_af36_80deca0a9b8a,Matt Hehner,Matt Hehner,3.0,12.0,1,10,12.0,1,1,2022-01-12T03:40:00.0000000+10:30,25.0,83.33333333333333
aad2a6fe-7bbd-4680-a386-01319b828522,Summer 2021/22,411ca020-db84-43e7-b8ef-b79b5f502db1,adb0d667-79a1-4bfe-9b1a-b43ed1a47851,O'Neills Sports Division 1 Group 3,raw_b270c0b2_5125_4134_a734_62315b457a23,raw_b270c0b2_5125_4134_a734_62315b457a23,Joshua Golding,Joshua Golding,3.0,7.0,1,5,7.0,1,1,2022-01-12T03:40:00.0000000+10:30,42.857142857142854,71.42857142857143
aad2a6fe-7bbd-4680-a386-01319b828522,Summer 2021/22,411ca020-db84-43e7-b8ef-b79b5f502db1,adb0d667-79a1-4bfe-9b1a-b43ed1a47851,O'Neills Sports Division 1 Group 3,raw_c6bafe86_d446_420d_9f68_06f1dad5ad84,raw_c6bafe86_d446_420d_9f68_06f1dad5ad84,Nathanial Khelawon,Nathanial Khelawon,1.0,5.0,1,4,5.0,1,1,2022-01-12T03:40:00.0000000+10:30,20.0,80.0
aad2a6fe-7bbd-4680-a386-01319b828522,Summer 2021/22,411ca020-db84-43e7-b8ef-b79b5f502db1,adb0d667-79a1-4bfe-9b1a-b43ed1a47851,O'Neills Sports Division 1 Group 3,raw_f4404c43_09f8_408c_a0c1_edd82a589504,raw_f4404c43_09f8_408c_a0c1_edd82a589504,Nathan Turner,Nathan Turner,2.0,4.0,1,2,4.0,1,1,2022-01-12T03:40:00.0000000+10:30,50.0,50.0
aad2a6fe-7bbd-4680-a386-01319b828522,Summer 2021/22,566f7b55-c090-4451-b7d4-8317f4922042,6ad99d7b-938d-44e5-a94b-727693aff555,Under 14 South Division 2,brendan_russell,brendan_russell,Brendan Russell,Brendan Russell,0.0,4.0,1,4,4.0,1,1,2022-01-09T19:00:00.0000000+10:30,0.0,100.0
aad2a6fe-7bbd-4680-a386-01319b828522,Summer 2021/22,566f7b55-c090-4451-b7d4-8317f4922042,6ad99d7b-938d-44e5-a94b-727693aff555,Under 14 South Division 2,cameron_baldock,cameron_baldock,Cameron Baldock,Cameron Baldock,63.0,132.0,6,92,132.0,6,5,2022-01-30T19:30:00.0000000+10:30,47.72727272727273,69.6969696969697
aad2a6fe-7bbd-4680-a386-01319b828522,Summer 2021/22,566f7b55-c090-4451-b7d4-8317f4922042,6ad99d7b-938d-44e5-a94b-727693aff555,Under 14 South Division 2,felix_lilith_spring,felix_lilith_spring,Felix Lilith-Spring,Felix Lilith-Spring,34.0,103.0,5,76,103.0,5,4,2022-01-30T19:30:00.0000000+10:30,33.00970873786408,73.7864077669903
aad2a6fe-7bbd-4680-a386-01319b828522,Summer 2021/22,566f7b55-c090-4451-b7d4-8317f4922042,6ad99d7b-938d-44e5-a94b-727693aff555,Under 14 South Division 2,harrison_glatter,harrison_glatter,Harrison Glatter,Harrison Glatter,10.0,35.0,3,28,35.0,3,3,2022-01-30T19:30:00.0000000+10:30,28.571428571428573,80.0
aad2a6fe-7bbd-4680-a386-01319b828522,Summer 2021/22,566f7b55-c090-4451-b7d4-8317f4922042,6ad99d7b-938d-44e5-a94b-727693aff555,Under 14 South Division 2,joshua_mount,joshua_mount,Joshua Mount,Joshua Mount,41.0,73.0,4,54,73.0,4,3,2022-01-30T19:30:00.0000000+10:30,56.16438356164384,73.97260273972603
aad2a6fe-7bbd-4680-a386-01319b828522,Summer 2021/22,566f7b55-c090-4451-b7d4-8317f4922042,6ad99d7b-938d-44e5-a94b-727693aff555,Under 14 South Division 2,mitchell_russell,mitchell_russell,Mitchell Russell,Mitchell Russell,6.0,8.0,1,5,8.0,1,1,2022-01-09T19:00:00.0000000+10:30,75.0,62.5
aad2a6fe-7bbd-4680-a386-01319b828522,Summer 2021/22,566f7b55-c090-4451-b7d4-8317f4922042,6ad99d7b-938d-44e5-a94b-727693aff555,Under 14 South Division 2,raw_14602f65_d7e3_4b04_9490_4d0c77eeded0,raw_14602f65_d7e3_4b04_9490_4d0c77eeded0,Sharon Ball,Sharon Ball,32.0,89.0,3,72,89.0,3,3,2021-12-05T09:00:00.0000000+00:00,35.95505617977528,80.89887640449439
aad2a6fe-7bbd-4680-a386-01319b828522,Summer 2021/22,566f7b55-c090-4451-b7d4-8317f4922042,6ad99d7b-938d-44e5-a94b-727693aff555,Under 14 South Division 2,raw_3ae8d0cb_0a9d_47c6_bd32_ddf9420cbb81,raw_3ae8d0cb_0a9d_47c6_bd32_ddf9420cbb81,Zachary Quintel-Moyle,Zachary Quintel-Moyle,48.0,92.0,4,65,92.0,4,3,2022-01-30T19:30:00.0000000+10:30,52.17391304347826,70.65217391304348
aad2a6fe-7bbd-4680-a386-01319b828522,Summer 2021/22,566f7b55-c090-4451-b7d4-8317f4922042,6ad99d7b-938d-44e5-a94b-727693aff555,Under 14 South Division 2,raw_785f5aac_43c8_4afe_9035_2ef740397c4d,raw_785f5aac_43c8_4afe_9035_2ef740397c4d,Tyson Steinmuller,Tyson Steinmuller,55.0,76.0,3,49,76.0,3,3,2022-01-09T19:00:00.0000000+10:30,72.36842105263158,64.47368421052632
aad2a6fe-7bbd-4680-a386-01319b828522,Summer 2021/22,566f7b55-c090-4451-b7d4-8317f4922042,6ad99d7b-938d-44e5-a94b-727693aff555,Under 14 South Division 2,raw_8bf47997_be77_43d9_878e_eb969bc79510,raw_8bf47997_be77_43d9_878e_eb969bc79510,Ansh Patel,Ansh Patel,9.0,46.0,6,38,46.0,6,4,2022-01-30T19:30:00.0000000+10:30,19.565217391304348,82.6086956521739
aad2a6fe-7bbd-4680-a386-01319b828522,Summer 2021/22,566f7b55-c090-4451-b7d4-8317f4922042,6ad99d7b-938d-44e5-a94b-727693aff555,Under 14 South Division 2,raw_b99ff1e9_4739_4ce2_8356_773775260a05,raw_b99ff1e9_4739_4ce2_8356_773775260a05,********,********,29.0,49.0,4,33,49.0,4,3,2022-01-30T19:30:00.0000000+10:30,59.183673469387756,67.34693877551021
aad2a6fe-7bbd-4680-a386-01319b828522,Summer 2021/22,566f7b55-c090-4451-b7d4-8317f4922042,6ad99d7b-938d-44e5-a94b-727693aff555,Under 14 South Division 2,raw_cd73e05b_8378_4a38_9238_5ab4d279e0dc,raw_cd73e05b_8378_4a38_9238_5ab4d279e0dc,Joel Howell,Joel Howell,77.0,113.0,4,69,113.0,4,4,2022-01-09T19:00:00.0000000+10:30,68.14159292035399,61.06194690265487
aad2a6fe-7bbd-4680-a386-01319b828522,Summer 2021/22,566f7b55-c090-4451-b7d4-8317f4922042,6ad99d7b-938d-44e5-a94b-727693aff555,Under 14 South Division 2,raw_db119324_3df0_4809_a8e3_e863bfe9891f,raw_db119324_3df0_4809_a8e3_e863bfe9891f,Flynn Brain,Flynn Brain,19.0,39.0,2,30,39.0,2,2,2021-11-21T19:00:00.0000000+10:30,48.717948717948715,76.92307692307692
aad2a6fe-7bbd-4680-a386-01319b828522,Summer 2021/22,566f7b55-c090-4451-b7d4-8317f4922042,6ad99d7b-938d-44e5-a94b-727693aff555,Under 14 South Division 2,raw_df992036_f8f1_4b26_8aaf_853e3c90de35,raw_df992036_f8f1_4b26_8aaf_853e3c90de35,********,********,4.0,66.0,4,62,66.0,4,3,2021-12-05T09:00:00.0000000+00:00,6.0606060606060606,93.93939393939394
aad2a6fe-7bbd-4680-a386-01319b828522,Summer 2021/22,566f7b55-c090-4451-b7d4-8317f4922042,6ad99d7b-938d-44e5-a94b-727693aff555,Under 14 South Division 2,raw_ef4f9462_581c_41c1_86dc_3740bf3ac7c2,raw_ef4f9462_581c_41c1_86dc_3740bf3ac7c2,Harry James,Harry James,6.0,47.0,4,41,47.0,4,4,2022-01-30T19:30:00.0000000+10:30,12.76595744680851,87.23404255319149
aad2a6fe-7bbd-4680-a386-01319b828522,Summer 2021/22,566f7b55-c090-4451-b7d4-8317f4922042,6ad99d7b-938d-44e5-a94b-727693aff555,Under 14 South Division 2,shivaan_naidu,shivaan_naidu,Shivaan Naidu,Shivaan Naidu,3.0,36.0,3,33,36.0,3,3,2022-01-30T19:30:00.0000000+10:30,8.333333333333334,91.66666666666667
aad2a6fe-7bbd-4680-a386-01319b828522,Summer 2021/22,631d669b-76e4-4f9f-9d32-d84eae3efeea,65d90706-7414-474a-b05f-899ebd9c193d,ISC Teamwear LO Division 6,jake_thyssen,jake_thyssen,Jake Thyssen,Jake Thyssen,1.0,2.0,1,1,2.0,1,1,2022-03-26T23:00:00.0000000+10:30,50.0,50.0
aad2a6fe-7bbd-4680-a386-01319b828522,Summer 2021/22,631d669b-76e4-4f9f-9d32-d84eae3efeea,65d90706-7414-474a-b05f-899ebd9c193d,ISC Teamwear LO Division 6,josh_burrows,josh_burrows,Josh Burrows,Josh Burrows,59.0,77.0,2,49,77.0,2,2,2022-03-26T23:00:00.0000000+10:30,76.62337662337663,63.63636363636363
aad2a6fe-7bbd-4680-a386-01319b828522,Summer 2021/22,631d669b-76e4-4f9f-9d32-d84eae3efeea,65d90706-7414-474a-b05f-899ebd9c193d,ISC Teamwear LO Division 6,kenneth_fay,kenneth_fay,Kenneth Fay,Kenneth Fay,8.0,37.0,2,29,37.0,2,2,2022-03-26T23:00:00.0000000+10:30,21.62162162162162,78.37837837837837
aad2a6fe-7bbd-4680-a386-01319b828522,Summer 2021/22,631d669b-76e4-4f9f-9d32-d84eae3efeea,65d90706-7414-474a-b05f-899ebd9c193d,ISC Teamwear LO Division 6,matthew_jeffries,matthew_jeffries,Matthew Jeffries,Matthew Jeffries,5.0,15.0,2,12,15.0,2,2,2022-03-26T23:00:00.0000000+10:30,33.333333333333336,80.0
aad2a6fe-7bbd-4680-a386-01319b828522,Summer 2021/22,631d669b-76e4-4f9f-9d32-d84eae3efeea,65d90706-7414-474a-b05f-899ebd9c193d,ISC Teamwear LO Division 6,raw_0276c452_452a_4da6_9e8d_22e0f3786906,raw_0276c452_452a_4da6_9e8d_22e0f3786906,Michael Thompson,Michael Thompson,28.0,34.0,2,17,34.0,2,2,2022-03-26T23:00:00.0000000+10:30,82.3529411764706,50.0
aad2a6fe-7bbd-4680-a386-01319b828522,Summer 2021/22,631d669b-76e4-4f9f-9d32-d84eae3efeea,65d90706-7414-474a-b05f-899ebd9c193d,ISC Teamwear LO Division 6,raw_1f98caad_f899_4edd_ab1d_4a5b9c3272c1,raw_1f98caad_f899_4edd_ab1d_4a5b9c3272c1,Jamie Caddy,Jamie Caddy,19.0,27.0,1,14,27.0,1,1,2022-03-26T23:00:00.0000000+10:30,70.37037037037037,51.851851851851855
aad2a6fe-7bbd-4680-a386-01319b828522,Summer 2021/22,631d669b-76e4-4f9f-9d32-d84eae3efeea,65d90706-7414-474a-b05f-899ebd9c193d,ISC Teamwear LO Division 6,raw_25a06c2a_bd16_45d5_b4a9_06511381ba94,raw_25a06c2a_bd16_45d5_b4a9_06511381ba94,Bradley Wyatt,Bradley Wyatt,6.0,11.0,1,9,11.0,1,1,2022-02-26T23:30:00.0000000+10:30,54.54545454545455,81.81818181818181
aad2a6fe-7bbd-4680-a386-01319b828522,Summer 2021/22,631d669b-76e4-4f9f-9d32-d84eae3efeea,65d90706-7414-474a-b05f-899ebd9c193d,ISC Teamwear LO Division 6,raw_6b908b4e_1d1a_4919_bea7_378e450b935d,raw_6b908b4e_1d1a_4919_bea7_378e450b935d,Jonathon Hague,Jonathon Hague,2.0,6.0,1,5,6.0,1,1,2022-01-15T23:30:00.0000000+10:30,33.333333333333336,83.33333333333333
aad2a6fe-7bbd-4680-a386-01319b828522,Summer 2021/22,631d669b-76e4-4f9f-9d32-d84eae3efeea,65d90706-7414-474a-b05f-899ebd9c193d,ISC Teamwear LO Division 6,raw_aaa8fa44_0a97_4950_bfcc_0ec0cd75227c,raw_aaa8fa44_0a97_4950_bfcc_0ec0cd75227c,Dylan Hoyle,Dylan Hoyle,8.0,28.0,1,24,28.0,1,1,2022-02-26T23:30:00.0000000+10:30,28.571428571428573,85.71428571428571
aad2a6fe-7bbd-4680-a386-01319b828522,Summer 2021/22,631d669b-76e4-4f9f-9d32-d84eae3efeea,65d90706-7414-474a-b05f-899ebd9c193d,ISC Teamwear LO Division 6,raw_af3c25ef_c848_4da9_849f_d94e6add45bb,raw_af3c25ef_c848_4da9_849f_d94e6add45bb,Bailey Sanderson,Bailey Sanderson,4.0,6.0,1,3,6.0,1,1,2022-02-26T23:30:00.0000000+10:30,66.66666666666667,50.0
aad2a6fe-7bbd-4680-a386-01319b828522,Summer 2021/22,631d669b-76e4-4f9f-9d32-d84eae3efeea,65d90706-7414-474a-b05f-899ebd9c193d,ISC Teamwear LO Division 6,raw_b949f12f_c431_4d5d_a073_3fe4fa6b93a0,raw_b949f12f_c431_4d5d_a073_3fe4fa6b93a0,Jitin Khanna,Jitin Khanna,28.0,76.0,2,59,76.0,2,2,2022-02-26T23:30:00.0000000+10:30,36.8421052631579,77.63157894736842
aad2a6fe-7bbd-4680-a386-01319b828522,Summer 2021/22,631d669b-76e4-4f9f-9d32-d84eae3efeea,65d90706-7414-474a-b05f-899ebd9c193d,ISC Teamwear LO Division 6,raw_e06a2bd9_1aed_4fd2_b50f_980102ab4a5d,raw_e06a2bd9_1aed_4fd2_b50f_980102ab4a5d,Josh Rudd,Josh Rudd,7.0,22.0,1,17,22.0,1,1,2022-03-26T23:00:00.0000000+10:30,31.818181818181817,77.27272727272727
aad2a6fe-7bbd-4680-a386-01319b828522,Summer 2021/22,631d669b-76e4-4f9f-9d32-d84eae3efeea,65d90706-7414-474a-b05f-899ebd9c193d,ISC Teamwear LO Division 6,raw_f4ab7447_2fd2_4736_a2a1_2c7b18f54f41,raw_f4ab7447_2fd2_4736_a2a1_2c7b18f54f41,Andrew Semple,Andrew Semple,39.0,49.0,2,33,49.0,2,2,2022-03-26T23:00:00.0000000+10:30,79.59183673469387,67.34693877551021
aad2a6fe-7bbd-4680-a386-01319b828522,Summer 2021/22,631d669b-76e4-4f9f-9d32-d84eae3efeea,65d90706-7414-474a-b05f-899ebd9c193d,ISC Teamwear LO Division 6,tyson_hocking,tyson_hocking,Tyson Hocking,Tyson Hocking,46.0,84.0,2,53,84.0,2,2,2022-03-26T23:00:00.0000000+10:30,54.76190476190476,63.095238095238095
aad2a6fe-7bbd-4680-a386-01319b828522,Summer 2021/22,631d669b-76e4-4f9f-9d32-d84eae3efeea,65d90706-7414-474a-b05f-899ebd9c193d,ISC Teamwear LO Division 6,wayne_copley,wayne_copley,Wayne Copley,Wayne Copley,35.0,51.0,2,34,51.0,2,2,2022-03-26T23:00:00.0000000+10:30,68.62745098039215,66.66666666666667
aad2a6fe-7bbd-4680-a386-01319b828522,Summer 2021/22,a0464d78-e9fb-4d6e-affb-4d647a0be290,3a107eed-fa31-49b4-b912-fd342a811e24,Womens 1st Grade,alannah_rochow,alannah_rochow,Alannah Rochow,Alannah Rochow,7.0,16.0,1,9,16.0,1,1,2021-12-12T23:30:00.0000000+10:30,43.75,56.25
aad2a6fe-7bbd-4680-a386-01319b828522,Summer 2021/22,a0464d78-e9fb-4d6e-affb-4d647a0be290,3a107eed-fa31-49b4-b912-fd342a811e24,Womens 1st Grade,angela_egan,angela_egan,Angela Egan,Angela Egan,2.0,8.0,2,6,8.0,2,2,2022-01-09T23:30:00.0000000+10:30,25.0,75.0
aad2a6fe-7bbd-4680-a386-01319b828522,Summer 2021/22,a0464d78-e9fb-4d6e-affb-4d647a0be290,3a107eed-fa31-49b4-b912-fd342a811e24,Womens 1st Grade,ashleigh_carey,ashleigh_carey,Ashleigh Carey,Ashleigh Carey,0.0,1.0,1,1,1.0,1,1,2022-01-09T23:30:00.0000000+10:30,0.0,100.0
aad2a6fe-7bbd-4680-a386-01319b828522,Summer 2021/22,a0464d78-e9fb-4d6e-affb-4d647a0be290,3a107eed-fa31-49b4-b912-fd342a811e24,Womens 1st Grade,erin_temme,erin_temme,Erin Temme,Erin Temme,1.0,5.0,1,4,5.0,1,1,2021-11-07T23:30:00.0000000+10:30,20.0,80.0
aad2a6fe-7bbd-4680-a386-01319b828522,Summer 2021/22,a0464d78-e9fb-4d6e-affb-4d647a0be290,3a107eed-fa31-49b4-b912-fd342a811e24,Womens 1st Grade,jessica_waldon,jessica_waldon,Jessica Waldon,Jessica Waldon,2.0,6.0,1,4,6.0,1,1,2022-02-27T23:30:00.0000000+10:30,33.333333333333336,66.66666666666667
aad2a6fe-7bbd-4680-a386-01319b828522,Summer 2021/22,a0464d78-e9fb-4d6e-affb-4d647a0be290,3a107eed-fa31-49b4-b912-fd342a811e24,Womens 1st Grade,jo_cooke,jo_cooke,Jo Cooke,Jo Cooke,13.0,19.0,1,11,19.0,1,1,2021-12-12T23:30:00.0000000+10:30,68.42105263157895,57.89473684210526
aad2a6fe-7bbd-4680-a386-01319b828522,Summer 2021/22,a0464d78-e9fb-4d6e-affb-4d647a0be290,3a107eed-fa31-49b4-b912-fd342a811e24,Womens 1st Grade,raw_2c466c78_9334_49eb_adc3_b76e7dbcc9ca,raw_2c466c78_9334_49eb_adc3_b76e7dbcc9ca,Kristy Rochow,Kristy Rochow,0.0,1.0,1,1,1.0,1,1,2022-01-09T23:30:00.0000000+10:30,0.0,100.0
aad2a6fe-7bbd-4680-a386-01319b828522,Summer 2021/22,a0464d78-e9fb-4d6e-affb-4d647a0be290,3a107eed-fa31-49b4-b912-fd342a811e24,Womens 1st Grade,raw_e5e24a6e_f1c0_4fa6_93c8_d9ecf92c0035,raw_e5e24a6e_f1c0_4fa6_93c8_d9ecf92c0035,Glenys Gabb,Glenys Gabb,18.0,44.0,4,28,44.0,4,4,2022-02-27T23:30:00.0000000+10:30,40.90909090909091,63.63636363636363
aad2a6fe-7bbd-4680-a386-01319b828522,Summer 2021/22,a0464d78-e9fb-4d6e-affb-4d647a0be290,3a107eed-fa31-49b4-b912-fd342a811e24,Womens 1st Grade,raw_f7b5d072_df3b_4c2b_a9be_d2c74850f62d,raw_f7b5d072_df3b_4c2b_a9be_d2c74850f62d,Brooke Mullen,Brooke Mullen,6.0,11.0,4,9,11.0,4,4,2022-01-30T23:30:00.0000000+10:30,54.54545454545455,81.81818181818181
aad2a6fe-7bbd-4680-a386-01319b828522,Summer 2021/22,a0464d78-e9fb-4d6e-affb-4d647a0be290,3a107eed-fa31-49b4-b912-fd342a811e24,Womens 1st Grade,renae_jolly,renae_jolly,Renae Jolly,Renae Jolly,20.0,47.0,4,32,47.0,4,4,2022-02-27T23:30:00.0000000+10:30,42.5531914893617,68.08510638297872
aad2a6fe-7bbd-4680-a386-01319b828522,Summer 2021/22,bcfa502e-4bfa-46cf-95de-f5081cb9d8f7,569fbe24-a4c6-43bd-b840-44c717759d70,Under 10 South Division 1,raw_08c90f25_310c_483b_833e_b87f67e11a5f,raw_08c90f25_310c_483b_833e_b87f67e11a5f,********,********,16.0,20.0,1,6,20.0,1,1,2022-01-09T19:30:00.0000000+10:30,80.0,30.0
aad2a6fe-7bbd-4680-a386-01319b828522,Summer 2021/22,bcfa502e-4bfa-46cf-95de-f5081cb9d8f7,569fbe24-a4c6-43bd-b840-44c717759d70,Under 10 South Division 1,raw_6e1f0587_7566_4c72_b278_9f211ba9a2f8,raw_6e1f0587_7566_4c72_b278_9f211ba9a2f8,********,********,10.0,20.0,1,10,20.0,1,1,2022-01-09T19:30:00.0000000+10:30,50.0,50.0
aad2a6fe-7bbd-4680-a386-01319b828522,Summer 2021/22,bcfa502e-4bfa-46cf-95de-f5081cb9d8f7,569fbe24-a4c6-43bd-b840-44c717759d70,Under 10 South Division 1,ryan_howell,ryan_howell,Ryan Howell,Ryan Howell,35.0,19.0,1,8,19.0,1,1,2022-01-09T19:30:00.0000000+10:30,184.21052631578948,42.10526315789474
aad2a6fe-7bbd-4680-a386-01319b828522,Summer 2021/22,c7831d67-2264-462d-a3fc-808984f3548a,6ad99d7b-938d-44e5-a94b-727693aff555,Under 14 South Division 2,bailey_bennett,bailey_bennett,Bailey Bennett,Bailey Bennett,8.0,4.0,1,2,4.0,1,1,2022-02-13T19:30:00.0000000+10:30,200.0,50.0
aad2a6fe-7bbd-4680-a386-01319b828522,Summer 2021/22,c7831d67-2264-462d-a3fc-808984f3548a,6ad99d7b-938d-44e5-a94b-727693aff555,Under 14 South Division 2,bailey_hague,bailey_hague,Bailey Hague,Bailey Hague,5.0,26.0,1,23,26.0,1,1,2022-01-30T19:30:00.0000000+10:30,19.23076923076923,88.46153846153847
aad2a6fe-7bbd-4680-a386-01319b828522,Summer 2021/22,c7831d67-2264-462d-a3fc-808984f3548a,6ad99d7b-938d-44e5-a94b-727693aff555,Under 14 South Division 2,brendan_russell,brendan_russell,Brendan Russell,Brendan Russell,9.0,67.0,4,59,67.0,4,4,2022-02-27T08:30:00.0000000+00:00,13.432835820895523,88.05970149253731
aad2a6fe-7bbd-4680-a386-01319b828522,Summer 2021/22,c7831d67-2264-462d-a3fc-808984f3548a,6ad99d7b-938d-44e5-a94b-727693aff555,Under 14 South Division 2,declan_grantham,declan_grantham,Declan Grantham,Declan Grantham,0.0,12.0,3,12,12.0,3,3,2022-02-27T08:30:00.0000000+00:00,0.0,100.0
aad2a6fe-7bbd-4680-a386-01319b828522,Summer 2021/22,c7831d67-2264-462d-a3fc-808984f3548a,6ad99d7b-938d-44e5-a94b-727693aff555,Under 14 South Division 2,joel_harvey,joel_harvey,Joel Harvey,Joel Harvey,2.0,21.0,2,19,21.0,2,2,2022-02-13T19:30:00.0000000+10:30,9.523809523809524,90.47619047619048
aad2a6fe-7bbd-4680-a386-01319b828522,Summer 2021/22,c7831d67-2264-462d-a3fc-808984f3548a,6ad99d7b-938d-44e5-a94b-727693aff555,Under 14 South Division 2,mitchell_russell,mitchell_russell,Mitchell Russell,Mitchell Russell,3.0,18.0,3,16,18.0,3,3,2022-02-27T08:30:00.0000000+00:00,16.666666666666668,88.88888888888889
aad2a6fe-7bbd-4680-a386-01319b828522,Summer 2021/22,c7831d67-2264-462d-a3fc-808984f3548a,6ad99d7b-938d-44e5-a94b-727693aff555,Under 14 South Division 2,raw_3b76ca66_de92_4ef8_85d0_b41f3886f11e,raw_3b76ca66_de92_4ef8_85d0_b41f3886f11e,Abby Higgins,Abby Higgins,3.0,17.0,2,14,17.0,2,2,2022-02-13T19:30:00.0000000+10:30,17.647058823529413,82.3529411764706
aad2a6fe-7bbd-4680-a386-01319b828522,Summer 2021/22,c7831d67-2264-462d-a3fc-808984f3548a,6ad99d7b-938d-44e5-a94b-727693aff555,Under 14 South Division 2,raw_9910e31b_bd13_43dc_a553_4d73c8a35599,raw_9910e31b_bd13_43dc_a553_4d73c8a35599,Liam Viney,Liam Viney,1.0,10.0,1,9,10.0,1,1,2022-01-30T19:30:00.0000000+10:30,10.0,90.0
aad2a6fe-7bbd-4680-a386-01319b828522,Summer 2021/22,c7831d67-2264-462d-a3fc-808984f3548a,6ad99d7b-938d-44e5-a94b-727693aff555,Under 14 South Division 2,raw_a5c5d621_23b2_4b90_bca8_997461af1334,raw_a5c5d621_23b2_4b90_bca8_997461af1334,Henry Hull,Henry Hull,7.0,44.0,4,37,44.0,4,4,2022-02-27T08:30:00.0000000+00:00,15.909090909090908,84.0909090909091
aad2a6fe-7bbd-4680-a386-01319b828522,Summer 2021/22,c7831d67-2264-462d-a3fc-808984f3548a,6ad99d7b-938d-44e5-a94b-727693aff555,Under 14 South Division 2,raw_ec4376e4_889f_4ed9_b920_e8696d975aad,raw_ec4376e4_889f_4ed9_b920_e8696d975aad,Cooper Lambe,Cooper Lambe,33.0,66.0,3,51,66.0,3,3,2022-01-30T19:30:00.0000000+10:30,50.0,77.27272727272727
aad2a6fe-7bbd-4680-a386-01319b828522,Summer 2021/22,c7831d67-2264-462d-a3fc-808984f3548a,6ad99d7b-938d-44e5-a94b-727693aff555,Under 14 South Division 2,raw_ef2fde84_ff3a_4495_95d8_b36f118ec016,raw_ef2fde84_ff3a_4495_95d8_b36f118ec016,Tyler Rowston,Tyler Rowston,12.0,37.0,2,29,37.0,2,2,2022-02-13T19:30:00.0000000+10:30,32.432432432432435,78.37837837837837
aad2a6fe-7bbd-4680-a386-01319b828522,Summer 2021/22,c7831d67-2264-462d-a3fc-808984f3548a,6ad99d7b-938d-44e5-a94b-727693aff555,Under 14 South Division 2,raw_f1f066c6_f8f5_4b1f_82d9_f43041bebe43,raw_f1f066c6_f8f5_4b1f_82d9_f43041bebe43,Boyd Neilson,Boyd Neilson,23.0,71.0,3,57,71.0,3,3,2022-02-27T08:30:00.0000000+00:00,32.394366197183096,80.28169014084507
aad2a6fe-7bbd-4680-a386-01319b828522,Summer 2021/22,c7831d67-2264-462d-a3fc-808984f3548a,6ad99d7b-938d-44e5-a94b-727693aff555,Under 14 South Division 2,tom_gill,tom_gill,Tom Gill,Tom Gill,80.0,83.0,3,51,83.0,3,3,2022-02-27T08:30:00.0000000+00:00,96.3855421686747,61.44578313253012
aad2a6fe-7bbd-4680-a386-01319b828522,Summer 2021/22,c7831d67-2264-462d-a3fc-808984f3548a,6ad99d7b-938d-44e5-a94b-727693aff555,Under 14 South Division 2,zac_egan,zac_egan,Zac Egan,Zac Egan,2.0,28.0,1,26,28.0,1,1,2022-01-30T19:30:00.0000000+10:30,7.142857142857143,92.85714285714286
aad2a6fe-7bbd-4680-a386-01319b828522,Summer 2021/22,e3b23724-f838-4f96-ae3b-c5e44ee20a67,7db53b56-335e-42a9-a976-0ead0b0be807,Under 17 Division 2,michael_fakes,michael_fakes,Michael Fakes,Michael Fakes,1.0,6.0,3,5,6.0,3,3,2022-02-13T23:30:00.0000000+10:30,16.666666666666668,83.33333333333333
aad2a6fe-7bbd-4680-a386-01319b828522,Summer 2021/22,e3b23724-f838-4f96-ae3b-c5e44ee20a67,7db53b56-335e-42a9-a976-0ead0b0be807,Under 17 Division 2,noah_bevan,noah_bevan,Noah Bevan,Noah Bevan,11.0,53.0,4,46,53.0,4,4,2022-02-27T23:00:00.0000000+10:30,20.754716981132077,86.79245283018868
aad2a6fe-7bbd-4680-a386-01319b828522,Summer 2021/22,e3b23724-f838-4f96-ae3b-c5e44ee20a67,7db53b56-335e-42a9-a976-0ead0b0be807,Under 17 Division 2,raw_1971de3f_c586_4091_86c3_f9a9efef8b6d,raw_1971de3f_c586_4091_86c3_f9a9efef8b6d,Tyson Roser,Tyson Roser,41.0,94.0,4,74,94.0,4,4,2022-02-27T23:00:00.0000000+10:30,43.61702127659574,78.72340425531915
aad2a6fe-7bbd-4680-a386-01319b828522,Summer 2021/22,e3b23724-f838-4f96-ae3b-c5e44ee20a67,7db53b56-335e-42a9-a976-0ead0b0be807,Under 17 Division 2,raw_4ca6bb0a_f18c_45cc_8b83_a787404f3115,raw_4ca6bb0a_f18c_45cc_8b83_a787404f3115,Kathy Sutton,Kathy Sutton,120.0,257.0,4,196,257.0,4,4,2022-02-27T23:00:00.0000000+10:30,46.69260700389105,76.26459143968872
aad2a6fe-7bbd-4680-a386-01319b828522,Summer 2021/22,e3b23724-f838-4f96-ae3b-c5e44ee20a67,7db53b56-335e-42a9-a976-0ead0b0be807,Under 17 Division 2,raw_5f765532_7a85_4c7d_8fe2_5db146099d27,raw_5f765532_7a85_4c7d_8fe2_5db146099d27,Oscar Klingberg,Oscar Klingberg,12.0,49.0,3,41,49.0,3,3,2022-02-27T23:00:00.0000000+10:30,24.489795918367346,83.6734693877551
aad2a6fe-7bbd-4680-a386-01319b828522,Summer 2021/22,e3b23724-f838-4f96-ae3b-c5e44ee20a67,7db53b56-335e-42a9-a976-0ead0b0be807,Under 17 Division 2,raw_7b01f955_4425_4779_8a2e_0b18d9ab6f26,raw_7b01f955_4425_4779_8a2e_0b18d9ab6f26,Cameron Cooper,Cameron Cooper,26.0,26.0,3,13,26.0,3,3,2022-02-13T23:30:00.0000000+10:30,100.0,50.0
aad2a6fe-7bbd-4680-a386-01319b828522,Summer 2021/22,e3b23724-f838-4f96-ae3b-c5e44ee20a67,7db53b56-335e-42a9-a976-0ead0b0be807,Under 17 Division 2,raw_8c3a0a3d_acb8_491f_9496_388ec9764a1c,raw_8c3a0a3d_acb8_491f_9496_388ec9764a1c,Jesse Rowston,Jesse Rowston,42.0,141.0,3,119,141.0,3,3,2022-02-27T23:00:00.0000000+10:30,29.78723404255319,84.39716312056737
aad2a6fe-7bbd-4680-a386-01319b828522,Summer 2021/22,e3b23724-f838-4f96-ae3b-c5e44ee20a67,7db53b56-335e-42a9-a976-0ead0b0be807,Under 17 Division 2,raw_a2fd530f_cbb3_406a_bf68_333571524265,raw_a2fd530f_cbb3_406a_bf68_333571524265,Dominic Huntley,Dominic Huntley,4.0,49.0,4,46,49.0,4,4,2022-02-27T23:00:00.0000000+10:30,8.16326530612245,93.87755102040816
aad2a6fe-7bbd-4680-a386-01319b828522,Summer 2021/22,e3b23724-f838-4f96-ae3b-c5e44ee20a67,7db53b56-335e-42a9-a976-0ead0b0be807,Under 17 Division 2,raw_cf2b623f_6113_459e_994f_2dad691144ba,raw_cf2b623f_6113_459e_994f_2dad691144ba,Brock Hutchinson,Brock Hutchinson,1.0,10.0,3,9,10.0,3,3,2022-02-13T23:30:00.0000000+10:30,10.0,90.0
aad2a6fe-7bbd-4680-a386-01319b828522,Summer 2021/22,e3b23724-f838-4f96-ae3b-c5e44ee20a67,7db53b56-335e-42a9-a976-0ead0b0be807,Under 17 Division 2,raw_fa027780_3f28_4eac_a1be_233f848e2b61,raw_fa027780_3f28_4eac_a1be_233f848e2b61,Ved Kulkarni,Ved Kulkarni,105.0,169.0,4,117,169.0,4,4,2022-02-27T23:00:00.0000000+10:30,62.1301775147929,69.23076923076923
aad2a6fe-7bbd-4680-a386-01319b828522,Summer 2021/22,e3b23724-f838-4f96-ae3b-c5e44ee20a67,7db53b56-335e-42a9-a976-0ead0b0be807,Under 17 Division 2,vincent_cardone,vincent_cardone,Vincent Cardone,Vincent Cardone,2.0,44.0,3,43,44.0,3,3,2022-02-13T23:30:00.0000000+10:30,4.545454545454546,97.72727272727273
aad2a6fe-7bbd-4680-a386-01319b828522,Summer 2021/22,e478b579-c139-4ad9-beed-1691237aff2e,a1275d30-0cc0-46fc-aaf2-7a31241c2b7d,Under 12 South Division 1,bailey_bennett,bailey_bennett,Bailey Bennett,Bailey Bennett,64.0,26.0,2,5,26.0,2,2,2022-02-12T03:30:00.0000000+10:30,246.15384615384616,19.23076923076923
aad2a6fe-7bbd-4680-a386-01319b828522,Summer 2021/22,e478b579-c139-4ad9-beed-1691237aff2e,a1275d30-0cc0-46fc-aaf2-7a31241c2b7d,Under 12 South Division 1,dylan_mcnab,dylan_mcnab,Dylan Mcnab,Dylan Mcnab,20.0,46.0,2,29,46.0,2,2,2022-01-30T19:30:00.0000000+10:30,43.47826086956522,63.04347826086956
aad2a6fe-7bbd-4680-a386-01319b828522,Summer 2021/22,e478b579-c139-4ad9-beed-1691237aff2e,a1275d30-0cc0-46fc-aaf2-7a31241c2b7d,Under 12 South Division 1,jayden_simons,jayden_simons,Jayden Simons,Jayden Simons,13.0,20.0,2,14,20.0,2,2,2022-02-12T03:30:00.0000000+10:30,65.0,70.0
aad2a6fe-7bbd-4680-a386-01319b828522,Summer 2021/22,e478b579-c139-4ad9-beed-1691237aff2e,a1275d30-0cc0-46fc-aaf2-7a31241c2b7d,Under 12 South Division 1,mitchell_trenorden,mitchell_trenorden,Mitchell Trenorden,Mitchell Trenorden,16.0,31.0,1,21,31.0,1,1,2022-01-30T19:30:00.0000000+10:30,51.61290322580645,67.74193548387096
aad2a6fe-7bbd-4680-a386-01319b828522,Summer 2021/22,e478b579-c139-4ad9-beed-1691237aff2e,a1275d30-0cc0-46fc-aaf2-7a31241c2b7d,Under 12 South Division 1,raw_03464f49_cded_4a2f_8120_fff1159d3421,raw_03464f49_cded_4a2f_8120_fff1159d3421,Hudson Fraser,Hudson Fraser,3.0,21.0,3,18,21.0,3,3,2022-02-12T03:30:00.0000000+10:30,14.285714285714286,85.71428571428571
aad2a6fe-7bbd-4680-a386-01319b828522,Summer 2021/22,e478b579-c139-4ad9-beed-1691237aff2e,a1275d30-0cc0-46fc-aaf2-7a31241c2b7d,Under 12 South Division 1,raw_5760d723_37f8_43fd_9072_3a0e5cc3ba9e,raw_5760d723_37f8_43fd_9072_3a0e5cc3ba9e,William Dutton,William Dutton,3.0,16.0,3,13,16.0,3,3,2022-02-12T03:30:00.0000000+10:30,18.75,81.25
aad2a6fe-7bbd-4680-a386-01319b828522,Summer 2021/22,e478b579-c139-4ad9-beed-1691237aff2e,a1275d30-0cc0-46fc-aaf2-7a31241c2b7d,Under 12 South Division 1,raw_8a5d2bda_2b07_40e5_8eeb_0e8512668a1f,raw_8a5d2bda_2b07_40e5_8eeb_0e8512668a1f,Neil Lowies,Neil Lowies,7.0,28.0,2,21,28.0,2,2,2022-01-30T19:30:00.0000000+10:30,25.0,75.0
aad2a6fe-7bbd-4680-a386-01319b828522,Summer 2021/22,e478b579-c139-4ad9-beed-1691237aff2e,a1275d30-0cc0-46fc-aaf2-7a31241c2b7d,Under 12 South Division 1,raw_c7b9ee3c_5fd9_4a57_a150_02c929d4ded7,raw_c7b9ee3c_5fd9_4a57_a150_02c929d4ded7,Jacob Hogg,Jacob Hogg,9.0,35.0,1,26,35.0,1,1,2022-01-30T19:30:00.0000000+10:30,25.714285714285715,74.28571428571429
aad2a6fe-7bbd-4680-a386-01319b828522,Summer 2021/22,e478b579-c139-4ad9-beed-1691237aff2e,a1275d30-0cc0-46fc-aaf2-7a31241c2b7d,Under 12 South Division 1,ryan_langaard,ryan_langaard,Ryan Langaard,Ryan Langaard,3.0,23.0,2,20,23.0,2,2,2022-01-30T19:30:00.0000000+10:30,13.043478260869565,86.95652173913044
aad2a6fe-7bbd-4680-a386-01319b828522,Summer 2021/22,e478b579-c139-4ad9-beed-1691237aff2e,a1275d30-0cc0-46fc-aaf2-7a31241c2b7d,Under 12 South Division 1,tyler_stevens,tyler_stevens,Tyler Stevens,Tyler Stevens,4.0,16.0,1,12,16.0,1,1,2022-01-30T19:30:00.0000000+10:30,25.0,75.0
aad2a6fe-7bbd-4680-a386-01319b828522,Summer 2021/22,e84004a0-fd03-42b6-bc7c-f1159482d255,4b56fccd-27fa-4d26-a25c-c63fdfb1ff34,Under 12 South Division 2,archer_fraser,archer_fraser,Archer Fraser,Archer Fraser,11.0,15.0,1,10,15.0,1,1,2021-11-20T03:30:00.0000000+10:30,73.33333333333333,66.66666666666667
aad2a6fe-7bbd-4680-a386-01319b828522,Summer 2021/22,e84004a0-fd03-42b6-bc7c-f1159482d255,4b56fccd-27fa-4d26-a25c-c63fdfb1ff34,Under 12 South Division 2,cameron_green,cameron_green,Cameron Green,Cameron Green,8.0,22.0,2,17,22.0,2,2,2021-11-20T03:30:00.0000000+10:30,36.36363636363637,77.27272727272727
aad2a6fe-7bbd-4680-a386-01319b828522,Summer 2021/22,e84004a0-fd03-42b6-bc7c-f1159482d255,4b56fccd-27fa-4d26-a25c-c63fdfb1ff34,Under 12 South Division 2,harry_tonkin,harry_tonkin,Harry Tonkin,Harry Tonkin,3.0,28.0,2,25,28.0,2,2,2021-11-20T03:30:00.0000000+10:30,10.714285714285714,89.28571428571429
aad2a6fe-7bbd-4680-a386-01319b828522,Summer 2021/22,e84004a0-fd03-42b6-bc7c-f1159482d255,4b56fccd-27fa-4d26-a25c-c63fdfb1ff34,Under 12 South Division 2,max_tuffin,max_tuffin,Max Tuffin,Max Tuffin,2.0,14.0,1,12,14.0,1,1,2021-10-23T03:30:00.0000000+10:30,14.285714285714286,85.71428571428571
aad2a6fe-7bbd-4680-a386-01319b828522,Summer 2021/22,e84004a0-fd03-42b6-bc7c-f1159482d255,4b56fccd-27fa-4d26-a25c-c63fdfb1ff34,Under 12 South Division 2,raw_50abab58_3993_4850_8b01_3251ce3c0284,raw_50abab58_3993_4850_8b01_3251ce3c0284,Riley Buckle,Riley Buckle,0.0,19.0,1,19,19.0,1,1,2021-11-20T03:30:00.0000000+10:30,0.0,100.0
aad2a6fe-7bbd-4680-a386-01319b828522,Summer 2021/22,e84004a0-fd03-42b6-bc7c-f1159482d255,4b56fccd-27fa-4d26-a25c-c63fdfb1ff34,Under 12 South Division 2,raw_907f6ba4_31e0_478c_82b4_6bf2744d094a,raw_907f6ba4_31e0_478c_82b4_6bf2744d094a,Ethan Jones,Ethan Jones,0.0,7.0,1,7,7.0,1,1,2021-10-23T03:30:00.0000000+10:30,0.0,100.0
aad2a6fe-7bbd-4680-a386-01319b828522,Summer 2021/22,e84004a0-fd03-42b6-bc7c-f1159482d255,4b56fccd-27fa-4d26-a25c-c63fdfb1ff34,Under 12 South Division 2,raw_b675a1c6_5629_4811_b7fb_24298a5e2726,raw_b675a1c6_5629_4811_b7fb_24298a5e2726,Roman Chewter,Roman Chewter,0.0,6.0,1,6,6.0,1,1,2021-11-20T03:30:00.0000000+10:30,0.0,100.0
aad2a6fe-7bbd-4680-a386-01319b828522,Summer 2021/22,e84004a0-fd03-42b6-bc7c-f1159482d255,4b56fccd-27fa-4d26-a25c-c63fdfb1ff34,Under 12 South Division 2,raw_bba383b7_c87e_4ad0_896c_311b0fd65312,raw_bba383b7_c87e_4ad0_896c_311b0fd65312,Kayla Page,Kayla Page,14.0,18.0,1,13,18.0,1,1,2021-11-20T03:30:00.0000000+10:30,77.77777777777777,72.22222222222223
aad2a6fe-7bbd-4680-a386-01319b828522,Summer 2021/22,e84004a0-fd03-42b6-bc7c-f1159482d255,4b56fccd-27fa-4d26-a25c-c63fdfb1ff34,Under 12 South Division 2,raw_edd67e69_e5e8_4986_afe5_002ff3f73aaa,raw_edd67e69_e5e8_4986_afe5_002ff3f73aaa,Max Threadgold,Max Threadgold,0.0,9.0,1,9,9.0,1,1,2021-10-23T03:30:00.0000000+10:30,0.0,100.0
aad2a6fe-7bbd-4680-a386-01319b828522,Summer 2021/22,f991f25e-46bc-4b42-88ed-671bb8e49f21,b11b1b6f-fee1-48b2-8ab1-63460ebbd06e,O'Neills Sports Division 2 Group 4,harry_marshall,harry_marshall,Harry Marshall,Harry Marshall,4.0,8.0,1,7,8.0,1,1,2022-01-12T03:40:00.0000000+10:30,50.0,87.5
aad2a6fe-7bbd-4680-a386-01319b828522,Summer 2021/22,f991f25e-46bc-4b42-88ed-671bb8e49f21,b11b1b6f-fee1-48b2-8ab1-63460ebbd06e,O'Neills Sports Division 2 Group 4,joshua_spall,joshua_spall,Joshua Spall,Joshua Spall,3.0,5.0,1,3,5.0,1,1,2022-01-12T03:40:00.0000000+10:30,60.0,60.0
aad2a6fe-7bbd-4680-a386-01319b828522,Summer 2021/22,f991f25e-46bc-4b42-88ed-671bb8e49f21,b11b1b6f-fee1-48b2-8ab1-63460ebbd06e,O'Neills Sports Division 2 Group 4,raw_08367b31_4ddd_488e_898c_f43a846de496,raw_08367b31_4ddd_488e_898c_f43a846de496,Alexander Cornelius,Alexander Cornelius,5.0,7.0,1,3,7.0,1,1,2022-01-12T03:40:00.0000000+10:30,71.42857142857143,42.857142857142854
aad2a6fe-7bbd-4680-a386-01319b828522,Summer 2021/22,f991f25e-46bc-4b42-88ed-671bb8e49f21,b11b1b6f-fee1-48b2-8ab1-63460ebbd06e,O'Neills Sports Division 2 Group 4,raw_34df7019_2026_4799_a6ea_c4a807176b5c,raw_34df7019_2026_4799_a6ea_c4a807176b5c,Leroy Hagon,Leroy Hagon,5.0,6.0,1,2,6.0,1,1,2022-01-12T03:40:00.0000000+10:30,83.33333333333333,33.333333333333336
aad2a6fe-7bbd-4680-a386-01319b828522,Summer 2021/22,f991f25e-46bc-4b42-88ed-671bb8e49f21,b11b1b6f-fee1-48b2-8ab1-63460ebbd06e,O'Neills Sports Division 2 Group 4,raw_4ca6bb0a_f18c_45cc_8b83_a787404f3115,raw_4ca6bb0a_f18c_45cc_8b83_a787404f3115,Kathy Sutton,Kathy Sutton,6.0,5.0,1,2,5.0,1,1,2022-01-12T03:40:00.0000000+10:30,120.0,40.0
aad2a6fe-7bbd-4680-a386-01319b828522,Summer 2021/22,f991f25e-46bc-4b42-88ed-671bb8e49f21,b11b1b6f-fee1-48b2-8ab1-63460ebbd06e,O'Neills Sports Division 2 Group 4,raw_7339293a_4b62_41d6_a3ab_818dab60e6da,raw_7339293a_4b62_41d6_a3ab_818dab60e6da,Matthew Russell,Matthew Russell,0.0,2.0,1,2,2.0,1,1,2022-01-12T03:40:00.0000000+10:30,0.0,100.0
f7567eab-6090-4cf2-b14f-2874ae98667f,Summer 2014/15,75b72a8b-1ad1-4e9f-ae0d-0fc34827b7f4,b72600a3-e87f-4ad0-ac88-ea6b3e1daff2,Under13Green,raw_07e4f4bd_6744_4fd5_bda9_daf8e4ffbd26,raw_07e4f4bd_6744_4fd5_bda9_daf8e4ffbd26,Dylan Worrall,Dylan Worrall,4.0,14.0,1,10,14.0,1,1,2014-11-23T09:00:00.0000000+00:00,28.571428571428573,71.42857142857143
f7567eab-6090-4cf2-b14f-2874ae98667f,Summer 2014/15,75b72a8b-1ad1-4e9f-ae0d-0fc34827b7f4,b72600a3-e87f-4ad0-ac88-ea6b3e1daff2,Under13Green,raw_0cf2cd71_d9af_46aa_bfe4_5cf1f71d9a4f,raw_0cf2cd71_d9af_46aa_bfe4_5cf1f71d9a4f,Chase Humphrey,Chase Humphrey,12.0,29.0,1,20,29.0,1,1,2014-11-23T09:00:00.0000000+00:00,41.37931034482759,68.96551724137932
f7567eab-6090-4cf2-b14f-2874ae98667f,Summer 2014/15,75b72a8b-1ad1-4e9f-ae0d-0fc34827b7f4,b72600a3-e87f-4ad0-ac88-ea6b3e1daff2,Under13Green,raw_326b4fb5_237a_4fac_8bfb_b72868b75fbb,raw_326b4fb5_237a_4fac_8bfb_b72868b75fbb,Sam Lea,Sam Lea,0.0,2.0,1,2,2.0,1,1,2014-11-23T09:00:00.0000000+00:00,0.0,100.0
f7567eab-6090-4cf2-b14f-2874ae98667f,Summer 2014/15,75b72a8b-1ad1-4e9f-ae0d-0fc34827b7f4,b72600a3-e87f-4ad0-ac88-ea6b3e1daff2,Under13Green,raw_3c86a4d6_469b_43ce_a4c2_57b83b86d080,raw_3c86a4d6_469b_43ce_a4c2_57b83b86d080,Alexander Marenkovic,Alexander Marenkovic,2.0,6.0,1,4,6.0,1,1,2014-11-23T09:00:00.0000000+00:00,33.333333333333336,66.66666666666667
f7567eab-6090-4cf2-b14f-2874ae98667f,Summer 2014/15,75b72a8b-1ad1-4e9f-ae0d-0fc34827b7f4,b72600a3-e87f-4ad0-ac88-ea6b3e1daff2,Under13Green,raw_4e653ef8_cf07_472c_935b_154a173e9362,raw_4e653ef8_cf07_472c_935b_154a173e9362,Matthew Stanford,Matthew Stanford,0.0,4.0,1,4,4.0,1,1,2014-11-23T09:00:00.0000000+00:00,0.0,100.0
f7567eab-6090-4cf2-b14f-2874ae98667f,Summer 2014/15,75b72a8b-1ad1-4e9f-ae0d-0fc34827b7f4,b72600a3-e87f-4ad0-ac88-ea6b3e1daff2,Under13Green,raw_79c4a9ae_5c57_4e3d_a8d4_058c528b7afd,raw_79c4a9ae_5c57_4e3d_a8d4_058c528b7afd,Jack Bradwell,Jack Bradwell,4.0,18.0,1,14,18.0,1,1,2014-11-23T09:00:00.0000000+00:00,22.22222222222222,77.77777777777777
f7567eab-6090-4cf2-b14f-2874ae98667f,Summer 2014/15,75b72a8b-1ad1-4e9f-ae0d-0fc34827b7f4,b72600a3-e87f-4ad0-ac88-ea6b3e1daff2,Under13Green,raw_954cf0b7_e4ee_4fc8_bc4e_af23ba59c57c,raw_954cf0b7_e4ee_4fc8_bc4e_af23ba59c57c,Nathan Holmes,Nathan Holmes,4.0,22.0,1,18,22.0,1,1,2014-11-23T09:00:00.0000000+00:00,18.181818181818183,81.81818181818181
f7567eab-6090-4cf2-b14f-2874ae98667f,Summer 2014/15,75b72a8b-1ad1-4e9f-ae0d-0fc34827b7f4,b72600a3-e87f-4ad0-ac88-ea6b3e1daff2,Under13Green,raw_968405c4_680d_44b7_ab7d_276a7e82070a,raw_968405c4_680d_44b7_ab7d_276a7e82070a,Thomas Rowe,Thomas Rowe,14.0,19.0,1,12,19.0,1,1,2014-11-23T09:00:00.0000000+00:00,73.6842105263158,63.1578947368421
f7567eab-6090-4cf2-b14f-2874ae98667f,Summer 2014/15,75b72a8b-1ad1-4e9f-ae0d-0fc34827b7f4,b72600a3-e87f-4ad0-ac88-ea6b3e1daff2,Under13Green,raw_aa20a607_67fa_4036_ac5b_3c273130d76f,raw_aa20a607_67fa_4036_ac5b_3c273130d76f,Cooper O'Shae,Cooper O'Shae,9.0,25.0,1,19,25.0,1,1,2014-11-23T09:00:00.0000000+00:00,36.0,76.0
f7567eab-6090-4cf2-b14f-2874ae98667f,Summer 2014/15,75b72a8b-1ad1-4e9f-ae0d-0fc34827b7f4,b72600a3-e87f-4ad0-ac88-ea6b3e1daff2,Under13Green,raw_bdae8688_776c_4413_bfca_9baa5aabf38a,raw_bdae8688_776c_4413_bfca_9baa5aabf38a,Aiden Shaw,Aiden Shaw,32.0,53.0,1,35,53.0,1,1,2014-11-23T09:00:00.0000000+00:00,60.37735849056604,66.0377358490566
f7567eab-6090-4cf2-b14f-2874ae98667f,Summer 2014/15,75b72a8b-1ad1-4e9f-ae0d-0fc34827b7f4,b72600a3-e87f-4ad0-ac88-ea6b3e1daff2,Under13Green,raw_cade3106_584e_4f8b_94cb_a7c3fa7ddf3e,raw_cade3106_584e_4f8b_94cb_a7c3fa7ddf3e,Brock Humphrey,Brock Humphrey,8.0,23.0,1,18,23.0,1,1,2014-11-23T09:00:00.0000000+00:00,34.78260869565217,78.26086956521739
f7567eab-6090-4cf2-b14f-2874ae98667f,Summer 2014/15,75b72a8b-1ad1-4e9f-ae0d-0fc34827b7f4,b72600a3-e87f-4ad0-ac88-ea6b3e1daff2,Under13Green,raw_e5649512_d5c2_43ed_be4d_3c877087fea7,raw_e5649512_d5c2_43ed_be4d_3c877087fea7,Callum Jackson,Callum Jackson,1.0,5.0,1,4,5.0,1,1,2014-11-23T09:00:00.0000000+00:00,20.0,80.0
f8ebef3a-ba2d-48c4-95f8-0b13d067e817,Summer 2023/24,0186907a-7639-4533-b0f8-0a690c8734da,3fe59d18-daa6-43f5-b713-4061d29a2279,U15 Division 1,ayden_cook,ayden_cook,Ayden Cook,Ayden Cook,9.0,31.0,1,25,31.0,1,1,2024-01-14T12:30:00.0000000+10:30,29.032258064516128,80.64516129032258
f8ebef3a-ba2d-48c4-95f8-0b13d067e817,Summer 2023/24,0186907a-7639-4533-b0f8-0a690c8734da,3fe59d18-daa6-43f5-b713-4061d29a2279,U15 Division 1,bailey_bennett,bailey_bennett,Bailey Bennett,Bailey Bennett,155.0,199.0,10,130,199.0,10,10,2024-02-25T13:00:00.0000000+10:30,77.8894472361809,65.32663316582915
f8ebef3a-ba2d-48c4-95f8-0b13d067e817,Summer 2023/24,0186907a-7639-4533-b0f8-0a690c8734da,3fe59d18-daa6-43f5-b713-4061d29a2279,U15 Division 1,bailey_hague,bailey_hague,Bailey Hague,Bailey Hague,40.0,170.0,5,146,170.0,5,5,2024-02-25T13:00:00.0000000+10:30,23.529411764705884,85.88235294117646
f8ebef3a-ba2d-48c4-95f8-0b13d067e817,Summer 2023/24,0186907a-7639-4533-b0f8-0a690c8734da,3fe59d18-daa6-43f5-b713-4061d29a2279,U15 Division 1,charlie_hayford,charlie_hayford,Charlie Hayford,Charlie Hayford,1.0,4.0,1,3,4.0,1,1,2024-02-25T13:00:00.0000000+10:30,25.0,75.0
f8ebef3a-ba2d-48c4-95f8-0b13d067e817,Summer 2023/24,0186907a-7639-4533-b0f8-0a690c8734da,3fe59d18-daa6-43f5-b713-4061d29a2279,U15 Division 1,cooper_knowles,cooper_knowles,Cooper Knowles,Cooper Knowles,104.0,350.0,10,283,350.0,10,10,2024-02-25T13:00:00.0000000+10:30,29.714285714285715,80.85714285714286
f8ebef3a-ba2d-48c4-95f8-0b13d067e817,Summer 2023/24,0186907a-7639-4533-b0f8-0a690c8734da,3fe59d18-daa6-43f5-b713-4061d29a2279,U15 Division 1,harrison_glatter,harrison_glatter,Harrison Glatter,Harrison Glatter,0.0,11.0,1,11,11.0,1,1,2023-10-29T12:30:00.0000000+10:30,0.0,100.0
f8ebef3a-ba2d-48c4-95f8-0b13d067e817,Summer 2023/24,0186907a-7639-4533-b0f8-0a690c8734da,3fe59d18-daa6-43f5-b713-4061d29a2279,U15 Division 1,joel_harvey,joel_harvey,Joel Harvey,Joel Harvey,24.0,59.0,4,46,59.0,4,4,2024-02-25T13:00:00.0000000+10:30,40.67796610169491,77.96610169491525
f8ebef3a-ba2d-48c4-95f8-0b13d067e817,Summer 2023/24,0186907a-7639-4533-b0f8-0a690c8734da,3fe59d18-daa6-43f5-b713-4061d29a2279,U15 Division 1,joshua_mount,joshua_mount,Joshua Mount,Joshua Mount,15.0,53.0,4,44,53.0,4,4,2024-01-14T12:30:00.0000000+10:30,28.30188679245283,83.01886792452831
f8ebef3a-ba2d-48c4-95f8-0b13d067e817,Summer 2023/24,0186907a-7639-4533-b0f8-0a690c8734da,3fe59d18-daa6-43f5-b713-4061d29a2279,U15 Division 1,mitchell_trenorden,mitchell_trenorden,Mitchell Trenorden,Mitchell Trenorden,185.0,523.0,10,395,523.0,10,10,2024-02-25T13:00:00.0000000+10:30,35.37284894837476,75.52581261950287
f8ebef3a-ba2d-48c4-95f8-0b13d067e817,Summer 2023/24,0186907a-7639-4533-b0f8-0a690c8734da,3fe59d18-daa6-43f5-b713-4061d29a2279,U15 Division 1,raw_0d60f930_4156_4d5d_926f_4a3948e0d743,raw_0d60f930_4156_4d5d_926f_4a3948e0d743,Christian Harrison,Christian Harrison,36.0,105.0,7,84,105.0,7,7,2024-02-11T13:00:00.0000000+10:30,34.285714285714285,80.0
f8ebef3a-ba2d-48c4-95f8-0b13d067e817,Summer 2023/24,0186907a-7639-4533-b0f8-0a690c8734da,3fe59d18-daa6-43f5-b713-4061d29a2279,U15 Division 1,raw_2357cd91_625f_4677_ad0c_f9be317c47ae,raw_2357cd91_625f_4677_ad0c_f9be317c47ae,Lucas Elliott,Lucas Elliott,134.0,296.0,11,222,296.0,11,11,2024-02-25T13:00:00.0000000+10:30,45.270270270270274,75.0
f8ebef3a-ba2d-48c4-95f8-0b13d067e817,Summer 2023/24,0186907a-7639-4533-b0f8-0a690c8734da,3fe59d18-daa6-43f5-b713-4061d29a2279,U15 Division 1,raw_26cb2c08_9ab9_4344_bfea_fb8647f67de5,raw_26cb2c08_9ab9_4344_bfea_fb8647f67de5,Ansh Patel,Ansh Patel,39.0,38.0,4,22,38.0,4,4,2024-02-25T13:00:00.0000000+10:30,102.63157894736842,57.89473684210526
f8ebef3a-ba2d-48c4-95f8-0b13d067e817,Summer 2023/24,0186907a-7639-4533-b0f8-0a690c8734da,3fe59d18-daa6-43f5-b713-4061d29a2279,U15 Division 1,raw_3e1adebb_52c6_4915_ad92_93ac5ec5d9eb,raw_3e1adebb_52c6_4915_ad92_93ac5ec5d9eb,Dane Higgins,Dane Higgins,3.0,19.0,2,16,19.0,2,2,2023-11-19T13:00:00.0000000+10:30,15.789473684210526,84.21052631578948
f8ebef3a-ba2d-48c4-95f8-0b13d067e817,Summer 2023/24,0186907a-7639-4533-b0f8-0a690c8734da,3fe59d18-daa6-43f5-b713-4061d29a2279,U15 Division 1,raw_5448d408_ce67_469a_a8c8_a846242178cf,raw_5448d408_ce67_469a_a8c8_a846242178cf,Bailey Warren,Bailey Warren,9.0,31.0,4,25,31.0,4,4,2023-11-12T12:30:00.0000000+10:30,29.032258064516128,80.64516129032258
f8ebef3a-ba2d-48c4-95f8-0b13d067e817,Summer 2023/24,0186907a-7639-4533-b0f8-0a690c8734da,3fe59d18-daa6-43f5-b713-4061d29a2279,U15 Division 1,raw_cd73e05b_8378_4a38_9238_5ab4d279e0dc,raw_cd73e05b_8378_4a38_9238_5ab4d279e0dc,Joel Howell,Joel Howell,191.0,405.0,11,300,405.0,11,11,2024-02-25T13:00:00.0000000+10:30,47.160493827160494,74.07407407407408
f8ebef3a-ba2d-48c4-95f8-0b13d067e817,Summer 2023/24,0186907a-7639-4533-b0f8-0a690c8734da,3fe59d18-daa6-43f5-b713-4061d29a2279,U15 Division 1,raw_e649bc0c_f76a_4b82_bafe_fb4cb7734b11,raw_e649bc0c_f76a_4b82_bafe_fb4cb7734b11,Hunter Lynch,Hunter Lynch,1.0,3.0,1,2,3.0,1,1,2023-10-22T12:30:00.0000000+10:30,33.333333333333336,66.66666666666667
f8ebef3a-ba2d-48c4-95f8-0b13d067e817,Summer 2023/24,0186907a-7639-4533-b0f8-0a690c8734da,3fe59d18-daa6-43f5-b713-4061d29a2279,U15 Division 1,raw_feced089_8864_4a4d_84b3_ccfd31618652,raw_feced089_8864_4a4d_84b3_ccfd31618652,Noah Hanks,Noah Hanks,305.0,535.0,8,363,535.0,8,8,2024-02-25T13:00:00.0000000+10:30,57.00934579439252,67.85046728971963
f8ebef3a-ba2d-48c4-95f8-0b13d067e817,Summer 2023/24,0186907a-7639-4533-b0f8-0a690c8734da,3fe59d18-daa6-43f5-b713-4061d29a2279,U15 Division 1,ryan_howell,ryan_howell,Ryan Howell,Ryan Howell,1.0,2.0,1,1,2.0,1,1,2023-10-29T12:30:00.0000000+10:30,50.0,50.0
f8ebef3a-ba2d-48c4-95f8-0b13d067e817,Summer 2023/24,0186907a-7639-4533-b0f8-0a690c8734da,3fe59d18-daa6-43f5-b713-4061d29a2279,U15 Division 1,shivaan_naidu,shivaan_naidu,Shivaan Naidu,Shivaan Naidu,1.0,11.0,1,10,11.0,1,1,2023-11-19T13:00:00.0000000+10:30,9.090909090909092,90.9090909090909
f8ebef3a-ba2d-48c4-95f8-0b13d067e817,Summer 2023/24,0186907a-7639-4533-b0f8-0a690c8734da,3fe59d18-daa6-43f5-b713-4061d29a2279,U15 Division 1,tom_gill,tom_gill,Tom Gill,Tom Gill,13.0,35.0,4,27,35.0,4,4,2024-01-28T13:00:00.0000000+10:30,37.142857142857146,77.14285714285714
f8ebef3a-ba2d-48c4-95f8-0b13d067e817,Summer 2023/24,0186907a-7639-4533-b0f8-0a690c8734da,3fe59d18-daa6-43f5-b713-4061d29a2279,U15 Division 1,zac_egan,zac_egan,Zac Egan,Zac Egan,63.0,176.0,8,134,176.0,8,8,2024-02-25T13:00:00.0000000+10:30,35.79545454545455,76.13636363636364
f8ebef3a-ba2d-48c4-95f8-0b13d067e817,Summer 2023/24,07ef37c3-4243-4528-bb05-193807d4ba2e,3b3ec7f7-47d4-4ab7-af07-4291e74330aa,B1 PREPD Hydration Grade,josh_burrows,josh_burrows,Josh Burrows,Josh Burrows,12.0,20.0,1,14,20.0,1,1,2024-02-10T13:00:00.0000000+10:30,60.0,70.0
f8ebef3a-ba2d-48c4-95f8-0b13d067e817,Summer 2023/24,07ef37c3-4243-4528-bb05-193807d4ba2e,3b3ec7f7-47d4-4ab7-af07-4291e74330aa,B1 PREPD Hydration Grade,nathan_wyatt,nathan_wyatt,Nathan Wyatt,Nathan Wyatt,0.0,3.0,1,3,3.0,1,1,2023-11-04T13:00:00.0000000+10:30,0.0,100.0
f8ebef3a-ba2d-48c4-95f8-0b13d067e817,Summer 2023/24,07ef37c3-4243-4528-bb05-193807d4ba2e,3b3ec7f7-47d4-4ab7-af07-4291e74330aa,B1 PREPD Hydration Grade,raw_08367b31_4ddd_488e_898c_f43a846de496,raw_08367b31_4ddd_488e_898c_f43a846de496,Alexander Cornelius,Alexander Cornelius,73.0,150.0,6,118,150.0,6,5,2024-03-23T12:30:00.0000000+10:30,48.666666666666664,78.66666666666667
f8ebef3a-ba2d-48c4-95f8-0b13d067e817,Summer 2023/24,07ef37c3-4243-4528-bb05-193807d4ba2e,3b3ec7f7-47d4-4ab7-af07-4291e74330aa,B1 PREPD Hydration Grade,raw_0ac11e9b_8c39_46a5_a223_87e276de8d4f,raw_0ac11e9b_8c39_46a5_a223_87e276de8d4f,Hayden Sutton,Hayden Sutton,19.0,38.0,2,29,38.0,2,2,2024-03-09T12:30:00.0000000+10:30,50.0,76.3157894736842
f8ebef3a-ba2d-48c4-95f8-0b13d067e817,Summer 2023/24,07ef37c3-4243-4528-bb05-193807d4ba2e,3b3ec7f7-47d4-4ab7-af07-4291e74330aa,B1 PREPD Hydration Grade,raw_1a69b5d8_da3a_4162_b50b_61a08660d572,raw_1a69b5d8_da3a_4162_b50b_61a08660d572,Cameron Pannach,Cameron Pannach,54.0,79.0,4,50,79.0,4,3,2024-03-09T12:30:00.0000000+10:30,68.35443037974683,63.29113924050633
f8ebef3a-ba2d-48c4-95f8-0b13d067e817,Summer 2023/24,07ef37c3-4243-4528-bb05-193807d4ba2e,3b3ec7f7-47d4-4ab7-af07-4291e74330aa,B1 PREPD Hydration Grade,raw_3423b111_7f0f_495c_8242_116cd53f5672,raw_3423b111_7f0f_495c_8242_116cd53f5672,Luke Hardy,Luke Hardy,0.0,5.0,1,5,5.0,1,1,2024-02-10T13:00:00.0000000+10:30,0.0,100.0
f8ebef3a-ba2d-48c4-95f8-0b13d067e817,Summer 2023/24,07ef37c3-4243-4528-bb05-193807d4ba2e,3b3ec7f7-47d4-4ab7-af07-4291e74330aa,B1 PREPD Hydration Grade,raw_3f030316_4515_4a0b_9454_1a0672742649,raw_3f030316_4515_4a0b_9454_1a0672742649,Eli Alabaster,Eli Alabaster,33.0,91.0,3,74,91.0,3,3,2024-02-24T13:00:00.0000000+10:30,36.26373626373626,81.31868131868131
f8ebef3a-ba2d-48c4-95f8-0b13d067e817,Summer 2023/24,07ef37c3-4243-4528-bb05-193807d4ba2e,3b3ec7f7-47d4-4ab7-af07-4291e74330aa,B1 PREPD Hydration Grade,raw_612c993a_0368_4549_9cd8_73316bdbc69a,raw_612c993a_0368_4549_9cd8_73316bdbc69a,Adam Ellis,Adam Ellis,26.0,34.0,2,21,34.0,2,1,2024-02-24T13:00:00.0000000+10:30,76.47058823529412,61.76470588235294
f8ebef3a-ba2d-48c4-95f8-0b13d067e817,Summer 2023/24,07ef37c3-4243-4528-bb05-193807d4ba2e,3b3ec7f7-47d4-4ab7-af07-4291e74330aa,B1 PREPD Hydration Grade,raw_6543281a_7733_4e64_88ce_c3450f6cd191,raw_6543281a_7733_4e64_88ce_c3450f6cd191,Abdul Fiaz,Abdul Fiaz,15.0,24.0,3,15,24.0,3,3,2024-03-09T12:30:00.0000000+10:30,62.5,62.5
f8ebef3a-ba2d-48c4-95f8-0b13d067e817,Summer 2023/24,07ef37c3-4243-4528-bb05-193807d4ba2e,3b3ec7f7-47d4-4ab7-af07-4291e74330aa,B1 PREPD Hydration Grade,raw_6b908b4e_1d1a_4919_bea7_378e450b935d,raw_6b908b4e_1d1a_4919_bea7_378e450b935d,Jonathon Hague,Jonathon Hague,84.0,77.0,3,43,77.0,3,3,2024-03-16T12:30:00.0000000+10:30,109.0909090909091,55.84415584415584
f8ebef3a-ba2d-48c4-95f8-0b13d067e817,Summer 2023/24,07ef37c3-4243-4528-bb05-193807d4ba2e,3b3ec7f7-47d4-4ab7-af07-4291e74330aa,B1 PREPD Hydration Grade,raw_8358c1c1_d801_4884_9c01_2110f5d9c75d,raw_8358c1c1_d801_4884_9c01_2110f5d9c75d,Jonathan Roberts,Jonathan Roberts,49.0,77.0,6,53,77.0,6,5,2024-03-16T12:30:00.0000000+10:30,63.63636363636363,68.83116883116882
f8ebef3a-ba2d-48c4-95f8-0b13d067e817,Summer 2023/24,07ef37c3-4243-4528-bb05-193807d4ba2e,3b3ec7f7-47d4-4ab7-af07-4291e74330aa,B1 PREPD Hydration Grade,raw_98bc2f3b_30cf_4b6d_b441_87e94b2361f0,raw_98bc2f3b_30cf_4b6d_b441_87e94b2361f0,Daniel Rabbett,Daniel Rabbett,113.0,257.0,6,199,257.0,6,5,2024-03-16T12:30:00.0000000+10:30,43.96887159533074,77.43190661478599
f8ebef3a-ba2d-48c4-95f8-0b13d067e817,Summer 2023/24,07ef37c3-4243-4528-bb05-193807d4ba2e,3b3ec7f7-47d4-4ab7-af07-4291e74330aa,B1 PREPD Hydration Grade,raw_aaa8fa44_0a97_4950_bfcc_0ec0cd75227c,raw_aaa8fa44_0a97_4950_bfcc_0ec0cd75227c,Dylan Hoyle,Dylan Hoyle,56.0,111.0,3,82,111.0,3,3,2024-03-16T12:30:00.0000000+10:30,50.450450450450454,73.87387387387388
f8ebef3a-ba2d-48c4-95f8-0b13d067e817,Summer 2023/24,07ef37c3-4243-4528-bb05-193807d4ba2e,3b3ec7f7-47d4-4ab7-af07-4291e74330aa,B1 PREPD Hydration Grade,raw_b2cedc68_089b_4c05_9a04_67d9dda8acfe,raw_b2cedc68_089b_4c05_9a04_67d9dda8acfe,Benjamin James,Benjamin James,22.0,86.0,2,74,86.0,2,2,2024-02-10T13:00:00.0000000+10:30,25.58139534883721,86.04651162790698
f8ebef3a-ba2d-48c4-95f8-0b13d067e817,Summer 2023/24,07ef37c3-4243-4528-bb05-193807d4ba2e,3b3ec7f7-47d4-4ab7-af07-4291e74330aa,B1 PREPD Hydration Grade,raw_f4404c43_09f8_408c_a0c1_edd82a589504,raw_f4404c43_09f8_408c_a0c1_edd82a589504,Nathan Turner,Nathan Turner,68.0,209.0,3,163,209.0,3,3,2024-03-09T12:30:00.0000000+10:30,32.535885167464116,77.99043062200957
f8ebef3a-ba2d-48c4-95f8-0b13d067e817,Summer 2023/24,07ef37c3-4243-4528-bb05-193807d4ba2e,3b3ec7f7-47d4-4ab7-af07-4291e74330aa,B1 PREPD Hydration Grade,raw_f6afa2af_6f03_48ea_af61_21f0e22b453b,raw_f6afa2af_6f03_48ea_af61_21f0e22b453b,Paul Radbourne,Paul Radbourne,82.0,307.0,5,267,307.0,5,5,2024-03-23T12:30:00.0000000+10:30,26.710097719869708,86.97068403908794
f8ebef3a-ba2d-48c4-95f8-0b13d067e817,Summer 2023/24,07ef37c3-4243-4528-bb05-193807d4ba2e,3b3ec7f7-47d4-4ab7-af07-4291e74330aa,B1 PREPD Hydration Grade,scott_norris,scott_norris,Scott Norris,Scott Norris,103.0,452.0,4,371,452.0,4,4,2024-03-23T12:30:00.0000000+10:30,22.787610619469028,82.07964601769912
f8ebef3a-ba2d-48c4-95f8-0b13d067e817,Summer 2023/24,07ef37c3-4243-4528-bb05-193807d4ba2e,3b3ec7f7-47d4-4ab7-af07-4291e74330aa,B1 PREPD Hydration Grade,simon_loizi,simon_loizi,Simon Loizi,Simon Loizi,1.0,41.0,1,40,41.0,1,1,2023-11-04T13:00:00.0000000+10:30,2.4390243902439024,97.5609756097561
f8ebef3a-ba2d-48c4-95f8-0b13d067e817,Summer 2023/24,08c8d360-3c03-43ef-af81-00eb8cd335d0,2b0c3b25-0d20-47b3-aa47-ee9babe1b33e,U17 Division 2,aidan_richardson,aidan_richardson,Aidan Richardson,Aidan Richardson,22.0,51.0,2,46,51.0,2,2,2023-10-22T12:30:00.0000000+10:30,43.13725490196079,90.19607843137256
f8ebef3a-ba2d-48c4-95f8-0b13d067e817,Summer 2023/24,08c8d360-3c03-43ef-af81-00eb8cd335d0,2b0c3b25-0d20-47b3-aa47-ee9babe1b33e,U17 Division 2,andre_dobie,andre_dobie,Andre Dobie,Andre Dobie,41.0,66.0,6,51,66.0,6,5,2024-02-11T13:00:00.0000000+10:30,62.121212121212125,77.27272727272727
f8ebef3a-ba2d-48c4-95f8-0b13d067e817,Summer 2023/24,08c8d360-3c03-43ef-af81-00eb8cd335d0,2b0c3b25-0d20-47b3-aa47-ee9babe1b33e,U17 Division 2,brendan_russell,brendan_russell,Brendan Russell,Brendan Russell,5.0,33.0,4,29,33.0,4,4,2024-02-11T13:00:00.0000000+10:30,15.151515151515152,87.87878787878788
f8ebef3a-ba2d-48c4-95f8-0b13d067e817,Summer 2023/24,08c8d360-3c03-43ef-af81-00eb8cd335d0,2b0c3b25-0d20-47b3-aa47-ee9babe1b33e,U17 Division 2,brock_carlisle,brock_carlisle,Brock Carlisle,Brock Carlisle,228.0,426.0,9,296,426.0,9,8,2024-02-11T13:00:00.0000000+10:30,53.521126760563384,69.48356807511738
f8ebef3a-ba2d-48c4-95f8-0b13d067e817,Summer 2023/24,08c8d360-3c03-43ef-af81-00eb8cd335d0,2b0c3b25-0d20-47b3-aa47-ee9babe1b33e,U17 Division 2,cameron_baldock,cameron_baldock,Cameron Baldock,Cameron Baldock,23.0,100.0,6,84,100.0,6,5,2024-02-11T13:00:00.0000000+10:30,23.0,84.0
f8ebef3a-ba2d-48c4-95f8-0b13d067e817,Summer 2023/24,08c8d360-3c03-43ef-af81-00eb8cd335d0,2b0c3b25-0d20-47b3-aa47-ee9babe1b33e,U17 Division 2,felix_lilith_spring,felix_lilith_spring,Felix Lilith-Spring,Felix Lilith-Spring,8.0,26.0,2,22,26.0,2,2,2024-01-28T13:00:00.0000000+10:30,30.76923076923077,84.61538461538461
f8ebef3a-ba2d-48c4-95f8-0b13d067e817,Summer 2023/24,08c8d360-3c03-43ef-af81-00eb8cd335d0,2b0c3b25-0d20-47b3-aa47-ee9babe1b33e,U17 Division 2,flynn_maher,flynn_maher,Flynn Maher,Flynn Maher,4.0,11.0,3,10,11.0,3,3,2023-12-03T13:00:00.0000000+10:30,36.36363636363637,90.9090909090909
f8ebef3a-ba2d-48c4-95f8-0b13d067e817,Summer 2023/24,08c8d360-3c03-43ef-af81-00eb8cd335d0,2b0c3b25-0d20-47b3-aa47-ee9babe1b33e,U17 Division 2,harrison_glatter,harrison_glatter,Harrison Glatter,Harrison Glatter,74.0,206.0,8,163,206.0,8,7,2024-02-11T13:00:00.0000000+10:30,35.922330097087375,79.12621359223301
f8ebef3a-ba2d-48c4-95f8-0b13d067e817,Summer 2023/24,08c8d360-3c03-43ef-af81-00eb8cd335d0,2b0c3b25-0d20-47b3-aa47-ee9babe1b33e,U17 Division 2,jayden_hower,jayden_hower,Jayden Hower,Jayden Hower,8.0,15.0,2,12,15.0,2,2,2023-12-17T12:30:00.0000000+10:30,53.333333333333336,80.0
f8ebef3a-ba2d-48c4-95f8-0b13d067e817,Summer 2023/24,08c8d360-3c03-43ef-af81-00eb8cd335d0,2b0c3b25-0d20-47b3-aa47-ee9babe1b33e,U17 Division 2,liam_harvey,liam_harvey,Liam Harvey,Liam Harvey,13.0,41.0,4,33,41.0,4,3,2024-02-11T13:00:00.0000000+10:30,31.70731707317073,80.48780487804878
f8ebef3a-ba2d-48c4-95f8-0b13d067e817,Summer 2023/24,08c8d360-3c03-43ef-af81-00eb8cd335d0,2b0c3b25-0d20-47b3-aa47-ee9babe1b33e,U17 Division 2,lucas_sutton,lucas_sutton,Lucas Sutton,Lucas Sutton,9.0,25.0,6,17,25.0,6,5,2024-02-11T13:00:00.0000000+10:30,36.0,68.0
f8ebef3a-ba2d-48c4-95f8-0b13d067e817,Summer 2023/24,08c8d360-3c03-43ef-af81-00eb8cd335d0,2b0c3b25-0d20-47b3-aa47-ee9babe1b33e,U17 Division 2,max_tonkin,max_tonkin,Max Tonkin,Max Tonkin,47.0,178.0,6,144,178.0,6,5,2024-02-11T13:00:00.0000000+10:30,26.40449438202247,80.89887640449439
f8ebef3a-ba2d-48c4-95f8-0b13d067e817,Summer 2023/24,08c8d360-3c03-43ef-af81-00eb8cd335d0,2b0c3b25-0d20-47b3-aa47-ee9babe1b33e,U17 Division 2,raw_6f350893_592b_475f_b7c1_c48301d7f75c,raw_6f350893_592b_475f_b7c1_c48301d7f75c,Isaac Smith,Isaac Smith,334.0,472.0,8,284,472.0,8,7,2024-02-11T13:00:00.0000000+10:30,70.76271186440678,60.16949152542373
f8ebef3a-ba2d-48c4-95f8-0b13d067e817,Summer 2023/24,08c8d360-3c03-43ef-af81-00eb8cd335d0,2b0c3b25-0d20-47b3-aa47-ee9babe1b33e,U17 Division 2,raw_701b0bc5_6d0f_4d16_9416_9f901bfa7177,raw_701b0bc5_6d0f_4d16_9416_9f901bfa7177,Daniel O'Loughlin,Daniel O'Loughlin,51.0,126.0,5,98,126.0,5,5,2024-01-28T13:00:00.0000000+10:30,40.476190476190474,77.77777777777777
f8ebef3a-ba2d-48c4-95f8-0b13d067e817,Summer 2023/24,08c8d360-3c03-43ef-af81-00eb8cd335d0,2b0c3b25-0d20-47b3-aa47-ee9babe1b33e,U17 Division 2,raw_970ad081_3d1f_4215_8f36_869049363bf6,raw_970ad081_3d1f_4215_8f36_869049363bf6,Lachlan Fitzgerald,Lachlan Fitzgerald,0.0,3.0,1,3,3.0,1,1,2024-01-28T13:00:00.0000000+10:30,0.0,100.0
f8ebef3a-ba2d-48c4-95f8-0b13d067e817,Summer 2023/24,08c8d360-3c03-43ef-af81-00eb8cd335d0,2b0c3b25-0d20-47b3-aa47-ee9babe1b33e,U17 Division 2,raw_bf0368d4_e355_4aaf_928e_70dbac09a492,raw_bf0368d4_e355_4aaf_928e_70dbac09a492,Benjamin Kennedy,Benjamin Kennedy,116.0,321.0,9,244,321.0,9,8,2024-02-11T13:00:00.0000000+10:30,36.137071651090345,76.01246105919003
f8ebef3a-ba2d-48c4-95f8-0b13d067e817,Summer 2023/24,10d1eb2b-356e-4c86-a671-2d69908b513a,195b6fd5-f3b7-46ea-b923-594798d92335,ISC Teamwear LO Division 5,bailey_hague,bailey_hague,Bailey Hague,Bailey Hague,5.0,30.0,1,25,30.0,1,1,2024-02-17T12:30:00.0000000+10:30,16.666666666666668,83.33333333333333
f8ebef3a-ba2d-48c4-95f8-0b13d067e817,Summer 2023/24,10d1eb2b-356e-4c86-a671-2d69908b513a,195b6fd5-f3b7-46ea-b923-594798d92335,ISC Teamwear LO Division 5,jackson_joy,jackson_joy,Jackson Joy,Jackson Joy,2.0,8.0,1,7,8.0,1,1,2024-02-03T12:30:00.0000000+10:30,25.0,87.5
f8ebef3a-ba2d-48c4-95f8-0b13d067e817,Summer 2023/24,10d1eb2b-356e-4c86-a671-2d69908b513a,195b6fd5-f3b7-46ea-b923-594798d92335,ISC Teamwear LO Division 5,joel_nankervis,joel_nankervis,Joel Nankervis,Joel Nankervis,1.0,10.0,1,9,10.0,1,1,2024-02-17T12:30:00.0000000+10:30,10.0,90.0
f8ebef3a-ba2d-48c4-95f8-0b13d067e817,Summer 2023/24,10d1eb2b-356e-4c86-a671-2d69908b513a,195b6fd5-f3b7-46ea-b923-594798d92335,ISC Teamwear LO Division 5,kenneth_fay,kenneth_fay,Kenneth Fay,Kenneth Fay,35.0,50.0,2,32,50.0,2,2,2024-02-03T12:30:00.0000000+10:30,70.0,64.0
f8ebef3a-ba2d-48c4-95f8-0b13d067e817,Summer 2023/24,10d1eb2b-356e-4c86-a671-2d69908b513a,195b6fd5-f3b7-46ea-b923-594798d92335,ISC Teamwear LO Division 5,lucas_sutton,lucas_sutton,Lucas Sutton,Lucas Sutton,6.0,8.0,1,5,8.0,1,1,2024-02-17T12:30:00.0000000+10:30,75.0,62.5
f8ebef3a-ba2d-48c4-95f8-0b13d067e817,Summer 2023/24,10d1eb2b-356e-4c86-a671-2d69908b513a,195b6fd5-f3b7-46ea-b923-594798d92335,ISC Teamwear LO Division 5,nathan_wyatt,nathan_wyatt,Nathan Wyatt,Nathan Wyatt,5.0,4.0,1,2,4.0,1,1,2023-11-18T12:30:00.0000000+10:30,125.0,50.0
f8ebef3a-ba2d-48c4-95f8-0b13d067e817,Summer 2023/24,10d1eb2b-356e-4c86-a671-2d69908b513a,195b6fd5-f3b7-46ea-b923-594798d92335,ISC Teamwear LO Division 5,raw_00000000_0000_0000_0000_000000000001,raw_00000000_0000_0000_0000_000000000001,********,********,12.0,40.0,1,34,40.0,1,1,2024-02-17T12:30:00.0000000+10:30,30.0,85.0
f8ebef3a-ba2d-48c4-95f8-0b13d067e817,Summer 2023/24,10d1eb2b-356e-4c86-a671-2d69908b513a,195b6fd5-f3b7-46ea-b923-594798d92335,ISC Teamwear LO Division 5,raw_00000000_0000_0000_0000_000000000002,raw_00000000_0000_0000_0000_000000000002,********,********,18.0,48.0,3,35,48.0,3,3,2024-02-17T12:30:00.0000000+10:30,37.5,72.91666666666667
f8ebef3a-ba2d-48c4-95f8-0b13d067e817,Summer 2023/24,10d1eb2b-356e-4c86-a671-2d69908b513a,195b6fd5-f3b7-46ea-b923-594798d92335,ISC Teamwear LO Division 5,raw_00000000_0000_0000_0000_000000000003,raw_00000000_0000_0000_0000_000000000003,********,********,2.0,13.0,1,11,13.0,1,1,2024-02-03T12:30:00.0000000+10:30,15.384615384615385,84.61538461538461
f8ebef3a-ba2d-48c4-95f8-0b13d067e817,Summer 2023/24,10d1eb2b-356e-4c86-a671-2d69908b513a,195b6fd5-f3b7-46ea-b923-594798d92335,ISC Teamwear LO Division 5,raw_02ad16a5_3864_4094_ab9f_34722b540bd7,raw_02ad16a5_3864_4094_ab9f_34722b540bd7,Damien Pimlott,Damien Pimlott,26.0,35.0,1,22,35.0,1,1,2024-02-03T12:30:00.0000000+10:30,74.28571428571429,62.857142857142854
f8ebef3a-ba2d-48c4-95f8-0b13d067e817,Summer 2023/24,10d1eb2b-356e-4c86-a671-2d69908b513a,195b6fd5-f3b7-46ea-b923-594798d92335,ISC Teamwear LO Division 5,raw_26cb2c08_9ab9_4344_bfea_fb8647f67de5,raw_26cb2c08_9ab9_4344_bfea_fb8647f67de5,Ansh Patel,Ansh Patel,0.0,1.0,1,1,1.0,1,1,2023-11-18T12:30:00.0000000+10:30,0.0,100.0
f8ebef3a-ba2d-48c4-95f8-0b13d067e817,Summer 2023/24,10d1eb2b-356e-4c86-a671-2d69908b513a,195b6fd5-f3b7-46ea-b923-594798d92335,ISC Teamwear LO Division 5,raw_37433398_d988_4611_a1a9_3ceca172155c,raw_37433398_d988_4611_a1a9_3ceca172155c,Brad Bennett,Brad Bennett,51.0,94.0,3,69,94.0,3,3,2024-02-17T12:30:00.0000000+10:30,54.255319148936174,73.40425531914893
f8ebef3a-ba2d-48c4-95f8-0b13d067e817,Summer 2023/24,10d1eb2b-356e-4c86-a671-2d69908b513a,195b6fd5-f3b7-46ea-b923-594798d92335,ISC Teamwear LO Division 5,raw_411e1957_a125_49b1_8b62_13190deed13d,raw_411e1957_a125_49b1_8b62_13190deed13d,Hardik Patel,Hardik Patel,18.0,21.0,1,8,21.0,1,1,2023-11-18T12:30:00.0000000+10:30,85.71428571428571,38.095238095238095
f8ebef3a-ba2d-48c4-95f8-0b13d067e817,Summer 2023/24,10d1eb2b-356e-4c86-a671-2d69908b513a,195b6fd5-f3b7-46ea-b923-594798d92335,ISC Teamwear LO Division 5,raw_470d03fd_3e07_4e96_b847_95bdaa65f8a1,raw_470d03fd_3e07_4e96_b847_95bdaa65f8a1,Kevin Sutton,Kevin Sutton,2.0,15.0,1,13,15.0,1,1,2024-02-17T12:30:00.0000000+10:30,13.333333333333334,86.66666666666667
f8ebef3a-ba2d-48c4-95f8-0b13d067e817,Summer 2023/24,10d1eb2b-356e-4c86-a671-2d69908b513a,195b6fd5-f3b7-46ea-b923-594798d92335,ISC Teamwear LO Division 5,raw_76c67f99_60f7_4f1e_b492_4cc92052bea6,raw_76c67f99_60f7_4f1e_b492_4cc92052bea6,Anoj Puthenparambil Thomas,Anoj Puthenparambil Thomas,2.0,4.0,1,2,4.0,1,1,2024-02-17T12:30:00.0000000+10:30,50.0,50.0
f8ebef3a-ba2d-48c4-95f8-0b13d067e817,Summer 2023/24,10d1eb2b-356e-4c86-a671-2d69908b513a,195b6fd5-f3b7-46ea-b923-594798d92335,ISC Teamwear LO Division 5,raw_7b01f955_4425_4779_8a2e_0b18d9ab6f26,raw_7b01f955_4425_4779_8a2e_0b18d9ab6f26,Cameron Cooper,Cameron Cooper,6.0,14.0,2,11,14.0,2,2,2024-02-17T12:30:00.0000000+10:30,42.857142857142854,78.57142857142857
f8ebef3a-ba2d-48c4-95f8-0b13d067e817,Summer 2023/24,10d1eb2b-356e-4c86-a671-2d69908b513a,195b6fd5-f3b7-46ea-b923-594798d92335,ISC Teamwear LO Division 5,raw_bd890b2c_bde2_4bfa_8d5e_497a586a3058,raw_bd890b2c_bde2_4bfa_8d5e_497a586a3058,Scott Howell,Scott Howell,2.0,9.0,1,7,9.0,1,1,2024-02-17T12:30:00.0000000+10:30,22.22222222222222,77.77777777777777
f8ebef3a-ba2d-48c4-95f8-0b13d067e817,Summer 2023/24,10d1eb2b-356e-4c86-a671-2d69908b513a,195b6fd5-f3b7-46ea-b923-594798d92335,ISC Teamwear LO Division 5,wayne_copley,wayne_copley,Wayne Copley,Wayne Copley,95.0,102.0,3,60,102.0,3,3,2024-02-17T12:30:00.0000000+10:30,93.13725490196079,58.8235294117647
f8ebef3a-ba2d-48c4-95f8-0b13d067e817,Summer 2023/24,12fc4004-faf3-4932-b33f-2e6dbe77133d,231429af-ae9c-4135-8609-c6516e9dfb19,A2 Sportcentre Grade,jake_shaw,jake_shaw,Jake Shaw,Jake Shaw,38.0,59.0,3,42,59.0,3,3,2024-03-09T12:30:00.0000000+10:30,64.40677966101696,71.1864406779661
f8ebef3a-ba2d-48c4-95f8-0b13d067e817,Summer 2023/24,12fc4004-faf3-4932-b33f-2e6dbe77133d,231429af-ae9c-4135-8609-c6516e9dfb19,A2 Sportcentre Grade,joshua_spall,joshua_spall,Joshua Spall,Joshua Spall,37.0,100.0,3,78,100.0,3,3,2024-03-09T12:30:00.0000000+10:30,37.0,78.0
f8ebef3a-ba2d-48c4-95f8-0b13d067e817,Summer 2023/24,12fc4004-faf3-4932-b33f-2e6dbe77133d,231429af-ae9c-4135-8609-c6516e9dfb19,A2 Sportcentre Grade,raw_205e8fd2_2a71_4bb7_af36_80deca0a9b8a,raw_205e8fd2_2a71_4bb7_af36_80deca0a9b8a,Matt Hehner,Matt Hehner,53.0,58.0,3,35,58.0,3,3,2024-03-09T12:30:00.0000000+10:30,91.37931034482759,60.3448275862069
f8ebef3a-ba2d-48c4-95f8-0b13d067e817,Summer 2023/24,12fc4004-faf3-4932-b33f-2e6dbe77133d,231429af-ae9c-4135-8609-c6516e9dfb19,A2 Sportcentre Grade,raw_3a789cea_76b1_4886_9355_e458ba052d05,raw_3a789cea_76b1_4886_9355_e458ba052d05,Richard Gabb,Richard Gabb,59.0,60.0,3,35,60.0,3,3,2024-03-09T12:30:00.0000000+10:30,98.33333333333333,58.333333333333336
f8ebef3a-ba2d-48c4-95f8-0b13d067e817,Summer 2023/24,12fc4004-faf3-4932-b33f-2e6dbe77133d,231429af-ae9c-4135-8609-c6516e9dfb19,A2 Sportcentre Grade,raw_558a9ac4_8aab_46cb_81fc_8a717e603c1b,raw_558a9ac4_8aab_46cb_81fc_8a717e603c1b,Aiden Shaw,Aiden Shaw,16.0,44.0,2,35,44.0,2,2,2024-01-06T13:00:00.0000000+10:30,36.36363636363637,79.54545454545455
f8ebef3a-ba2d-48c4-95f8-0b13d067e817,Summer 2023/24,12fc4004-faf3-4932-b33f-2e6dbe77133d,231429af-ae9c-4135-8609-c6516e9dfb19,A2 Sportcentre Grade,raw_612c993a_0368_4549_9cd8_73316bdbc69a,raw_612c993a_0368_4549_9cd8_73316bdbc69a,Adam Ellis,Adam Ellis,23.0,78.0,2,65,78.0,2,2,2024-01-06T13:00:00.0000000+10:30,29.487179487179485,83.33333333333333
f8ebef3a-ba2d-48c4-95f8-0b13d067e817,Summer 2023/24,12fc4004-faf3-4932-b33f-2e6dbe77133d,231429af-ae9c-4135-8609-c6516e9dfb19,A2 Sportcentre Grade,raw_6d74dd55_51cb_45b4_842c_acf29683689d,raw_6d74dd55_51cb_45b4_842c_acf29683689d,Billy Wilson,Billy Wilson,5.0,7.0,1,5,7.0,1,1,2023-10-21T13:00:00.0000000+10:30,71.42857142857143,71.42857142857143
f8ebef3a-ba2d-48c4-95f8-0b13d067e817,Summer 2023/24,12fc4004-faf3-4932-b33f-2e6dbe77133d,231429af-ae9c-4135-8609-c6516e9dfb19,A2 Sportcentre Grade,raw_83c03530_5522_4ee8_aae6_408666e96e51,raw_83c03530_5522_4ee8_aae6_408666e96e51,Todd Middleton,Todd Middleton,38.0,91.0,2,73,91.0,2,2,2024-01-06T13:00:00.0000000+10:30,41.75824175824176,80.21978021978022
f8ebef3a-ba2d-48c4-95f8-0b13d067e817,Summer 2023/24,12fc4004-faf3-4932-b33f-2e6dbe77133d,231429af-ae9c-4135-8609-c6516e9dfb19,A2 Sportcentre Grade,raw_c9d264ee_f99b_4b70_9012_4c05c6ef223e,raw_c9d264ee_f99b_4b70_9012_4c05c6ef223e,Kyle Petty,Kyle Petty,12.0,42.0,2,32,42.0,2,2,2024-01-06T13:00:00.0000000+10:30,28.571428571428573,76.19047619047619
f8ebef3a-ba2d-48c4-95f8-0b13d067e817,Summer 2023/24,12fc4004-faf3-4932-b33f-2e6dbe77133d,231429af-ae9c-4135-8609-c6516e9dfb19,A2 Sportcentre Grade,raw_ed1c49de_6316_47fb_a63a_81073b111740,raw_ed1c49de_6316_47fb_a63a_81073b111740,Jordan Wright,Jordan Wright,65.0,176.0,3,140,176.0,3,3,2024-02-10T13:00:00.0000000+10:30,36.93181818181818,79.54545454545455
f8ebef3a-ba2d-48c4-95f8-0b13d067e817,Summer 2023/24,12fc4004-faf3-4932-b33f-2e6dbe77133d,231429af-ae9c-4135-8609-c6516e9dfb19,A2 Sportcentre Grade,raw_eea0ea77_dee1_4437_b2aa_4460513cb53f,raw_eea0ea77_dee1_4437_b2aa_4460513cb53f,Joshua Niederer,Joshua Niederer,57.0,100.0,2,60,100.0,2,2,2024-03-09T12:30:00.0000000+10:30,57.0,60.0
f8ebef3a-ba2d-48c4-95f8-0b13d067e817,Summer 2023/24,12fc4004-faf3-4932-b33f-2e6dbe77133d,231429af-ae9c-4135-8609-c6516e9dfb19,A2 Sportcentre Grade,raw_fb34fccb_b39f_4784_a736_d7f568f3d99b,raw_fb34fccb_b39f_4784_a736_d7f568f3d99b,Isuru Ganepola,Isuru Ganepola,17.0,31.0,2,22,31.0,2,2,2024-01-06T13:00:00.0000000+10:30,54.83870967741935,70.96774193548387
f8ebef3a-ba2d-48c4-95f8-0b13d067e817,Summer 2023/24,2a196f37-d3ec-45b8-aa80-0afccf9a9883,9094bbb7-ea99-4ac2-be8a-fc8c947dfcb6,B3 Grade,carter_shaw,carter_shaw,Carter Shaw,Carter Shaw,14.0,41.0,1,37,41.0,1,1,2024-03-16T12:30:00.0000000+10:30,34.146341463414636,90.2439024390244
f8ebef3a-ba2d-48c4-95f8-0b13d067e817,Summer 2023/24,2a196f37-d3ec-45b8-aa80-0afccf9a9883,9094bbb7-ea99-4ac2-be8a-fc8c947dfcb6,B3 Grade,josh_burrows,josh_burrows,Josh Burrows,Josh Burrows,26.0,71.0,2,55,71.0,2,2,2024-02-24T13:00:00.0000000+10:30,36.61971830985915,77.46478873239437
f8ebef3a-ba2d-48c4-95f8-0b13d067e817,Summer 2023/24,2a196f37-d3ec-45b8-aa80-0afccf9a9883,9094bbb7-ea99-4ac2-be8a-fc8c947dfcb6,B3 Grade,raw_0276c452_452a_4da6_9e8d_22e0f3786906,raw_0276c452_452a_4da6_9e8d_22e0f3786906,Michael Thompson,Michael Thompson,24.0,52.0,2,40,52.0,2,2,2024-03-16T12:30:00.0000000+10:30,46.15384615384615,76.92307692307692
f8ebef3a-ba2d-48c4-95f8-0b13d067e817,Summer 2023/24,2a196f37-d3ec-45b8-aa80-0afccf9a9883,9094bbb7-ea99-4ac2-be8a-fc8c947dfcb6,B3 Grade,raw_3132ab5f_295e_4f43_8eab_73495a375654,raw_3132ab5f_295e_4f43_8eab_73495a375654,Buddika De Silva,Buddika De Silva,3.0,22.0,1,19,22.0,1,1,2024-03-16T12:30:00.0000000+10:30,13.636363636363637,86.36363636363636
f8ebef3a-ba2d-48c4-95f8-0b13d067e817,Summer 2023/24,2a196f37-d3ec-45b8-aa80-0afccf9a9883,9094bbb7-ea99-4ac2-be8a-fc8c947dfcb6,B3 Grade,raw_3423b111_7f0f_495c_8242_116cd53f5672,raw_3423b111_7f0f_495c_8242_116cd53f5672,Luke Hardy,Luke Hardy,12.0,15.0,1,8,15.0,1,1,2024-03-16T12:30:00.0000000+10:30,80.0,53.333333333333336
f8ebef3a-ba2d-48c4-95f8-0b13d067e817,Summer 2023/24,2a196f37-d3ec-45b8-aa80-0afccf9a9883,9094bbb7-ea99-4ac2-be8a-fc8c947dfcb6,B3 Grade,raw_3f030316_4515_4a0b_9454_1a0672742649,raw_3f030316_4515_4a0b_9454_1a0672742649,Eli Alabaster,Eli Alabaster,22.0,58.0,1,40,58.0,1,1,2024-03-16T12:30:00.0000000+10:30,37.93103448275862,68.96551724137932
f8ebef3a-ba2d-48c4-95f8-0b13d067e817,Summer 2023/24,2a196f37-d3ec-45b8-aa80-0afccf9a9883,9094bbb7-ea99-4ac2-be8a-fc8c947dfcb6,B3 Grade,raw_5c4b13ef_34ea_4c42_a114_47e2fdd19973,raw_5c4b13ef_34ea_4c42_a114_47e2fdd19973,Paul Richardson,Paul Richardson,13.0,36.0,1,30,36.0,1,1,2024-03-16T12:30:00.0000000+10:30,36.111111111111114,83.33333333333333
f8ebef3a-ba2d-48c4-95f8-0b13d067e817,Summer 2023/24,2a196f37-d3ec-45b8-aa80-0afccf9a9883,9094bbb7-ea99-4ac2-be8a-fc8c947dfcb6,B3 Grade,raw_6b908b4e_1d1a_4919_bea7_378e450b935d,raw_6b908b4e_1d1a_4919_bea7_378e450b935d,Jonathon Hague,Jonathon Hague,19.0,18.0,1,7,18.0,1,1,2024-01-06T13:00:00.0000000+10:30,105.55555555555556,38.888888888888886
f8ebef3a-ba2d-48c4-95f8-0b13d067e817,Summer 2023/24,2a196f37-d3ec-45b8-aa80-0afccf9a9883,9094bbb7-ea99-4ac2-be8a-fc8c947dfcb6,B3 Grade,raw_7339293a_4b62_41d6_a3ab_818dab60e6da,raw_7339293a_4b62_41d6_a3ab_818dab60e6da,Matthew Russell,Matthew Russell,0.0,2.0,1,2,2.0,1,1,2024-01-06T13:00:00.0000000+10:30,0.0,100.0
f8ebef3a-ba2d-48c4-95f8-0b13d067e817,Summer 2023/24,2a196f37-d3ec-45b8-aa80-0afccf9a9883,9094bbb7-ea99-4ac2-be8a-fc8c947dfcb6,B3 Grade,raw_761f2f46_806e_4d87_87ee_d2c30ef3f65c,raw_761f2f46_806e_4d87_87ee_d2c30ef3f65c,Matthew Aston,Matthew Aston,107.0,102.0,2,51,102.0,2,2,2024-03-16T12:30:00.0000000+10:30,104.90196078431373,50.0
f8ebef3a-ba2d-48c4-95f8-0b13d067e817,Summer 2023/24,2a196f37-d3ec-45b8-aa80-0afccf9a9883,9094bbb7-ea99-4ac2-be8a-fc8c947dfcb6,B3 Grade,raw_8358c1c1_d801_4884_9c01_2110f5d9c75d,raw_8358c1c1_d801_4884_9c01_2110f5d9c75d,Jonathan Roberts,Jonathan Roberts,53.0,61.0,1,29,61.0,1,1,2024-01-06T13:00:00.0000000+10:30,86.88524590163935,47.540983606557376
f8ebef3a-ba2d-48c4-95f8-0b13d067e817,Summer 2023/24,2a196f37-d3ec-45b8-aa80-0afccf9a9883,9094bbb7-ea99-4ac2-be8a-fc8c947dfcb6,B3 Grade,raw_aaa8fa44_0a97_4950_bfcc_0ec0cd75227c,raw_aaa8fa44_0a97_4950_bfcc_0ec0cd75227c,Dylan Hoyle,Dylan Hoyle,36.0,49.0,1,36,49.0,1,1,2024-02-24T13:00:00.0000000+10:30,73.46938775510205,73.46938775510205
f8ebef3a-ba2d-48c4-95f8-0b13d067e817,Summer 2023/24,2a196f37-d3ec-45b8-aa80-0afccf9a9883,9094bbb7-ea99-4ac2-be8a-fc8c947dfcb6,B3 Grade,raw_b2cedc68_089b_4c05_9a04_67d9dda8acfe,raw_b2cedc68_089b_4c05_9a04_67d9dda8acfe,Benjamin James,Benjamin James,2.0,7.0,1,5,7.0,1,1,2024-03-16T12:30:00.0000000+10:30,28.571428571428573,71.42857142857143
f8ebef3a-ba2d-48c4-95f8-0b13d067e817,Summer 2023/24,2a196f37-d3ec-45b8-aa80-0afccf9a9883,9094bbb7-ea99-4ac2-be8a-fc8c947dfcb6,B3 Grade,raw_ca43b431_cffc_4c51_bd6e_6e11e22e8c20,raw_ca43b431_cffc_4c51_bd6e_6e11e22e8c20,Brett Julian,Brett Julian,51.0,119.0,3,83,119.0,3,3,2024-03-16T12:30:00.0000000+10:30,42.857142857142854,69.74789915966386
f8ebef3a-ba2d-48c4-95f8-0b13d067e817,Summer 2023/24,2a196f37-d3ec-45b8-aa80-0afccf9a9883,9094bbb7-ea99-4ac2-be8a-fc8c947dfcb6,B3 Grade,simon_loizi,simon_loizi,Simon Loizi,Simon Loizi,19.0,69.0,1,59,69.0,1,1,2024-03-16T12:30:00.0000000+10:30,27.536231884057973,85.5072463768116
f8ebef3a-ba2d-48c4-95f8-0b13d067e817,Summer 2023/24,2a196f37-d3ec-45b8-aa80-0afccf9a9883,9094bbb7-ea99-4ac2-be8a-fc8c947dfcb6,B3 Grade,thomas_jeffries,thomas_jeffries,Thomas Jeffries,Thomas Jeffries,22.0,98.0,2,82,98.0,2,2,2024-03-16T12:30:00.0000000+10:30,22.448979591836736,83.6734693877551
f8ebef3a-ba2d-48c4-95f8-0b13d067e817,Summer 2023/24,40b50e17-0b6a-4892-8608-96d12d6de56d,98bdb404-f908-4dbe-8fa6-99cb61ced18e,U14 South Division 1,ayden_cook,ayden_cook,Ayden Cook,Ayden Cook,89.0,221.0,11,174,221.0,11,8,2024-02-25T08:30:00.0000000+10:30,40.27149321266968,78.73303167420815
f8ebef3a-ba2d-48c4-95f8-0b13d067e817,Summer 2023/24,40b50e17-0b6a-4892-8608-96d12d6de56d,98bdb404-f908-4dbe-8fa6-99cb61ced18e,U14 South Division 1,jack_briggs,jack_briggs,Jack Briggs,Jack Briggs,11.0,27.0,1,20,27.0,1,1,2024-01-14T08:30:00.0000000+10:30,40.74074074074074,74.07407407407408
f8ebef3a-ba2d-48c4-95f8-0b13d067e817,Summer 2023/24,40b50e17-0b6a-4892-8608-96d12d6de56d,98bdb404-f908-4dbe-8fa6-99cb61ced18e,U14 South Division 1,jayden_simons,jayden_simons,Jayden Simons,Jayden Simons,185.0,235.0,11,143,235.0,11,9,2024-02-25T08:30:00.0000000+10:30,78.72340425531915,60.851063829787236
f8ebef3a-ba2d-48c4-95f8-0b13d067e817,Summer 2023/24,40b50e17-0b6a-4892-8608-96d12d6de56d,98bdb404-f908-4dbe-8fa6-99cb61ced18e,U14 South Division 1,mitchell_russell,mitchell_russell,Mitchell Russell,Mitchell Russell,51.0,104.0,12,78,104.0,12,9,2024-02-25T08:30:00.0000000+10:30,49.03846153846154,75.0
f8ebef3a-ba2d-48c4-95f8-0b13d067e817,Summer 2023/24,40b50e17-0b6a-4892-8608-96d12d6de56d,98bdb404-f908-4dbe-8fa6-99cb61ced18e,U14 South Division 1,raw_00000000_0000_0000_0000_000000000001,raw_00000000_0000_0000_0000_000000000001,********,********,27.0,52.0,4,34,52.0,4,4,2024-02-11T08:30:00.0000000+10:30,51.92307692307692,65.38461538461539
f8ebef3a-ba2d-48c4-95f8-0b13d067e817,Summer 2023/24,40b50e17-0b6a-4892-8608-96d12d6de56d,98bdb404-f908-4dbe-8fa6-99cb61ced18e,U14 South Division 1,raw_00000000_0000_0000_0000_000000000002,raw_00000000_0000_0000_0000_000000000002,********,********,3.0,27.0,1,24,27.0,1,1,2024-01-28T08:30:00.0000000+10:30,11.11111111111111,88.88888888888889
f8ebef3a-ba2d-48c4-95f8-0b13d067e817,Summer 2023/24,40b50e17-0b6a-4892-8608-96d12d6de56d,98bdb404-f908-4dbe-8fa6-99cb61ced18e,U14 South Division 1,raw_00000000_0000_0000_0000_000000000003,raw_00000000_0000_0000_0000_000000000003,********,********,0.0,2.0,1,2,2.0,1,1,2024-01-28T08:30:00.0000000+10:30,0.0,100.0
f8ebef3a-ba2d-48c4-95f8-0b13d067e817,Summer 2023/24,40b50e17-0b6a-4892-8608-96d12d6de56d,98bdb404-f908-4dbe-8fa6-99cb61ced18e,U14 South Division 1,raw_25be9f5e_af19_43a6_8d9d_826112200276,raw_25be9f5e_af19_43a6_8d9d_826112200276,Hudson Fraser,Hudson Fraser,100.0,258.0,12,198,258.0,12,9,2024-02-25T08:30:00.0000000+10:30,38.75968992248062,76.74418604651163
f8ebef3a-ba2d-48c4-95f8-0b13d067e817,Summer 2023/24,40b50e17-0b6a-4892-8608-96d12d6de56d,98bdb404-f908-4dbe-8fa6-99cb61ced18e,U14 South Division 1,raw_3c41606c_f9a5_4942_9c83_fc14f61e7f74,raw_3c41606c_f9a5_4942_9c83_fc14f61e7f74,Nathaniel Botha-Webb,Nathaniel Botha-Webb,57.0,203.0,10,171,203.0,10,8,2024-02-25T08:30:00.0000000+10:30,28.07881773399015,84.23645320197045
f8ebef3a-ba2d-48c4-95f8-0b13d067e817,Summer 2023/24,40b50e17-0b6a-4892-8608-96d12d6de56d,98bdb404-f908-4dbe-8fa6-99cb61ced18e,U14 South Division 1,raw_4c0ea8fb_7bb9_4a5a_a92e_f41acea5083a,raw_4c0ea8fb_7bb9_4a5a_a92e_f41acea5083a,Aarav Gupta,Aarav Gupta,38.0,198.0,10,176,198.0,10,8,2024-02-25T08:30:00.0000000+10:30,19.19191919191919,88.88888888888889
f8ebef3a-ba2d-48c4-95f8-0b13d067e817,Summer 2023/24,40b50e17-0b6a-4892-8608-96d12d6de56d,98bdb404-f908-4dbe-8fa6-99cb61ced18e,U14 South Division 1,raw_9439b191_a3f3_4009_a74a_f5c88b613f50,raw_9439b191_a3f3_4009_a74a_f5c88b613f50,Cooper Barnes,Cooper Barnes,100.0,253.0,12,204,253.0,12,9,2024-02-25T08:30:00.0000000+10:30,39.52569169960474,80.63241106719367
f8ebef3a-ba2d-48c4-95f8-0b13d067e817,Summer 2023/24,40b50e17-0b6a-4892-8608-96d12d6de56d,98bdb404-f908-4dbe-8fa6-99cb61ced18e,U14 South Division 1,raw_e3e34843_363a_47be_a5dd_461b7bc451fb,raw_e3e34843_363a_47be_a5dd_461b7bc451fb,Yuvraj Yuvi,Yuvraj Yuvi,57.0,137.0,7,107,137.0,7,6,2024-02-25T08:30:00.0000000+10:30,41.605839416058394,78.10218978102189
f8ebef3a-ba2d-48c4-95f8-0b13d067e817,Summer 2023/24,40b50e17-0b6a-4892-8608-96d12d6de56d,98bdb404-f908-4dbe-8fa6-99cb61ced18e,U14 South Division 1,raw_f60ace16_04d7_4de0_8fdd_9f4670f7a333,raw_f60ace16_04d7_4de0_8fdd_9f4670f7a333,Harrison Cook,Harrison Cook,72.0,169.0,10,134,169.0,10,8,2024-02-25T08:30:00.0000000+10:30,42.603550295857985,79.28994082840237
f8ebef3a-ba2d-48c4-95f8-0b13d067e817,Summer 2023/24,40b50e17-0b6a-4892-8608-96d12d6de56d,98bdb404-f908-4dbe-8fa6-99cb61ced18e,U14 South Division 1,ryan_langaard,ryan_langaard,Ryan Langaard,Ryan Langaard,50.0,202.0,11,173,202.0,11,9,2024-02-25T08:30:00.0000000+10:30,24.752475247524753,85.64356435643565
f8ebef3a-ba2d-48c4-95f8-0b13d067e817,Summer 2023/24,40b50e17-0b6a-4892-8608-96d12d6de56d,98bdb404-f908-4dbe-8fa6-99cb61ced18e,U14 South Division 1,tyler_stevens,tyler_stevens,Tyler Stevens,Tyler Stevens,39.0,219.0,10,193,219.0,10,8,2024-02-25T08:30:00.0000000+10:30,17.80821917808219,88.12785388127854
f8ebef3a-ba2d-48c4-95f8-0b13d067e817,Summer 2023/24,4a7dffb1-af34-4be7-a1ed-4400b4c48dd8,0debfd22-bc7c-4b56-89f6-bad4d0e0e21b,O'Neills Sports T20 Division 1,jake_shaw,jake_shaw,Jake Shaw,Jake Shaw,5.0,10.0,1,7,10.0,1,1,2024-02-06T17:10:00.0000000+10:30,50.0,70.0
f8ebef3a-ba2d-48c4-95f8-0b13d067e817,Summer 2023/24,4a7dffb1-af34-4be7-a1ed-4400b4c48dd8,0debfd22-bc7c-4b56-89f6-bad4d0e0e21b,O'Neills Sports T20 Division 1,joshua_spall,joshua_spall,Joshua Spall,Joshua Spall,7.0,16.0,1,10,16.0,1,1,2024-02-06T17:10:00.0000000+10:30,43.75,62.5
f8ebef3a-ba2d-48c4-95f8-0b13d067e817,Summer 2023/24,4a7dffb1-af34-4be7-a1ed-4400b4c48dd8,0debfd22-bc7c-4b56-89f6-bad4d0e0e21b,O'Neills Sports T20 Division 1,raw_0ac11e9b_8c39_46a5_a223_87e276de8d4f,raw_0ac11e9b_8c39_46a5_a223_87e276de8d4f,Hayden Sutton,Hayden Sutton,1.0,1.0,1,0,1.0,1,1,2024-02-06T17:10:00.0000000+10:30,100.0,0.0
f8ebef3a-ba2d-48c4-95f8-0b13d067e817,Summer 2023/24,4a7dffb1-af34-4be7-a1ed-4400b4c48dd8,0debfd22-bc7c-4b56-89f6-bad4d0e0e21b,O'Neills Sports T20 Division 1,raw_205e8fd2_2a71_4bb7_af36_80deca0a9b8a,raw_205e8fd2_2a71_4bb7_af36_80deca0a9b8a,Matt Hehner,Matt Hehner,5.0,15.0,1,10,15.0,1,1,2024-02-06T17:10:00.0000000+10:30,33.333333333333336,66.66666666666667
f8ebef3a-ba2d-48c4-95f8-0b13d067e817,Summer 2023/24,4a7dffb1-af34-4be7-a1ed-4400b4c48dd8,0debfd22-bc7c-4b56-89f6-bad4d0e0e21b,O'Neills Sports T20 Division 1,raw_3a789cea_76b1_4886_9355_e458ba052d05,raw_3a789cea_76b1_4886_9355_e458ba052d05,Richard Gabb,Richard Gabb,27.0,19.0,1,6,19.0,1,1,2024-02-06T17:10:00.0000000+10:30,142.10526315789474,31.57894736842105
f8ebef3a-ba2d-48c4-95f8-0b13d067e817,Summer 2023/24,4a7dffb1-af34-4be7-a1ed-4400b4c48dd8,0debfd22-bc7c-4b56-89f6-bad4d0e0e21b,O'Neills Sports T20 Division 1,raw_83c03530_5522_4ee8_aae6_408666e96e51,raw_83c03530_5522_4ee8_aae6_408666e96e51,Todd Middleton,Todd Middleton,39.0,38.0,1,22,38.0,1,1,2024-02-06T17:10:00.0000000+10:30,102.63157894736842,57.89473684210526
f8ebef3a-ba2d-48c4-95f8-0b13d067e817,Summer 2023/24,4a7dffb1-af34-4be7-a1ed-4400b4c48dd8,0debfd22-bc7c-4b56-89f6-bad4d0e0e21b,O'Neills Sports T20 Division 1,raw_b270c0b2_5125_4134_a734_62315b457a23,raw_b270c0b2_5125_4134_a734_62315b457a23,Joshua Golding,Joshua Golding,2.0,5.0,1,3,5.0,1,1,2024-02-06T17:10:00.0000000+10:30,40.0,60.0
f8ebef3a-ba2d-48c4-95f8-0b13d067e817,Summer 2023/24,4a7dffb1-af34-4be7-a1ed-4400b4c48dd8,0debfd22-bc7c-4b56-89f6-bad4d0e0e21b,O'Neills Sports T20 Division 1,raw_c9d264ee_f99b_4b70_9012_4c05c6ef223e,raw_c9d264ee_f99b_4b70_9012_4c05c6ef223e,Kyle Petty,Kyle Petty,9.0,12.0,1,3,12.0,1,1,2024-02-06T17:10:00.0000000+10:30,75.0,25.0
f8ebef3a-ba2d-48c4-95f8-0b13d067e817,Summer 2023/24,4a7dffb1-af34-4be7-a1ed-4400b4c48dd8,0debfd22-bc7c-4b56-89f6-bad4d0e0e21b,O'Neills Sports T20 Division 1,scott_norris,scott_norris,Scott Norris,Scott Norris,1.0,4.0,1,3,4.0,1,1,2024-02-06T17:10:00.0000000+10:30,25.0,75.0
f8ebef3a-ba2d-48c4-95f8-0b13d067e817,Summer 2023/24,5a1b50c9-5ff7-4f66-969a-b53178053847,bb3c6185-bbe7-43d3-8585-f080ece64e50,O'Neills Sports T20 Division 3,jason_jennings,jason_jennings,Jason Jennings,Jason Jennings,1.0,6.0,1,5,6.0,1,1,2023-11-14T17:00:00.0000000+10:30,16.666666666666668,83.33333333333333
f8ebef3a-ba2d-48c4-95f8-0b13d067e817,Summer 2023/24,5a1b50c9-5ff7-4f66-969a-b53178053847,bb3c6185-bbe7-43d3-8585-f080ece64e50,O'Neills Sports T20 Division 3,josh_burrows,josh_burrows,Josh Burrows,Josh Burrows,6.0,13.0,1,8,13.0,1,1,2023-11-14T17:00:00.0000000+10:30,46.15384615384615,61.53846153846154
f8ebef3a-ba2d-48c4-95f8-0b13d067e817,Summer 2023/24,5a1b50c9-5ff7-4f66-969a-b53178053847,bb3c6185-bbe7-43d3-8585-f080ece64e50,O'Neills Sports T20 Division 3,raw_02ad16a5_3864_4094_ab9f_34722b540bd7,raw_02ad16a5_3864_4094_ab9f_34722b540bd7,Damien Pimlott,Damien Pimlott,9.0,6.0,1,3,6.0,1,1,2023-11-14T17:00:00.0000000+10:30,150.0,50.0
f8ebef3a-ba2d-48c4-95f8-0b13d067e817,Summer 2023/24,5a1b50c9-5ff7-4f66-969a-b53178053847,bb3c6185-bbe7-43d3-8585-f080ece64e50,O'Neills Sports T20 Division 3,raw_411e1957_a125_49b1_8b62_13190deed13d,raw_411e1957_a125_49b1_8b62_13190deed13d,Hardik Patel,Hardik Patel,16.0,13.0,1,7,13.0,1,1,2023-12-19T17:10:00.0000000+10:30,123.07692307692308,53.84615384615385
f8ebef3a-ba2d-48c4-95f8-0b13d067e817,Summer 2023/24,5a1b50c9-5ff7-4f66-969a-b53178053847,bb3c6185-bbe7-43d3-8585-f080ece64e50,O'Neills Sports T20 Division 3,raw_6b908b4e_1d1a_4919_bea7_378e450b935d,raw_6b908b4e_1d1a_4919_bea7_378e450b935d,Jonathon Hague,Jonathon Hague,64.0,60.0,2,23,60.0,2,2,2024-02-06T17:10:00.0000000+10:30,106.66666666666667,38.333333333333336
f8ebef3a-ba2d-48c4-95f8-0b13d067e817,Summer 2023/24,5a1b50c9-5ff7-4f66-969a-b53178053847,bb3c6185-bbe7-43d3-8585-f080ece64e50,O'Neills Sports T20 Division 3,raw_7339293a_4b62_41d6_a3ab_818dab60e6da,raw_7339293a_4b62_41d6_a3ab_818dab60e6da,Matthew Russell,Matthew Russell,9.0,10.0,2,6,10.0,2,2,2024-02-06T17:10:00.0000000+10:30,90.0,60.0
f8ebef3a-ba2d-48c4-95f8-0b13d067e817,Summer 2023/24,5a1b50c9-5ff7-4f66-969a-b53178053847,bb3c6185-bbe7-43d3-8585-f080ece64e50,O'Neills Sports T20 Division 3,raw_b2cedc68_089b_4c05_9a04_67d9dda8acfe,raw_b2cedc68_089b_4c05_9a04_67d9dda8acfe,Benjamin James,Benjamin James,0.0,3.0,1,3,3.0,1,1,2023-11-14T17:00:00.0000000+10:30,0.0,100.0
f8ebef3a-ba2d-48c4-95f8-0b13d067e817,Summer 2023/24,5a1b50c9-5ff7-4f66-969a-b53178053847,bb3c6185-bbe7-43d3-8585-f080ece64e50,O'Neills Sports T20 Division 3,raw_ca43b431_cffc_4c51_bd6e_6e11e22e8c20,raw_ca43b431_cffc_4c51_bd6e_6e11e22e8c20,Brett Julian,Brett Julian,26.0,20.0,2,8,20.0,2,2,2023-12-19T17:10:00.0000000+10:30,130.0,40.0
f8ebef3a-ba2d-48c4-95f8-0b13d067e817,Summer 2023/24,5a1b50c9-5ff7-4f66-969a-b53178053847,bb3c6185-bbe7-43d3-8585-f080ece64e50,O'Neills Sports T20 Division 3,raw_d57013de_a994_49cc_814d_b7811cec5c31,raw_d57013de_a994_49cc_814d_b7811cec5c31,Travis Bronstein,Travis Bronstein,43.0,48.0,2,23,48.0,2,2,2024-02-06T17:10:00.0000000+10:30,89.58333333333333,47.916666666666664
f8ebef3a-ba2d-48c4-95f8-0b13d067e817,Summer 2023/24,5a1b50c9-5ff7-4f66-969a-b53178053847,bb3c6185-bbe7-43d3-8585-f080ece64e50,O'Neills Sports T20 Division 3,raw_fa027780_3f28_4eac_a1be_233f848e2b61,raw_fa027780_3f28_4eac_a1be_233f848e2b61,Ved Kulkarni,Ved Kulkarni,10.0,13.0,1,6,13.0,1,1,2023-12-19T17:10:00.0000000+10:30,76.92307692307692,46.15384615384615
f8ebef3a-ba2d-48c4-95f8-0b13d067e817,Summer 2023/24,5a1b50c9-5ff7-4f66-969a-b53178053847,bb3c6185-bbe7-43d3-8585-f080ece64e50,O'Neills Sports T20 Division 3,simon_loizi,simon_loizi,Simon Loizi,Simon Loizi,21.0,34.0,1,18,34.0,1,1,2023-11-14T17:00:00.0000000+10:30,61.76470588235294,52.94117647058823
f8ebef3a-ba2d-48c4-95f8-0b13d067e817,Summer 2023/24,5a1b50c9-5ff7-4f66-969a-b53178053847,bb3c6185-bbe7-43d3-8585-f080ece64e50,O'Neills Sports T20 Division 3,thomas_jeffries,thomas_jeffries,Thomas Jeffries,Thomas Jeffries,33.0,41.0,2,18,41.0,2,2,2024-02-20T16:50:00.0000000+10:30,80.48780487804878,43.90243902439025
f8ebef3a-ba2d-48c4-95f8-0b13d067e817,Summer 2023/24,7b314565-7e35-424e-a43c-f189a372f468,2a3f3aaf-4e74-47a3-a430-f3f2dde521eb,U12 South Division 2,brodie_hague,brodie_hague,Brodie Hague,Brodie Hague,2.0,18.0,3,16,18.0,3,3,2024-02-11T08:30:00.0000000+10:30,11.11111111111111,88.88888888888889
f8ebef3a-ba2d-48c4-95f8-0b13d067e817,Summer 2023/24,7b314565-7e35-424e-a43c-f189a372f468,2a3f3aaf-4e74-47a3-a430-f3f2dde521eb,U12 South Division 2,charlie_hayford,charlie_hayford,Charlie Hayford,Charlie Hayford,7.0,8.0,1,1,8.0,1,1,2024-01-28T08:30:00.0000000+10:30,87.5,12.5
f8ebef3a-ba2d-48c4-95f8-0b13d067e817,Summer 2023/24,7b314565-7e35-424e-a43c-f189a372f468,2a3f3aaf-4e74-47a3-a430-f3f2dde521eb,U12 South Division 2,jack_briggs,jack_briggs,Jack Briggs,Jack Briggs,8.0,9.0,1,7,9.0,1,1,2023-10-20T17:00:00.0000000+10:30,88.88888888888889,77.77777777777777
f8ebef3a-ba2d-48c4-95f8-0b13d067e817,Summer 2023/24,7b314565-7e35-424e-a43c-f189a372f468,2a3f3aaf-4e74-47a3-a430-f3f2dde521eb,U12 South Division 2,mitchell_lambe,mitchell_lambe,Mitchell Lambe,Mitchell Lambe,29.0,68.0,4,52,68.0,4,4,2024-02-11T08:30:00.0000000+10:30,42.64705882352941,76.47058823529412
f8ebef3a-ba2d-48c4-95f8-0b13d067e817,Summer 2023/24,7b314565-7e35-424e-a43c-f189a372f468,2a3f3aaf-4e74-47a3-a430-f3f2dde521eb,U12 South Division 2,oscar_foran,oscar_foran,Oscar Foran,Oscar Foran,26.0,70.0,5,55,70.0,5,5,2024-02-11T08:30:00.0000000+10:30,37.142857142857146,78.57142857142857
f8ebef3a-ba2d-48c4-95f8-0b13d067e817,Summer 2023/24,7b314565-7e35-424e-a43c-f189a372f468,2a3f3aaf-4e74-47a3-a430-f3f2dde521eb,U12 South Division 2,patrick_hayford,patrick_hayford,Patrick Hayford,Patrick Hayford,2.0,6.0,1,4,6.0,1,1,2024-01-28T08:30:00.0000000+10:30,33.333333333333336,66.66666666666667
f8ebef3a-ba2d-48c4-95f8-0b13d067e817,Summer 2023/24,7b314565-7e35-424e-a43c-f189a372f468,2a3f3aaf-4e74-47a3-a430-f3f2dde521eb,U12 South Division 2,raw_367c1193_9d30_481e_835c_ceffb481ce4f,raw_367c1193_9d30_481e_835c_ceffb481ce4f,Aadi Vaghela,Aadi Vaghela,0.0,19.0,2,19,19.0,2,2,2023-12-01T17:00:00.0000000+10:30,0.0,100.0
f8ebef3a-ba2d-48c4-95f8-0b13d067e817,Summer 2023/24,7b314565-7e35-424e-a43c-f189a372f468,2a3f3aaf-4e74-47a3-a430-f3f2dde521eb,U12 South Division 2,raw_391168c4_7e8e_42f2_ab5c_96a72a484ed3,raw_391168c4_7e8e_42f2_ab5c_96a72a484ed3,Callam Mckeough,Callam Mckeough,55.0,72.0,4,45,72.0,4,4,2024-01-28T08:30:00.0000000+10:30,76.38888888888889,62.5
f8ebef3a-ba2d-48c4-95f8-0b13d067e817,Summer 2023/24,7b314565-7e35-424e-a43c-f189a372f468,2a3f3aaf-4e74-47a3-a430-f3f2dde521eb,U12 South Division 2,raw_3cfea35b_1630_441a_98b0_9b4c8d100f1a,raw_3cfea35b_1630_441a_98b0_9b4c8d100f1a,Cade Harrington,Cade Harrington,11.0,43.0,5,38,43.0,5,5,2024-02-11T08:30:00.0000000+10:30,25.58139534883721,88.37209302325581
f8ebef3a-ba2d-48c4-95f8-0b13d067e817,Summer 2023/24,7b314565-7e35-424e-a43c-f189a372f468,2a3f3aaf-4e74-47a3-a430-f3f2dde521eb,U12 South Division 2,raw_410ae86d_ebbf_44b0_8565_d79e31a87c69,raw_410ae86d_ebbf_44b0_8565_d79e31a87c69,Hayden Castanelli,Hayden Castanelli,17.0,17.0,1,9,17.0,1,1,2023-10-20T17:00:00.0000000+10:30,100.0,52.94117647058823
f8ebef3a-ba2d-48c4-95f8-0b13d067e817,Summer 2023/24,7b314565-7e35-424e-a43c-f189a372f468,2a3f3aaf-4e74-47a3-a430-f3f2dde521eb,U12 South Division 2,raw_5dc03adb_3577_4632_9377_dae27b5c2fb6,raw_5dc03adb_3577_4632_9377_dae27b5c2fb6,Callum Rice,Callum Rice,17.0,30.0,3,19,30.0,3,3,2023-12-01T17:00:00.0000000+10:30,56.666666666666664,63.333333333333336
f8ebef3a-ba2d-48c4-95f8-0b13d067e817,Summer 2023/24,7b314565-7e35-424e-a43c-f189a372f468,2a3f3aaf-4e74-47a3-a430-f3f2dde521eb,U12 South Division 2,raw_8a232878_880c_4946_ab92_43af804063d0,raw_8a232878_880c_4946_ab92_43af804063d0,Jackson Hern,Jackson Hern,16.0,74.0,5,64,74.0,5,5,2024-02-11T08:30:00.0000000+10:30,21.62162162162162,86.48648648648648
f8ebef3a-ba2d-48c4-95f8-0b13d067e817,Summer 2023/24,7b314565-7e35-424e-a43c-f189a372f468,2a3f3aaf-4e74-47a3-a430-f3f2dde521eb,U12 South Division 2,raw_98a70454_9e03_4288_a61c_fc1d27100cc8,raw_98a70454_9e03_4288_a61c_fc1d27100cc8,Christian Prescott,Christian Prescott,1.0,35.0,4,34,35.0,4,4,2024-01-28T08:30:00.0000000+10:30,2.857142857142857,97.14285714285714
f8ebef3a-ba2d-48c4-95f8-0b13d067e817,Summer 2023/24,7b314565-7e35-424e-a43c-f189a372f468,2a3f3aaf-4e74-47a3-a430-f3f2dde521eb,U12 South Division 2,raw_a2b59a4b_49fe_40ab_90b1_74169061b015,raw_a2b59a4b_49fe_40ab_90b1_74169061b015,Finn Castanelli,Finn Castanelli,2.0,18.0,1,16,18.0,1,1,2023-10-20T17:00:00.0000000+10:30,11.11111111111111,88.88888888888889
f8ebef3a-ba2d-48c4-95f8-0b13d067e817,Summer 2023/24,7b314565-7e35-424e-a43c-f189a372f468,2a3f3aaf-4e74-47a3-a430-f3f2dde521eb,U12 South Division 2,raw_a7c71f96_7e2f_4bb0_8f06_dd9116b6a05e,raw_a7c71f96_7e2f_4bb0_8f06_dd9116b6a05e,Felix Johnston,Felix Johnston,3.0,5.0,1,3,5.0,1,1,2023-11-12T08:30:00.0000000+10:30,60.0,60.0
f8ebef3a-ba2d-48c4-95f8-0b13d067e817,Summer 2023/24,7b314565-7e35-424e-a43c-f189a372f468,2a3f3aaf-4e74-47a3-a430-f3f2dde521eb,U12 South Division 2,raw_ae73a13c_d4ca_4c9b_aadd_1a3103efcce3,raw_ae73a13c_d4ca_4c9b_aadd_1a3103efcce3,Izaiah Bateman,Izaiah Bateman,18.0,81.0,5,72,81.0,5,5,2024-02-11T08:30:00.0000000+10:30,22.22222222222222,88.88888888888889
f8ebef3a-ba2d-48c4-95f8-0b13d067e817,Summer 2023/24,7b314565-7e35-424e-a43c-f189a372f468,2a3f3aaf-4e74-47a3-a430-f3f2dde521eb,U12 South Division 2,raw_cbf25daa_a0fc_4c3d_aafb_beb29b36107c,raw_cbf25daa_a0fc_4c3d_aafb_beb29b36107c,Thomas Hills,Thomas Hills,4.0,21.0,2,17,21.0,2,2,2024-01-28T08:30:00.0000000+10:30,19.047619047619047,80.95238095238095
f8ebef3a-ba2d-48c4-95f8-0b13d067e817,Summer 2023/24,7b314565-7e35-424e-a43c-f189a372f468,2a3f3aaf-4e74-47a3-a430-f3f2dde521eb,U12 South Division 2,ryder_wakefield,ryder_wakefield,Ryder Wakefield,Ryder Wakefield,28.0,49.0,3,34,49.0,3,3,2024-01-28T08:30:00.0000000+10:30,57.142857142857146,69.38775510204081
f8ebef3a-ba2d-48c4-95f8-0b13d067e817,Summer 2023/24,7b314565-7e35-424e-a43c-f189a372f468,2a3f3aaf-4e74-47a3-a430-f3f2dde521eb,U12 South Division 2,sid_davis,sid_davis,Sid Davis,Sid Davis,56.0,65.0,1,42,65.0,1,1,2024-02-11T08:30:00.0000000+10:30,86.15384615384616,64.61538461538461
f8ebef3a-ba2d-48c4-95f8-0b13d067e817,Summer 2023/24,84b00a68-e1ed-45c8-8dd1-4d5bad3c4b92,bb3c6185-bbe7-43d3-8585-f080ece64e50,O'Neills Sports T20 Division 3,raw_08367b31_4ddd_488e_898c_f43a846de496,raw_08367b31_4ddd_488e_898c_f43a846de496,Alexander Cornelius,Alexander Cornelius,4.0,10.0,2,7,10.0,2,2,2024-03-05T16:30:00.0000000+10:30,40.0,70.0
f8ebef3a-ba2d-48c4-95f8-0b13d067e817,Summer 2023/24,84b00a68-e1ed-45c8-8dd1-4d5bad3c4b92,bb3c6185-bbe7-43d3-8585-f080ece64e50,O'Neills Sports T20 Division 3,raw_1a69b5d8_da3a_4162_b50b_61a08660d572,raw_1a69b5d8_da3a_4162_b50b_61a08660d572,Cameron Pannach,Cameron Pannach,35.0,33.0,2,14,33.0,2,2,2024-03-05T16:30:00.0000000+10:30,106.06060606060606,42.42424242424242
f8ebef3a-ba2d-48c4-95f8-0b13d067e817,Summer 2023/24,84b00a68-e1ed-45c8-8dd1-4d5bad3c4b92,bb3c6185-bbe7-43d3-8585-f080ece64e50,O'Neills Sports T20 Division 3,raw_3f030316_4515_4a0b_9454_1a0672742649,raw_3f030316_4515_4a0b_9454_1a0672742649,Eli Alabaster,Eli Alabaster,4.0,3.0,1,1,3.0,1,1,2024-02-20T16:50:00.0000000+10:30,133.33333333333334,33.333333333333336
f8ebef3a-ba2d-48c4-95f8-0b13d067e817,Summer 2023/24,84b00a68-e1ed-45c8-8dd1-4d5bad3c4b92,bb3c6185-bbe7-43d3-8585-f080ece64e50,O'Neills Sports T20 Division 3,raw_8358c1c1_d801_4884_9c01_2110f5d9c75d,raw_8358c1c1_d801_4884_9c01_2110f5d9c75d,Jonathan Roberts,Jonathan Roberts,19.0,13.0,2,5,13.0,2,2,2024-03-05T16:30:00.0000000+10:30,146.15384615384616,38.46153846153846
f8ebef3a-ba2d-48c4-95f8-0b13d067e817,Summer 2023/24,84b00a68-e1ed-45c8-8dd1-4d5bad3c4b92,bb3c6185-bbe7-43d3-8585-f080ece64e50,O'Neills Sports T20 Division 3,raw_98bc2f3b_30cf_4b6d_b441_87e94b2361f0,raw_98bc2f3b_30cf_4b6d_b441_87e94b2361f0,Daniel Rabbett,Daniel Rabbett,17.0,14.0,2,5,14.0,2,2,2024-03-05T16:30:00.0000000+10:30,121.42857142857143,35.714285714285715
f8ebef3a-ba2d-48c4-95f8-0b13d067e817,Summer 2023/24,84b00a68-e1ed-45c8-8dd1-4d5bad3c4b92,bb3c6185-bbe7-43d3-8585-f080ece64e50,O'Neills Sports T20 Division 3,raw_cacf1769_82da_4c70_b723_a50dc6b78917,raw_cacf1769_82da_4c70_b723_a50dc6b78917,Lachlan Knight,Lachlan Knight,64.0,72.0,2,33,72.0,2,2,2024-03-05T16:30:00.0000000+10:30,88.88888888888889,45.833333333333336
f8ebef3a-ba2d-48c4-95f8-0b13d067e817,Summer 2023/24,84b00a68-e1ed-45c8-8dd1-4d5bad3c4b92,bb3c6185-bbe7-43d3-8585-f080ece64e50,O'Neills Sports T20 Division 3,raw_ed1c49de_6316_47fb_a63a_81073b111740,raw_ed1c49de_6316_47fb_a63a_81073b111740,Jordan Wright,Jordan Wright,14.0,26.0,2,18,26.0,2,2,2024-03-05T16:30:00.0000000+10:30,53.84615384615385,69.23076923076923
f8ebef3a-ba2d-48c4-95f8-0b13d067e817,Summer 2023/24,84b00a68-e1ed-45c8-8dd1-4d5bad3c4b92,bb3c6185-bbe7-43d3-8585-f080ece64e50,O'Neills Sports T20 Division 3,raw_eea0ea77_dee1_4437_b2aa_4460513cb53f,raw_eea0ea77_dee1_4437_b2aa_4460513cb53f,Joshua Niederer,Joshua Niederer,70.0,72.0,2,33,72.0,2,2,2024-03-05T16:30:00.0000000+10:30,97.22222222222223,45.833333333333336
f8ebef3a-ba2d-48c4-95f8-0b13d067e817,Summer 2023/24,84b00a68-e1ed-45c8-8dd1-4d5bad3c4b92,bb3c6185-bbe7-43d3-8585-f080ece64e50,O'Neills Sports T20 Division 3,raw_f6afa2af_6f03_48ea_af61_21f0e22b453b,raw_f6afa2af_6f03_48ea_af61_21f0e22b453b,Paul Radbourne,Paul Radbourne,0.0,1.0,1,1,1.0,1,1,2024-02-20T16:50:00.0000000+10:30,0.0,100.0
f8ebef3a-ba2d-48c4-95f8-0b13d067e817,Summer 2023/24,8b8c26d3-d44c-4d89-bf53-e4cce743ace0,351f0be9-2c69-4ed0-83cf-b57205cfc270,U14 South Division 2,billy_rowston,billy_rowston,Billy Rowston,Billy Rowston,17.0,52.0,4,42,52.0,4,3,2024-02-25T08:30:00.0000000+10:30,32.69230769230769,80.76923076923077
f8ebef3a-ba2d-48c4-95f8-0b13d067e817,Summer 2023/24,8b8c26d3-d44c-4d89-bf53-e4cce743ace0,351f0be9-2c69-4ed0-83cf-b57205cfc270,U14 South Division 2,cameron_green,cameron_green,Cameron Green,Cameron Green,32.0,70.0,4,54,70.0,4,3,2024-02-25T08:30:00.0000000+10:30,45.714285714285715,77.14285714285714
f8ebef3a-ba2d-48c4-95f8-0b13d067e817,Summer 2023/24,8b8c26d3-d44c-4d89-bf53-e4cce743ace0,351f0be9-2c69-4ed0-83cf-b57205cfc270,U14 South Division 2,declan_grantham,declan_grantham,Declan Grantham,Declan Grantham,18.0,43.0,3,29,43.0,3,2,2024-02-25T08:30:00.0000000+10:30,41.86046511627907,67.44186046511628
f8ebef3a-ba2d-48c4-95f8-0b13d067e817,Summer 2023/24,8b8c26d3-d44c-4d89-bf53-e4cce743ace0,351f0be9-2c69-4ed0-83cf-b57205cfc270,U14 South Division 2,harry_tonkin,harry_tonkin,Harry Tonkin,Harry Tonkin,13.0,36.0,5,28,36.0,5,4,2024-02-25T08:30:00.0000000+10:30,36.111111111111114,77.77777777777777
f8ebef3a-ba2d-48c4-95f8-0b13d067e817,Summer 2023/24,8b8c26d3-d44c-4d89-bf53-e4cce743ace0,351f0be9-2c69-4ed0-83cf-b57205cfc270,U14 South Division 2,max_tuffin,max_tuffin,Max Tuffin,Max Tuffin,22.0,38.0,4,28,38.0,4,3,2024-02-25T08:30:00.0000000+10:30,57.89473684210526,73.6842105263158
f8ebef3a-ba2d-48c4-95f8-0b13d067e817,Summer 2023/24,8b8c26d3-d44c-4d89-bf53-e4cce743ace0,351f0be9-2c69-4ed0-83cf-b57205cfc270,U14 South Division 2,raw_38879fd9_de43_478d_a1a3_f23ccb881c3c,raw_38879fd9_de43_478d_a1a3_f23ccb881c3c,Jacob Tasker,Jacob Tasker,3.0,24.0,4,21,24.0,4,3,2024-02-25T08:30:00.0000000+10:30,12.5,87.5
f8ebef3a-ba2d-48c4-95f8-0b13d067e817,Summer 2023/24,8b8c26d3-d44c-4d89-bf53-e4cce743ace0,351f0be9-2c69-4ed0-83cf-b57205cfc270,U14 South Division 2,raw_3b270af8_eb23_499e_96c8_83b1c8c2bc40,raw_3b270af8_eb23_499e_96c8_83b1c8c2bc40,Oscar Rayner,Oscar Rayner,9.0,33.0,3,27,33.0,3,2,2024-02-25T08:30:00.0000000+10:30,27.272727272727273,81.81818181818181
f8ebef3a-ba2d-48c4-95f8-0b13d067e817,Summer 2023/24,8b8c26d3-d44c-4d89-bf53-e4cce743ace0,351f0be9-2c69-4ed0-83cf-b57205cfc270,U14 South Division 2,raw_47109598_1ffe_41b3_a38f_d760c01d44ac,raw_47109598_1ffe_41b3_a38f_d760c01d44ac,Ty Allen,Ty Allen,27.0,71.0,4,56,71.0,4,3,2024-02-25T08:30:00.0000000+10:30,38.028169014084504,78.87323943661971
f8ebef3a-ba2d-48c4-95f8-0b13d067e817,Summer 2023/24,8b8c26d3-d44c-4d89-bf53-e4cce743ace0,351f0be9-2c69-4ed0-83cf-b57205cfc270,U14 South Division 2,raw_c4151569_d84b_4d49_8f44_4ebb2d0de5e5,raw_c4151569_d84b_4d49_8f44_4ebb2d0de5e5,Harry Fitzgerald,Harry Fitzgerald,9.0,91.0,4,84,91.0,4,3,2024-02-25T08:30:00.0000000+10:30,9.89010989010989,92.3076923076923
f8ebef3a-ba2d-48c4-95f8-0b13d067e817,Summer 2023/24,8b8c26d3-d44c-4d89-bf53-e4cce743ace0,351f0be9-2c69-4ed0-83cf-b57205cfc270,U14 South Division 2,raw_ca5dd522_5fa1_431c_bd0b_c06f1ca15df4,raw_ca5dd522_5fa1_431c_bd0b_c06f1ca15df4,Gerard Mccormack,Gerard Mccormack,15.0,59.0,4,51,59.0,4,3,2024-02-25T08:30:00.0000000+10:30,25.423728813559322,86.44067796610169
f8ebef3a-ba2d-48c4-95f8-0b13d067e817,Summer 2023/24,8b8c26d3-d44c-4d89-bf53-e4cce743ace0,351f0be9-2c69-4ed0-83cf-b57205cfc270,U14 South Division 2,raw_cfadc9a4_a740_410e_a9fb_01b395ddaebb,raw_cfadc9a4_a740_410e_a9fb_01b395ddaebb,Adam Martin,Adam Martin,0.0,16.0,4,16,16.0,4,3,2024-02-25T08:30:00.0000000+10:30,0.0,100.0
f8ebef3a-ba2d-48c4-95f8-0b13d067e817,Summer 2023/24,9892c1af-c366-4d5e-86dd-2a5126cd3d80,9ddc08c4-aa74-4b62-b65a-268396950d41,U12 South Division 1,caleb_eckert,caleb_eckert,Caleb Eckert,Caleb Eckert,19.0,81.0,3,63,81.0,3,3,2024-02-09T17:00:00.0000000+10:30,23.45679012345679,77.77777777777777
f8ebef3a-ba2d-48c4-95f8-0b13d067e817,Summer 2023/24,9892c1af-c366-4d5e-86dd-2a5126cd3d80,9ddc08c4-aa74-4b62-b65a-268396950d41,U12 South Division 1,campbell_loizi,campbell_loizi,Campbell Loizi,Campbell Loizi,24.0,77.0,5,60,77.0,5,5,2024-02-09T17:00:00.0000000+10:30,31.16883116883117,77.92207792207792
f8ebef3a-ba2d-48c4-95f8-0b13d067e817,Summer 2023/24,9892c1af-c366-4d5e-86dd-2a5126cd3d80,9ddc08c4-aa74-4b62-b65a-268396950d41,U12 South Division 1,charlie_hayford,charlie_hayford,Charlie Hayford,Charlie Hayford,83.0,103.0,5,50,103.0,5,5,2024-02-09T17:00:00.0000000+10:30,80.58252427184466,48.54368932038835
f8ebef3a-ba2d-48c4-95f8-0b13d067e817,Summer 2023/24,9892c1af-c366-4d5e-86dd-2a5126cd3d80,9ddc08c4-aa74-4b62-b65a-268396950d41,U12 South Division 1,dominick_hill,dominick_hill,Dominick Hill,Dominick Hill,15.0,44.0,4,32,44.0,4,4,2024-02-09T17:00:00.0000000+10:30,34.09090909090909,72.72727272727273
f8ebef3a-ba2d-48c4-95f8-0b13d067e817,Summer 2023/24,9892c1af-c366-4d5e-86dd-2a5126cd3d80,9ddc08c4-aa74-4b62-b65a-268396950d41,U12 South Division 1,jack_briggs,jack_briggs,Jack Briggs,Jack Briggs,27.0,67.0,4,49,67.0,4,4,2024-02-09T17:00:00.0000000+10:30,40.298507462686565,73.13432835820896
f8ebef3a-ba2d-48c4-95f8-0b13d067e817,Summer 2023/24,9892c1af-c366-4d5e-86dd-2a5126cd3d80,9ddc08c4-aa74-4b62-b65a-268396950d41,U12 South Division 1,oscar_foran,oscar_foran,Oscar Foran,Oscar Foran,5.0,12.0,1,8,12.0,1,1,2023-12-15T17:00:00.0000000+10:30,41.666666666666664,66.66666666666667
f8ebef3a-ba2d-48c4-95f8-0b13d067e817,Summer 2023/24,9892c1af-c366-4d5e-86dd-2a5126cd3d80,9ddc08c4-aa74-4b62-b65a-268396950d41,U12 South Division 1,patrick_hayford,patrick_hayford,Patrick Hayford,Patrick Hayford,32.0,50.0,5,29,50.0,5,5,2024-02-09T17:00:00.0000000+10:30,64.0,58.0
f8ebef3a-ba2d-48c4-95f8-0b13d067e817,Summer 2023/24,9892c1af-c366-4d5e-86dd-2a5126cd3d80,9ddc08c4-aa74-4b62-b65a-268396950d41,U12 South Division 1,raw_12488df5_d5a2_47c2_b094_4e474b7bf374,raw_12488df5_d5a2_47c2_b094_4e474b7bf374,********,********,15.0,24.0,3,17,24.0,3,3,2024-02-09T17:00:00.0000000+10:30,62.5,70.83333333333333
f8ebef3a-ba2d-48c4-95f8-0b13d067e817,Summer 2023/24,9892c1af-c366-4d5e-86dd-2a5126cd3d80,9ddc08c4-aa74-4b62-b65a-268396950d41,U12 South Division 1,raw_391168c4_7e8e_42f2_ab5c_96a72a484ed3,raw_391168c4_7e8e_42f2_ab5c_96a72a484ed3,Callam Mckeough,Callam Mckeough,6.0,27.0,1,21,27.0,1,1,2023-12-15T17:00:00.0000000+10:30,22.22222222222222,77.77777777777777
f8ebef3a-ba2d-48c4-95f8-0b13d067e817,Summer 2023/24,9892c1af-c366-4d5e-86dd-2a5126cd3d80,9ddc08c4-aa74-4b62-b65a-268396950d41,U12 South Division 1,raw_3f831d40_ca26_4233_9b4e_a0dea383bc6e,raw_3f831d40_ca26_4233_9b4e_a0dea383bc6e,Cameron Bull,Cameron Bull,29.0,80.0,4,63,80.0,4,4,2024-02-09T17:00:00.0000000+10:30,36.25,78.75
f8ebef3a-ba2d-48c4-95f8-0b13d067e817,Summer 2023/24,9892c1af-c366-4d5e-86dd-2a5126cd3d80,9ddc08c4-aa74-4b62-b65a-268396950d41,U12 South Division 1,raw_4c0ea8fb_7bb9_4a5a_a92e_f41acea5083a,raw_4c0ea8fb_7bb9_4a5a_a92e_f41acea5083a,Aarav Gupta,Aarav Gupta,3.0,13.0,1,10,13.0,1,1,2023-10-27T17:00:00.0000000+10:30,23.076923076923077,76.92307692307692
f8ebef3a-ba2d-48c4-95f8-0b13d067e817,Summer 2023/24,9892c1af-c366-4d5e-86dd-2a5126cd3d80,9ddc08c4-aa74-4b62-b65a-268396950d41,U12 South Division 1,raw_a7c71f96_7e2f_4bb0_8f06_dd9116b6a05e,raw_a7c71f96_7e2f_4bb0_8f06_dd9116b6a05e,Felix Johnston,Felix Johnston,9.0,51.0,4,42,51.0,4,4,2024-01-12T17:00:00.0000000+10:30,17.647058823529413,82.3529411764706
f8ebef3a-ba2d-48c4-95f8-0b13d067e817,Summer 2023/24,9892c1af-c366-4d5e-86dd-2a5126cd3d80,9ddc08c4-aa74-4b62-b65a-268396950d41,U12 South Division 1,raw_b370b455_e85e_409a_87f0_a66618dfef04,raw_b370b455_e85e_409a_87f0_a66618dfef04,Levi O'Rourke,Levi O'Rourke,1.0,34.0,5,32,34.0,5,5,2024-02-09T17:00:00.0000000+10:30,2.9411764705882355,94.11764705882354
f8ebef3a-ba2d-48c4-95f8-0b13d067e817,Summer 2023/24,9892c1af-c366-4d5e-86dd-2a5126cd3d80,9ddc08c4-aa74-4b62-b65a-268396950d41,U12 South Division 1,ryan_howell,ryan_howell,Ryan Howell,Ryan Howell,16.0,37.0,4,24,37.0,4,4,2024-02-09T17:00:00.0000000+10:30,43.24324324324324,64.86486486486487
f8ebef3a-ba2d-48c4-95f8-0b13d067e817,Summer 2023/24,9892c1af-c366-4d5e-86dd-2a5126cd3d80,9ddc08c4-aa74-4b62-b65a-268396950d41,U12 South Division 1,sid_davis,sid_davis,Sid Davis,Sid Davis,28.0,52.0,4,37,52.0,4,4,2024-02-09T17:00:00.0000000+10:30,53.84615384615385,71.15384615384616
f8ebef3a-ba2d-48c4-95f8-0b13d067e817,Summer 2023/24,ae7a0dbd-0708-4a03-9560-bc6fad447681,3e389cfa-1c30-4de3-afef-80cf5bac9cd7,U10 Mixed,raw_00000000_0000_0000_0000_000000000001,raw_00000000_0000_0000_0000_000000000001,********,********,5.0,17.0,1,12,17.0,1,1,2023-11-05T09:00:00.0000000+10:30,29.41176470588235,70.58823529411765
f8ebef3a-ba2d-48c4-95f8-0b13d067e817,Summer 2023/24,ae7a0dbd-0708-4a03-9560-bc6fad447681,3e389cfa-1c30-4de3-afef-80cf5bac9cd7,U10 Mixed,raw_6fb38f28_fbd2_4e13_9a45_e944f8ccbb80,raw_6fb38f28_fbd2_4e13_9a45_e944f8ccbb80,Jackson Jefferies,Jackson Jefferies,11.0,16.0,1,9,16.0,1,1,2023-11-05T09:00:00.0000000+10:30,68.75,56.25
f8ebef3a-ba2d-48c4-95f8-0b13d067e817,Summer 2023/24,ae7a0dbd-0708-4a03-9560-bc6fad447681,3e389cfa-1c30-4de3-afef-80cf5bac9cd7,U10 Mixed,raw_87031d88_6717_4c18_83fb_3f6505bc4304,raw_87031d88_6717_4c18_83fb_3f6505bc4304,Masroor Ahem,Masroor Ahem,3.0,17.0,1,14,17.0,1,1,2023-11-05T09:00:00.0000000+10:30,17.647058823529413,82.3529411764706
f8ebef3a-ba2d-48c4-95f8-0b13d067e817,Summer 2023/24,ae7a0dbd-0708-4a03-9560-bc6fad447681,3e389cfa-1c30-4de3-afef-80cf5bac9cd7,U10 Mixed,raw_9f0b9650_7bd6_467f_93a0_ceea963ae138,raw_9f0b9650_7bd6_467f_93a0_ceea963ae138,Harrison Bennett,Harrison Bennett,14.0,16.0,1,8,16.0,1,1,2023-11-05T09:00:00.0000000+10:30,87.5,50.0
f8ebef3a-ba2d-48c4-95f8-0b13d067e817,Summer 2023/24,ae7a0dbd-0708-4a03-9560-bc6fad447681,3e389cfa-1c30-4de3-afef-80cf5bac9cd7,U10 Mixed,raw_b6df59ca_eff0_4bcc_9526_b48568a1f979,raw_b6df59ca_eff0_4bcc_9526_b48568a1f979,Ethan Watt,Ethan Watt,10.0,18.0,1,11,18.0,1,1,2023-11-05T09:00:00.0000000+10:30,55.55555555555556,61.111111111111114
f8ebef3a-ba2d-48c4-95f8-0b13d067e817,Summer 2023/24,ae7a0dbd-0708-4a03-9560-bc6fad447681,3e389cfa-1c30-4de3-afef-80cf5bac9cd7,U10 Mixed,raw_c09d3b42_2065_48c2_8573_3a74bfce42bb,raw_c09d3b42_2065_48c2_8573_3a74bfce42bb,Harry Hailes,Harry Hailes,2.0,17.0,1,15,17.0,1,1,2023-11-05T09:00:00.0000000+10:30,11.764705882352942,88.23529411764706
f8ebef3a-ba2d-48c4-95f8-0b13d067e817,Summer 2023/24,ae7a0dbd-0708-4a03-9560-bc6fad447681,3e389cfa-1c30-4de3-afef-80cf5bac9cd7,U10 Mixed,raw_da41eed3_0a50_4c80_9d32_4d8ec4959a4b,raw_da41eed3_0a50_4c80_9d32_4d8ec4959a4b,Ethan Nuske,Ethan Nuske,4.0,17.0,1,13,17.0,1,1,2023-11-05T09:00:00.0000000+10:30,23.529411764705884,76.47058823529412
f8ebef3a-ba2d-48c4-95f8-0b13d067e817,Summer 2023/24,bb644602-f597-4b2b-be1b-d086237af2ee,5dd2ca02-d301-42ec-95e9-3412d2866a58,Hurley's Arkaba Hotel Women 1st Grade,alannah_rochow,alannah_rochow,Alannah Rochow,Alannah Rochow,15.0,45.0,5,38,45.0,5,5,2024-03-17T13:00:00.0000000+10:30,33.333333333333336,84.44444444444444
f8ebef3a-ba2d-48c4-95f8-0b13d067e817,Summer 2023/24,bb644602-f597-4b2b-be1b-d086237af2ee,5dd2ca02-d301-42ec-95e9-3412d2866a58,Hurley's Arkaba Hotel Women 1st Grade,ashleigh_carey,ashleigh_carey,Ashleigh Carey,Ashleigh Carey,0.0,2.0,1,2,2.0,1,1,2023-11-26T13:00:00.0000000+10:30,0.0,100.0
f8ebef3a-ba2d-48c4-95f8-0b13d067e817,Summer 2023/24,bb644602-f597-4b2b-be1b-d086237af2ee,5dd2ca02-d301-42ec-95e9-3412d2866a58,Hurley's Arkaba Hotel Women 1st Grade,claudia_castanelli,claudia_castanelli,Claudia Castanelli,Claudia Castanelli,9.0,21.0,3,14,21.0,3,3,2024-03-17T13:00:00.0000000+10:30,42.857142857142854,66.66666666666667
f8ebef3a-ba2d-48c4-95f8-0b13d067e817,Summer 2023/24,bb644602-f597-4b2b-be1b-d086237af2ee,5dd2ca02-d301-42ec-95e9-3412d2866a58,Hurley's Arkaba Hotel Women 1st Grade,jo_cooke,jo_cooke,Jo Cooke,Jo Cooke,128.0,184.0,6,110,184.0,6,6,2024-03-17T13:00:00.0000000+10:30,69.56521739130434,59.78260869565217
f8ebef3a-ba2d-48c4-95f8-0b13d067e817,Summer 2023/24,bb644602-f597-4b2b-be1b-d086237af2ee,5dd2ca02-d301-42ec-95e9-3412d2866a58,Hurley's Arkaba Hotel Women 1st Grade,raw_09a4d03c_62cc_4967_a0c6_942c28c64c05,raw_09a4d03c_62cc_4967_a0c6_942c28c64c05,Kat Vlachos,Kat Vlachos,51.0,53.0,6,26,53.0,6,6,2024-03-17T13:00:00.0000000+10:30,96.22641509433963,49.056603773584904
f8ebef3a-ba2d-48c4-95f8-0b13d067e817,Summer 2023/24,bb644602-f597-4b2b-be1b-d086237af2ee,5dd2ca02-d301-42ec-95e9-3412d2866a58,Hurley's Arkaba Hotel Women 1st Grade,raw_2c466c78_9334_49eb_adc3_b76e7dbcc9ca,raw_2c466c78_9334_49eb_adc3_b76e7dbcc9ca,Kristy Rochow,Kristy Rochow,0.0,6.0,1,7,6.0,1,1,2024-03-17T13:00:00.0000000+10:30,0.0,116.66666666666667
f8ebef3a-ba2d-48c4-95f8-0b13d067e817,Summer 2023/24,bb644602-f597-4b2b-be1b-d086237af2ee,5dd2ca02-d301-42ec-95e9-3412d2866a58,Hurley's Arkaba Hotel Women 1st Grade,raw_8bc7d418_ab2c_4df4_897a_15d695c4d85c,raw_8bc7d418_ab2c_4df4_897a_15d695c4d85c,Jessica Doyle,Jessica Doyle,5.0,12.0,2,7,12.0,2,2,2024-03-17T13:00:00.0000000+10:30,41.666666666666664,58.333333333333336
f8ebef3a-ba2d-48c4-95f8-0b13d067e817,Summer 2023/24,bb644602-f597-4b2b-be1b-d086237af2ee,5dd2ca02-d301-42ec-95e9-3412d2866a58,Hurley's Arkaba Hotel Women 1st Grade,raw_a4636830_def8_40b5_be90_03b5757de315,raw_a4636830_def8_40b5_be90_03b5757de315,Holly Parker,Holly Parker,51.0,79.0,3,46,79.0,3,3,2024-03-17T13:00:00.0000000+10:30,64.55696202531645,58.22784810126582
f8ebef3a-ba2d-48c4-95f8-0b13d067e817,Summer 2023/24,bb644602-f597-4b2b-be1b-d086237af2ee,5dd2ca02-d301-42ec-95e9-3412d2866a58,Hurley's Arkaba Hotel Women 1st Grade,raw_f2654118_aeeb_4cdb_89b1_9aa50d84e561,raw_f2654118_aeeb_4cdb_89b1_9aa50d84e561,Maaika Tredrea,Maaika Tredrea,14.0,50.0,4,43,50.0,4,4,2024-02-04T13:00:00.0000000+10:30,28.0,86.0
f8ebef3a-ba2d-48c4-95f8-0b13d067e817,Summer 2023/24,bb644602-f597-4b2b-be1b-d086237af2ee,5dd2ca02-d301-42ec-95e9-3412d2866a58,Hurley's Arkaba Hotel Women 1st Grade,raw_f7b5d072_df3b_4c2b_a9be_d2c74850f62d,raw_f7b5d072_df3b_4c2b_a9be_d2c74850f62d,Brooke Mullen,Brooke Mullen,63.0,51.0,5,24,51.0,5,5,2024-03-17T13:00:00.0000000+10:30,123.52941176470588,47.05882352941177
f8ebef3a-ba2d-48c4-95f8-0b13d067e817,Summer 2023/24,bb644602-f597-4b2b-be1b-d086237af2ee,5dd2ca02-d301-42ec-95e9-3412d2866a58,Hurley's Arkaba Hotel Women 1st Grade,raw_f8aa232e_0b9b_46e9_963c_02085cd6eb23,raw_f8aa232e_0b9b_46e9_963c_02085cd6eb23,Elke Jarvis,Elke Jarvis,15.0,37.0,5,28,37.0,5,5,2024-03-17T13:00:00.0000000+10:30,40.54054054054054,75.67567567567568
f8ebef3a-ba2d-48c4-95f8-0b13d067e817,Summer 2023/24,d510cbdf-a8ed-4425-8263-eb380f59b542,b58ef84e-6ae3-43ab-b217-77ab84fdb05e,C1 Grade,jackson_joy,jackson_joy,Jackson Joy,Jackson Joy,5.0,30.0,2,27,30.0,2,1,2024-03-16T12:30:00.0000000+10:30,16.666666666666668,90.0
f8ebef3a-ba2d-48c4-95f8-0b13d067e817,Summer 2023/24,d510cbdf-a8ed-4425-8263-eb380f59b542,b58ef84e-6ae3-43ab-b217-77ab84fdb05e,C1 Grade,jake_thyssen,jake_thyssen,Jake Thyssen,Jake Thyssen,3.0,46.0,2,44,46.0,2,1,2024-03-16T12:30:00.0000000+10:30,6.521739130434782,95.65217391304348
f8ebef3a-ba2d-48c4-95f8-0b13d067e817,Summer 2023/24,d510cbdf-a8ed-4425-8263-eb380f59b542,b58ef84e-6ae3-43ab-b217-77ab84fdb05e,C1 Grade,jason_jennings,jason_jennings,Jason Jennings,Jason Jennings,64.0,195.0,3,161,195.0,3,2,2024-03-16T12:30:00.0000000+10:30,32.82051282051282,82.56410256410257
f8ebef3a-ba2d-48c4-95f8-0b13d067e817,Summer 2023/24,d510cbdf-a8ed-4425-8263-eb380f59b542,b58ef84e-6ae3-43ab-b217-77ab84fdb05e,C1 Grade,kevin_riley,kevin_riley,Kevin Riley,Kevin Riley,27.0,69.0,3,56,69.0,3,2,2024-03-16T12:30:00.0000000+10:30,39.130434782608695,81.15942028985508
f8ebef3a-ba2d-48c4-95f8-0b13d067e817,Summer 2023/24,d510cbdf-a8ed-4425-8263-eb380f59b542,b58ef84e-6ae3-43ab-b217-77ab84fdb05e,C1 Grade,matthew_jeffries,matthew_jeffries,Matthew Jeffries,Matthew Jeffries,0.0,8.0,2,8,8.0,2,1,2024-03-16T12:30:00.0000000+10:30,0.0,100.0
f8ebef3a-ba2d-48c4-95f8-0b13d067e817,Summer 2023/24,d510cbdf-a8ed-4425-8263-eb380f59b542,b58ef84e-6ae3-43ab-b217-77ab84fdb05e,C1 Grade,nathan_wyatt,nathan_wyatt,Nathan Wyatt,Nathan Wyatt,0.0,3.0,2,3,3.0,2,1,2024-03-16T12:30:00.0000000+10:30,0.0,100.0
f8ebef3a-ba2d-48c4-95f8-0b13d067e817,Summer 2023/24,d510cbdf-a8ed-4425-8263-eb380f59b542,b58ef84e-6ae3-43ab-b217-77ab84fdb05e,C1 Grade,noah_bevan,noah_bevan,Noah Bevan,Noah Bevan,4.0,27.0,2,25,27.0,2,1,2024-03-16T12:30:00.0000000+10:30,14.814814814814815,92.5925925925926
f8ebef3a-ba2d-48c4-95f8-0b13d067e817,Summer 2023/24,d510cbdf-a8ed-4425-8263-eb380f59b542,b58ef84e-6ae3-43ab-b217-77ab84fdb05e,C1 Grade,raw_411e1957_a125_49b1_8b62_13190deed13d,raw_411e1957_a125_49b1_8b62_13190deed13d,Hardik Patel,Hardik Patel,3.0,18.0,2,16,18.0,2,1,2024-03-16T12:30:00.0000000+10:30,16.666666666666668,88.88888888888889
f8ebef3a-ba2d-48c4-95f8-0b13d067e817,Summer 2023/24,d510cbdf-a8ed-4425-8263-eb380f59b542,b58ef84e-6ae3-43ab-b217-77ab84fdb05e,C1 Grade,raw_6de263a3_256a_48eb_9957_5fc29f9c982f,raw_6de263a3_256a_48eb_9957_5fc29f9c982f,Robert Colville,Robert Colville,110.0,140.0,1,72,140.0,1,1,2023-11-04T13:00:00.0000000+10:30,78.57142857142857,51.42857142857143
f8ebef3a-ba2d-48c4-95f8-0b13d067e817,Summer 2023/24,d510cbdf-a8ed-4425-8263-eb380f59b542,b58ef84e-6ae3-43ab-b217-77ab84fdb05e,C1 Grade,raw_7339293a_4b62_41d6_a3ab_818dab60e6da,raw_7339293a_4b62_41d6_a3ab_818dab60e6da,Matthew Russell,Matthew Russell,40.0,34.0,2,20,34.0,2,1,2024-03-16T12:30:00.0000000+10:30,117.6470588235294,58.8235294117647
f8ebef3a-ba2d-48c4-95f8-0b13d067e817,Summer 2023/24,d510cbdf-a8ed-4425-8263-eb380f59b542,b58ef84e-6ae3-43ab-b217-77ab84fdb05e,C1 Grade,raw_f89db413_fbae_44bf_b75b_10896b2ef2c4,raw_f89db413_fbae_44bf_b75b_10896b2ef2c4,Jase Brodyk,Jase Brodyk,5.0,43.0,3,40,43.0,3,2,2024-03-16T12:30:00.0000000+10:30,11.627906976744185,93.02325581395348
f8ebef3a-ba2d-48c4-95f8-0b13d067e817,Summer 2023/24,d510cbdf-a8ed-4425-8263-eb380f59b542,b58ef84e-6ae3-43ab-b217-77ab84fdb05e,C1 Grade,tanner_kenny,tanner_kenny,Tanner Kenny,Tanner Kenny,61.0,50.0,1,22,50.0,1,1,2023-11-04T13:00:00.0000000+10:30,122.0,44.0
f8ebef3a-ba2d-48c4-95f8-0b13d067e817,Summer 2023/24,d510cbdf-a8ed-4425-8263-eb380f59b542,b58ef84e-6ae3-43ab-b217-77ab84fdb05e,C1 Grade,tyson_hocking,tyson_hocking,Tyson Hocking,Tyson Hocking,8.0,43.0,2,38,43.0,2,1,2024-03-16T12:30:00.0000000+10:30,18.6046511627907,88.37209302325581
f8ebef3a-ba2d-48c4-95f8-0b13d067e817,Summer 2023/24,f21cb8b2-aec1-4935-904d-2fb32005e71a,09b27214-e335-4e1e-ad76-60b2f12ee865,Women 2nd Grade,ashleigh_carey,ashleigh_carey,Ashleigh Carey,Ashleigh Carey,46.0,82.0,6,52,82.0,6,6,2024-02-25T13:00:00.0000000+10:30,56.09756097560975,63.41463414634146
f8ebef3a-ba2d-48c4-95f8-0b13d067e817,Summer 2023/24,f21cb8b2-aec1-4935-904d-2fb32005e71a,09b27214-e335-4e1e-ad76-60b2f12ee865,Women 2nd Grade,erin_temme,erin_temme,Erin Temme,Erin Temme,0.0,3.0,2,3,3.0,2,2,2023-10-22T13:00:00.0000000+10:30,0.0,100.0
f8ebef3a-ba2d-48c4-95f8-0b13d067e817,Summer 2023/24,f21cb8b2-aec1-4935-904d-2fb32005e71a,09b27214-e335-4e1e-ad76-60b2f12ee865,Women 2nd Grade,raw_00000000_0000_0000_0000_000000000001,raw_00000000_0000_0000_0000_000000000001,********,********,4.0,5.0,1,2,5.0,1,1,2023-12-03T13:00:00.0000000+10:30,80.0,40.0
f8ebef3a-ba2d-48c4-95f8-0b13d067e817,Summer 2023/24,f21cb8b2-aec1-4935-904d-2fb32005e71a,09b27214-e335-4e1e-ad76-60b2f12ee865,Women 2nd Grade,raw_00000000_0000_0000_0000_000000000003,raw_00000000_0000_0000_0000_000000000003,********,********,25.0,39.0,1,22,39.0,1,1,2023-12-03T13:00:00.0000000+10:30,64.1025641025641,56.41025641025641
f8ebef3a-ba2d-48c4-95f8-0b13d067e817,Summer 2023/24,f21cb8b2-aec1-4935-904d-2fb32005e71a,09b27214-e335-4e1e-ad76-60b2f12ee865,Women 2nd Grade,raw_191e070f_7ed2_4359_9c0a_c7279d5deb4a,raw_191e070f_7ed2_4359_9c0a_c7279d5deb4a,Kirby Godden,Kirby Godden,23.0,76.0,5,57,76.0,5,5,2024-02-25T13:00:00.0000000+10:30,30.263157894736842,75.0
f8ebef3a-ba2d-48c4-95f8-0b13d067e817,Summer 2023/24,f21cb8b2-aec1-4935-904d-2fb32005e71a,09b27214-e335-4e1e-ad76-60b2f12ee865,Women 2nd Grade,raw_1b8f5db1_ede4_470b_90d7_98a45fad858d,raw_1b8f5db1_ede4_470b_90d7_98a45fad858d,Jaagriti Vasist,Jaagriti Vasist,1.0,7.0,1,6,7.0,1,1,2024-02-04T13:00:00.0000000+10:30,14.285714285714286,85.71428571428571
f8ebef3a-ba2d-48c4-95f8-0b13d067e817,Summer 2023/24,f21cb8b2-aec1-4935-904d-2fb32005e71a,09b27214-e335-4e1e-ad76-60b2f12ee865,Women 2nd Grade,raw_1d8e044e_136d_4c94_b6ee_4efadc5f1e6e,raw_1d8e044e_136d_4c94_b6ee_4efadc5f1e6e,Megan Le Clercq,Megan Le Clercq,1.0,4.0,2,3,4.0,2,2,2023-12-03T13:00:00.0000000+10:30,25.0,75.0
f8ebef3a-ba2d-48c4-95f8-0b13d067e817,Summer 2023/24,f21cb8b2-aec1-4935-904d-2fb32005e71a,09b27214-e335-4e1e-ad76-60b2f12ee865,Women 2nd Grade,raw_3886ed3a_b57f_47be_bae0_e5c8e5dc24ab,raw_3886ed3a_b57f_47be_bae0_e5c8e5dc24ab,Lynley Ingerson,Lynley Ingerson,120.0,160.0,5,97,160.0,5,5,2024-02-25T13:00:00.0000000+10:30,75.0,60.625
f8ebef3a-ba2d-48c4-95f8-0b13d067e817,Summer 2023/24,f21cb8b2-aec1-4935-904d-2fb32005e71a,09b27214-e335-4e1e-ad76-60b2f12ee865,Women 2nd Grade,raw_475b875d_2d1c_44c2_bffd_59c27a03de04,raw_475b875d_2d1c_44c2_bffd_59c27a03de04,Imygen Michaels,Imygen Michaels,1.0,17.0,4,16,17.0,4,4,2024-02-25T13:00:00.0000000+10:30,5.882352941176471,94.11764705882354
f8ebef3a-ba2d-48c4-95f8-0b13d067e817,Summer 2023/24,f21cb8b2-aec1-4935-904d-2fb32005e71a,09b27214-e335-4e1e-ad76-60b2f12ee865,Women 2nd Grade,raw_6ed12998_1d97_446f_a6ec_bc3eae5c69fa,raw_6ed12998_1d97_446f_a6ec_bc3eae5c69fa,Jodie-Lee Gill,Jodie-Lee Gill,1.0,5.0,1,4,5.0,1,1,2023-12-03T13:00:00.0000000+10:30,20.0,80.0
f8ebef3a-ba2d-48c4-95f8-0b13d067e817,Summer 2023/24,f21cb8b2-aec1-4935-904d-2fb32005e71a,09b27214-e335-4e1e-ad76-60b2f12ee865,Women 2nd Grade,raw_a52b4046_f467_4345_a6b9_8d45e3e95eae,raw_a52b4046_f467_4345_a6b9_8d45e3e95eae,Jessica Armstrong,Jessica Armstrong,21.0,52.0,4,39,52.0,4,4,2024-02-25T13:00:00.0000000+10:30,40.38461538461539,75.0
f8ebef3a-ba2d-48c4-95f8-0b13d067e817,Summer 2023/24,f21cb8b2-aec1-4935-904d-2fb32005e71a,09b27214-e335-4e1e-ad76-60b2f12ee865,Women 2nd Grade,raw_b33a7a2b_49f7_45e5_8d14_784a3a45689c,raw_b33a7a2b_49f7_45e5_8d14_784a3a45689c,Aleisha Lawrie,Aleisha Lawrie,55.0,140.0,5,104,140.0,5,5,2024-02-25T13:00:00.0000000+10:30,39.285714285714285,74.28571428571429
f8ebef3a-ba2d-48c4-95f8-0b13d067e817,Summer 2023/24,f21cb8b2-aec1-4935-904d-2fb32005e71a,09b27214-e335-4e1e-ad76-60b2f12ee865,Women 2nd Grade,raw_dbed6f77_3bb3_49b8_b3cd_50b9e582aed7,raw_dbed6f77_3bb3_49b8_b3cd_50b9e582aed7,Claire Oddie,Claire Oddie,7.0,22.0,2,17,22.0,2,2,2024-02-25T13:00:00.0000000+10:30,31.818181818181817,77.27272727272727
f8ebef3a-ba2d-48c4-95f8-0b13d067e817,Summer 2023/24,f21cb8b2-aec1-4935-904d-2fb32005e71a,09b27214-e335-4e1e-ad76-60b2f12ee865,Women 2nd Grade,raw_e5e24a6e_f1c0_4fa6_93c8_d9ecf92c0035,raw_e5e24a6e_f1c0_4fa6_93c8_d9ecf92c0035,Glenys Gabb,Glenys Gabb,46.0,62.0,5,34,62.0,5,5,2024-02-25T13:00:00.0000000+10:30,74.19354838709677,54.83870967741935
f8ebef3a-ba2d-48c4-95f8-0b13d067e817,Summer 2023/24,f21cb8b2-aec1-4935-904d-2fb32005e71a,09b27214-e335-4e1e-ad76-60b2f12ee865,Women 2nd Grade,raw_f8aa232e_0b9b_46e9_963c_02085cd6eb23,raw_f8aa232e_0b9b_46e9_963c_02085cd6eb23,Elke Jarvis,Elke Jarvis,14.0,18.0,1,11,18.0,1,1,2024-02-04T13:00:00.0000000+10:30,77.77777777777777,61.111111111111114
f8ebef3a-ba2d-48c4-95f8-0b13d067e817,Summer 2023/24,f2d82572-5376-443f-9ae3-5f26964fb300,1c0f5ad7-86b0-4fae-bed1-ec6e73e8ddb5,U15 Division 2,ayden_cook,ayden_cook,Ayden Cook,Ayden Cook,29.0,100.0,2,80,100.0,2,2,2024-02-25T13:00:00.0000000+10:30,29.0,80.0
f8ebef3a-ba2d-48c4-95f8-0b13d067e817,Summer 2023/24,f2d82572-5376-443f-9ae3-5f26964fb300,1c0f5ad7-86b0-4fae-bed1-ec6e73e8ddb5,U15 Division 2,jayden_simons,jayden_simons,Jayden Simons,Jayden Simons,0.0,4.0,1,4,4.0,1,1,2023-12-17T12:30:00.0000000+10:30,0.0,100.0
f8ebef3a-ba2d-48c4-95f8-0b13d067e817,Summer 2023/24,f2d82572-5376-443f-9ae3-5f26964fb300,1c0f5ad7-86b0-4fae-bed1-ec6e73e8ddb5,U15 Division 2,joel_harvey,joel_harvey,Joel Harvey,Joel Harvey,30.0,54.0,3,41,54.0,3,3,2023-12-17T12:30:00.0000000+10:30,55.55555555555556,75.92592592592592
f8ebef3a-ba2d-48c4-95f8-0b13d067e817,Summer 2023/24,f2d82572-5376-443f-9ae3-5f26964fb300,1c0f5ad7-86b0-4fae-bed1-ec6e73e8ddb5,U15 Division 2,joshua_mount,joshua_mount,Joshua Mount,Joshua Mount,78.0,208.0,6,160,208.0,6,5,2024-02-25T13:00:00.0000000+10:30,37.5,76.92307692307692
f8ebef3a-ba2d-48c4-95f8-0b13d067e817,Summer 2023/24,f2d82572-5376-443f-9ae3-5f26964fb300,1c0f5ad7-86b0-4fae-bed1-ec6e73e8ddb5,U15 Division 2,raw_00000000_0000_0000_0000_000000000001,raw_00000000_0000_0000_0000_000000000001,********,********,1.0,4.0,2,3,4.0,2,1,2024-01-28T13:00:00.0000000+10:30,25.0,75.0
f8ebef3a-ba2d-48c4-95f8-0b13d067e817,Summer 2023/24,f2d82572-5376-443f-9ae3-5f26964fb300,1c0f5ad7-86b0-4fae-bed1-ec6e73e8ddb5,U15 Division 2,raw_00000000_0000_0000_0000_000000000002,raw_00000000_0000_0000_0000_000000000002,********,********,1.0,18.0,2,17,18.0,2,1,2024-01-28T13:00:00.0000000+10:30,5.555555555555555,94.44444444444444
f8ebef3a-ba2d-48c4-95f8-0b13d067e817,Summer 2023/24,f2d82572-5376-443f-9ae3-5f26964fb300,1c0f5ad7-86b0-4fae-bed1-ec6e73e8ddb5,U15 Division 2,raw_00000000_0000_0000_0000_000000000003,raw_00000000_0000_0000_0000_000000000003,********,********,17.0,43.0,2,35,43.0,2,1,2024-01-28T13:00:00.0000000+10:30,39.53488372093023,81.3953488372093
f8ebef3a-ba2d-48c4-95f8-0b13d067e817,Summer 2023/24,f2d82572-5376-443f-9ae3-5f26964fb300,1c0f5ad7-86b0-4fae-bed1-ec6e73e8ddb5,U15 Division 2,raw_00000000_0000_0000_0000_000000000004,raw_00000000_0000_0000_0000_000000000004,********,********,7.0,37.0,1,32,37.0,1,1,2024-01-28T13:00:00.0000000+10:30,18.91891891891892,86.48648648648648
f8ebef3a-ba2d-48c4-95f8-0b13d067e817,Summer 2023/24,f2d82572-5376-443f-9ae3-5f26964fb300,1c0f5ad7-86b0-4fae-bed1-ec6e73e8ddb5,U15 Division 2,raw_0d5b72fd_09c9_4ace_a42e_4abb8b574a65,raw_0d5b72fd_09c9_4ace_a42e_4abb8b574a65,Drew Reynolds,Drew Reynolds,23.0,100.0,6,86,100.0,6,5,2024-02-25T13:00:00.0000000+10:30,23.0,86.0
f8ebef3a-ba2d-48c4-95f8-0b13d067e817,Summer 2023/24,f2d82572-5376-443f-9ae3-5f26964fb300,1c0f5ad7-86b0-4fae-bed1-ec6e73e8ddb5,U15 Division 2,raw_25be9f5e_af19_43a6_8d9d_826112200276,raw_25be9f5e_af19_43a6_8d9d_826112200276,Hudson Fraser,Hudson Fraser,1.0,3.0,1,2,3.0,1,1,2023-11-05T12:30:00.0000000+10:30,33.333333333333336,66.66666666666667
f8ebef3a-ba2d-48c4-95f8-0b13d067e817,Summer 2023/24,f2d82572-5376-443f-9ae3-5f26964fb300,1c0f5ad7-86b0-4fae-bed1-ec6e73e8ddb5,U15 Division 2,raw_26cb2c08_9ab9_4344_bfea_fb8647f67de5,raw_26cb2c08_9ab9_4344_bfea_fb8647f67de5,Ansh Patel,Ansh Patel,49.0,131.0,3,101,131.0,3,2,2024-01-28T13:00:00.0000000+10:30,37.404580152671755,77.09923664122137
f8ebef3a-ba2d-48c4-95f8-0b13d067e817,Summer 2023/24,f2d82572-5376-443f-9ae3-5f26964fb300,1c0f5ad7-86b0-4fae-bed1-ec6e73e8ddb5,U15 Division 2,raw_3c41606c_f9a5_4942_9c83_fc14f61e7f74,raw_3c41606c_f9a5_4942_9c83_fc14f61e7f74,Nathaniel Botha-Webb,Nathaniel Botha-Webb,1.0,7.0,1,6,7.0,1,1,2024-02-25T13:00:00.0000000+10:30,14.285714285714286,85.71428571428571
f8ebef3a-ba2d-48c4-95f8-0b13d067e817,Summer 2023/24,f2d82572-5376-443f-9ae3-5f26964fb300,1c0f5ad7-86b0-4fae-bed1-ec6e73e8ddb5,U15 Division 2,raw_3e1adebb_52c6_4915_ad92_93ac5ec5d9eb,raw_3e1adebb_52c6_4915_ad92_93ac5ec5d9eb,Dane Higgins,Dane Higgins,52.0,202.0,5,167,202.0,5,4,2024-02-25T13:00:00.0000000+10:30,25.742574257425744,82.67326732673267
f8ebef3a-ba2d-48c4-95f8-0b13d067e817,Summer 2023/24,f2d82572-5376-443f-9ae3-5f26964fb300,1c0f5ad7-86b0-4fae-bed1-ec6e73e8ddb5,U15 Division 2,raw_47109598_1ffe_41b3_a38f_d760c01d44ac,raw_47109598_1ffe_41b3_a38f_d760c01d44ac,Ty Allen,Ty Allen,38.0,72.0,1,52,72.0,1,1,2024-02-25T13:00:00.0000000+10:30,52.77777777777778,72.22222222222223
f8ebef3a-ba2d-48c4-95f8-0b13d067e817,Summer 2023/24,f2d82572-5376-443f-9ae3-5f26964fb300,1c0f5ad7-86b0-4fae-bed1-ec6e73e8ddb5,U15 Division 2,raw_4c0ea8fb_7bb9_4a5a_a92e_f41acea5083a,raw_4c0ea8fb_7bb9_4a5a_a92e_f41acea5083a,Aarav Gupta,Aarav Gupta,1.0,2.0,1,1,2.0,1,1,2023-11-05T12:30:00.0000000+10:30,50.0,50.0
f8ebef3a-ba2d-48c4-95f8-0b13d067e817,Summer 2023/24,f2d82572-5376-443f-9ae3-5f26964fb300,1c0f5ad7-86b0-4fae-bed1-ec6e73e8ddb5,U15 Division 2,raw_9439b191_a3f3_4009_a74a_f5c88b613f50,raw_9439b191_a3f3_4009_a74a_f5c88b613f50,Cooper Barnes,Cooper Barnes,0.0,8.0,1,8,8.0,1,1,2023-12-17T12:30:00.0000000+10:30,0.0,100.0
f8ebef3a-ba2d-48c4-95f8-0b13d067e817,Summer 2023/24,f2d82572-5376-443f-9ae3-5f26964fb300,1c0f5ad7-86b0-4fae-bed1-ec6e73e8ddb5,U15 Division 2,raw_a3963532_3505_47d1_9d03_20e219c5a79e,raw_a3963532_3505_47d1_9d03_20e219c5a79e,Hunter Bailey-Hill,Hunter Bailey-Hill,19.0,39.0,1,29,39.0,1,1,2024-02-25T13:00:00.0000000+10:30,48.717948717948715,74.35897435897436
f8ebef3a-ba2d-48c4-95f8-0b13d067e817,Summer 2023/24,f2d82572-5376-443f-9ae3-5f26964fb300,1c0f5ad7-86b0-4fae-bed1-ec6e73e8ddb5,U15 Division 2,raw_e3e34843_363a_47be_a5dd_461b7bc451fb,raw_e3e34843_363a_47be_a5dd_461b7bc451fb,Yuvraj Yuvi,Yuvraj Yuvi,5.0,14.0,1,12,14.0,1,1,2023-12-17T12:30:00.0000000+10:30,35.714285714285715,85.71428571428571
f8ebef3a-ba2d-48c4-95f8-0b13d067e817,Summer 2023/24,f2d82572-5376-443f-9ae3-5f26964fb300,1c0f5ad7-86b0-4fae-bed1-ec6e73e8ddb5,U15 Division 2,raw_e72707f4_7599_46df_8d35_289a19dc7b31,raw_e72707f4_7599_46df_8d35_289a19dc7b31,Koren Steele,Koren Steele,6.0,29.0,6,28,29.0,6,5,2024-02-25T13:00:00.0000000+10:30,20.689655172413794,96.55172413793103
f8ebef3a-ba2d-48c4-95f8-0b13d067e817,Summer 2023/24,f2d82572-5376-443f-9ae3-5f26964fb300,1c0f5ad7-86b0-4fae-bed1-ec6e73e8ddb5,U15 Division 2,raw_ef4f9462_581c_41c1_86dc_3740bf3ac7c2,raw_ef4f9462_581c_41c1_86dc_3740bf3ac7c2,Harry James,Harry James,7.0,81.0,6,73,81.0,6,5,2024-02-25T13:00:00.0000000+10:30,8.641975308641975,90.12345679012346
f8ebef3a-ba2d-48c4-95f8-0b13d067e817,Summer 2023/24,f2d82572-5376-443f-9ae3-5f26964fb300,1c0f5ad7-86b0-4fae-bed1-ec6e73e8ddb5,U15 Division 2,raw_f60ace16_04d7_4de0_8fdd_9f4670f7a333,raw_f60ace16_04d7_4de0_8fdd_9f4670f7a333,Harrison Cook,Harrison Cook,5.0,19.0,1,15,19.0,1,1,2024-02-25T13:00:00.0000000+10:30,26.31578947368421,78.94736842105263
f8ebef3a-ba2d-48c4-95f8-0b13d067e817,Summer 2023/24,f2d82572-5376-443f-9ae3-5f26964fb300,1c0f5ad7-86b0-4fae-bed1-ec6e73e8ddb5,U15 Division 2,shivaan_naidu,shivaan_naidu,Shivaan Naidu,Shivaan Naidu,12.0,66.0,3,60,66.0,3,3,2024-01-28T13:00:00.0000000+10:30,18.181818181818183,90.9090909090909
f8ebef3a-ba2d-48c4-95f8-0b13d067e817,Summer 2023/24,f2d82572-5376-443f-9ae3-5f26964fb300,1c0f5ad7-86b0-4fae-bed1-ec6e73e8ddb5,U15 Division 2,tom_gill,tom_gill,Tom Gill,Tom Gill,56.0,51.0,1,23,51.0,1,1,2024-02-25T13:00:00.0000000+10:30,109.80392156862744,45.09803921568628
fc1465b6-3c80-4b82-9759-680a784168c2,Summer 2024/25,0371170e-d86d-4a82-a5ac-12c9c0ed45c1,8388fc69-331c-42eb-a764-48673073b6eb,O'Neills Sports T20 Division 1,raw_205e8fd2_2a71_4bb7_af36_80deca0a9b8a,raw_205e8fd2_2a71_4bb7_af36_80deca0a9b8a,Matt Hehner,Matt Hehner,26.0,30.0,2,15,30.0,2,2,2025-01-07T17:10:00.0000000+10:30,86.66666666666667,50.0
fc1465b6-3c80-4b82-9759-680a784168c2,Summer 2024/25,0371170e-d86d-4a82-a5ac-12c9c0ed45c1,8388fc69-331c-42eb-a764-48673073b6eb,O'Neills Sports T20 Division 1,raw_2c6484e1_aded_46b4_95ed_cc7b3ea1a25c,raw_2c6484e1_aded_46b4_95ed_cc7b3ea1a25c,Michael Chunys,Michael Chunys,21.0,21.0,2,10,21.0,2,2,2025-01-07T17:10:00.0000000+10:30,100.0,47.61904761904762
fc1465b6-3c80-4b82-9759-680a784168c2,Summer 2024/25,0371170e-d86d-4a82-a5ac-12c9c0ed45c1,8388fc69-331c-42eb-a764-48673073b6eb,O'Neills Sports T20 Division 1,raw_3a789cea_76b1_4886_9355_e458ba052d05,raw_3a789cea_76b1_4886_9355_e458ba052d05,Richard Gabb,Richard Gabb,26.0,20.0,1,9,20.0,1,1,2024-12-03T17:10:00.0000000+10:30,130.0,45.0
fc1465b6-3c80-4b82-9759-680a784168c2,Summer 2024/25,0371170e-d86d-4a82-a5ac-12c9c0ed45c1,8388fc69-331c-42eb-a764-48673073b6eb,O'Neills Sports T20 Division 1,raw_576ea2d4_89e4_4c7d_9de4_48fb14bb5475,raw_576ea2d4_89e4_4c7d_9de4_48fb14bb5475,Josh Croom,Josh Croom,6.0,16.0,1,10,16.0,1,1,2025-01-07T17:10:00.0000000+10:30,37.5,62.5
fc1465b6-3c80-4b82-9759-680a784168c2,Summer 2024/25,0371170e-d86d-4a82-a5ac-12c9c0ed45c1,8388fc69-331c-42eb-a764-48673073b6eb,O'Neills Sports T20 Division 1,raw_61e144ce_f866_459c_9370_2e6a12beca13,raw_61e144ce_f866_459c_9370_2e6a12beca13,Sathpath Kamburugamuwa,Sathpath Kamburugamuwa,3.0,4.0,1,2,4.0,1,1,2025-01-07T17:10:00.0000000+10:30,75.0,50.0
fc1465b6-3c80-4b82-9759-680a784168c2,Summer 2024/25,0371170e-d86d-4a82-a5ac-12c9c0ed45c1,8388fc69-331c-42eb-a764-48673073b6eb,O'Neills Sports T20 Division 1,raw_72c0f5e2_1af9_4067_8986_6434e7f87ee2,raw_72c0f5e2_1af9_4067_8986_6434e7f87ee2,Gihan Nimsara,Gihan Nimsara,18.0,12.0,2,3,12.0,2,2,2025-01-07T17:10:00.0000000+10:30,150.0,25.0
fc1465b6-3c80-4b82-9759-680a784168c2,Summer 2024/25,0371170e-d86d-4a82-a5ac-12c9c0ed45c1,8388fc69-331c-42eb-a764-48673073b6eb,O'Neills Sports T20 Division 1,raw_8bb5f2db_d414_4636_8d5d_3b21c4b84e27,raw_8bb5f2db_d414_4636_8d5d_3b21c4b84e27,Love Minhas,Love Minhas,61.0,57.0,2,24,57.0,2,2,2025-01-07T17:10:00.0000000+10:30,107.01754385964912,42.10526315789474
fc1465b6-3c80-4b82-9759-680a784168c2,Summer 2024/25,0371170e-d86d-4a82-a5ac-12c9c0ed45c1,8388fc69-331c-42eb-a764-48673073b6eb,O'Neills Sports T20 Division 1,raw_b270c0b2_5125_4134_a734_62315b457a23,raw_b270c0b2_5125_4134_a734_62315b457a23,Joshua Golding,Joshua Golding,1.0,2.0,1,1,2.0,1,1,2025-01-07T17:10:00.0000000+10:30,50.0,50.0
fc1465b6-3c80-4b82-9759-680a784168c2,Summer 2024/25,0371170e-d86d-4a82-a5ac-12c9c0ed45c1,8388fc69-331c-42eb-a764-48673073b6eb,O'Neills Sports T20 Division 1,raw_c9d264ee_f99b_4b70_9012_4c05c6ef223e,raw_c9d264ee_f99b_4b70_9012_4c05c6ef223e,Kyle Petty,Kyle Petty,6.0,13.0,1,7,13.0,1,1,2025-01-07T17:10:00.0000000+10:30,46.15384615384615,53.84615384615385
fc1465b6-3c80-4b82-9759-680a784168c2,Summer 2024/25,0371170e-d86d-4a82-a5ac-12c9c0ed45c1,8388fc69-331c-42eb-a764-48673073b6eb,O'Neills Sports T20 Division 1,raw_d57013de_a994_49cc_814d_b7811cec5c31,raw_d57013de_a994_49cc_814d_b7811cec5c31,Travis Bronstein,Travis Bronstein,5.0,9.0,1,4,9.0,1,1,2025-01-07T17:10:00.0000000+10:30,55.55555555555556,44.44444444444444
fc1465b6-3c80-4b82-9759-680a784168c2,Summer 2024/25,0371170e-d86d-4a82-a5ac-12c9c0ed45c1,8388fc69-331c-42eb-a764-48673073b6eb,O'Neills Sports T20 Division 1,raw_fb34fccb_b39f_4784_a736_d7f568f3d99b,raw_fb34fccb_b39f_4784_a736_d7f568f3d99b,Isuru Ganepola,Isuru Ganepola,5.0,9.0,1,5,9.0,1,1,2025-01-07T17:10:00.0000000+10:30,55.55555555555556,55.55555555555556
fc1465b6-3c80-4b82-9759-680a784168c2,Summer 2024/25,0371170e-d86d-4a82-a5ac-12c9c0ed45c1,8388fc69-331c-42eb-a764-48673073b6eb,O'Neills Sports T20 Division 1,raw_ff0946c1_9877_43b7_b83a_16ced032696e,raw_ff0946c1_9877_43b7_b83a_16ced032696e,Shaminda Eranga Ranaweera Mudiyanselage,Shaminda Eranga Ranaweera Mudiyanselage,29.0,31.0,2,15,31.0,2,2,2025-01-07T17:10:00.0000000+10:30,93.54838709677419,48.38709677419355
fc1465b6-3c80-4b82-9759-680a784168c2,Summer 2024/25,038211da-9dcc-457e-b640-dcf82c209dc2,2280cd41-33cb-41b8-a916-e93359b1cc56,O'Neills Sports T20 Division 2,bailey_hague,bailey_hague,Bailey Hague,Bailey Hague,11.0,20.0,3,9,20.0,3,3,2025-01-28T17:10:00.0000000+10:30,55.0,45.0
fc1465b6-3c80-4b82-9759-680a784168c2,Summer 2024/25,038211da-9dcc-457e-b640-dcf82c209dc2,2280cd41-33cb-41b8-a916-e93359b1cc56,O'Neills Sports T20 Division 2,raw_08367b31_4ddd_488e_898c_f43a846de496,raw_08367b31_4ddd_488e_898c_f43a846de496,Alexander Cornelius,Alexander Cornelius,7.0,10.0,2,4,10.0,2,2,2024-12-03T17:10:00.0000000+10:30,70.0,40.0
fc1465b6-3c80-4b82-9759-680a784168c2,Summer 2024/25,038211da-9dcc-457e-b640-dcf82c209dc2,2280cd41-33cb-41b8-a916-e93359b1cc56,O'Neills Sports T20 Division 2,raw_0ac11e9b_8c39_46a5_a223_87e276de8d4f,raw_0ac11e9b_8c39_46a5_a223_87e276de8d4f,Hayden Sutton,Hayden Sutton,52.0,64.0,5,30,64.0,5,5,2025-01-28T17:10:00.0000000+10:30,81.25,46.875
fc1465b6-3c80-4b82-9759-680a784168c2,Summer 2024/25,038211da-9dcc-457e-b640-dcf82c209dc2,2280cd41-33cb-41b8-a916-e93359b1cc56,O'Neills Sports T20 Division 2,raw_19f4088d_be49_498e_9a49_f3934043359b,raw_19f4088d_be49_498e_9a49_f3934043359b,Bradley Sibbons,Bradley Sibbons,3.0,4.0,1,2,4.0,1,1,2024-11-19T17:00:00.0000000+10:30,75.0,50.0
fc1465b6-3c80-4b82-9759-680a784168c2,Summer 2024/25,038211da-9dcc-457e-b640-dcf82c209dc2,2280cd41-33cb-41b8-a916-e93359b1cc56,O'Neills Sports T20 Division 2,raw_1a69b5d8_da3a_4162_b50b_61a08660d572,raw_1a69b5d8_da3a_4162_b50b_61a08660d572,Cameron Pannach,Cameron Pannach,29.0,26.0,3,12,26.0,3,3,2025-01-28T17:10:00.0000000+10:30,111.53846153846153,46.15384615384615
fc1465b6-3c80-4b82-9759-680a784168c2,Summer 2024/25,038211da-9dcc-457e-b640-dcf82c209dc2,2280cd41-33cb-41b8-a916-e93359b1cc56,O'Neills Sports T20 Division 2,raw_2c6484e1_aded_46b4_95ed_cc7b3ea1a25c,raw_2c6484e1_aded_46b4_95ed_cc7b3ea1a25c,Michael Chunys,Michael Chunys,15.0,17.0,1,8,17.0,1,1,2024-11-19T17:00:00.0000000+10:30,88.23529411764706,47.05882352941177
fc1465b6-3c80-4b82-9759-680a784168c2,Summer 2024/25,038211da-9dcc-457e-b640-dcf82c209dc2,2280cd41-33cb-41b8-a916-e93359b1cc56,O'Neills Sports T20 Division 2,raw_6f350893_592b_475f_b7c1_c48301d7f75c,raw_6f350893_592b_475f_b7c1_c48301d7f75c,Isaac Smith,Isaac Smith,33.0,42.0,5,17,42.0,5,5,2025-01-28T17:10:00.0000000+10:30,78.57142857142857,40.476190476190474
fc1465b6-3c80-4b82-9759-680a784168c2,Summer 2024/25,038211da-9dcc-457e-b640-dcf82c209dc2,2280cd41-33cb-41b8-a916-e93359b1cc56,O'Neills Sports T20 Division 2,raw_761f2f46_806e_4d87_87ee_d2c30ef3f65c,raw_761f2f46_806e_4d87_87ee_d2c30ef3f65c,Matthew Aston,Matthew Aston,0.0,4.0,1,4,4.0,1,1,2025-01-04T13:00:00.0000000+10:30,0.0,100.0
fc1465b6-3c80-4b82-9759-680a784168c2,Summer 2024/25,038211da-9dcc-457e-b640-dcf82c209dc2,2280cd41-33cb-41b8-a916-e93359b1cc56,O'Neills Sports T20 Division 2,raw_83c03530_5522_4ee8_aae6_408666e96e51,raw_83c03530_5522_4ee8_aae6_408666e96e51,Todd Middleton,Todd Middleton,16.0,17.0,1,11,17.0,1,1,2024-12-03T17:10:00.0000000+10:30,94.11764705882354,64.70588235294117
fc1465b6-3c80-4b82-9759-680a784168c2,Summer 2024/25,038211da-9dcc-457e-b640-dcf82c209dc2,2280cd41-33cb-41b8-a916-e93359b1cc56,O'Neills Sports T20 Division 2,raw_853061fd_1f85_4674_b92f_6ff3ac438ab2,raw_853061fd_1f85_4674_b92f_6ff3ac438ab2,Jonathon Hague,Jonathon Hague,33.0,44.0,4,27,44.0,4,4,2025-01-28T17:10:00.0000000+10:30,75.0,61.36363636363637
fc1465b6-3c80-4b82-9759-680a784168c2,Summer 2024/25,038211da-9dcc-457e-b640-dcf82c209dc2,2280cd41-33cb-41b8-a916-e93359b1cc56,O'Neills Sports T20 Division 2,raw_98bc2f3b_30cf_4b6d_b441_87e94b2361f0,raw_98bc2f3b_30cf_4b6d_b441_87e94b2361f0,Daniel Rabbett,Daniel Rabbett,108.0,97.0,3,41,97.0,3,3,2025-01-28T17:10:00.0000000+10:30,111.34020618556701,42.2680412371134
fc1465b6-3c80-4b82-9759-680a784168c2,Summer 2024/25,038211da-9dcc-457e-b640-dcf82c209dc2,2280cd41-33cb-41b8-a916-e93359b1cc56,O'Neills Sports T20 Division 2,raw_b270c0b2_5125_4134_a734_62315b457a23,raw_b270c0b2_5125_4134_a734_62315b457a23,Joshua Golding,Joshua Golding,34.0,33.0,2,17,33.0,2,2,2024-12-03T17:10:00.0000000+10:30,103.03030303030303,51.515151515151516
fc1465b6-3c80-4b82-9759-680a784168c2,Summer 2024/25,038211da-9dcc-457e-b640-dcf82c209dc2,2280cd41-33cb-41b8-a916-e93359b1cc56,O'Neills Sports T20 Division 2,raw_b2cedc68_089b_4c05_9a04_67d9dda8acfe,raw_b2cedc68_089b_4c05_9a04_67d9dda8acfe,Benjamin James,Benjamin James,8.0,7.0,1,2,7.0,1,1,2025-01-14T17:10:00.0000000+10:30,114.28571428571429,28.571428571428573
fc1465b6-3c80-4b82-9759-680a784168c2,Summer 2024/25,038211da-9dcc-457e-b640-dcf82c209dc2,2280cd41-33cb-41b8-a916-e93359b1cc56,O'Neills Sports T20 Division 2,raw_ca021926_6bbd_48ee_b36b_2eb8328a8936,raw_ca021926_6bbd_48ee_b36b_2eb8328a8936,Harwinder Singh,Harwinder Singh,80.0,79.0,5,34,79.0,5,5,2025-01-28T17:10:00.0000000+10:30,101.26582278481013,43.037974683544306
fc1465b6-3c80-4b82-9759-680a784168c2,Summer 2024/25,038211da-9dcc-457e-b640-dcf82c209dc2,2280cd41-33cb-41b8-a916-e93359b1cc56,O'Neills Sports T20 Division 2,raw_d57013de_a994_49cc_814d_b7811cec5c31,raw_d57013de_a994_49cc_814d_b7811cec5c31,Travis Bronstein,Travis Bronstein,55.0,60.0,3,20,60.0,3,3,2025-01-28T17:10:00.0000000+10:30,91.66666666666667,33.333333333333336
fc1465b6-3c80-4b82-9759-680a784168c2,Summer 2024/25,038211da-9dcc-457e-b640-dcf82c209dc2,2280cd41-33cb-41b8-a916-e93359b1cc56,O'Neills Sports T20 Division 2,raw_ed1c49de_6316_47fb_a63a_81073b111740,raw_ed1c49de_6316_47fb_a63a_81073b111740,Jordan Wright,Jordan Wright,61.0,66.0,4,32,66.0,4,4,2025-01-28T17:10:00.0000000+10:30,92.42424242424242,48.484848484848484
fc1465b6-3c80-4b82-9759-680a784168c2,Summer 2024/25,038211da-9dcc-457e-b640-dcf82c209dc2,2280cd41-33cb-41b8-a916-e93359b1cc56,O'Neills Sports T20 Division 2,scott_norris,scott_norris,Scott Norris,Scott Norris,13.0,12.0,1,5,12.0,1,1,2025-01-04T13:00:00.0000000+10:30,108.33333333333333,41.666666666666664
fc1465b6-3c80-4b82-9759-680a784168c2,Summer 2024/25,12cb4b6c-6420-46fb-ac97-071d1392ffe3,73977d8f-e843-4e84-9667-08c46ae36ac4,U17 Division 1,aidan_richardson,aidan_richardson,Aidan Richardson,Aidan Richardson,2.0,27.0,1,25,27.0,1,1,2024-11-03T12:30:00.0000000+10:30,7.407407407407407,92.5925925925926
fc1465b6-3c80-4b82-9759-680a784168c2,Summer 2024/25,12cb4b6c-6420-46fb-ac97-071d1392ffe3,73977d8f-e843-4e84-9667-08c46ae36ac4,U17 Division 1,bailey_hague,bailey_hague,Bailey Hague,Bailey Hague,129.0,326.0,9,238,326.0,9,9,2025-03-23T11:45:00.0000000+10:30,39.57055214723926,73.00613496932516
fc1465b6-3c80-4b82-9759-680a784168c2,Summer 2024/25,12cb4b6c-6420-46fb-ac97-071d1392ffe3,73977d8f-e843-4e84-9667-08c46ae36ac4,U17 Division 1,brock_carlisle,brock_carlisle,Brock Carlisle,Brock Carlisle,233.0,493.0,8,355,493.0,8,8,2025-03-23T11:45:00.0000000+10:30,47.26166328600406,72.00811359026369
fc1465b6-3c80-4b82-9759-680a784168c2,Summer 2024/25,12cb4b6c-6420-46fb-ac97-071d1392ffe3,73977d8f-e843-4e84-9667-08c46ae36ac4,U17 Division 1,cooper_knowles,cooper_knowles,Cooper Knowles,Cooper Knowles,62.0,149.0,8,106,149.0,8,8,2025-03-23T11:45:00.0000000+10:30,41.61073825503356,71.14093959731544
fc1465b6-3c80-4b82-9759-680a784168c2,Summer 2024/25,12cb4b6c-6420-46fb-ac97-071d1392ffe3,73977d8f-e843-4e84-9667-08c46ae36ac4,U17 Division 1,harrison_glatter,harrison_glatter,Harrison Glatter,Harrison Glatter,41.0,114.0,7,87,114.0,7,7,2025-03-23T11:45:00.0000000+10:30,35.96491228070175,76.3157894736842
fc1465b6-3c80-4b82-9759-680a784168c2,Summer 2024/25,12cb4b6c-6420-46fb-ac97-071d1392ffe3,73977d8f-e843-4e84-9667-08c46ae36ac4,U17 Division 1,joshua_mount,joshua_mount,Joshua Mount,Joshua Mount,25.0,63.0,5,47,63.0,5,5,2025-03-23T11:45:00.0000000+10:30,39.682539682539684,74.60317460317461
fc1465b6-3c80-4b82-9759-680a784168c2,Summer 2024/25,12cb4b6c-6420-46fb-ac97-071d1392ffe3,73977d8f-e843-4e84-9667-08c46ae36ac4,U17 Division 1,liam_harvey,liam_harvey,Liam Harvey,Liam Harvey,146.0,332.0,9,262,332.0,9,9,2025-03-23T11:45:00.0000000+10:30,43.975903614457835,78.91566265060241
fc1465b6-3c80-4b82-9759-680a784168c2,Summer 2024/25,12cb4b6c-6420-46fb-ac97-071d1392ffe3,73977d8f-e843-4e84-9667-08c46ae36ac4,U17 Division 1,lucas_sutton,lucas_sutton,Lucas Sutton,Lucas Sutton,46.0,83.0,8,56,83.0,8,8,2025-03-23T11:45:00.0000000+10:30,55.42168674698795,67.46987951807229
fc1465b6-3c80-4b82-9759-680a784168c2,Summer 2024/25,12cb4b6c-6420-46fb-ac97-071d1392ffe3,73977d8f-e843-4e84-9667-08c46ae36ac4,U17 Division 1,max_tonkin,max_tonkin,Max Tonkin,Max Tonkin,35.0,69.0,4,48,69.0,4,4,2025-02-16T13:00:00.0000000+10:30,50.72463768115942,69.56521739130434
fc1465b6-3c80-4b82-9759-680a784168c2,Summer 2024/25,12cb4b6c-6420-46fb-ac97-071d1392ffe3,73977d8f-e843-4e84-9667-08c46ae36ac4,U17 Division 1,raw_2357cd91_625f_4677_ad0c_f9be317c47ae,raw_2357cd91_625f_4677_ad0c_f9be317c47ae,Lucas Elliott,Lucas Elliott,196.0,354.0,9,251,354.0,9,9,2025-03-23T11:45:00.0000000+10:30,55.367231638418076,70.90395480225989
fc1465b6-3c80-4b82-9759-680a784168c2,Summer 2024/25,12cb4b6c-6420-46fb-ac97-071d1392ffe3,73977d8f-e843-4e84-9667-08c46ae36ac4,U17 Division 1,raw_33ea59a7_0c09_4c3d_9a8a_37a505f8edc6,raw_33ea59a7_0c09_4c3d_9a8a_37a505f8edc6,Jed Rooke,Jed Rooke,364.0,396.0,7,220,396.0,7,7,2025-03-23T11:45:00.0000000+10:30,91.91919191919192,55.55555555555556
fc1465b6-3c80-4b82-9759-680a784168c2,Summer 2024/25,12cb4b6c-6420-46fb-ac97-071d1392ffe3,73977d8f-e843-4e84-9667-08c46ae36ac4,U17 Division 1,raw_3e1adebb_52c6_4915_ad92_93ac5ec5d9eb,raw_3e1adebb_52c6_4915_ad92_93ac5ec5d9eb,Dane Higgins,Dane Higgins,25.0,119.0,6,95,119.0,6,6,2025-03-02T13:00:00.0000000+10:30,21.008403361344538,79.83193277310924
fc1465b6-3c80-4b82-9759-680a784168c2,Summer 2024/25,12cb4b6c-6420-46fb-ac97-071d1392ffe3,73977d8f-e843-4e84-9667-08c46ae36ac4,U17 Division 1,raw_bf0368d4_e355_4aaf_928e_70dbac09a492,raw_bf0368d4_e355_4aaf_928e_70dbac09a492,Benjamin Kennedy,Benjamin Kennedy,129.0,252.0,8,179,252.0,8,8,2025-03-23T11:45:00.0000000+10:30,51.19047619047619,71.03174603174604
fc1465b6-3c80-4b82-9759-680a784168c2,Summer 2024/25,12cb4b6c-6420-46fb-ac97-071d1392ffe3,73977d8f-e843-4e84-9667-08c46ae36ac4,U17 Division 1,raw_daca9c8e_5540_4ba8_b89d_97651d99a195,raw_daca9c8e_5540_4ba8_b89d_97651d99a195,Ben Worrall,Ben Worrall,55.0,125.0,6,94,125.0,6,6,2025-03-23T11:45:00.0000000+10:30,44.0,75.2
fc1465b6-3c80-4b82-9759-680a784168c2,Summer 2024/25,12cb4b6c-6420-46fb-ac97-071d1392ffe3,73977d8f-e843-4e84-9667-08c46ae36ac4,U17 Division 1,zac_egan,zac_egan,Zac Egan,Zac Egan,25.0,58.0,5,40,58.0,5,5,2025-02-09T12:30:00.0000000+10:30,43.10344827586207,68.96551724137932
fc1465b6-3c80-4b82-9759-680a784168c2,Summer 2024/25,339a1a25-6018-4ea6-b30b-d63e3f504480,e73eb168-95ef-45c2-bed5-bf6e233229d4,C1 Grade,bailey_hague,bailey_hague,Bailey Hague,Bailey Hague,8.0,30.0,3,25,30.0,3,2,2024-12-14T13:00:00.0000000+10:30,26.666666666666668,83.33333333333333
fc1465b6-3c80-4b82-9759-680a784168c2,Summer 2024/25,339a1a25-6018-4ea6-b30b-d63e3f504480,e73eb168-95ef-45c2-bed5-bf6e233229d4,C1 Grade,brendan_russell,brendan_russell,Brendan Russell,Brendan Russell,26.0,100.0,5,85,100.0,5,5,2025-03-22T12:30:00.0000000+10:30,26.0,85.0
fc1465b6-3c80-4b82-9759-680a784168c2,Summer 2024/25,339a1a25-6018-4ea6-b30b-d63e3f504480,e73eb168-95ef-45c2-bed5-bf6e233229d4,C1 Grade,brock_carlisle,brock_carlisle,Brock Carlisle,Brock Carlisle,106.0,228.0,3,163,228.0,3,3,2025-03-15T12:30:00.0000000+10:30,46.49122807017544,71.49122807017544
fc1465b6-3c80-4b82-9759-680a784168c2,Summer 2024/25,339a1a25-6018-4ea6-b30b-d63e3f504480,e73eb168-95ef-45c2-bed5-bf6e233229d4,C1 Grade,jackson_joy,jackson_joy,Jackson Joy,Jackson Joy,20.0,68.0,3,56,68.0,3,3,2024-12-14T13:00:00.0000000+10:30,29.41176470588235,82.3529411764706
fc1465b6-3c80-4b82-9759-680a784168c2,Summer 2024/25,339a1a25-6018-4ea6-b30b-d63e3f504480,e73eb168-95ef-45c2-bed5-bf6e233229d4,C1 Grade,jake_thyssen,jake_thyssen,Jake Thyssen,Jake Thyssen,63.0,196.0,7,158,196.0,7,6,2025-03-22T12:30:00.0000000+10:30,32.142857142857146,80.61224489795919
fc1465b6-3c80-4b82-9759-680a784168c2,Summer 2024/25,339a1a25-6018-4ea6-b30b-d63e3f504480,e73eb168-95ef-45c2-bed5-bf6e233229d4,C1 Grade,jason_jennings,jason_jennings,Jason Jennings,Jason Jennings,102.0,323.0,10,265,323.0,10,8,2025-03-22T12:30:00.0000000+10:30,31.57894736842105,82.04334365325077
fc1465b6-3c80-4b82-9759-680a784168c2,Summer 2024/25,339a1a25-6018-4ea6-b30b-d63e3f504480,e73eb168-95ef-45c2-bed5-bf6e233229d4,C1 Grade,nathan_wyatt,nathan_wyatt,Nathan Wyatt,Nathan Wyatt,0.0,1.0,1,1,1.0,1,1,2025-03-22T12:30:00.0000000+10:30,0.0,100.0
fc1465b6-3c80-4b82-9759-680a784168c2,Summer 2024/25,339a1a25-6018-4ea6-b30b-d63e3f504480,e73eb168-95ef-45c2-bed5-bf6e233229d4,C1 Grade,noah_bevan,noah_bevan,Noah Bevan,Noah Bevan,16.0,32.0,3,22,32.0,3,3,2024-11-23T13:00:00.0000000+10:30,50.0,68.75
fc1465b6-3c80-4b82-9759-680a784168c2,Summer 2024/25,339a1a25-6018-4ea6-b30b-d63e3f504480,e73eb168-95ef-45c2-bed5-bf6e233229d4,C1 Grade,raw_05ecaede_d979_4b30_94fa_8738bef6faf4,raw_05ecaede_d979_4b30_94fa_8738bef6faf4,Greg Harriss,Greg Harriss,35.0,136.0,4,118,136.0,4,4,2025-03-22T12:30:00.0000000+10:30,25.735294117647058,86.76470588235294
fc1465b6-3c80-4b82-9759-680a784168c2,Summer 2024/25,339a1a25-6018-4ea6-b30b-d63e3f504480,e73eb168-95ef-45c2-bed5-bf6e233229d4,C1 Grade,raw_19f4088d_be49_498e_9a49_f3934043359b,raw_19f4088d_be49_498e_9a49_f3934043359b,Bradley Sibbons,Bradley Sibbons,29.0,23.0,2,7,23.0,2,2,2024-11-09T13:00:00.0000000+10:30,126.08695652173913,30.434782608695652
fc1465b6-3c80-4b82-9759-680a784168c2,Summer 2024/25,339a1a25-6018-4ea6-b30b-d63e3f504480,e73eb168-95ef-45c2-bed5-bf6e233229d4,C1 Grade,raw_3423b111_7f0f_495c_8242_116cd53f5672,raw_3423b111_7f0f_495c_8242_116cd53f5672,Luke Hardy,Luke Hardy,52.0,111.0,5,82,111.0,5,5,2025-01-11T12:30:00.0000000+10:30,46.846846846846844,73.87387387387388
fc1465b6-3c80-4b82-9759-680a784168c2,Summer 2024/25,339a1a25-6018-4ea6-b30b-d63e3f504480,e73eb168-95ef-45c2-bed5-bf6e233229d4,C1 Grade,raw_411e1957_a125_49b1_8b62_13190deed13d,raw_411e1957_a125_49b1_8b62_13190deed13d,Hardik Patel,Hardik Patel,140.0,144.0,7,84,144.0,7,6,2025-03-22T12:30:00.0000000+10:30,97.22222222222223,58.333333333333336
fc1465b6-3c80-4b82-9759-680a784168c2,Summer 2024/25,339a1a25-6018-4ea6-b30b-d63e3f504480,e73eb168-95ef-45c2-bed5-bf6e233229d4,C1 Grade,raw_5c4b13ef_34ea_4c42_a114_47e2fdd19973,raw_5c4b13ef_34ea_4c42_a114_47e2fdd19973,Paul Richardson,Paul Richardson,46.0,96.0,6,73,96.0,6,5,2025-03-22T12:30:00.0000000+10:30,47.916666666666664,76.04166666666667
fc1465b6-3c80-4b82-9759-680a784168c2,Summer 2024/25,339a1a25-6018-4ea6-b30b-d63e3f504480,e73eb168-95ef-45c2-bed5-bf6e233229d4,C1 Grade,raw_6543281a_7733_4e64_88ce_c3450f6cd191,raw_6543281a_7733_4e64_88ce_c3450f6cd191,Abdul Fiaz,Abdul Fiaz,2.0,3.0,1,2,3.0,1,1,2024-12-14T13:00:00.0000000+10:30,66.66666666666667,66.66666666666667
fc1465b6-3c80-4b82-9759-680a784168c2,Summer 2024/25,339a1a25-6018-4ea6-b30b-d63e3f504480,e73eb168-95ef-45c2-bed5-bf6e233229d4,C1 Grade,raw_6f350893_592b_475f_b7c1_c48301d7f75c,raw_6f350893_592b_475f_b7c1_c48301d7f75c,Isaac Smith,Isaac Smith,53.0,151.0,2,114,151.0,2,1,2024-10-26T13:00:00.0000000+10:30,35.09933774834437,75.49668874172185
fc1465b6-3c80-4b82-9759-680a784168c2,Summer 2024/25,339a1a25-6018-4ea6-b30b-d63e3f504480,e73eb168-95ef-45c2-bed5-bf6e233229d4,C1 Grade,raw_8358c1c1_d801_4884_9c01_2110f5d9c75d,raw_8358c1c1_d801_4884_9c01_2110f5d9c75d,Jonathan Roberts,Jonathan Roberts,29.0,59.0,4,44,59.0,4,3,2025-03-22T12:30:00.0000000+10:30,49.152542372881356,74.57627118644068
fc1465b6-3c80-4b82-9759-680a784168c2,Summer 2024/25,339a1a25-6018-4ea6-b30b-d63e3f504480,e73eb168-95ef-45c2-bed5-bf6e233229d4,C1 Grade,raw_ee8282bd_20ab_44cf_b8e4_7494e792b215,raw_ee8282bd_20ab_44cf_b8e4_7494e792b215,Dave Reynolds,Dave Reynolds,6.0,21.0,1,19,21.0,1,1,2025-01-11T12:30:00.0000000+10:30,28.571428571428573,90.47619047619048
fc1465b6-3c80-4b82-9759-680a784168c2,Summer 2024/25,339a1a25-6018-4ea6-b30b-d63e3f504480,e73eb168-95ef-45c2-bed5-bf6e233229d4,C1 Grade,raw_f89db413_fbae_44bf_b75b_10896b2ef2c4,raw_f89db413_fbae_44bf_b75b_10896b2ef2c4,Jase Brodyk,Jase Brodyk,182.0,393.0,10,282,393.0,10,8,2025-03-22T12:30:00.0000000+10:30,46.31043256997455,71.7557251908397
fc1465b6-3c80-4b82-9759-680a784168c2,Summer 2024/25,339a1a25-6018-4ea6-b30b-d63e3f504480,e73eb168-95ef-45c2-bed5-bf6e233229d4,C1 Grade,simon_loizi,simon_loizi,Simon Loizi,Simon Loizi,48.0,176.0,6,149,176.0,6,5,2025-03-22T12:30:00.0000000+10:30,27.272727272727273,84.6590909090909
fc1465b6-3c80-4b82-9759-680a784168c2,Summer 2024/25,339a1a25-6018-4ea6-b30b-d63e3f504480,e73eb168-95ef-45c2-bed5-bf6e233229d4,C1 Grade,thomas_jeffries,thomas_jeffries,Thomas Jeffries,Thomas Jeffries,113.0,270.0,6,207,270.0,6,5,2025-03-22T12:30:00.0000000+10:30,41.851851851851855,76.66666666666667
fc1465b6-3c80-4b82-9759-680a784168c2,Summer 2024/25,339a1a25-6018-4ea6-b30b-d63e3f504480,e73eb168-95ef-45c2-bed5-bf6e233229d4,C1 Grade,tyson_hocking,tyson_hocking,Tyson Hocking,Tyson Hocking,29.0,116.0,5,98,116.0,5,4,2025-02-01T13:00:00.0000000+10:30,25.0,84.48275862068965
fc1465b6-3c80-4b82-9759-680a784168c2,Summer 2024/25,339a1a25-6018-4ea6-b30b-d63e3f504480,e73eb168-95ef-45c2-bed5-bf6e233229d4,C1 Grade,wayne_copley,wayne_copley,Wayne Copley,Wayne Copley,0.0,7.0,1,7,7.0,1,1,2025-02-01T13:00:00.0000000+10:30,0.0,100.0
fc1465b6-3c80-4b82-9759-680a784168c2,Summer 2024/25,39f036f2-7978-4435-aeb9-d81bac95260b,19831ba8-01cc-42f3-8d20-dff23c8b1744,A3 Coopers Brewery Grade,carter_shaw,carter_shaw,Carter Shaw,Carter Shaw,6.0,5.0,1,0,5.0,1,1,2025-02-15T13:00:00.0000000+10:30,120.0,0.0
fc1465b6-3c80-4b82-9759-680a784168c2,Summer 2024/25,39f036f2-7978-4435-aeb9-d81bac95260b,19831ba8-01cc-42f3-8d20-dff23c8b1744,A3 Coopers Brewery Grade,lucas_sutton,lucas_sutton,Lucas Sutton,Lucas Sutton,7.0,8.0,1,2,8.0,1,1,2025-03-15T12:30:00.0000000+10:30,87.5,25.0
fc1465b6-3c80-4b82-9759-680a784168c2,Summer 2024/25,39f036f2-7978-4435-aeb9-d81bac95260b,19831ba8-01cc-42f3-8d20-dff23c8b1744,A3 Coopers Brewery Grade,nathan_wyatt,nathan_wyatt,Nathan Wyatt,Nathan Wyatt,0.0,1.0,1,1,1.0,1,1,2025-03-15T12:30:00.0000000+10:30,0.0,100.0
fc1465b6-3c80-4b82-9759-680a784168c2,Summer 2024/25,39f036f2-7978-4435-aeb9-d81bac95260b,19831ba8-01cc-42f3-8d20-dff23c8b1744,A3 Coopers Brewery Grade,raw_0276c452_452a_4da6_9e8d_22e0f3786906,raw_0276c452_452a_4da6_9e8d_22e0f3786906,Michael Thompson,Michael Thompson,8.0,22.0,2,18,22.0,2,2,2025-01-11T12:30:00.0000000+10:30,36.36363636363637,81.81818181818181
fc1465b6-3c80-4b82-9759-680a784168c2,Summer 2024/25,39f036f2-7978-4435-aeb9-d81bac95260b,19831ba8-01cc-42f3-8d20-dff23c8b1744,A3 Coopers Brewery Grade,raw_08367b31_4ddd_488e_898c_f43a846de496,raw_08367b31_4ddd_488e_898c_f43a846de496,Alexander Cornelius,Alexander Cornelius,72.0,228.0,10,193,228.0,10,9,2025-03-15T12:30:00.0000000+10:30,31.57894736842105,84.64912280701755
fc1465b6-3c80-4b82-9759-680a784168c2,Summer 2024/25,39f036f2-7978-4435-aeb9-d81bac95260b,19831ba8-01cc-42f3-8d20-dff23c8b1744,A3 Coopers Brewery Grade,raw_0ac11e9b_8c39_46a5_a223_87e276de8d4f,raw_0ac11e9b_8c39_46a5_a223_87e276de8d4f,Hayden Sutton,Hayden Sutton,118.0,118.0,9,75,118.0,9,8,2025-03-15T12:30:00.0000000+10:30,100.0,63.559322033898304
fc1465b6-3c80-4b82-9759-680a784168c2,Summer 2024/25,39f036f2-7978-4435-aeb9-d81bac95260b,19831ba8-01cc-42f3-8d20-dff23c8b1744,A3 Coopers Brewery Grade,raw_1a69b5d8_da3a_4162_b50b_61a08660d572,raw_1a69b5d8_da3a_4162_b50b_61a08660d572,Cameron Pannach,Cameron Pannach,20.0,33.0,3,25,33.0,3,3,2025-03-15T12:30:00.0000000+10:30,60.60606060606061,75.75757575757575
fc1465b6-3c80-4b82-9759-680a784168c2,Summer 2024/25,39f036f2-7978-4435-aeb9-d81bac95260b,19831ba8-01cc-42f3-8d20-dff23c8b1744,A3 Coopers Brewery Grade,raw_3f030316_4515_4a0b_9454_1a0672742649,raw_3f030316_4515_4a0b_9454_1a0672742649,Eli Alabaster,Eli Alabaster,32.0,72.0,5,56,72.0,5,5,2025-01-18T13:00:00.0000000+10:30,44.44444444444444,77.77777777777777
fc1465b6-3c80-4b82-9759-680a784168c2,Summer 2024/25,39f036f2-7978-4435-aeb9-d81bac95260b,19831ba8-01cc-42f3-8d20-dff23c8b1744,A3 Coopers Brewery Grade,raw_612c993a_0368_4549_9cd8_73316bdbc69a,raw_612c993a_0368_4549_9cd8_73316bdbc69a,Adam Ellis,Adam Ellis,81.0,296.0,7,242,296.0,7,7,2025-03-15T12:30:00.0000000+10:30,27.364864864864863,81.75675675675676
fc1465b6-3c80-4b82-9759-680a784168c2,Summer 2024/25,39f036f2-7978-4435-aeb9-d81bac95260b,19831ba8-01cc-42f3-8d20-dff23c8b1744,A3 Coopers Brewery Grade,raw_6a8b979b_dd97_4e4b_9d57_4d6d66f99f68,raw_6a8b979b_dd97_4e4b_9d57_4d6d66f99f68,Mathew Pereira,Mathew Pereira,6.0,17.0,1,13,17.0,1,1,2024-10-12T13:00:00.0000000+10:30,35.294117647058826,76.47058823529412
fc1465b6-3c80-4b82-9759-680a784168c2,Summer 2024/25,39f036f2-7978-4435-aeb9-d81bac95260b,19831ba8-01cc-42f3-8d20-dff23c8b1744,A3 Coopers Brewery Grade,raw_6f350893_592b_475f_b7c1_c48301d7f75c,raw_6f350893_592b_475f_b7c1_c48301d7f75c,Isaac Smith,Isaac Smith,1.0,9.0,1,8,9.0,1,1,2025-01-11T12:30:00.0000000+10:30,11.11111111111111,88.88888888888889
fc1465b6-3c80-4b82-9759-680a784168c2,Summer 2024/25,39f036f2-7978-4435-aeb9-d81bac95260b,19831ba8-01cc-42f3-8d20-dff23c8b1744,A3 Coopers Brewery Grade,raw_853061fd_1f85_4674_b92f_6ff3ac438ab2,raw_853061fd_1f85_4674_b92f_6ff3ac438ab2,Jonathon Hague,Jonathon Hague,82.0,110.0,4,80,110.0,4,4,2024-12-14T13:00:00.0000000+10:30,74.54545454545455,72.72727272727273
fc1465b6-3c80-4b82-9759-680a784168c2,Summer 2024/25,39f036f2-7978-4435-aeb9-d81bac95260b,19831ba8-01cc-42f3-8d20-dff23c8b1744,A3 Coopers Brewery Grade,raw_8bb5f2db_d414_4636_8d5d_3b21c4b84e27,raw_8bb5f2db_d414_4636_8d5d_3b21c4b84e27,Love Minhas,Love Minhas,11.0,16.0,1,11,16.0,1,1,2025-02-15T13:00:00.0000000+10:30,68.75,68.75
fc1465b6-3c80-4b82-9759-680a784168c2,Summer 2024/25,39f036f2-7978-4435-aeb9-d81bac95260b,19831ba8-01cc-42f3-8d20-dff23c8b1744,A3 Coopers Brewery Grade,raw_98bc2f3b_30cf_4b6d_b441_87e94b2361f0,raw_98bc2f3b_30cf_4b6d_b441_87e94b2361f0,Daniel Rabbett,Daniel Rabbett,58.0,194.0,2,157,194.0,2,2,2024-11-09T13:00:00.0000000+10:30,29.896907216494846,80.9278350515464
fc1465b6-3c80-4b82-9759-680a784168c2,Summer 2024/25,39f036f2-7978-4435-aeb9-d81bac95260b,19831ba8-01cc-42f3-8d20-dff23c8b1744,A3 Coopers Brewery Grade,raw_aaa8fa44_0a97_4950_bfcc_0ec0cd75227c,raw_aaa8fa44_0a97_4950_bfcc_0ec0cd75227c,Dylan Hoyle,Dylan Hoyle,175.0,260.0,8,182,260.0,8,7,2025-02-15T13:00:00.0000000+10:30,67.3076923076923,70.0
fc1465b6-3c80-4b82-9759-680a784168c2,Summer 2024/25,39f036f2-7978-4435-aeb9-d81bac95260b,19831ba8-01cc-42f3-8d20-dff23c8b1744,A3 Coopers Brewery Grade,raw_b270c0b2_5125_4134_a734_62315b457a23,raw_b270c0b2_5125_4134_a734_62315b457a23,Joshua Golding,Joshua Golding,148.0,222.0,6,153,222.0,6,5,2024-12-14T13:00:00.0000000+10:30,66.66666666666667,68.91891891891892
fc1465b6-3c80-4b82-9759-680a784168c2,Summer 2024/25,39f036f2-7978-4435-aeb9-d81bac95260b,19831ba8-01cc-42f3-8d20-dff23c8b1744,A3 Coopers Brewery Grade,raw_b2cedc68_089b_4c05_9a04_67d9dda8acfe,raw_b2cedc68_089b_4c05_9a04_67d9dda8acfe,Benjamin James,Benjamin James,93.0,164.0,8,121,164.0,8,6,2025-03-15T12:30:00.0000000+10:30,56.707317073170735,73.78048780487805
fc1465b6-3c80-4b82-9759-680a784168c2,Summer 2024/25,39f036f2-7978-4435-aeb9-d81bac95260b,19831ba8-01cc-42f3-8d20-dff23c8b1744,A3 Coopers Brewery Grade,raw_ca021926_6bbd_48ee_b36b_2eb8328a8936,raw_ca021926_6bbd_48ee_b36b_2eb8328a8936,Harwinder Singh,Harwinder Singh,42.0,112.0,9,91,112.0,9,8,2025-03-15T12:30:00.0000000+10:30,37.5,81.25
fc1465b6-3c80-4b82-9759-680a784168c2,Summer 2024/25,39f036f2-7978-4435-aeb9-d81bac95260b,19831ba8-01cc-42f3-8d20-dff23c8b1744,A3 Coopers Brewery Grade,raw_ed1c49de_6316_47fb_a63a_81073b111740,raw_ed1c49de_6316_47fb_a63a_81073b111740,Jordan Wright,Jordan Wright,187.0,337.0,4,240,337.0,4,4,2025-03-15T12:30:00.0000000+10:30,55.489614243323444,71.21661721068249
fc1465b6-3c80-4b82-9759-680a784168c2,Summer 2024/25,39f036f2-7978-4435-aeb9-d81bac95260b,19831ba8-01cc-42f3-8d20-dff23c8b1744,A3 Coopers Brewery Grade,raw_f4404c43_09f8_408c_a0c1_edd82a589504,raw_f4404c43_09f8_408c_a0c1_edd82a589504,Nathan Turner,Nathan Turner,113.0,292.0,6,238,292.0,6,6,2025-03-15T12:30:00.0000000+10:30,38.6986301369863,81.5068493150685
fc1465b6-3c80-4b82-9759-680a784168c2,Summer 2024/25,39f036f2-7978-4435-aeb9-d81bac95260b,19831ba8-01cc-42f3-8d20-dff23c8b1744,A3 Coopers Brewery Grade,raw_fb34fccb_b39f_4784_a736_d7f568f3d99b,raw_fb34fccb_b39f_4784_a736_d7f568f3d99b,Isuru Ganepola,Isuru Ganepola,5.0,11.0,1,6,11.0,1,1,2025-01-18T13:00:00.0000000+10:30,45.45454545454545,54.54545454545455
fc1465b6-3c80-4b82-9759-680a784168c2,Summer 2024/25,39f036f2-7978-4435-aeb9-d81bac95260b,19831ba8-01cc-42f3-8d20-dff23c8b1744,A3 Coopers Brewery Grade,scott_norris,scott_norris,Scott Norris,Scott Norris,68.0,112.0,3,80,112.0,3,2,2025-03-15T12:30:00.0000000+10:30,60.714285714285715,71.42857142857143
fc1465b6-3c80-4b82-9759-680a784168c2,Summer 2024/25,425b4ebd-e2c3-4e16-a9c1-5c7e0fefd0de,da026cd5-11fe-41a0-9e1f-33f0bfcd417d,U14 South Division 2,campbell_loizi,campbell_loizi,Campbell Loizi,Campbell Loizi,38.0,147.0,7,111,147.0,7,7,2025-03-16T08:30:00.0000000+10:30,25.85034013605442,75.51020408163265
fc1465b6-3c80-4b82-9759-680a784168c2,Summer 2024/25,425b4ebd-e2c3-4e16-a9c1-5c7e0fefd0de,da026cd5-11fe-41a0-9e1f-33f0bfcd417d,U14 South Division 2,jack_briggs,jack_briggs,Jack Briggs,Jack Briggs,0.0,2.0,1,2,2.0,1,1,2025-01-12T08:30:00.0000000+10:30,0.0,100.0
fc1465b6-3c80-4b82-9759-680a784168c2,Summer 2024/25,425b4ebd-e2c3-4e16-a9c1-5c7e0fefd0de,da026cd5-11fe-41a0-9e1f-33f0bfcd417d,U14 South Division 2,max_tuffin,max_tuffin,Max Tuffin,Max Tuffin,93.0,163.0,8,106,163.0,8,8,2025-03-16T08:30:00.0000000+10:30,57.05521472392638,65.03067484662577
fc1465b6-3c80-4b82-9759-680a784168c2,Summer 2024/25,425b4ebd-e2c3-4e16-a9c1-5c7e0fefd0de,da026cd5-11fe-41a0-9e1f-33f0bfcd417d,U14 South Division 2,raw_083e1b72_6fbd_4395_9c71_4f02f3f339e4,raw_083e1b72_6fbd_4395_9c71_4f02f3f339e4,Valentino Joannou,Valentino Joannou,13.0,76.0,9,63,76.0,9,9,2025-03-16T08:30:00.0000000+10:30,17.105263157894736,82.89473684210526
fc1465b6-3c80-4b82-9759-680a784168c2,Summer 2024/25,425b4ebd-e2c3-4e16-a9c1-5c7e0fefd0de,da026cd5-11fe-41a0-9e1f-33f0bfcd417d,U14 South Division 2,raw_391168c4_7e8e_42f2_ab5c_96a72a484ed3,raw_391168c4_7e8e_42f2_ab5c_96a72a484ed3,Callam Mckeough,Callam Mckeough,0.0,5.0,1,5,5.0,1,1,2024-10-27T08:30:00.0000000+10:30,0.0,100.0
fc1465b6-3c80-4b82-9759-680a784168c2,Summer 2024/25,425b4ebd-e2c3-4e16-a9c1-5c7e0fefd0de,da026cd5-11fe-41a0-9e1f-33f0bfcd417d,U14 South Division 2,raw_3c41606c_f9a5_4942_9c83_fc14f61e7f74,raw_3c41606c_f9a5_4942_9c83_fc14f61e7f74,Nathaniel Botha-Webb,Nathaniel Botha-Webb,113.0,212.0,8,133,212.0,8,8,2025-03-16T08:30:00.0000000+10:30,53.301886792452834,62.735849056603776
fc1465b6-3c80-4b82-9759-680a784168c2,Summer 2024/25,425b4ebd-e2c3-4e16-a9c1-5c7e0fefd0de,da026cd5-11fe-41a0-9e1f-33f0bfcd417d,U14 South Division 2,raw_4c0ea8fb_7bb9_4a5a_a92e_f41acea5083a,raw_4c0ea8fb_7bb9_4a5a_a92e_f41acea5083a,Aarav Gupta,Aarav Gupta,109.0,240.0,9,167,240.0,9,9,2025-03-16T08:30:00.0000000+10:30,45.416666666666664,69.58333333333333
fc1465b6-3c80-4b82-9759-680a784168c2,Summer 2024/25,425b4ebd-e2c3-4e16-a9c1-5c7e0fefd0de,da026cd5-11fe-41a0-9e1f-33f0bfcd417d,U14 South Division 2,raw_5dc03adb_3577_4632_9377_dae27b5c2fb6,raw_5dc03adb_3577_4632_9377_dae27b5c2fb6,Callum Rice,Callum Rice,35.0,126.0,9,99,126.0,9,9,2025-03-16T08:30:00.0000000+10:30,27.77777777777778,78.57142857142857
fc1465b6-3c80-4b82-9759-680a784168c2,Summer 2024/25,425b4ebd-e2c3-4e16-a9c1-5c7e0fefd0de,da026cd5-11fe-41a0-9e1f-33f0bfcd417d,U14 South Division 2,raw_96c69fe9_1734_499d_9464_c84b07dbd95a,raw_96c69fe9_1734_499d_9464_c84b07dbd95a,Mason Mahomet,Mason Mahomet,42.0,140.0,8,113,140.0,8,8,2025-03-16T08:30:00.0000000+10:30,30.0,80.71428571428571
fc1465b6-3c80-4b82-9759-680a784168c2,Summer 2024/25,425b4ebd-e2c3-4e16-a9c1-5c7e0fefd0de,da026cd5-11fe-41a0-9e1f-33f0bfcd417d,U14 South Division 2,raw_a9301e4b_af5c_41d1_8a8f_334a0ca087a6,raw_a9301e4b_af5c_41d1_8a8f_334a0ca087a6,Callum Spall,Callum Spall,12.0,66.0,8,53,66.0,8,8,2025-03-16T08:30:00.0000000+10:30,18.181818181818183,80.3030303030303
fc1465b6-3c80-4b82-9759-680a784168c2,Summer 2024/25,425b4ebd-e2c3-4e16-a9c1-5c7e0fefd0de,da026cd5-11fe-41a0-9e1f-33f0bfcd417d,U14 South Division 2,raw_ca5dd522_5fa1_431c_bd0b_c06f1ca15df4,raw_ca5dd522_5fa1_431c_bd0b_c06f1ca15df4,Gerard Mccormack,Gerard Mccormack,36.0,148.0,9,120,148.0,9,9,2025-03-16T08:30:00.0000000+10:30,24.324324324324323,81.08108108108108
fc1465b6-3c80-4b82-9759-680a784168c2,Summer 2024/25,425b4ebd-e2c3-4e16-a9c1-5c7e0fefd0de,da026cd5-11fe-41a0-9e1f-33f0bfcd417d,U14 South Division 2,raw_f60ace16_04d7_4de0_8fdd_9f4670f7a333,raw_f60ace16_04d7_4de0_8fdd_9f4670f7a333,Harrison Cook,Harrison Cook,94.0,130.0,8,80,130.0,8,8,2025-03-16T08:30:00.0000000+10:30,72.3076923076923,61.53846153846154
fc1465b6-3c80-4b82-9759-680a784168c2,Summer 2024/25,425b4ebd-e2c3-4e16-a9c1-5c7e0fefd0de,da026cd5-11fe-41a0-9e1f-33f0bfcd417d,U14 South Division 2,sid_davis,sid_davis,Sid Davis,Sid Davis,100.0,212.0,8,151,212.0,8,8,2025-03-16T08:30:00.0000000+10:30,47.16981132075472,71.22641509433963
fc1465b6-3c80-4b82-9759-680a784168c2,Summer 2024/25,425b4ebd-e2c3-4e16-a9c1-5c7e0fefd0de,da026cd5-11fe-41a0-9e1f-33f0bfcd417d,U14 South Division 2,tyler_stevens,tyler_stevens,Tyler Stevens,Tyler Stevens,157.0,265.0,8,171,265.0,8,8,2025-03-16T08:30:00.0000000+10:30,59.24528301886792,64.52830188679245
fc1465b6-3c80-4b82-9759-680a784168c2,Summer 2024/25,481d0c1d-74ec-435f-af7f-571bf3cfdd8c,15b90816-8e61-4a5f-ac68-c17efefdb4f1,Women 1st Grade,angela_egan,angela_egan,Angela Egan,Angela Egan,5.0,9.0,1,6,9.0,1,1,2025-01-12T13:00:00.0000000+10:30,55.55555555555556,66.66666666666667
fc1465b6-3c80-4b82-9759-680a784168c2,Summer 2024/25,481d0c1d-74ec-435f-af7f-571bf3cfdd8c,15b90816-8e61-4a5f-ac68-c17efefdb4f1,Women 1st Grade,claudia_castanelli,claudia_castanelli,Claudia Castanelli,Claudia Castanelli,4.0,9.0,2,5,9.0,2,2,2025-01-12T13:00:00.0000000+10:30,44.44444444444444,55.55555555555556
fc1465b6-3c80-4b82-9759-680a784168c2,Summer 2024/25,481d0c1d-74ec-435f-af7f-571bf3cfdd8c,15b90816-8e61-4a5f-ac68-c17efefdb4f1,Women 1st Grade,jo_cooke,jo_cooke,Jo Cooke,Jo Cooke,250.0,354.0,6,194,354.0,6,6,2025-03-16T13:00:00.0000000+10:30,70.62146892655367,54.80225988700565
fc1465b6-3c80-4b82-9759-680a784168c2,Summer 2024/25,481d0c1d-74ec-435f-af7f-571bf3cfdd8c,15b90816-8e61-4a5f-ac68-c17efefdb4f1,Women 1st Grade,raw_09a4d03c_62cc_4967_a0c6_942c28c64c05,raw_09a4d03c_62cc_4967_a0c6_942c28c64c05,Kat Vlachos,Kat Vlachos,99.0,118.0,6,69,118.0,6,6,2025-03-16T13:00:00.0000000+10:30,83.89830508474576,58.47457627118644
fc1465b6-3c80-4b82-9759-680a784168c2,Summer 2024/25,481d0c1d-74ec-435f-af7f-571bf3cfdd8c,15b90816-8e61-4a5f-ac68-c17efefdb4f1,Women 1st Grade,raw_0fbd6bf3_747d_43a0_9da2_5aad4b3f13da,raw_0fbd6bf3_747d_43a0_9da2_5aad4b3f13da,Deborah Mitchell,Deborah Mitchell,53.0,89.0,3,54,89.0,3,3,2025-01-12T13:00:00.0000000+10:30,59.550561797752806,60.674157303370784
fc1465b6-3c80-4b82-9759-680a784168c2,Summer 2024/25,481d0c1d-74ec-435f-af7f-571bf3cfdd8c,15b90816-8e61-4a5f-ac68-c17efefdb4f1,Women 1st Grade,raw_2c466c78_9334_49eb_adc3_b76e7dbcc9ca,raw_2c466c78_9334_49eb_adc3_b76e7dbcc9ca,Kristy Rochow,Kristy Rochow,1.0,13.0,1,12,13.0,1,1,2025-01-12T13:00:00.0000000+10:30,7.6923076923076925,92.3076923076923
fc1465b6-3c80-4b82-9759-680a784168c2,Summer 2024/25,481d0c1d-74ec-435f-af7f-571bf3cfdd8c,15b90816-8e61-4a5f-ac68-c17efefdb4f1,Women 1st Grade,raw_3886ed3a_b57f_47be_bae0_e5c8e5dc24ab,raw_3886ed3a_b57f_47be_bae0_e5c8e5dc24ab,Lynley Ingerson,Lynley Ingerson,6.0,21.0,1,18,21.0,1,1,2025-02-16T13:00:00.0000000+10:30,28.571428571428573,85.71428571428571
fc1465b6-3c80-4b82-9759-680a784168c2,Summer 2024/25,481d0c1d-74ec-435f-af7f-571bf3cfdd8c,15b90816-8e61-4a5f-ac68-c17efefdb4f1,Women 1st Grade,raw_8bc7d418_ab2c_4df4_897a_15d695c4d85c,raw_8bc7d418_ab2c_4df4_897a_15d695c4d85c,Jessica Doyle,Jessica Doyle,2.0,33.0,1,31,33.0,1,1,2025-01-12T13:00:00.0000000+10:30,6.0606060606060606,93.93939393939394
fc1465b6-3c80-4b82-9759-680a784168c2,Summer 2024/25,481d0c1d-74ec-435f-af7f-571bf3cfdd8c,15b90816-8e61-4a5f-ac68-c17efefdb4f1,Women 1st Grade,raw_a52b4046_f467_4345_a6b9_8d45e3e95eae,raw_a52b4046_f467_4345_a6b9_8d45e3e95eae,Jessica Armstrong,Jessica Armstrong,1.0,11.0,2,10,11.0,2,2,2025-01-12T13:00:00.0000000+10:30,9.090909090909092,90.9090909090909
fc1465b6-3c80-4b82-9759-680a784168c2,Summer 2024/25,481d0c1d-74ec-435f-af7f-571bf3cfdd8c,15b90816-8e61-4a5f-ac68-c17efefdb4f1,Women 1st Grade,raw_ce019a8a_fe1e_4a54_b362_7417415e01cc,raw_ce019a8a_fe1e_4a54_b362_7417415e01cc,Rayne Rivalland,Rayne Rivalland,25.0,21.0,4,13,21.0,4,4,2025-03-16T13:00:00.0000000+10:30,119.04761904761905,61.904761904761905
fc1465b6-3c80-4b82-9759-680a784168c2,Summer 2024/25,481d0c1d-74ec-435f-af7f-571bf3cfdd8c,15b90816-8e61-4a5f-ac68-c17efefdb4f1,Women 1st Grade,raw_dbed6f77_3bb3_49b8_b3cd_50b9e582aed7,raw_dbed6f77_3bb3_49b8_b3cd_50b9e582aed7,Claire Oddie,Claire Oddie,5.0,21.0,1,16,21.0,1,1,2025-01-12T13:00:00.0000000+10:30,23.80952380952381,76.19047619047619
fc1465b6-3c80-4b82-9759-680a784168c2,Summer 2024/25,481d0c1d-74ec-435f-af7f-571bf3cfdd8c,15b90816-8e61-4a5f-ac68-c17efefdb4f1,Women 1st Grade,raw_e5e24a6e_f1c0_4fa6_93c8_d9ecf92c0035,raw_e5e24a6e_f1c0_4fa6_93c8_d9ecf92c0035,Glenys Gabb,Glenys Gabb,15.0,24.0,1,14,24.0,1,1,2025-03-16T13:00:00.0000000+10:30,62.5,58.333333333333336
fc1465b6-3c80-4b82-9759-680a784168c2,Summer 2024/25,481d0c1d-74ec-435f-af7f-571bf3cfdd8c,15b90816-8e61-4a5f-ac68-c17efefdb4f1,Women 1st Grade,raw_f2654118_aeeb_4cdb_89b1_9aa50d84e561,raw_f2654118_aeeb_4cdb_89b1_9aa50d84e561,Maaika Tredrea,Maaika Tredrea,22.0,41.0,2,26,41.0,2,2,2025-03-16T13:00:00.0000000+10:30,53.65853658536585,63.41463414634146
fc1465b6-3c80-4b82-9759-680a784168c2,Summer 2024/25,481d0c1d-74ec-435f-af7f-571bf3cfdd8c,15b90816-8e61-4a5f-ac68-c17efefdb4f1,Women 1st Grade,raw_f7b5d072_df3b_4c2b_a9be_d2c74850f62d,raw_f7b5d072_df3b_4c2b_a9be_d2c74850f62d,Brooke Mullen,Brooke Mullen,61.0,68.0,6,35,68.0,6,6,2025-03-16T13:00:00.0000000+10:30,89.70588235294117,51.470588235294116
fc1465b6-3c80-4b82-9759-680a784168c2,Summer 2024/25,7c577072-d0b5-47b9-9617-ebaeaae95806,84a7cccc-1ae3-43f0-a170-3b136e28827f,U15 Division 2,ayden_cook,ayden_cook,Ayden Cook,Ayden Cook,159.0,331.0,11,226,331.0,11,11,2025-03-23T12:30:00.0000000+10:30,48.036253776435046,68.27794561933534
fc1465b6-3c80-4b82-9759-680a784168c2,Summer 2024/25,7c577072-d0b5-47b9-9617-ebaeaae95806,84a7cccc-1ae3-43f0-a170-3b136e28827f,U15 Division 2,cameron_green,cameron_green,Cameron Green,Cameron Green,19.0,42.0,6,31,42.0,6,5,2025-03-23T12:30:00.0000000+10:30,45.23809523809524,73.80952380952381
fc1465b6-3c80-4b82-9759-680a784168c2,Summer 2024/25,7c577072-d0b5-47b9-9617-ebaeaae95806,84a7cccc-1ae3-43f0-a170-3b136e28827f,U15 Division 2,cayden_ford,cayden_ford,Cayden Ford,Cayden Ford,62.0,70.0,9,37,70.0,9,9,2025-03-23T12:30:00.0000000+10:30,88.57142857142857,52.857142857142854
fc1465b6-3c80-4b82-9759-680a784168c2,Summer 2024/25,7c577072-d0b5-47b9-9617-ebaeaae95806,84a7cccc-1ae3-43f0-a170-3b136e28827f,U15 Division 2,jayden_simons,jayden_simons,Jayden Simons,Jayden Simons,210.0,286.0,15,170,286.0,15,14,2025-03-23T12:30:00.0000000+10:30,73.42657342657343,59.44055944055944
fc1465b6-3c80-4b82-9759-680a784168c2,Summer 2024/25,7c577072-d0b5-47b9-9617-ebaeaae95806,84a7cccc-1ae3-43f0-a170-3b136e28827f,U15 Division 2,mitchell_russell,mitchell_russell,Mitchell Russell,Mitchell Russell,19.0,44.0,8,33,44.0,8,8,2025-03-23T12:30:00.0000000+10:30,43.18181818181818,75.0
fc1465b6-3c80-4b82-9759-680a784168c2,Summer 2024/25,7c577072-d0b5-47b9-9617-ebaeaae95806,84a7cccc-1ae3-43f0-a170-3b136e28827f,U15 Division 2,mitchell_trenorden,mitchell_trenorden,Mitchell Trenorden,Mitchell Trenorden,378.0,737.0,14,503,737.0,14,13,2025-03-23T12:30:00.0000000+10:30,51.28900949796472,68.24966078697422
fc1465b6-3c80-4b82-9759-680a784168c2,Summer 2024/25,7c577072-d0b5-47b9-9617-ebaeaae95806,84a7cccc-1ae3-43f0-a170-3b136e28827f,U15 Division 2,raw_122f83f9_cdbc_41ff_ae92_28b4c71a9df7,raw_122f83f9_cdbc_41ff_ae92_28b4c71a9df7,Charlie Foster,Charlie Foster,215.0,367.0,14,246,367.0,14,13,2025-03-23T12:30:00.0000000+10:30,58.583106267029976,67.02997275204359
fc1465b6-3c80-4b82-9759-680a784168c2,Summer 2024/25,7c577072-d0b5-47b9-9617-ebaeaae95806,84a7cccc-1ae3-43f0-a170-3b136e28827f,U15 Division 2,raw_25be9f5e_af19_43a6_8d9d_826112200276,raw_25be9f5e_af19_43a6_8d9d_826112200276,Hudson Fraser,Hudson Fraser,31.0,50.0,4,24,50.0,4,4,2025-02-16T13:00:00.0000000+10:30,62.0,48.0
fc1465b6-3c80-4b82-9759-680a784168c2,Summer 2024/25,7c577072-d0b5-47b9-9617-ebaeaae95806,84a7cccc-1ae3-43f0-a170-3b136e28827f,U15 Division 2,raw_26cb2c08_9ab9_4344_bfea_fb8647f67de5,raw_26cb2c08_9ab9_4344_bfea_fb8647f67de5,Ansh Patel,Ansh Patel,109.0,134.0,11,91,134.0,11,10,2025-03-23T12:30:00.0000000+10:30,81.34328358208955,67.91044776119404
fc1465b6-3c80-4b82-9759-680a784168c2,Summer 2024/25,7c577072-d0b5-47b9-9617-ebaeaae95806,84a7cccc-1ae3-43f0-a170-3b136e28827f,U15 Division 2,raw_3c41606c_f9a5_4942_9c83_fc14f61e7f74,raw_3c41606c_f9a5_4942_9c83_fc14f61e7f74,Nathaniel Botha-Webb,Nathaniel Botha-Webb,0.0,1.0,1,1,1.0,1,1,2024-11-10T13:00:00.0000000+10:30,0.0,100.0
fc1465b6-3c80-4b82-9759-680a784168c2,Summer 2024/25,7c577072-d0b5-47b9-9617-ebaeaae95806,84a7cccc-1ae3-43f0-a170-3b136e28827f,U15 Division 2,raw_47109598_1ffe_41b3_a38f_d760c01d44ac,raw_47109598_1ffe_41b3_a38f_d760c01d44ac,Ty Allen,Ty Allen,123.0,269.0,11,204,269.0,11,10,2025-03-23T12:30:00.0000000+10:30,45.72490706319702,75.8364312267658
fc1465b6-3c80-4b82-9759-680a784168c2,Summer 2024/25,7c577072-d0b5-47b9-9617-ebaeaae95806,84a7cccc-1ae3-43f0-a170-3b136e28827f,U15 Division 2,raw_5c3e579b_9c26_4f48_a62c_135bfe13a4ad,raw_5c3e579b_9c26_4f48_a62c_135bfe13a4ad,Randeep Singh,Randeep Singh,330.0,581.0,12,394,581.0,12,12,2025-03-23T12:30:00.0000000+10:30,56.7986230636833,67.81411359724613
fc1465b6-3c80-4b82-9759-680a784168c2,Summer 2024/25,7c577072-d0b5-47b9-9617-ebaeaae95806,84a7cccc-1ae3-43f0-a170-3b136e28827f,U15 Division 2,raw_cd73e05b_8378_4a38_9238_5ab4d279e0dc,raw_cd73e05b_8378_4a38_9238_5ab4d279e0dc,Joel Howell,Joel Howell,34.0,35.0,1,14,35.0,1,1,2024-10-20T12:30:00.0000000+10:30,97.14285714285714,40.0
fc1465b6-3c80-4b82-9759-680a784168c2,Summer 2024/25,7c577072-d0b5-47b9-9617-ebaeaae95806,84a7cccc-1ae3-43f0-a170-3b136e28827f,U15 Division 2,raw_f34dd5fb_eb80_46b5_b42b_b0cfb7fbc317,raw_f34dd5fb_eb80_46b5_b42b_b0cfb7fbc317,Joshua Leister-Mitchell,Joshua Leister-Mitchell,178.0,343.0,12,240,343.0,12,12,2025-03-23T12:30:00.0000000+10:30,51.89504373177842,69.97084548104957
fc1465b6-3c80-4b82-9759-680a784168c2,Summer 2024/25,7c577072-d0b5-47b9-9617-ebaeaae95806,84a7cccc-1ae3-43f0-a170-3b136e28827f,U15 Division 2,tyler_stevens,tyler_stevens,Tyler Stevens,Tyler Stevens,2.0,7.0,1,5,7.0,1,1,2024-12-15T12:30:00.0000000+10:30,28.571428571428573,71.42857142857143
fc1465b6-3c80-4b82-9759-680a784168c2,Summer 2024/25,8081ea8d-93d3-47c0-ad70-fe6004bb6bac,480637fd-0e6b-4be2-b914-d618c16768ad,SGCL - Metro South U12,raw_00000000_0000_0000_0000_000000000006,raw_00000000_0000_0000_0000_000000000006,********,********,1.0,14.0,1,8,14.0,1,1,2025-02-28T17:30:00.0000000+10:30,7.142857142857143,57.142857142857146
fc1465b6-3c80-4b82-9759-680a784168c2,Summer 2024/25,8081ea8d-93d3-47c0-ad70-fe6004bb6bac,480637fd-0e6b-4be2-b914-d618c16768ad,SGCL - Metro South U12,raw_3b76ca66_de92_4ef8_85d0_b41f3886f11e,raw_3b76ca66_de92_4ef8_85d0_b41f3886f11e,Abby Higgins,Abby Higgins,4.0,36.0,2,26,36.0,2,2,2025-01-31T17:30:00.0000000+10:30,11.11111111111111,72.22222222222223
fc1465b6-3c80-4b82-9759-680a784168c2,Summer 2024/25,8081ea8d-93d3-47c0-ad70-fe6004bb6bac,480637fd-0e6b-4be2-b914-d618c16768ad,SGCL - Metro South U12,raw_70211b1f_5e96_438c_96cb_67d41d417e39,raw_70211b1f_5e96_438c_96cb_67d41d417e39,Amelia Julian,Amelia Julian,1.0,34.0,2,26,34.0,2,2,2025-01-31T17:30:00.0000000+10:30,2.9411764705882355,76.47058823529412
fc1465b6-3c80-4b82-9759-680a784168c2,Summer 2024/25,8081ea8d-93d3-47c0-ad70-fe6004bb6bac,480637fd-0e6b-4be2-b914-d618c16768ad,SGCL - Metro South U12,raw_995cefcf_9725_4f13_b2eb_148121002355,raw_995cefcf_9725_4f13_b2eb_148121002355,Maddison Jeremiah,Maddison Jeremiah,5.0,21.0,1,16,21.0,1,1,2025-01-10T17:30:00.0000000+10:30,23.80952380952381,76.19047619047619
fc1465b6-3c80-4b82-9759-680a784168c2,Summer 2024/25,8081ea8d-93d3-47c0-ad70-fe6004bb6bac,480637fd-0e6b-4be2-b914-d618c16768ad,SGCL - Metro South U12,raw_a1c89c6b_4671_416c_894f_92955ee00785,raw_a1c89c6b_4671_416c_894f_92955ee00785,Kayleigh Green,Kayleigh Green,3.0,16.0,1,11,16.0,1,1,2025-01-31T17:30:00.0000000+10:30,18.75,68.75
fc1465b6-3c80-4b82-9759-680a784168c2,Summer 2024/25,8081ea8d-93d3-47c0-ad70-fe6004bb6bac,480637fd-0e6b-4be2-b914-d618c16768ad,SGCL - Metro South U12,raw_c80c20e8_98cf_4bdb_9ed1_7413f5cb56da,raw_c80c20e8_98cf_4bdb_9ed1_7413f5cb56da,Charlotte Julian,Charlotte Julian,6.0,35.0,2,27,35.0,2,2,2025-01-31T17:30:00.0000000+10:30,17.142857142857142,77.14285714285714
fc1465b6-3c80-4b82-9759-680a784168c2,Summer 2024/25,8081ea8d-93d3-47c0-ad70-fe6004bb6bac,480637fd-0e6b-4be2-b914-d618c16768ad,SGCL - Metro South U12,raw_ca2a30c2_1195_4add_9005_4617f6ceb4e7,raw_ca2a30c2_1195_4add_9005_4617f6ceb4e7,Siena Mccormack,Siena Mccormack,0.0,16.0,1,13,16.0,1,1,2025-01-31T17:30:00.0000000+10:30,0.0,81.25
fc1465b6-3c80-4b82-9759-680a784168c2,Summer 2024/25,8081ea8d-93d3-47c0-ad70-fe6004bb6bac,480637fd-0e6b-4be2-b914-d618c16768ad,SGCL - Metro South U12,raw_d87e2849_a702_486b_9157_8f0a58e1c687,raw_d87e2849_a702_486b_9157_8f0a58e1c687,Evie Hurcombe,Evie Hurcombe,4.0,34.0,2,27,34.0,2,2,2025-01-31T17:30:00.0000000+10:30,11.764705882352942,79.41176470588235
fc1465b6-3c80-4b82-9759-680a784168c2,Summer 2024/25,8a7770db-cdee-41f1-8d4a-8d089af88d91,62016beb-a189-48f4-84d5-a4779eaa9f7a,Senior Mixed Inclusive Cricket League,james_eustance_smith,james_eustance_smith,James Eustance-Smith,James Eustance-Smith,15.0,16.0,1,5,16.0,1,1,2025-03-02T17:00:00.0000000+10:30,93.75,31.25
fc1465b6-3c80-4b82-9759-680a784168c2,Summer 2024/25,8a7770db-cdee-41f1-8d4a-8d089af88d91,62016beb-a189-48f4-84d5-a4779eaa9f7a,Senior Mixed Inclusive Cricket League,joel_driscoll,joel_driscoll,Joel Driscoll,Joel Driscoll,2.0,11.0,1,9,11.0,1,1,2025-03-02T17:00:00.0000000+10:30,18.181818181818183,81.81818181818181
fc1465b6-3c80-4b82-9759-680a784168c2,Summer 2024/25,8a7770db-cdee-41f1-8d4a-8d089af88d91,62016beb-a189-48f4-84d5-a4779eaa9f7a,Senior Mixed Inclusive Cricket League,joshua_maddeford,joshua_maddeford,Joshua Maddeford,Joshua Maddeford,8.0,20.0,2,15,20.0,2,2,2025-03-02T17:00:00.0000000+10:30,40.0,75.0
fc1465b6-3c80-4b82-9759-680a784168c2,Summer 2024/25,8a7770db-cdee-41f1-8d4a-8d089af88d91,62016beb-a189-48f4-84d5-a4779eaa9f7a,Senior Mixed Inclusive Cricket League,raw_2bdebedd_e992_4e5f_9274_b8701a090eed,raw_2bdebedd_e992_4e5f_9274_b8701a090eed,Brandon Germain,Brandon Germain,11.0,11.0,2,6,11.0,2,2,2025-03-02T17:00:00.0000000+10:30,100.0,54.54545454545455
fc1465b6-3c80-4b82-9759-680a784168c2,Summer 2024/25,8a7770db-cdee-41f1-8d4a-8d089af88d91,62016beb-a189-48f4-84d5-a4779eaa9f7a,Senior Mixed Inclusive Cricket League,raw_33db9b1c_ef3c_452f_b611_cbd07fc6615d,raw_33db9b1c_ef3c_452f_b611_cbd07fc6615d,Nicholas Mann,Nicholas Mann,8.0,10.0,1,5,10.0,1,1,2025-02-16T13:00:00.0000000+10:30,80.0,50.0
fc1465b6-3c80-4b82-9759-680a784168c2,Summer 2024/25,8a7770db-cdee-41f1-8d4a-8d089af88d91,62016beb-a189-48f4-84d5-a4779eaa9f7a,Senior Mixed Inclusive Cricket League,raw_5cc7ef81_1737_4abe_a6f3_f5c4bdbbd45c,raw_5cc7ef81_1737_4abe_a6f3_f5c4bdbbd45c,Aidan Barry,Aidan Barry,4.0,5.0,1,1,5.0,1,1,2025-02-16T13:00:00.0000000+10:30,80.0,20.0
fc1465b6-3c80-4b82-9759-680a784168c2,Summer 2024/25,8a7770db-cdee-41f1-8d4a-8d089af88d91,62016beb-a189-48f4-84d5-a4779eaa9f7a,Senior Mixed Inclusive Cricket League,raw_74e8c648_d167_459d_a3ff_7b9d4f5c71b2,raw_74e8c648_d167_459d_a3ff_7b9d4f5c71b2,Oliver Nash,Oliver Nash,4.0,8.0,1,4,8.0,1,1,2025-02-16T13:00:00.0000000+10:30,50.0,50.0
fc1465b6-3c80-4b82-9759-680a784168c2,Summer 2024/25,8a7770db-cdee-41f1-8d4a-8d089af88d91,62016beb-a189-48f4-84d5-a4779eaa9f7a,Senior Mixed Inclusive Cricket League,raw_82bf356f_c0ae_4ff1_a454_2c674700f118,raw_82bf356f_c0ae_4ff1_a454_2c674700f118,Oliver Baker,Oliver Baker,5.0,11.0,1,6,11.0,1,1,2025-03-02T17:00:00.0000000+10:30,45.45454545454545,54.54545454545455
fc1465b6-3c80-4b82-9759-680a784168c2,Summer 2024/25,8a7770db-cdee-41f1-8d4a-8d089af88d91,62016beb-a189-48f4-84d5-a4779eaa9f7a,Senior Mixed Inclusive Cricket League,raw_87b0c9ce_e0cb_4e26_b70c_6d3cb59322fa,raw_87b0c9ce_e0cb_4e26_b70c_6d3cb59322fa,Callum Niederer,Callum Niederer,24.0,21.0,2,11,21.0,2,2,2025-03-02T17:00:00.0000000+10:30,114.28571428571429,52.38095238095238
fc1465b6-3c80-4b82-9759-680a784168c2,Summer 2024/25,8a7770db-cdee-41f1-8d4a-8d089af88d91,62016beb-a189-48f4-84d5-a4779eaa9f7a,Senior Mixed Inclusive Cricket League,raw_8fee0ace_ce86_48b7_a452_6858b676b8a6,raw_8fee0ace_ce86_48b7_a452_6858b676b8a6,Jarrod Blundell,Jarrod Blundell,8.0,20.0,2,13,20.0,2,2,2025-03-02T17:00:00.0000000+10:30,40.0,65.0
fc1465b6-3c80-4b82-9759-680a784168c2,Summer 2024/25,8a7770db-cdee-41f1-8d4a-8d089af88d91,62016beb-a189-48f4-84d5-a4779eaa9f7a,Senior Mixed Inclusive Cricket League,raw_a87ab3c8_6089_4912_b015_f21433b85834,raw_a87ab3c8_6089_4912_b015_f21433b85834,Matthew Phillips,Matthew Phillips,5.0,18.0,1,14,18.0,1,1,2025-03-02T17:00:00.0000000+10:30,27.77777777777778,77.77777777777777
fc1465b6-3c80-4b82-9759-680a784168c2,Summer 2024/25,8a7770db-cdee-41f1-8d4a-8d089af88d91,62016beb-a189-48f4-84d5-a4779eaa9f7a,Senior Mixed Inclusive Cricket League,raw_acc69681_157d_4acf_a708_c3c3b9717aa5,raw_acc69681_157d_4acf_a708_c3c3b9717aa5,Tyler Worden,Tyler Worden,22.0,22.0,1,12,22.0,1,1,2025-03-02T17:00:00.0000000+10:30,100.0,54.54545454545455
fc1465b6-3c80-4b82-9759-680a784168c2,Summer 2024/25,8a7770db-cdee-41f1-8d4a-8d089af88d91,62016beb-a189-48f4-84d5-a4779eaa9f7a,Senior Mixed Inclusive Cricket League,raw_c52f0191_9d1f_413d_9546_cff440d7ebb3,raw_c52f0191_9d1f_413d_9546_cff440d7ebb3,Matthew Spratt,Matthew Spratt,23.0,20.0,2,9,20.0,2,2,2025-03-02T17:00:00.0000000+10:30,115.0,45.0
fc1465b6-3c80-4b82-9759-680a784168c2,Summer 2024/25,8a7770db-cdee-41f1-8d4a-8d089af88d91,62016beb-a189-48f4-84d5-a4779eaa9f7a,Senior Mixed Inclusive Cricket League,serena_ongley,serena_ongley,Serena Ongley,Serena Ongley,9.0,20.0,2,13,20.0,2,2,2025-03-02T17:00:00.0000000+10:30,45.0,65.0
fc1465b6-3c80-4b82-9759-680a784168c2,Summer 2024/25,a5d393dc-3dda-4a22-834a-ac04857016dc,87160b54-89f5-4cf0-90f2-6fb3a7fcc8d4,U12 South Division 2,brodie_hague,brodie_hague,Brodie Hague,Brodie Hague,26.0,138.0,8,107,138.0,8,8,2025-02-28T17:00:00.0000000+10:30,18.840579710144926,77.53623188405797
fc1465b6-3c80-4b82-9759-680a784168c2,Summer 2024/25,a5d393dc-3dda-4a22-834a-ac04857016dc,87160b54-89f5-4cf0-90f2-6fb3a7fcc8d4,U12 South Division 2,jack_briggs,jack_briggs,Jack Briggs,Jack Briggs,164.0,135.0,9,51,135.0,9,9,2025-02-28T17:00:00.0000000+10:30,121.48148148148148,37.77777777777778
fc1465b6-3c80-4b82-9759-680a784168c2,Summer 2024/25,a5d393dc-3dda-4a22-834a-ac04857016dc,87160b54-89f5-4cf0-90f2-6fb3a7fcc8d4,U12 South Division 2,jude_knowles,jude_knowles,Jude Knowles,Jude Knowles,18.0,95.0,8,60,95.0,8,8,2025-02-28T17:00:00.0000000+10:30,18.94736842105263,63.1578947368421
fc1465b6-3c80-4b82-9759-680a784168c2,Summer 2024/25,a5d393dc-3dda-4a22-834a-ac04857016dc,87160b54-89f5-4cf0-90f2-6fb3a7fcc8d4,U12 South Division 2,mitchell_lambe,mitchell_lambe,Mitchell Lambe,Mitchell Lambe,44.0,87.0,5,50,87.0,5,5,2025-02-28T17:00:00.0000000+10:30,50.57471264367816,57.47126436781609
fc1465b6-3c80-4b82-9759-680a784168c2,Summer 2024/25,a5d393dc-3dda-4a22-834a-ac04857016dc,87160b54-89f5-4cf0-90f2-6fb3a7fcc8d4,U12 South Division 2,oscar_foran,oscar_foran,Oscar Foran,Oscar Foran,11.0,14.0,1,4,14.0,1,1,2024-12-22T08:30:00.0000000+10:30,78.57142857142857,28.571428571428573
fc1465b6-3c80-4b82-9759-680a784168c2,Summer 2024/25,a5d393dc-3dda-4a22-834a-ac04857016dc,87160b54-89f5-4cf0-90f2-6fb3a7fcc8d4,U12 South Division 2,raw_12488df5_d5a2_47c2_b094_4e474b7bf374,raw_12488df5_d5a2_47c2_b094_4e474b7bf374,********,********,99.0,168.0,8,96,168.0,8,8,2025-02-28T17:00:00.0000000+10:30,58.92857142857143,57.142857142857146
fc1465b6-3c80-4b82-9759-680a784168c2,Summer 2024/25,a5d393dc-3dda-4a22-834a-ac04857016dc,87160b54-89f5-4cf0-90f2-6fb3a7fcc8d4,U12 South Division 2,raw_391168c4_7e8e_42f2_ab5c_96a72a484ed3,raw_391168c4_7e8e_42f2_ab5c_96a72a484ed3,Callam Mckeough,Callam Mckeough,163.0,138.0,8,66,138.0,8,8,2025-02-28T17:00:00.0000000+10:30,118.1159420289855,47.82608695652174
fc1465b6-3c80-4b82-9759-680a784168c2,Summer 2024/25,a5d393dc-3dda-4a22-834a-ac04857016dc,87160b54-89f5-4cf0-90f2-6fb3a7fcc8d4,U12 South Division 2,raw_3afc04a8_c25f_4e42_8c76_779973b5301a,raw_3afc04a8_c25f_4e42_8c76_779973b5301a,Tanzeel Ahmed,Tanzeel Ahmed,1.0,13.0,1,11,13.0,1,1,2024-12-22T08:30:00.0000000+10:30,7.6923076923076925,84.61538461538461
fc1465b6-3c80-4b82-9759-680a784168c2,Summer 2024/25,a5d393dc-3dda-4a22-834a-ac04857016dc,87160b54-89f5-4cf0-90f2-6fb3a7fcc8d4,U12 South Division 2,raw_655c3ad2_5c9a_4765_a2d4_13309d7587e3,raw_655c3ad2_5c9a_4765_a2d4_13309d7587e3,William Bohen-Hayes,William Bohen-Hayes,8.0,9.0,1,5,9.0,1,1,2025-02-28T17:00:00.0000000+10:30,88.88888888888889,55.55555555555556
fc1465b6-3c80-4b82-9759-680a784168c2,Summer 2024/25,a5d393dc-3dda-4a22-834a-ac04857016dc,87160b54-89f5-4cf0-90f2-6fb3a7fcc8d4,U12 South Division 2,raw_a2b59a4b_49fe_40ab_90b1_74169061b015,raw_a2b59a4b_49fe_40ab_90b1_74169061b015,Finn Castanelli,Finn Castanelli,4.0,14.0,1,10,14.0,1,1,2024-12-22T08:30:00.0000000+10:30,28.571428571428573,71.42857142857143
fc1465b6-3c80-4b82-9759-680a784168c2,Summer 2024/25,a5d393dc-3dda-4a22-834a-ac04857016dc,87160b54-89f5-4cf0-90f2-6fb3a7fcc8d4,U12 South Division 2,raw_ab761545_ed5c_44f5_9b83_f9db513d7cf8,raw_ab761545_ed5c_44f5_9b83_f9db513d7cf8,Zachary Harvey,Zachary Harvey,70.0,89.0,4,50,89.0,4,4,2025-02-14T17:00:00.0000000+10:30,78.65168539325843,56.17977528089887
fc1465b6-3c80-4b82-9759-680a784168c2,Summer 2024/25,a5d393dc-3dda-4a22-834a-ac04857016dc,87160b54-89f5-4cf0-90f2-6fb3a7fcc8d4,U12 South Division 2,raw_ae73a13c_d4ca_4c9b_aadd_1a3103efcce3,raw_ae73a13c_d4ca_4c9b_aadd_1a3103efcce3,Izaiah Bateman,Izaiah Bateman,37.0,119.0,9,83,119.0,9,9,2025-02-28T17:00:00.0000000+10:30,31.092436974789916,69.74789915966386
fc1465b6-3c80-4b82-9759-680a784168c2,Summer 2024/25,a5d393dc-3dda-4a22-834a-ac04857016dc,87160b54-89f5-4cf0-90f2-6fb3a7fcc8d4,U12 South Division 2,raw_b6df59ca_eff0_4bcc_9526_b48568a1f979,raw_b6df59ca_eff0_4bcc_9526_b48568a1f979,Ethan Watt,Ethan Watt,44.0,80.0,9,44,80.0,9,9,2025-02-28T17:00:00.0000000+10:30,55.0,55.0
fc1465b6-3c80-4b82-9759-680a784168c2,Summer 2024/25,a5d393dc-3dda-4a22-834a-ac04857016dc,87160b54-89f5-4cf0-90f2-6fb3a7fcc8d4,U12 South Division 2,raw_cbf25daa_a0fc_4c3d_aafb_beb29b36107c,raw_cbf25daa_a0fc_4c3d_aafb_beb29b36107c,Thomas Hills,Thomas Hills,62.0,143.0,7,95,143.0,7,7,2025-02-14T17:00:00.0000000+10:30,43.35664335664335,66.43356643356644
fc1465b6-3c80-4b82-9759-680a784168c2,Summer 2024/25,a5d393dc-3dda-4a22-834a-ac04857016dc,87160b54-89f5-4cf0-90f2-6fb3a7fcc8d4,U12 South Division 2,raw_d3edebad_ca5e_4f29_8267_a044033625d3,raw_d3edebad_ca5e_4f29_8267_a044033625d3,Dylan Howie,Dylan Howie,22.0,41.0,2,22,41.0,2,2,2025-02-09T08:30:00.0000000+10:30,53.65853658536585,53.65853658536585
fc1465b6-3c80-4b82-9759-680a784168c2,Summer 2024/25,a5d393dc-3dda-4a22-834a-ac04857016dc,87160b54-89f5-4cf0-90f2-6fb3a7fcc8d4,U12 South Division 2,raw_d92806d2_3ce2_4e52_8d4d_e9b13e2b178f,raw_d92806d2_3ce2_4e52_8d4d_e9b13e2b178f,Billy Anderson,Billy Anderson,22.0,62.0,7,45,62.0,7,7,2025-02-28T17:00:00.0000000+10:30,35.483870967741936,72.58064516129032
fc1465b6-3c80-4b82-9759-680a784168c2,Summer 2024/25,a5d393dc-3dda-4a22-834a-ac04857016dc,87160b54-89f5-4cf0-90f2-6fb3a7fcc8d4,U12 South Division 2,raw_deae524e_4cbe_4c32_9bfd_c542afca053e,raw_deae524e_4cbe_4c32_9bfd_c542afca053e,Tamseel Ahmed,Tamseel Ahmed,4.0,11.0,1,6,11.0,1,1,2024-12-22T08:30:00.0000000+10:30,36.36363636363637,54.54545454545455
fc1465b6-3c80-4b82-9759-680a784168c2,Summer 2024/25,a5d393dc-3dda-4a22-834a-ac04857016dc,87160b54-89f5-4cf0-90f2-6fb3a7fcc8d4,U12 South Division 2,raw_f308ff04_c4e9_4d33_b7ec_84cda93100d4,raw_f308ff04_c4e9_4d33_b7ec_84cda93100d4,Lachie Reynolds,Lachie Reynolds,44.0,94.0,6,57,94.0,6,6,2025-01-17T17:00:00.0000000+10:30,46.808510638297875,60.638297872340424
fc1465b6-3c80-4b82-9759-680a784168c2,Summer 2024/25,a5d393dc-3dda-4a22-834a-ac04857016dc,87160b54-89f5-4cf0-90f2-6fb3a7fcc8d4,U12 South Division 2,raw_f98ee7f0_8cca_4047_9a71_f72b71e8098b,raw_f98ee7f0_8cca_4047_9a71_f72b71e8098b,Murtaz Ahmad,Murtaz Ahmad,8.0,15.0,1,10,15.0,1,1,2024-12-22T08:30:00.0000000+10:30,53.333333333333336,66.66666666666667
fc1465b6-3c80-4b82-9759-680a784168c2,Summer 2024/25,a5d393dc-3dda-4a22-834a-ac04857016dc,87160b54-89f5-4cf0-90f2-6fb3a7fcc8d4,U12 South Division 2,ryder_wakefield,ryder_wakefield,Ryder Wakefield,Ryder Wakefield,28.0,56.0,7,33,56.0,7,7,2025-02-28T17:00:00.0000000+10:30,50.0,58.92857142857143
fc1465b6-3c80-4b82-9759-680a784168c2,Summer 2024/25,a830ea6d-8a08-4109-8891-8466910f84ee,b372a417-c54a-435c-b374-404ec42958a6,ISC Teamwear LO Division 6,ayden_cook,ayden_cook,Ayden Cook,Ayden Cook,5.0,6.0,1,4,6.0,1,1,2025-03-15T12:30:00.0000000+10:30,83.33333333333333,66.66666666666667
fc1465b6-3c80-4b82-9759-680a784168c2,Summer 2024/25,a830ea6d-8a08-4109-8891-8466910f84ee,b372a417-c54a-435c-b374-404ec42958a6,ISC Teamwear LO Division 6,bailey_hague,bailey_hague,Bailey Hague,Bailey Hague,98.0,191.0,5,131,191.0,5,5,2025-03-01T12:30:00.0000000+10:30,51.30890052356021,68.58638743455498
fc1465b6-3c80-4b82-9759-680a784168c2,Summer 2024/25,a830ea6d-8a08-4109-8891-8466910f84ee,b372a417-c54a-435c-b374-404ec42958a6,ISC Teamwear LO Division 6,brendan_russell,brendan_russell,Brendan Russell,Brendan Russell,20.0,69.0,4,55,69.0,4,4,2025-03-01T12:30:00.0000000+10:30,28.985507246376812,79.71014492753623
fc1465b6-3c80-4b82-9759-680a784168c2,Summer 2024/25,a830ea6d-8a08-4109-8891-8466910f84ee,b372a417-c54a-435c-b374-404ec42958a6,ISC Teamwear LO Division 6,brock_carlisle,brock_carlisle,Brock Carlisle,Brock Carlisle,70.0,107.0,2,62,107.0,2,2,2025-01-18T12:30:00.0000000+10:30,65.42056074766356,57.94392523364486
fc1465b6-3c80-4b82-9759-680a784168c2,Summer 2024/25,a830ea6d-8a08-4109-8891-8466910f84ee,b372a417-c54a-435c-b374-404ec42958a6,ISC Teamwear LO Division 6,carter_shaw,carter_shaw,Carter Shaw,Carter Shaw,71.0,77.0,1,42,77.0,1,1,2025-02-08T12:30:00.0000000+10:30,92.20779220779221,54.54545454545455
fc1465b6-3c80-4b82-9759-680a784168c2,Summer 2024/25,a830ea6d-8a08-4109-8891-8466910f84ee,b372a417-c54a-435c-b374-404ec42958a6,ISC Teamwear LO Division 6,cooper_knowles,cooper_knowles,Cooper Knowles,Cooper Knowles,67.0,161.0,3,110,161.0,3,3,2025-03-08T12:30:00.0000000+10:30,41.61490683229814,68.32298136645963
fc1465b6-3c80-4b82-9759-680a784168c2,Summer 2024/25,a830ea6d-8a08-4109-8891-8466910f84ee,b372a417-c54a-435c-b374-404ec42958a6,ISC Teamwear LO Division 6,harrison_glatter,harrison_glatter,Harrison Glatter,Harrison Glatter,45.0,189.0,7,156,189.0,7,7,2025-03-01T12:30:00.0000000+10:30,23.80952380952381,82.53968253968254
fc1465b6-3c80-4b82-9759-680a784168c2,Summer 2024/25,a830ea6d-8a08-4109-8891-8466910f84ee,b372a417-c54a-435c-b374-404ec42958a6,ISC Teamwear LO Division 6,jake_thyssen,jake_thyssen,Jake Thyssen,Jake Thyssen,25.0,104.0,3,89,104.0,3,3,2025-01-25T12:30:00.0000000+10:30,24.03846153846154,85.57692307692308
fc1465b6-3c80-4b82-9759-680a784168c2,Summer 2024/25,a830ea6d-8a08-4109-8891-8466910f84ee,b372a417-c54a-435c-b374-404ec42958a6,ISC Teamwear LO Division 6,jason_jennings,jason_jennings,Jason Jennings,Jason Jennings,76.0,147.0,3,110,147.0,3,3,2025-02-22T12:30:00.0000000+10:30,51.70068027210884,74.82993197278911
fc1465b6-3c80-4b82-9759-680a784168c2,Summer 2024/25,a830ea6d-8a08-4109-8891-8466910f84ee,b372a417-c54a-435c-b374-404ec42958a6,ISC Teamwear LO Division 6,jayden_simons,jayden_simons,Jayden Simons,Jayden Simons,37.0,50.0,1,30,50.0,1,1,2025-03-15T12:30:00.0000000+10:30,74.0,60.0
fc1465b6-3c80-4b82-9759-680a784168c2,Summer 2024/25,a830ea6d-8a08-4109-8891-8466910f84ee,b372a417-c54a-435c-b374-404ec42958a6,ISC Teamwear LO Division 6,joel_nankervis,joel_nankervis,Joel Nankervis,Joel Nankervis,18.0,33.0,7,22,33.0,7,7,2025-03-01T12:30:00.0000000+10:30,54.54545454545455,66.66666666666667
fc1465b6-3c80-4b82-9759-680a784168c2,Summer 2024/25,a830ea6d-8a08-4109-8891-8466910f84ee,b372a417-c54a-435c-b374-404ec42958a6,ISC Teamwear LO Division 6,joshua_mount,joshua_mount,Joshua Mount,Joshua Mount,36.0,97.0,4,75,97.0,4,4,2025-03-15T12:30:00.0000000+10:30,37.11340206185567,77.31958762886597
fc1465b6-3c80-4b82-9759-680a784168c2,Summer 2024/25,a830ea6d-8a08-4109-8891-8466910f84ee,b372a417-c54a-435c-b374-404ec42958a6,ISC Teamwear LO Division 6,liam_harvey,liam_harvey,Liam Harvey,Liam Harvey,48.0,112.0,3,84,112.0,3,3,2025-03-15T12:30:00.0000000+10:30,42.857142857142854,75.0
fc1465b6-3c80-4b82-9759-680a784168c2,Summer 2024/25,a830ea6d-8a08-4109-8891-8466910f84ee,b372a417-c54a-435c-b374-404ec42958a6,ISC Teamwear LO Division 6,lucas_sutton,lucas_sutton,Lucas Sutton,Lucas Sutton,10.0,28.0,3,23,28.0,3,3,2025-03-01T12:30:00.0000000+10:30,35.714285714285715,82.14285714285714
fc1465b6-3c80-4b82-9759-680a784168c2,Summer 2024/25,a830ea6d-8a08-4109-8891-8466910f84ee,b372a417-c54a-435c-b374-404ec42958a6,ISC Teamwear LO Division 6,matthew_jeffries,matthew_jeffries,Matthew Jeffries,Matthew Jeffries,36.0,127.0,11,100,127.0,11,11,2025-03-15T12:30:00.0000000+10:30,28.346456692913385,78.74015748031496
fc1465b6-3c80-4b82-9759-680a784168c2,Summer 2024/25,a830ea6d-8a08-4109-8891-8466910f84ee,b372a417-c54a-435c-b374-404ec42958a6,ISC Teamwear LO Division 6,max_tonkin,max_tonkin,Max Tonkin,Max Tonkin,2.0,9.0,1,7,9.0,1,1,2024-11-02T12:30:00.0000000+10:30,22.22222222222222,77.77777777777777
fc1465b6-3c80-4b82-9759-680a784168c2,Summer 2024/25,a830ea6d-8a08-4109-8891-8466910f84ee,b372a417-c54a-435c-b374-404ec42958a6,ISC Teamwear LO Division 6,mitchell_russell,mitchell_russell,Mitchell Russell,Mitchell Russell,1.0,4.0,1,3,4.0,1,1,2024-12-14T12:30:00.0000000+10:30,25.0,75.0
fc1465b6-3c80-4b82-9759-680a784168c2,Summer 2024/25,a830ea6d-8a08-4109-8891-8466910f84ee,b372a417-c54a-435c-b374-404ec42958a6,ISC Teamwear LO Division 6,raw_02ad16a5_3864_4094_ab9f_34722b540bd7,raw_02ad16a5_3864_4094_ab9f_34722b540bd7,Damien Pimlott,Damien Pimlott,33.0,50.0,2,34,50.0,2,2,2025-01-18T12:30:00.0000000+10:30,66.0,68.0
fc1465b6-3c80-4b82-9759-680a784168c2,Summer 2024/25,a830ea6d-8a08-4109-8891-8466910f84ee,b372a417-c54a-435c-b374-404ec42958a6,ISC Teamwear LO Division 6,raw_08367b31_4ddd_488e_898c_f43a846de496,raw_08367b31_4ddd_488e_898c_f43a846de496,Alexander Cornelius,Alexander Cornelius,18.0,18.0,1,12,18.0,1,1,2025-02-08T12:30:00.0000000+10:30,100.0,66.66666666666667
fc1465b6-3c80-4b82-9759-680a784168c2,Summer 2024/25,a830ea6d-8a08-4109-8891-8466910f84ee,b372a417-c54a-435c-b374-404ec42958a6,ISC Teamwear LO Division 6,raw_1a69b5d8_da3a_4162_b50b_61a08660d572,raw_1a69b5d8_da3a_4162_b50b_61a08660d572,Cameron Pannach,Cameron Pannach,49.0,52.0,2,29,52.0,2,2,2025-03-01T12:30:00.0000000+10:30,94.23076923076923,55.76923076923077
fc1465b6-3c80-4b82-9759-680a784168c2,Summer 2024/25,a830ea6d-8a08-4109-8891-8466910f84ee,b372a417-c54a-435c-b374-404ec42958a6,ISC Teamwear LO Division 6,raw_205e8fd2_2a71_4bb7_af36_80deca0a9b8a,raw_205e8fd2_2a71_4bb7_af36_80deca0a9b8a,Matt Hehner,Matt Hehner,8.0,8.0,1,5,8.0,1,1,2024-12-21T12:30:00.0000000+10:30,100.0,62.5
fc1465b6-3c80-4b82-9759-680a784168c2,Summer 2024/25,a830ea6d-8a08-4109-8891-8466910f84ee,b372a417-c54a-435c-b374-404ec42958a6,ISC Teamwear LO Division 6,raw_2357cd91_625f_4677_ad0c_f9be317c47ae,raw_2357cd91_625f_4677_ad0c_f9be317c47ae,Lucas Elliott,Lucas Elliott,30.0,40.0,3,25,40.0,3,3,2025-02-01T12:30:00.0000000+10:30,75.0,62.5
fc1465b6-3c80-4b82-9759-680a784168c2,Summer 2024/25,a830ea6d-8a08-4109-8891-8466910f84ee,b372a417-c54a-435c-b374-404ec42958a6,ISC Teamwear LO Division 6,raw_3423b111_7f0f_495c_8242_116cd53f5672,raw_3423b111_7f0f_495c_8242_116cd53f5672,Luke Hardy,Luke Hardy,12.0,22.0,2,12,22.0,2,2,2025-03-08T12:30:00.0000000+10:30,54.54545454545455,54.54545454545455
fc1465b6-3c80-4b82-9759-680a784168c2,Summer 2024/25,a830ea6d-8a08-4109-8891-8466910f84ee,b372a417-c54a-435c-b374-404ec42958a6,ISC Teamwear LO Division 6,raw_3e1adebb_52c6_4915_ad92_93ac5ec5d9eb,raw_3e1adebb_52c6_4915_ad92_93ac5ec5d9eb,Dane Higgins,Dane Higgins,11.0,50.0,3,42,50.0,3,3,2025-02-08T12:30:00.0000000+10:30,22.0,84.0
fc1465b6-3c80-4b82-9759-680a784168c2,Summer 2024/25,a830ea6d-8a08-4109-8891-8466910f84ee,b372a417-c54a-435c-b374-404ec42958a6,ISC Teamwear LO Division 6,raw_411e1957_a125_49b1_8b62_13190deed13d,raw_411e1957_a125_49b1_8b62_13190deed13d,Hardik Patel,Hardik Patel,9.0,11.0,2,5,11.0,2,2,2025-02-08T12:30:00.0000000+10:30,81.81818181818181,45.45454545454545
fc1465b6-3c80-4b82-9759-680a784168c2,Summer 2024/25,a830ea6d-8a08-4109-8891-8466910f84ee,b372a417-c54a-435c-b374-404ec42958a6,ISC Teamwear LO Division 6,raw_5c4b13ef_34ea_4c42_a114_47e2fdd19973,raw_5c4b13ef_34ea_4c42_a114_47e2fdd19973,Paul Richardson,Paul Richardson,28.0,48.0,2,29,48.0,2,2,2025-02-15T12:30:00.0000000+10:30,58.333333333333336,60.416666666666664
fc1465b6-3c80-4b82-9759-680a784168c2,Summer 2024/25,a830ea6d-8a08-4109-8891-8466910f84ee,b372a417-c54a-435c-b374-404ec42958a6,ISC Teamwear LO Division 6,raw_6a8b979b_dd97_4e4b_9d57_4d6d66f99f68,raw_6a8b979b_dd97_4e4b_9d57_4d6d66f99f68,Mathew Pereira,Mathew Pereira,25.0,26.0,1,16,26.0,1,1,2024-12-14T12:30:00.0000000+10:30,96.15384615384616,61.53846153846154
fc1465b6-3c80-4b82-9759-680a784168c2,Summer 2024/25,a830ea6d-8a08-4109-8891-8466910f84ee,b372a417-c54a-435c-b374-404ec42958a6,ISC Teamwear LO Division 6,raw_6f350893_592b_475f_b7c1_c48301d7f75c,raw_6f350893_592b_475f_b7c1_c48301d7f75c,Isaac Smith,Isaac Smith,3.0,9.0,2,7,9.0,2,2,2025-02-15T12:30:00.0000000+10:30,33.333333333333336,77.77777777777777
fc1465b6-3c80-4b82-9759-680a784168c2,Summer 2024/25,a830ea6d-8a08-4109-8891-8466910f84ee,b372a417-c54a-435c-b374-404ec42958a6,ISC Teamwear LO Division 6,raw_7339293a_4b62_41d6_a3ab_818dab60e6da,raw_7339293a_4b62_41d6_a3ab_818dab60e6da,Matthew Russell,Matthew Russell,375.0,399.0,15,222,399.0,15,15,2025-03-15T12:30:00.0000000+10:30,93.98496240601504,55.6390977443609
fc1465b6-3c80-4b82-9759-680a784168c2,Summer 2024/25,a830ea6d-8a08-4109-8891-8466910f84ee,b372a417-c54a-435c-b374-404ec42958a6,ISC Teamwear LO Division 6,raw_8358c1c1_d801_4884_9c01_2110f5d9c75d,raw_8358c1c1_d801_4884_9c01_2110f5d9c75d,Jonathan Roberts,Jonathan Roberts,68.0,95.0,4,63,95.0,4,4,2025-02-22T12:30:00.0000000+10:30,71.57894736842105,66.3157894736842
fc1465b6-3c80-4b82-9759-680a784168c2,Summer 2024/25,a830ea6d-8a08-4109-8891-8466910f84ee,b372a417-c54a-435c-b374-404ec42958a6,ISC Teamwear LO Division 6,raw_89e643f3_aaad_4f8f_bbbc_f226d60cd7fe,raw_89e643f3_aaad_4f8f_bbbc_f226d60cd7fe,Paul Glatter,Paul Glatter,93.0,107.0,5,70,107.0,5,5,2025-02-01T12:30:00.0000000+10:30,86.91588785046729,65.42056074766356
fc1465b6-3c80-4b82-9759-680a784168c2,Summer 2024/25,a830ea6d-8a08-4109-8891-8466910f84ee,b372a417-c54a-435c-b374-404ec42958a6,ISC Teamwear LO Division 6,raw_b2cedc68_089b_4c05_9a04_67d9dda8acfe,raw_b2cedc68_089b_4c05_9a04_67d9dda8acfe,Benjamin James,Benjamin James,23.0,40.0,1,28,40.0,1,1,2024-12-21T12:30:00.0000000+10:30,57.5,70.0
fc1465b6-3c80-4b82-9759-680a784168c2,Summer 2024/25,a830ea6d-8a08-4109-8891-8466910f84ee,b372a417-c54a-435c-b374-404ec42958a6,ISC Teamwear LO Division 6,raw_bf0368d4_e355_4aaf_928e_70dbac09a492,raw_bf0368d4_e355_4aaf_928e_70dbac09a492,Benjamin Kennedy,Benjamin Kennedy,2.0,10.0,1,8,10.0,1,1,2024-11-09T12:30:00.0000000+10:30,20.0,80.0
fc1465b6-3c80-4b82-9759-680a784168c2,Summer 2024/25,a830ea6d-8a08-4109-8891-8466910f84ee,b372a417-c54a-435c-b374-404ec42958a6,ISC Teamwear LO Division 6,raw_daca9c8e_5540_4ba8_b89d_97651d99a195,raw_daca9c8e_5540_4ba8_b89d_97651d99a195,Ben Worrall,Ben Worrall,23.0,46.0,1,35,46.0,1,1,2024-11-02T12:30:00.0000000+10:30,50.0,76.08695652173913
fc1465b6-3c80-4b82-9759-680a784168c2,Summer 2024/25,a830ea6d-8a08-4109-8891-8466910f84ee,b372a417-c54a-435c-b374-404ec42958a6,ISC Teamwear LO Division 6,raw_ee8282bd_20ab_44cf_b8e4_7494e792b215,raw_ee8282bd_20ab_44cf_b8e4_7494e792b215,Dave Reynolds,Dave Reynolds,88.0,129.0,6,86,129.0,6,6,2025-03-15T12:30:00.0000000+10:30,68.21705426356588,66.66666666666667
fc1465b6-3c80-4b82-9759-680a784168c2,Summer 2024/25,a830ea6d-8a08-4109-8891-8466910f84ee,b372a417-c54a-435c-b374-404ec42958a6,ISC Teamwear LO Division 6,raw_f34dd5fb_eb80_46b5_b42b_b0cfb7fbc317,raw_f34dd5fb_eb80_46b5_b42b_b0cfb7fbc317,Joshua Leister-Mitchell,Joshua Leister-Mitchell,9.0,29.0,1,22,29.0,1,1,2025-03-15T12:30:00.0000000+10:30,31.03448275862069,75.86206896551724
fc1465b6-3c80-4b82-9759-680a784168c2,Summer 2024/25,a830ea6d-8a08-4109-8891-8466910f84ee,b372a417-c54a-435c-b374-404ec42958a6,ISC Teamwear LO Division 6,raw_f89db413_fbae_44bf_b75b_10896b2ef2c4,raw_f89db413_fbae_44bf_b75b_10896b2ef2c4,Jase Brodyk,Jase Brodyk,19.0,31.0,3,17,31.0,3,3,2025-02-15T12:30:00.0000000+10:30,61.29032258064516,54.83870967741935
fc1465b6-3c80-4b82-9759-680a784168c2,Summer 2024/25,a830ea6d-8a08-4109-8891-8466910f84ee,b372a417-c54a-435c-b374-404ec42958a6,ISC Teamwear LO Division 6,scott_norris,scott_norris,Scott Norris,Scott Norris,4.0,16.0,1,14,16.0,1,1,2024-11-09T12:30:00.0000000+10:30,25.0,87.5
fc1465b6-3c80-4b82-9759-680a784168c2,Summer 2024/25,a830ea6d-8a08-4109-8891-8466910f84ee,b372a417-c54a-435c-b374-404ec42958a6,ISC Teamwear LO Division 6,simon_loizi,simon_loizi,Simon Loizi,Simon Loizi,72.0,180.0,5,141,180.0,5,5,2025-02-22T12:30:00.0000000+10:30,40.0,78.33333333333333
fc1465b6-3c80-4b82-9759-680a784168c2,Summer 2024/25,a830ea6d-8a08-4109-8891-8466910f84ee,b372a417-c54a-435c-b374-404ec42958a6,ISC Teamwear LO Division 6,thomas_jeffries,thomas_jeffries,Thomas Jeffries,Thomas Jeffries,1.0,21.0,2,20,21.0,2,2,2025-02-01T12:30:00.0000000+10:30,4.761904761904762,95.23809523809524
fc1465b6-3c80-4b82-9759-680a784168c2,Summer 2024/25,a830ea6d-8a08-4109-8891-8466910f84ee,b372a417-c54a-435c-b374-404ec42958a6,ISC Teamwear LO Division 6,tyson_hocking,tyson_hocking,Tyson Hocking,Tyson Hocking,45.0,114.0,7,85,114.0,7,7,2025-03-15T12:30:00.0000000+10:30,39.473684210526315,74.56140350877193
fc1465b6-3c80-4b82-9759-680a784168c2,Summer 2024/25,a830ea6d-8a08-4109-8891-8466910f84ee,b372a417-c54a-435c-b374-404ec42958a6,ISC Teamwear LO Division 6,wayne_copley,wayne_copley,Wayne Copley,Wayne Copley,82.0,128.0,8,92,128.0,8,8,2025-03-15T12:30:00.0000000+10:30,64.0625,71.875
fc1465b6-3c80-4b82-9759-680a784168c2,Summer 2024/25,b51eb11c-8be1-48ed-9a71-8e7e24e22ae1,6f1ca875-8709-4e24-a9d8-53698e6267ef,U12 South Division 1,brodie_hague,brodie_hague,Brodie Hague,Brodie Hague,4.0,9.0,1,8,9.0,1,1,2024-12-20T17:00:00.0000000+10:30,44.44444444444444,88.88888888888889
fc1465b6-3c80-4b82-9759-680a784168c2,Summer 2024/25,b51eb11c-8be1-48ed-9a71-8e7e24e22ae1,6f1ca875-8709-4e24-a9d8-53698e6267ef,U12 South Division 1,jack_briggs,jack_briggs,Jack Briggs,Jack Briggs,8.0,15.0,1,11,15.0,1,1,2024-12-20T17:00:00.0000000+10:30,53.333333333333336,73.33333333333333
fc1465b6-3c80-4b82-9759-680a784168c2,Summer 2024/25,b51eb11c-8be1-48ed-9a71-8e7e24e22ae1,6f1ca875-8709-4e24-a9d8-53698e6267ef,U12 South Division 1,mitchell_lambe,mitchell_lambe,Mitchell Lambe,Mitchell Lambe,10.0,23.0,1,16,23.0,1,1,2024-12-20T17:00:00.0000000+10:30,43.47826086956522,69.56521739130434
fc1465b6-3c80-4b82-9759-680a784168c2,Summer 2024/25,b51eb11c-8be1-48ed-9a71-8e7e24e22ae1,6f1ca875-8709-4e24-a9d8-53698e6267ef,U12 South Division 1,oscar_foran,oscar_foran,Oscar Foran,Oscar Foran,13.0,35.0,3,26,35.0,3,3,2025-03-02T08:30:00.0000000+10:30,37.142857142857146,74.28571428571429
fc1465b6-3c80-4b82-9759-680a784168c2,Summer 2024/25,b51eb11c-8be1-48ed-9a71-8e7e24e22ae1,6f1ca875-8709-4e24-a9d8-53698e6267ef,U12 South Division 1,raw_0fce3f8b_1eb9_4259_a150_cebb1f98bed4,raw_0fce3f8b_1eb9_4259_a150_cebb1f98bed4,Kieran Taylor,Kieran Taylor,7.0,54.0,3,47,54.0,3,3,2025-03-02T08:30:00.0000000+10:30,12.962962962962964,87.03703703703704
fc1465b6-3c80-4b82-9759-680a784168c2,Summer 2024/25,b51eb11c-8be1-48ed-9a71-8e7e24e22ae1,6f1ca875-8709-4e24-a9d8-53698e6267ef,U12 South Division 1,raw_367c1193_9d30_481e_835c_ceffb481ce4f,raw_367c1193_9d30_481e_835c_ceffb481ce4f,Aadi Vaghela,Aadi Vaghela,8.0,35.0,4,28,35.0,4,4,2025-03-02T08:30:00.0000000+10:30,22.857142857142858,80.0
fc1465b6-3c80-4b82-9759-680a784168c2,Summer 2024/25,b51eb11c-8be1-48ed-9a71-8e7e24e22ae1,6f1ca875-8709-4e24-a9d8-53698e6267ef,U12 South Division 1,raw_391168c4_7e8e_42f2_ab5c_96a72a484ed3,raw_391168c4_7e8e_42f2_ab5c_96a72a484ed3,Callam Mckeough,Callam Mckeough,0.0,11.0,2,11,11.0,2,2,2024-12-20T17:00:00.0000000+10:30,0.0,100.0
fc1465b6-3c80-4b82-9759-680a784168c2,Summer 2024/25,b51eb11c-8be1-48ed-9a71-8e7e24e22ae1,6f1ca875-8709-4e24-a9d8-53698e6267ef,U12 South Division 1,raw_3afc04a8_c25f_4e42_8c76_779973b5301a,raw_3afc04a8_c25f_4e42_8c76_779973b5301a,Tanzeel Ahmed,Tanzeel Ahmed,5.0,32.0,4,26,32.0,4,4,2025-03-02T08:30:00.0000000+10:30,15.625,81.25
fc1465b6-3c80-4b82-9759-680a784168c2,Summer 2024/25,b51eb11c-8be1-48ed-9a71-8e7e24e22ae1,6f1ca875-8709-4e24-a9d8-53698e6267ef,U12 South Division 1,raw_410ae86d_ebbf_44b0_8565_d79e31a87c69,raw_410ae86d_ebbf_44b0_8565_d79e31a87c69,Hayden Castanelli,Hayden Castanelli,35.0,80.0,3,55,80.0,3,3,2025-03-02T08:30:00.0000000+10:30,43.75,68.75
fc1465b6-3c80-4b82-9759-680a784168c2,Summer 2024/25,b51eb11c-8be1-48ed-9a71-8e7e24e22ae1,6f1ca875-8709-4e24-a9d8-53698e6267ef,U12 South Division 1,raw_87031d88_6717_4c18_83fb_3f6505bc4304,raw_87031d88_6717_4c18_83fb_3f6505bc4304,Masroor Ahem,Masroor Ahem,15.0,36.0,4,29,36.0,4,4,2025-03-02T08:30:00.0000000+10:30,41.666666666666664,80.55555555555556
fc1465b6-3c80-4b82-9759-680a784168c2,Summer 2024/25,b51eb11c-8be1-48ed-9a71-8e7e24e22ae1,6f1ca875-8709-4e24-a9d8-53698e6267ef,U12 South Division 1,raw_a2b59a4b_49fe_40ab_90b1_74169061b015,raw_a2b59a4b_49fe_40ab_90b1_74169061b015,Finn Castanelli,Finn Castanelli,3.0,18.0,3,16,18.0,3,3,2025-03-02T08:30:00.0000000+10:30,16.666666666666668,88.88888888888889
fc1465b6-3c80-4b82-9759-680a784168c2,Summer 2024/25,b51eb11c-8be1-48ed-9a71-8e7e24e22ae1,6f1ca875-8709-4e24-a9d8-53698e6267ef,U12 South Division 1,raw_ab761545_ed5c_44f5_9b83_f9db513d7cf8,raw_ab761545_ed5c_44f5_9b83_f9db513d7cf8,Zachary Harvey,Zachary Harvey,12.0,63.0,4,45,63.0,4,4,2025-03-02T08:30:00.0000000+10:30,19.047619047619047,71.42857142857143
fc1465b6-3c80-4b82-9759-680a784168c2,Summer 2024/25,b51eb11c-8be1-48ed-9a71-8e7e24e22ae1,6f1ca875-8709-4e24-a9d8-53698e6267ef,U12 South Division 1,raw_ae73a13c_d4ca_4c9b_aadd_1a3103efcce3,raw_ae73a13c_d4ca_4c9b_aadd_1a3103efcce3,Izaiah Bateman,Izaiah Bateman,1.0,4.0,1,3,4.0,1,1,2024-12-20T17:00:00.0000000+10:30,25.0,75.0
fc1465b6-3c80-4b82-9759-680a784168c2,Summer 2024/25,b51eb11c-8be1-48ed-9a71-8e7e24e22ae1,6f1ca875-8709-4e24-a9d8-53698e6267ef,U12 South Division 1,raw_cbf25daa_a0fc_4c3d_aafb_beb29b36107c,raw_cbf25daa_a0fc_4c3d_aafb_beb29b36107c,Thomas Hills,Thomas Hills,1.0,5.0,1,4,5.0,1,1,2024-12-20T17:00:00.0000000+10:30,20.0,80.0
fc1465b6-3c80-4b82-9759-680a784168c2,Summer 2024/25,b51eb11c-8be1-48ed-9a71-8e7e24e22ae1,6f1ca875-8709-4e24-a9d8-53698e6267ef,U12 South Division 1,raw_d3edebad_ca5e_4f29_8267_a044033625d3,raw_d3edebad_ca5e_4f29_8267_a044033625d3,Dylan Howie,Dylan Howie,13.0,42.0,5,32,42.0,5,5,2025-03-02T08:30:00.0000000+10:30,30.952380952380953,76.19047619047619
fc1465b6-3c80-4b82-9759-680a784168c2,Summer 2024/25,b51eb11c-8be1-48ed-9a71-8e7e24e22ae1,6f1ca875-8709-4e24-a9d8-53698e6267ef,U12 South Division 1,raw_d92806d2_3ce2_4e52_8d4d_e9b13e2b178f,raw_d92806d2_3ce2_4e52_8d4d_e9b13e2b178f,Billy Anderson,Billy Anderson,10.0,28.0,1,18,28.0,1,1,2024-12-20T17:00:00.0000000+10:30,35.714285714285715,64.28571428571429
fc1465b6-3c80-4b82-9759-680a784168c2,Summer 2024/25,b51eb11c-8be1-48ed-9a71-8e7e24e22ae1,6f1ca875-8709-4e24-a9d8-53698e6267ef,U12 South Division 1,raw_deae524e_4cbe_4c32_9bfd_c542afca053e,raw_deae524e_4cbe_4c32_9bfd_c542afca053e,Tamseel Ahmed,Tamseel Ahmed,6.0,16.0,2,13,16.0,2,2,2025-02-07T17:00:00.0000000+10:30,37.5,81.25
fc1465b6-3c80-4b82-9759-680a784168c2,Summer 2024/25,b51eb11c-8be1-48ed-9a71-8e7e24e22ae1,6f1ca875-8709-4e24-a9d8-53698e6267ef,U12 South Division 1,raw_f98ee7f0_8cca_4047_9a71_f72b71e8098b,raw_f98ee7f0_8cca_4047_9a71_f72b71e8098b,Murtaz Ahmad,Murtaz Ahmad,8.0,25.0,3,19,25.0,3,3,2025-03-02T08:30:00.0000000+10:30,32.0,76.0
fc1465b6-3c80-4b82-9759-680a784168c2,Summer 2024/25,b51eb11c-8be1-48ed-9a71-8e7e24e22ae1,6f1ca875-8709-4e24-a9d8-53698e6267ef,U12 South Division 1,ryder_wakefield,ryder_wakefield,Ryder Wakefield,Ryder Wakefield,6.0,24.0,1,14,24.0,1,1,2024-12-20T17:00:00.0000000+10:30,25.0,58.333333333333336
fc1465b6-3c80-4b82-9759-680a784168c2,Summer 2024/25,c03caa6c-3a17-4747-929d-9b5cc85c2cf2,ae911e45-4918-4569-858c-4f325af554c7,B3 Grade,carter_shaw,carter_shaw,Carter Shaw,Carter Shaw,0.0,11.0,1,11,11.0,1,1,2024-11-23T13:00:00.0000000+10:30,0.0,100.0
fc1465b6-3c80-4b82-9759-680a784168c2,Summer 2024/25,c03caa6c-3a17-4747-929d-9b5cc85c2cf2,ae911e45-4918-4569-858c-4f325af554c7,B3 Grade,cooper_knowles,cooper_knowles,Cooper Knowles,Cooper Knowles,37.0,101.0,1,76,101.0,1,1,2025-01-18T13:00:00.0000000+10:30,36.633663366336634,75.24752475247524
fc1465b6-3c80-4b82-9759-680a784168c2,Summer 2024/25,c03caa6c-3a17-4747-929d-9b5cc85c2cf2,ae911e45-4918-4569-858c-4f325af554c7,B3 Grade,josh_burrows,josh_burrows,Josh Burrows,Josh Burrows,82.0,134.0,5,98,134.0,5,4,2025-03-01T13:00:00.0000000+10:30,61.19402985074627,73.13432835820896
fc1465b6-3c80-4b82-9759-680a784168c2,Summer 2024/25,c03caa6c-3a17-4747-929d-9b5cc85c2cf2,ae911e45-4918-4569-858c-4f325af554c7,B3 Grade,nathan_wyatt,nathan_wyatt,Nathan Wyatt,Nathan Wyatt,5.0,30.0,1,28,30.0,1,1,2024-11-23T13:00:00.0000000+10:30,16.666666666666668,93.33333333333333
fc1465b6-3c80-4b82-9759-680a784168c2,Summer 2024/25,c03caa6c-3a17-4747-929d-9b5cc85c2cf2,ae911e45-4918-4569-858c-4f325af554c7,B3 Grade,noah_bevan,noah_bevan,Noah Bevan,Noah Bevan,1.0,4.0,1,3,4.0,1,1,2025-01-18T13:00:00.0000000+10:30,25.0,75.0
fc1465b6-3c80-4b82-9759-680a784168c2,Summer 2024/25,c03caa6c-3a17-4747-929d-9b5cc85c2cf2,ae911e45-4918-4569-858c-4f325af554c7,B3 Grade,raw_0276c452_452a_4da6_9e8d_22e0f3786906,raw_0276c452_452a_4da6_9e8d_22e0f3786906,Michael Thompson,Michael Thompson,50.0,143.0,6,114,143.0,6,4,2025-03-01T13:00:00.0000000+10:30,34.96503496503497,79.72027972027972
fc1465b6-3c80-4b82-9759-680a784168c2,Summer 2024/25,c03caa6c-3a17-4747-929d-9b5cc85c2cf2,ae911e45-4918-4569-858c-4f325af554c7,B3 Grade,raw_05ecaede_d979_4b30_94fa_8738bef6faf4,raw_05ecaede_d979_4b30_94fa_8738bef6faf4,Greg Harriss,Greg Harriss,1.0,12.0,1,11,12.0,1,1,2025-01-18T13:00:00.0000000+10:30,8.333333333333334,91.66666666666667
fc1465b6-3c80-4b82-9759-680a784168c2,Summer 2024/25,c03caa6c-3a17-4747-929d-9b5cc85c2cf2,ae911e45-4918-4569-858c-4f325af554c7,B3 Grade,raw_19f4088d_be49_498e_9a49_f3934043359b,raw_19f4088d_be49_498e_9a49_f3934043359b,Bradley Sibbons,Bradley Sibbons,7.0,29.0,2,24,29.0,2,2,2025-03-01T13:00:00.0000000+10:30,24.137931034482758,82.75862068965517
fc1465b6-3c80-4b82-9759-680a784168c2,Summer 2024/25,c03caa6c-3a17-4747-929d-9b5cc85c2cf2,ae911e45-4918-4569-858c-4f325af554c7,B3 Grade,raw_3132ab5f_295e_4f43_8eab_73495a375654,raw_3132ab5f_295e_4f43_8eab_73495a375654,Buddika De Silva,Buddika De Silva,33.0,66.0,2,47,66.0,2,2,2025-03-01T13:00:00.0000000+10:30,50.0,71.21212121212122
fc1465b6-3c80-4b82-9759-680a784168c2,Summer 2024/25,c03caa6c-3a17-4747-929d-9b5cc85c2cf2,ae911e45-4918-4569-858c-4f325af554c7,B3 Grade,raw_3423b111_7f0f_495c_8242_116cd53f5672,raw_3423b111_7f0f_495c_8242_116cd53f5672,Luke Hardy,Luke Hardy,28.0,48.0,1,34,48.0,1,1,2025-01-18T13:00:00.0000000+10:30,58.333333333333336,70.83333333333333
fc1465b6-3c80-4b82-9759-680a784168c2,Summer 2024/25,c03caa6c-3a17-4747-929d-9b5cc85c2cf2,ae911e45-4918-4569-858c-4f325af554c7,B3 Grade,raw_37433398_d988_4611_a1a9_3ceca172155c,raw_37433398_d988_4611_a1a9_3ceca172155c,Brad Bennett,Brad Bennett,6.0,25.0,3,20,25.0,3,3,2025-03-01T13:00:00.0000000+10:30,24.0,80.0
fc1465b6-3c80-4b82-9759-680a784168c2,Summer 2024/25,c03caa6c-3a17-4747-929d-9b5cc85c2cf2,ae911e45-4918-4569-858c-4f325af554c7,B3 Grade,raw_5c4b13ef_34ea_4c42_a114_47e2fdd19973,raw_5c4b13ef_34ea_4c42_a114_47e2fdd19973,Paul Richardson,Paul Richardson,5.0,8.0,2,5,8.0,2,2,2025-01-18T13:00:00.0000000+10:30,62.5,62.5
fc1465b6-3c80-4b82-9759-680a784168c2,Summer 2024/25,c03caa6c-3a17-4747-929d-9b5cc85c2cf2,ae911e45-4918-4569-858c-4f325af554c7,B3 Grade,raw_6a8b979b_dd97_4e4b_9d57_4d6d66f99f68,raw_6a8b979b_dd97_4e4b_9d57_4d6d66f99f68,Mathew Pereira,Mathew Pereira,127.0,321.0,5,261,321.0,5,5,2025-03-01T13:00:00.0000000+10:30,39.56386292834891,81.30841121495327
fc1465b6-3c80-4b82-9759-680a784168c2,Summer 2024/25,c03caa6c-3a17-4747-929d-9b5cc85c2cf2,ae911e45-4918-4569-858c-4f325af554c7,B3 Grade,raw_6f350893_592b_475f_b7c1_c48301d7f75c,raw_6f350893_592b_475f_b7c1_c48301d7f75c,Isaac Smith,Isaac Smith,22.0,70.0,2,53,70.0,2,1,2024-11-23T13:00:00.0000000+10:30,31.428571428571427,75.71428571428571
fc1465b6-3c80-4b82-9759-680a784168c2,Summer 2024/25,c03caa6c-3a17-4747-929d-9b5cc85c2cf2,ae911e45-4918-4569-858c-4f325af554c7,B3 Grade,raw_761f2f46_806e_4d87_87ee_d2c30ef3f65c,raw_761f2f46_806e_4d87_87ee_d2c30ef3f65c,Matthew Aston,Matthew Aston,28.0,70.0,6,57,70.0,6,5,2025-03-01T13:00:00.0000000+10:30,40.0,81.42857142857143
fc1465b6-3c80-4b82-9759-680a784168c2,Summer 2024/25,c03caa6c-3a17-4747-929d-9b5cc85c2cf2,ae911e45-4918-4569-858c-4f325af554c7,B3 Grade,raw_8358c1c1_d801_4884_9c01_2110f5d9c75d,raw_8358c1c1_d801_4884_9c01_2110f5d9c75d,Jonathan Roberts,Jonathan Roberts,2.0,3.0,1,2,3.0,1,1,2025-01-11T12:30:00.0000000+10:30,66.66666666666667,66.66666666666667
fc1465b6-3c80-4b82-9759-680a784168c2,Summer 2024/25,c03caa6c-3a17-4747-929d-9b5cc85c2cf2,ae911e45-4918-4569-858c-4f325af554c7,B3 Grade,raw_853061fd_1f85_4674_b92f_6ff3ac438ab2,raw_853061fd_1f85_4674_b92f_6ff3ac438ab2,Jonathon Hague,Jonathon Hague,143.0,214.0,4,153,214.0,4,4,2025-03-01T13:00:00.0000000+10:30,66.82242990654206,71.49532710280374
fc1465b6-3c80-4b82-9759-680a784168c2,Summer 2024/25,c03caa6c-3a17-4747-929d-9b5cc85c2cf2,ae911e45-4918-4569-858c-4f325af554c7,B3 Grade,raw_ca021926_6bbd_48ee_b36b_2eb8328a8936,raw_ca021926_6bbd_48ee_b36b_2eb8328a8936,Harwinder Singh,Harwinder Singh,12.0,27.0,2,20,27.0,2,2,2025-03-01T13:00:00.0000000+10:30,44.44444444444444,74.07407407407408
fc1465b6-3c80-4b82-9759-680a784168c2,Summer 2024/25,c03caa6c-3a17-4747-929d-9b5cc85c2cf2,ae911e45-4918-4569-858c-4f325af554c7,B3 Grade,raw_ca43b431_cffc_4c51_bd6e_6e11e22e8c20,raw_ca43b431_cffc_4c51_bd6e_6e11e22e8c20,Brett Julian,Brett Julian,215.0,448.0,6,334,448.0,6,5,2025-03-01T13:00:00.0000000+10:30,47.99107142857143,74.55357142857143
fc1465b6-3c80-4b82-9759-680a784168c2,Summer 2024/25,c03caa6c-3a17-4747-929d-9b5cc85c2cf2,ae911e45-4918-4569-858c-4f325af554c7,B3 Grade,raw_daca9c8e_5540_4ba8_b89d_97651d99a195,raw_daca9c8e_5540_4ba8_b89d_97651d99a195,Ben Worrall,Ben Worrall,17.0,31.0,2,23,31.0,2,1,2025-03-01T13:00:00.0000000+10:30,54.83870967741935,74.19354838709677
fc1465b6-3c80-4b82-9759-680a784168c2,Summer 2024/25,c03caa6c-3a17-4747-929d-9b5cc85c2cf2,ae911e45-4918-4569-858c-4f325af554c7,B3 Grade,raw_f6afa2af_6f03_48ea_af61_21f0e22b453b,raw_f6afa2af_6f03_48ea_af61_21f0e22b453b,Paul Radbourne,Paul Radbourne,75.0,234.0,6,189,234.0,6,5,2025-03-01T13:00:00.0000000+10:30,32.05128205128205,80.76923076923077
fc1465b6-3c80-4b82-9759-680a784168c2,Summer 2024/25,e319903d-b136-4f53-9f57-26658bde7560,854c54c2-d713-4a3d-b3d7-b75f5bdd967c,O'Neills Sports T20 Division 3,jake_thyssen,jake_thyssen,Jake Thyssen,Jake Thyssen,18.0,28.0,1,17,28.0,1,1,2024-12-10T17:10:00.0000000+10:30,64.28571428571429,60.714285714285715
fc1465b6-3c80-4b82-9759-680a784168c2,Summer 2024/25,e319903d-b136-4f53-9f57-26658bde7560,854c54c2-d713-4a3d-b3d7-b75f5bdd967c,O'Neills Sports T20 Division 3,jason_jennings,jason_jennings,Jason Jennings,Jason Jennings,30.0,40.0,1,21,40.0,1,1,2024-12-10T17:10:00.0000000+10:30,75.0,52.5
fc1465b6-3c80-4b82-9759-680a784168c2,Summer 2024/25,e319903d-b136-4f53-9f57-26658bde7560,854c54c2-d713-4a3d-b3d7-b75f5bdd967c,O'Neills Sports T20 Division 3,josh_burrows,josh_burrows,Josh Burrows,Josh Burrows,16.0,17.0,1,9,17.0,1,1,2024-12-10T17:10:00.0000000+10:30,94.11764705882354,52.94117647058823
fc1465b6-3c80-4b82-9759-680a784168c2,Summer 2024/25,e319903d-b136-4f53-9f57-26658bde7560,854c54c2-d713-4a3d-b3d7-b75f5bdd967c,O'Neills Sports T20 Division 3,raw_0276c452_452a_4da6_9e8d_22e0f3786906,raw_0276c452_452a_4da6_9e8d_22e0f3786906,Michael Thompson,Michael Thompson,7.0,6.0,1,1,6.0,1,1,2024-12-10T17:10:00.0000000+10:30,116.66666666666667,16.666666666666668
fc1465b6-3c80-4b82-9759-680a784168c2,Summer 2024/25,e319903d-b136-4f53-9f57-26658bde7560,854c54c2-d713-4a3d-b3d7-b75f5bdd967c,O'Neills Sports T20 Division 3,raw_7339293a_4b62_41d6_a3ab_818dab60e6da,raw_7339293a_4b62_41d6_a3ab_818dab60e6da,Matthew Russell,Matthew Russell,12.0,7.0,1,4,7.0,1,1,2024-12-10T17:10:00.0000000+10:30,171.42857142857142,57.142857142857146
fc1465b6-3c80-4b82-9759-680a784168c2,Summer 2024/25,e319903d-b136-4f53-9f57-26658bde7560,854c54c2-d713-4a3d-b3d7-b75f5bdd967c,O'Neills Sports T20 Division 3,raw_f89db413_fbae_44bf_b75b_10896b2ef2c4,raw_f89db413_fbae_44bf_b75b_10896b2ef2c4,Jase Brodyk,Jase Brodyk,23.0,24.0,1,8,24.0,1,1,2024-12-10T17:10:00.0000000+10:30,95.83333333333333,33.333333333333336
fc1465b6-3c80-4b82-9759-680a784168c2,Summer 2024/25,e5c72fb7-902c-4c43-b319-4faaca091b62,ba986c9c-3002-4c10-bc25-239117d3ab7d,A2 Sportcentre Grade,raw_205e8fd2_2a71_4bb7_af36_80deca0a9b8a,raw_205e8fd2_2a71_4bb7_af36_80deca0a9b8a,Matt Hehner,Matt Hehner,91.0,228.0,5,183,228.0,5,5,2025-03-22T12:30:00.0000000+10:30,39.91228070175438,80.26315789473684
fc1465b6-3c80-4b82-9759-680a784168c2,Summer 2024/25,e5c72fb7-902c-4c43-b319-4faaca091b62,ba986c9c-3002-4c10-bc25-239117d3ab7d,A2 Sportcentre Grade,raw_2c6484e1_aded_46b4_95ed_cc7b3ea1a25c,raw_2c6484e1_aded_46b4_95ed_cc7b3ea1a25c,Michael Chunys,Michael Chunys,116.0,189.0,5,144,189.0,5,5,2025-03-22T12:30:00.0000000+10:30,61.37566137566137,76.19047619047619
fc1465b6-3c80-4b82-9759-680a784168c2,Summer 2024/25,e5c72fb7-902c-4c43-b319-4faaca091b62,ba986c9c-3002-4c10-bc25-239117d3ab7d,A2 Sportcentre Grade,raw_3a789cea_76b1_4886_9355_e458ba052d05,raw_3a789cea_76b1_4886_9355_e458ba052d05,Richard Gabb,Richard Gabb,118.0,156.0,6,83,156.0,6,6,2025-03-22T12:30:00.0000000+10:30,75.64102564102564,53.205128205128204
fc1465b6-3c80-4b82-9759-680a784168c2,Summer 2024/25,e5c72fb7-902c-4c43-b319-4faaca091b62,ba986c9c-3002-4c10-bc25-239117d3ab7d,A2 Sportcentre Grade,raw_558a9ac4_8aab_46cb_81fc_8a717e603c1b,raw_558a9ac4_8aab_46cb_81fc_8a717e603c1b,Aiden Shaw,Aiden Shaw,32.0,87.0,5,67,87.0,5,5,2025-03-22T12:30:00.0000000+10:30,36.7816091954023,77.01149425287356
fc1465b6-3c80-4b82-9759-680a784168c2,Summer 2024/25,e5c72fb7-902c-4c43-b319-4faaca091b62,ba986c9c-3002-4c10-bc25-239117d3ab7d,A2 Sportcentre Grade,raw_61e144ce_f866_459c_9370_2e6a12beca13,raw_61e144ce_f866_459c_9370_2e6a12beca13,Sathpath Kamburugamuwa,Sathpath Kamburugamuwa,42.0,84.0,3,67,84.0,3,3,2024-11-23T13:00:00.0000000+10:30,50.0,79.76190476190476
fc1465b6-3c80-4b82-9759-680a784168c2,Summer 2024/25,e5c72fb7-902c-4c43-b319-4faaca091b62,ba986c9c-3002-4c10-bc25-239117d3ab7d,A2 Sportcentre Grade,raw_72c0f5e2_1af9_4067_8986_6434e7f87ee2,raw_72c0f5e2_1af9_4067_8986_6434e7f87ee2,Gihan Nimsara,Gihan Nimsara,200.0,349.0,6,264,349.0,6,6,2025-03-22T12:30:00.0000000+10:30,57.306590257879655,75.64469914040114
fc1465b6-3c80-4b82-9759-680a784168c2,Summer 2024/25,e5c72fb7-902c-4c43-b319-4faaca091b62,ba986c9c-3002-4c10-bc25-239117d3ab7d,A2 Sportcentre Grade,raw_8bb5f2db_d414_4636_8d5d_3b21c4b84e27,raw_8bb5f2db_d414_4636_8d5d_3b21c4b84e27,Love Minhas,Love Minhas,51.0,164.0,5,136,164.0,5,5,2025-01-18T13:00:00.0000000+10:30,31.097560975609756,82.92682926829268
fc1465b6-3c80-4b82-9759-680a784168c2,Summer 2024/25,e5c72fb7-902c-4c43-b319-4faaca091b62,ba986c9c-3002-4c10-bc25-239117d3ab7d,A2 Sportcentre Grade,raw_98bc2f3b_30cf_4b6d_b441_87e94b2361f0,raw_98bc2f3b_30cf_4b6d_b441_87e94b2361f0,Daniel Rabbett,Daniel Rabbett,67.0,137.0,4,102,137.0,4,4,2025-03-22T12:30:00.0000000+10:30,48.90510948905109,74.45255474452554
fc1465b6-3c80-4b82-9759-680a784168c2,Summer 2024/25,e5c72fb7-902c-4c43-b319-4faaca091b62,ba986c9c-3002-4c10-bc25-239117d3ab7d,A2 Sportcentre Grade,raw_b270c0b2_5125_4134_a734_62315b457a23,raw_b270c0b2_5125_4134_a734_62315b457a23,Joshua Golding,Joshua Golding,136.0,208.0,3,149,208.0,3,3,2025-03-22T12:30:00.0000000+10:30,65.38461538461539,71.63461538461539
fc1465b6-3c80-4b82-9759-680a784168c2,Summer 2024/25,e5c72fb7-902c-4c43-b319-4faaca091b62,ba986c9c-3002-4c10-bc25-239117d3ab7d,A2 Sportcentre Grade,raw_c9d264ee_f99b_4b70_9012_4c05c6ef223e,raw_c9d264ee_f99b_4b70_9012_4c05c6ef223e,Kyle Petty,Kyle Petty,31.0,147.0,5,131,147.0,5,5,2025-03-22T12:30:00.0000000+10:30,21.08843537414966,89.1156462585034
fc1465b6-3c80-4b82-9759-680a784168c2,Summer 2024/25,e5c72fb7-902c-4c43-b319-4faaca091b62,ba986c9c-3002-4c10-bc25-239117d3ab7d,A2 Sportcentre Grade,raw_ed1c49de_6316_47fb_a63a_81073b111740,raw_ed1c49de_6316_47fb_a63a_81073b111740,Jordan Wright,Jordan Wright,15.0,84.0,4,74,84.0,4,4,2025-03-22T12:30:00.0000000+10:30,17.857142857142858,88.0952380952381
fc1465b6-3c80-4b82-9759-680a784168c2,Summer 2024/25,e5c72fb7-902c-4c43-b319-4faaca091b62,ba986c9c-3002-4c10-bc25-239117d3ab7d,A2 Sportcentre Grade,raw_fb34fccb_b39f_4784_a736_d7f568f3d99b,raw_fb34fccb_b39f_4784_a736_d7f568f3d99b,Isuru Ganepola,Isuru Ganepola,16.0,86.0,4,77,86.0,4,4,2025-03-22T12:30:00.0000000+10:30,18.6046511627907,89.53488372093024
fc1465b6-3c80-4b82-9759-680a784168c2,Summer 2024/25,e5c72fb7-902c-4c43-b319-4faaca091b62,ba986c9c-3002-4c10-bc25-239117d3ab7d,A2 Sportcentre Grade,raw_ff0946c1_9877_43b7_b83a_16ced032696e,raw_ff0946c1_9877_43b7_b83a_16ced032696e,Shaminda Eranga Ranaweera Mudiyanselage,Shaminda Eranga Ranaweera Mudiyanselage,90.0,111.0,6,71,111.0,6,6,2025-03-22T12:30:00.0000000+10:30,81.08108108108108,63.96396396396396
fc1465b6-3c80-4b82-9759-680a784168c2,Summer 2024/25,e5c72fb7-902c-4c43-b319-4faaca091b62,ba986c9c-3002-4c10-bc25-239117d3ab7d,A2 Sportcentre Grade,scott_norris,scott_norris,Scott Norris,Scott Norris,5.0,25.0,2,23,25.0,2,2,2025-01-18T13:00:00.0000000+10:30,20.0,92.0
fc1465b6-3c80-4b82-9759-680a784168c2,Summer 2024/25,f5d98ef4-5d11-439b-9497-c607139106c1,5459e15d-1969-4858-9059-11789666fb47,Women 2nd Grade,ashleigh_carey,ashleigh_carey,Ashleigh Carey,Ashleigh Carey,57.0,66.0,7,31,66.0,7,7,2025-03-23T13:00:00.0000000+10:30,86.36363636363636,46.96969696969697
fc1465b6-3c80-4b82-9759-680a784168c2,Summer 2024/25,f5d98ef4-5d11-439b-9497-c607139106c1,5459e15d-1969-4858-9059-11789666fb47,Women 2nd Grade,jessica_waldon,jessica_waldon,Jessica Waldon,Jessica Waldon,1.0,5.0,2,4,5.0,2,2,2025-03-02T13:00:00.0000000+10:30,20.0,80.0
fc1465b6-3c80-4b82-9759-680a784168c2,Summer 2024/25,f5d98ef4-5d11-439b-9497-c607139106c1,5459e15d-1969-4858-9059-11789666fb47,Women 2nd Grade,raw_0fbd6bf3_747d_43a0_9da2_5aad4b3f13da,raw_0fbd6bf3_747d_43a0_9da2_5aad4b3f13da,Deborah Mitchell,Deborah Mitchell,108.0,109.0,4,55,109.0,4,4,2025-03-23T13:00:00.0000000+10:30,99.08256880733946,50.45871559633027
fc1465b6-3c80-4b82-9759-680a784168c2,Summer 2024/25,f5d98ef4-5d11-439b-9497-c607139106c1,5459e15d-1969-4858-9059-11789666fb47,Women 2nd Grade,raw_1b8f5db1_ede4_470b_90d7_98a45fad858d,raw_1b8f5db1_ede4_470b_90d7_98a45fad858d,Jaagriti Vasist,Jaagriti Vasist,2.0,13.0,1,11,13.0,1,1,2024-12-01T13:00:00.0000000+10:30,15.384615384615385,84.61538461538461
fc1465b6-3c80-4b82-9759-680a784168c2,Summer 2024/25,f5d98ef4-5d11-439b-9497-c607139106c1,5459e15d-1969-4858-9059-11789666fb47,Women 2nd Grade,raw_1d8e044e_136d_4c94_b6ee_4efadc5f1e6e,raw_1d8e044e_136d_4c94_b6ee_4efadc5f1e6e,Megan Le Clercq,Megan Le Clercq,0.0,9.0,2,9,9.0,2,2,2024-12-01T13:00:00.0000000+10:30,0.0,100.0
fc1465b6-3c80-4b82-9759-680a784168c2,Summer 2024/25,f5d98ef4-5d11-439b-9497-c607139106c1,5459e15d-1969-4858-9059-11789666fb47,Women 2nd Grade,raw_29156470_7bf5_4490_8f30_086eba362cc0,raw_29156470_7bf5_4490_8f30_086eba362cc0,Angelina Summerton,Angelina Summerton,7.0,26.0,3,21,26.0,3,3,2025-03-23T13:00:00.0000000+10:30,26.923076923076923,80.76923076923077
fc1465b6-3c80-4b82-9759-680a784168c2,Summer 2024/25,f5d98ef4-5d11-439b-9497-c607139106c1,5459e15d-1969-4858-9059-11789666fb47,Women 2nd Grade,raw_351d9829_4770_4bb1_b9d7_ca2dc73f0356,raw_351d9829_4770_4bb1_b9d7_ca2dc73f0356,Bronwen Bosley,Bronwen Bosley,34.0,35.0,3,21,35.0,3,3,2025-03-23T13:00:00.0000000+10:30,97.14285714285714,60.0
fc1465b6-3c80-4b82-9759-680a784168c2,Summer 2024/25,f5d98ef4-5d11-439b-9497-c607139106c1,5459e15d-1969-4858-9059-11789666fb47,Women 2nd Grade,raw_3886ed3a_b57f_47be_bae0_e5c8e5dc24ab,raw_3886ed3a_b57f_47be_bae0_e5c8e5dc24ab,Lynley Ingerson,Lynley Ingerson,59.0,99.0,4,59,99.0,4,4,2025-03-23T13:00:00.0000000+10:30,59.5959595959596,59.5959595959596
fc1465b6-3c80-4b82-9759-680a784168c2,Summer 2024/25,f5d98ef4-5d11-439b-9497-c607139106c1,5459e15d-1969-4858-9059-11789666fb47,Women 2nd Grade,raw_63b132c5_5767_4e40_82c3_249025278ca3,raw_63b132c5_5767_4e40_82c3_249025278ca3,Monique Hepden,Monique Hepden,9.0,24.0,3,19,24.0,3,3,2025-03-23T13:00:00.0000000+10:30,37.5,79.16666666666667
fc1465b6-3c80-4b82-9759-680a784168c2,Summer 2024/25,f5d98ef4-5d11-439b-9497-c607139106c1,5459e15d-1969-4858-9059-11789666fb47,Women 2nd Grade,raw_a9db13ac_c5cb_4a80_a127_6b8e0d6a3397,raw_a9db13ac_c5cb_4a80_a127_6b8e0d6a3397,Tori Young,Tori Young,24.0,37.0,4,23,37.0,4,4,2025-03-23T13:00:00.0000000+10:30,64.86486486486487,62.16216216216216
fc1465b6-3c80-4b82-9759-680a784168c2,Summer 2024/25,f5d98ef4-5d11-439b-9497-c607139106c1,5459e15d-1969-4858-9059-11789666fb47,Women 2nd Grade,raw_e5e24a6e_f1c0_4fa6_93c8_d9ecf92c0035,raw_e5e24a6e_f1c0_4fa6_93c8_d9ecf92c0035,Glenys Gabb,Glenys Gabb,111.0,141.0,6,73,141.0,6,6,2025-02-16T13:00:00.0000000+10:30,78.72340425531915,51.773049645390074
fc1465b6-3c80-4b82-9759-680a784168c2,Summer 2024/25,f5d98ef4-5d11-439b-9497-c607139106c1,5459e15d-1969-4858-9059-11789666fb47,Women 2nd Grade,raw_f2654118_aeeb_4cdb_89b1_9aa50d84e561,raw_f2654118_aeeb_4cdb_89b1_9aa50d84e561,Maaika Tredrea,Maaika Tredrea,50.0,62.0,3,31,62.0,3,3,2024-12-08T10:00:00.0000000+10:30,80.64516129032258,50.0
fc1465b6-3c80-4b82-9759-680a784168c2,Summer 2024/25,f5d98ef4-5d11-439b-9497-c607139106c1,5459e15d-1969-4858-9059-11789666fb47,Women 2nd Grade,renae_jolly,renae_jolly,Renae Jolly,Renae Jolly,155.0,190.0,8,95,190.0,8,8,2025-03-16T13:00:00.0000000+10:30,81.57894736842105,50.0
fc1465b6-3c80-4b82-9759-680a784168c2,Summer 2024/25,f5d98ef4-5d11-439b-9497-c607139106c1,5459e15d-1969-4858-9059-11789666fb47,Women 2nd Grade,sandi_groth,sandi_groth,Sandi Groth,Sandi Groth,22.0,21.0,2,9,21.0,2,2,2025-03-23T13:00:00.0000000+10:30,104.76190476190476,42.857142857142854
fec2e604-1806-4e0f-861e-b7ee37643f96,Summer 2018/19,8c847664-9483-47b2-a0c6-b711bfb7d56f,3e9b9258-c124-4b18-ac50-cd1b9b65305a,O'Neills Sports Division 1 Group 3,benjamin_bullimore,benjamin_bullimore,Benjamin Bullimore,Benjamin Bullimore,8.0,12.0,1,4,12.0,1,1,2018-12-11T17:10:00.0000000+00:00,66.66666666666667,33.333333333333336
fec2e604-1806-4e0f-861e-b7ee37643f96,Summer 2018/19,8c847664-9483-47b2-a0c6-b711bfb7d56f,3e9b9258-c124-4b18-ac50-cd1b9b65305a,O'Neills Sports Division 1 Group 3,raw_6b908b4e_1d1a_4919_bea7_378e450b935d,raw_6b908b4e_1d1a_4919_bea7_378e450b935d,Jonathon Hague,Jonathon Hague,14.0,12.0,1,4,12.0,1,1,2018-12-11T17:10:00.0000000+00:00,116.66666666666667,33.333333333333336
fec2e604-1806-4e0f-861e-b7ee37643f96,Summer 2018/19,8c847664-9483-47b2-a0c6-b711bfb7d56f,3e9b9258-c124-4b18-ac50-cd1b9b65305a,O'Neills Sports Division 1 Group 3,raw_83c03530_5522_4ee8_aae6_408666e96e51,raw_83c03530_5522_4ee8_aae6_408666e96e51,Todd Middleton,Todd Middleton,23.0,18.0,1,7,18.0,1,1,2018-12-11T17:10:00.0000000+00:00,127.77777777777777,38.888888888888886
fec2e604-1806-4e0f-861e-b7ee37643f96,Summer 2018/19,8c847664-9483-47b2-a0c6-b711bfb7d56f,3e9b9258-c124-4b18-ac50-cd1b9b65305a,O'Neills Sports Division 1 Group 3,raw_ed1c49de_6316_47fb_a63a_81073b111740,raw_ed1c49de_6316_47fb_a63a_81073b111740,Jordan Wright,Jordan Wright,43.0,49.0,1,27,49.0,1,1,2018-12-11T17:10:00.0000000+00:00,87.75510204081633,55.10204081632653
fec2e604-1806-4e0f-861e-b7ee37643f96,Summer 2018/19,8c847664-9483-47b2-a0c6-b711bfb7d56f,3e9b9258-c124-4b18-ac50-cd1b9b65305a,O'Neills Sports Division 1 Group 3,raw_f16b7f44_3263_4037_8710_a66fcc14a59c,raw_f16b7f44_3263_4037_8710_a66fcc14a59c,Danny Irvine,Danny Irvine,31.0,29.0,1,10,29.0,1,1,2018-12-11T17:10:00.0000000+00:00,106.89655172413794,34.48275862068966
fec2e604-1806-4e0f-861e-b7ee37643f96,Summer 2018/19,c13b8597-8fb8-444f-b1fa-65bdccf34cf0,291b96a7-d88c-4006-b8fe-53e6df65b812,Sportscentre A2 Grade,jake_shaw,jake_shaw,Jake Shaw,Jake Shaw,20.0,69.0,2,58,69.0,2,2,2019-01-12T23:30:00.0000000+10:30,28.985507246376812,84.05797101449275
fec2e604-1806-4e0f-861e-b7ee37643f96,Summer 2018/19,c13b8597-8fb8-444f-b1fa-65bdccf34cf0,291b96a7-d88c-4006-b8fe-53e6df65b812,Sportscentre A2 Grade,raw_1a69b5d8_da3a_4162_b50b_61a08660d572,raw_1a69b5d8_da3a_4162_b50b_61a08660d572,Cameron Pannach,Cameron Pannach,42.0,68.0,2,52,68.0,2,2,2019-01-12T23:30:00.0000000+10:30,61.76470588235294,76.47058823529412
fec2e604-1806-4e0f-861e-b7ee37643f96,Summer 2018/19,c13b8597-8fb8-444f-b1fa-65bdccf34cf0,291b96a7-d88c-4006-b8fe-53e6df65b812,Sportscentre A2 Grade,raw_205e8fd2_2a71_4bb7_af36_80deca0a9b8a,raw_205e8fd2_2a71_4bb7_af36_80deca0a9b8a,Matt Hehner,Matt Hehner,32.0,45.0,2,36,45.0,2,2,2019-01-12T23:30:00.0000000+10:30,71.11111111111111,80.0
fec2e604-1806-4e0f-861e-b7ee37643f96,Summer 2018/19,c13b8597-8fb8-444f-b1fa-65bdccf34cf0,291b96a7-d88c-4006-b8fe-53e6df65b812,Sportscentre A2 Grade,raw_613ff757_823d_470c_9a90_e316a8b7ca53,raw_613ff757_823d_470c_9a90_e316a8b7ca53,Mark Nankervis,Mark Nankervis,13.0,38.0,1,32,38.0,1,1,2018-12-15T13:00:00.0000000+00:00,34.21052631578947,84.21052631578948
fec2e604-1806-4e0f-861e-b7ee37643f96,Summer 2018/19,c13b8597-8fb8-444f-b1fa-65bdccf34cf0,291b96a7-d88c-4006-b8fe-53e6df65b812,Sportscentre A2 Grade,raw_6b908b4e_1d1a_4919_bea7_378e450b935d,raw_6b908b4e_1d1a_4919_bea7_378e450b935d,Jonathon Hague,Jonathon Hague,10.0,24.0,2,19,24.0,2,2,2019-01-12T23:30:00.0000000+10:30,41.666666666666664,79.16666666666667
fec2e604-1806-4e0f-861e-b7ee37643f96,Summer 2018/19,c13b8597-8fb8-444f-b1fa-65bdccf34cf0,291b96a7-d88c-4006-b8fe-53e6df65b812,Sportscentre A2 Grade,raw_761f2f46_806e_4d87_87ee_d2c30ef3f65c,raw_761f2f46_806e_4d87_87ee_d2c30ef3f65c,Matthew Aston,Matthew Aston,18.0,30.0,2,24,30.0,2,2,2019-01-12T23:30:00.0000000+10:30,60.0,80.0
fec2e604-1806-4e0f-861e-b7ee37643f96,Summer 2018/19,c13b8597-8fb8-444f-b1fa-65bdccf34cf0,291b96a7-d88c-4006-b8fe-53e6df65b812,Sportscentre A2 Grade,raw_98bc2f3b_30cf_4b6d_b441_87e94b2361f0,raw_98bc2f3b_30cf_4b6d_b441_87e94b2361f0,Daniel Rabbett,Daniel Rabbett,9.0,38.0,2,33,38.0,2,2,2019-01-12T23:30:00.0000000+10:30,23.68421052631579,86.84210526315789
fec2e604-1806-4e0f-861e-b7ee37643f96,Summer 2018/19,c13b8597-8fb8-444f-b1fa-65bdccf34cf0,291b96a7-d88c-4006-b8fe-53e6df65b812,Sportscentre A2 Grade,raw_ed1c49de_6316_47fb_a63a_81073b111740,raw_ed1c49de_6316_47fb_a63a_81073b111740,Jordan Wright,Jordan Wright,57.0,180.0,2,154,180.0,2,2,2019-01-12T23:30:00.0000000+10:30,31.666666666666668,85.55555555555556
fec2e604-1806-4e0f-861e-b7ee37643f96,Summer 2018/19,c13b8597-8fb8-444f-b1fa-65bdccf34cf0,291b96a7-d88c-4006-b8fe-53e6df65b812,Sportscentre A2 Grade,raw_eea0ea77_dee1_4437_b2aa_4460513cb53f,raw_eea0ea77_dee1_4437_b2aa_4460513cb53f,Joshua Niederer,Joshua Niederer,3.0,12.0,1,9,12.0,1,1,2019-01-12T23:30:00.0000000+10:30,25.0,75.0
fec2e604-1806-4e0f-861e-b7ee37643f96,Summer 2018/19,c13b8597-8fb8-444f-b1fa-65bdccf34cf0,291b96a7-d88c-4006-b8fe-53e6df65b812,Sportscentre A2 Grade,raw_f4404c43_09f8_408c_a0c1_edd82a589504,raw_f4404c43_09f8_408c_a0c1_edd82a589504,Nathan Turner,Nathan Turner,3.0,4.0,1,3,4.0,1,1,2018-12-15T13:00:00.0000000+00:00,75.0,75.0
fec2e604-1806-4e0f-861e-b7ee37643f96,Summer 2018/19,c13b8597-8fb8-444f-b1fa-65bdccf34cf0,291b96a7-d88c-4006-b8fe-53e6df65b812,Sportscentre A2 Grade,raw_f5cdcaed_ff90_498a_aa43_4b738b4a634d,raw_f5cdcaed_ff90_498a_aa43_4b738b4a634d,Brett Julian,Brett Julian,0.0,3.0,1,3,3.0,1,1,2018-12-15T13:00:00.0000000+00:00,0.0,100.0
fec2e604-1806-4e0f-861e-b7ee37643f96,Summer 2018/19,c13b8597-8fb8-444f-b1fa-65bdccf34cf0,291b96a7-d88c-4006-b8fe-53e6df65b812,Sportscentre A2 Grade,scott_norris,scott_norris,Scott Norris,Scott Norris,10.0,47.0,1,41,47.0,1,1,2018-12-15T13:00:00.0000000+00:00,21.27659574468085,87.23404255319149
fec2e604-1806-4e0f-861e-b7ee37643f96,Summer 2018/19,f9b51ecb-f992-46a7-8aaf-7c4630e030a2,fd6b81b3-a85a-496d-9a0f-606ab5d8ec29,A3 Grade,dylan_noble,dylan_noble,Dylan Noble,Dylan Noble,46.0,103.0,2,85,103.0,2,1,2018-10-20T23:30:00.0000000+10:30,44.66019417475728,82.52427184466019
fec2e604-1806-4e0f-861e-b7ee37643f96,Summer 2018/19,f9b51ecb-f992-46a7-8aaf-7c4630e030a2,fd6b81b3-a85a-496d-9a0f-606ab5d8ec29,A3 Grade,jackson_joy,jackson_joy,Jackson Joy,Jackson Joy,0.0,6.0,2,6,6.0,2,1,2018-10-20T23:30:00.0000000+10:30,0.0,100.0
fec2e604-1806-4e0f-861e-b7ee37643f96,Summer 2018/19,f9b51ecb-f992-46a7-8aaf-7c4630e030a2,fd6b81b3-a85a-496d-9a0f-606ab5d8ec29,A3 Grade,jake_shaw,jake_shaw,Jake Shaw,Jake Shaw,52.0,148.0,2,125,148.0,2,1,2018-10-20T23:30:00.0000000+10:30,35.13513513513514,84.45945945945945
fec2e604-1806-4e0f-861e-b7ee37643f96,Summer 2018/19,f9b51ecb-f992-46a7-8aaf-7c4630e030a2,fd6b81b3-a85a-496d-9a0f-606ab5d8ec29,A3 Grade,raw_25a06c2a_bd16_45d5_b4a9_06511381ba94,raw_25a06c2a_bd16_45d5_b4a9_06511381ba94,Bradley Wyatt,Bradley Wyatt,2.0,49.0,1,47,49.0,1,1,2018-10-20T23:30:00.0000000+10:30,4.081632653061225,95.91836734693878
fec2e604-1806-4e0f-861e-b7ee37643f96,Summer 2018/19,f9b51ecb-f992-46a7-8aaf-7c4630e030a2,fd6b81b3-a85a-496d-9a0f-606ab5d8ec29,A3 Grade,raw_2d5a5289_1a46_406d_ace3_12da5e821cad,raw_2d5a5289_1a46_406d_ace3_12da5e821cad,Umer Abro,Umer Abro,34.0,64.0,2,54,64.0,2,1,2018-10-20T23:30:00.0000000+10:30,53.125,84.375
fec2e604-1806-4e0f-861e-b7ee37643f96,Summer 2018/19,f9b51ecb-f992-46a7-8aaf-7c4630e030a2,fd6b81b3-a85a-496d-9a0f-606ab5d8ec29,A3 Grade,raw_2db9d7fc_6085_426a_9c16_6cb0308be20a,raw_2db9d7fc_6085_426a_9c16_6cb0308be20a,Riaz Raja,Riaz Raja,5.0,30.0,1,26,30.0,1,1,2018-10-20T23:30:00.0000000+10:30,16.666666666666668,86.66666666666667
fec2e604-1806-4e0f-861e-b7ee37643f96,Summer 2018/19,f9b51ecb-f992-46a7-8aaf-7c4630e030a2,fd6b81b3-a85a-496d-9a0f-606ab5d8ec29,A3 Grade,raw_7339293a_4b62_41d6_a3ab_818dab60e6da,raw_7339293a_4b62_41d6_a3ab_818dab60e6da,Matthew Russell,Matthew Russell,0.0,9.0,1,9,9.0,1,1,2018-10-20T23:30:00.0000000+10:30,0.0,100.0
fec2e604-1806-4e0f-861e-b7ee37643f96,Summer 2018/19,f9b51ecb-f992-46a7-8aaf-7c4630e030a2,fd6b81b3-a85a-496d-9a0f-606ab5d8ec29,A3 Grade,raw_84fdf76c_f928_4446_ac58_1560ad97ee17,raw_84fdf76c_f928_4446_ac58_1560ad97ee17,Zac Harris,Zac Harris,2.0,8.0,1,7,8.0,1,1,2018-10-20T23:30:00.0000000+10:30,25.0,87.5
fec2e604-1806-4e0f-861e-b7ee37643f96,Summer 2018/19,f9b51ecb-f992-46a7-8aaf-7c4630e030a2,fd6b81b3-a85a-496d-9a0f-606ab5d8ec29,A3 Grade,raw_b858cc9f_93b1_40ec_ac02_aee312724906,raw_b858cc9f_93b1_40ec_ac02_aee312724906,Andrew Weiss,Andrew Weiss,21.0,86.0,2,76,86.0,2,1,2018-10-20T23:30:00.0000000+10:30,24.41860465116279,88.37209302325581
fec2e604-1806-4e0f-861e-b7ee37643f96,Summer 2018/19,f9b51ecb-f992-46a7-8aaf-7c4630e030a2,fd6b81b3-a85a-496d-9a0f-606ab5d8ec29,A3 Grade,raw_e3c4ef92_9283_49d3_a007_730905ad5796,raw_e3c4ef92_9283_49d3_a007_730905ad5796,Adam Ellis,Adam Ellis,11.0,29.0,1,24,29.0,1,1,2018-10-20T23:30:00.0000000+10:30,37.93103448275862,82.75862068965517
